UBIGEO,NOM_DPTO,NOM_PROV,NOM_DIST,IDH,quintil_idh,ingreso_per_capita,esperanza_vida,anios_educacion,pct_secundaria_completa,POB_HAB,IDH_RANK
150114,LIMA,LIMA,LA MOLINA,0.845217,5,1939.467209,80.647669,14.70027,78.16154,160839,1
150116,LIMA,LIMA,LINCE,0.842428,5,2037.326546,80.467942,12.702343,82.555665,46299,2
150113,LIMA,LIMA,JESUS MARIA,0.83719,5,1989.773896,80.41921,13.037629,81.092223,74873,3
150120,LIMA,LIMA,MAGDALENA DEL MAR,0.833929,5,1986.267298,80.461971,12.999281,79.649577,57879,4
150121,LIMA,LIMA,PUEBLO LIBRE,0.833695,5,1936.245752,80.471,13.182552,82.379479,78731,5
150122,LIMA,LIMA,MIRAFLORES,0.83264,5,1925.786897,80.31446,13.965074,77.784099,87899,6
150130,LIMA,LIMA,SAN BORJA,0.823616,5,1867.853206,80.641345,13.635913,78.762975,106585,7
150136,LIMA,LIMA,SAN MIGUEL,0.822401,5,1966.554093,80.326177,12.776359,76.66409,146886,8
150104,LIMA,LIMA,BARRANCO,0.820764,5,1956.551731,80.149769,12.592455,78.347218,27482,9
150141,LIMA,LIMA,SURQUILLO,0.817114,5,1940.453432,80.217404,12.295076,79.576586,88766,10
150105,LIMA,LIMA,BREÑA,0.812114,5,1868.666016,79.979044,12.905725,78.948953,75598,11
150140,LIMA,LIMA,SANTIAGO DE SURCO,0.801757,5,1766.148806,80.484873,13.156716,78.743024,359777,12
150134,LIMA,LIMA,SAN LUIS,0.793258,5,1769.655751,81.516311,11.778593,80.699041,53673,13
150131,LIMA,LIMA,SAN ISIDRO,0.788832,5,1641.655293,80.35414,13.858206,78.470219,53212,14
180303,MOQUEGUA,ILO,PACOCHA,0.767961,5,1718.803526,78.542827,12.908522,70.569514,3079,15
040126,AREQUIPA,AREQUIPA,YANAHUARA,0.765344,5,1507.422866,78.622655,13.790439,83.515494,27293,16
150101,LIMA,LIMA,LIMA,0.764685,5,1633.787715,80.236821,12.014176,77.960827,250806,17
040101,AREQUIPA,AREQUIPA,AREQUIPA,0.762167,5,1538.109987,78.825498,13.192212,81.650771,42333,18
150117,LIMA,LIMA,LOS OLIVOS,0.758463,5,1628.566115,80.519223,11.33839,79.200456,363988,19
150108,LIMA,LIMA,CHORRILLOS,0.758355,5,1662.777147,79.825956,11.463514,76.765127,333655,20
130111,LA LIBERTAD,TRUJILLO,VICTOR LARCO HERRERA,0.753164,5,1599.636267,80.003126,11.742569,76.99495,66890,21
070105,CALLAO,CALLAO,LA PUNTA,0.752697,5,1556.718249,81.225202,12.939153,69.272934,2449,22
150705,LIMA,HUAROCHIRI,CHICLA,0.74811,5,1975.043673,71.690315,11.546293,68.093041,6122,23
150138,LIMA,LIMA,SANTA MARIA DEL MAR,0.74666,5,1849.18807,79.0591,10.538937,64.032471,1631,24
040129,AREQUIPA,AREQUIPA,JOSE LUIS BUSTAMANTE Y RIVERO,0.745374,5,1448.531794,79.458973,12.665196,82.733984,76621,25
180106,MOQUEGUA,MARISCAL NIETO,TORATA,0.743778,5,1843.898839,76.502682,10.365289,70.738441,5470,26
150135,LIMA,LIMA,SAN MARTIN DE PORRES,0.741998,5,1554.686897,80.318223,11.084204,79.004464,739416,27
150107,LIMA,LIMA,CHACLACAYO,0.741054,5,1539.763506,80.728737,11.206344,77.769115,43756,28
070104,CALLAO,CALLAO,LA PERLA,0.739658,5,1455.248011,81.923121,11.863813,77.329009,58026,29
080108,CUSCO,CUSCO,WANCHAQ,0.738901,5,1463.259092,77.128704,13.123553,80.536595,61900,30
150513,LIMA,CAÑETE,SAN ANTONIO,0.737676,5,1484.391525,79.669218,11.247038,84.385242,4509,31
230302,TACNA,JORGE BASADRE,ILABAYA,0.736615,5,1861.252203,74.537188,11.117052,65.073435,3072,32
150137,LIMA,LIMA,SANTA ANITA,0.734731,5,1571.815098,80.700148,10.519505,76.479814,229835,33
150801,LIMA,HUAURA,HUACHO,0.732735,5,1405.669822,78.209038,13.642918,76.314927,62016,34
150128,LIMA,LIMA,RIMAC,0.730004,5,1559.041186,80.217245,10.636846,75.116396,156760,35
081304,CUSCO,URUBAMBA,MACHUPICCHU,0.729357,5,1576.324184,79.041312,10.793417,74.937817,8082,36
150133,LIMA,LIMA,SAN JUAN DE MIRAFLORES,0.729,5,1551.106644,80.509263,10.358587,76.912482,384729,37
070102,CALLAO,CALLAO,BELLAVISTA,0.72852,5,1409.085241,81.606077,11.686408,77.639226,70075,38
120805,JUNIN,YAULI,MOROCOCHA,0.727764,5,1632.82079,80.047986,10.377666,69.544055,4146,39
180104,MOQUEGUA,MARISCAL NIETO,SAMEGUA,0.726691,5,1563.896288,78.010729,10.65317,78.657737,7071,40
150129,LIMA,LIMA,SAN BARTOLO,0.723834,5,1528.397784,79.665473,10.576618,76.375259,8667,41
150110,LIMA,LIMA,COMAS,0.721893,5,1458.320609,80.090208,10.971588,77.958189,530000,42
130101,LA LIBERTAD,TRUJILLO,TRUJILLO,0.715116,5,1377.943848,79.576526,11.809757,77.255765,331253,43
150115,LIMA,LIMA,LA VICTORIA,0.714159,5,1482.479365,79.908299,10.522505,74.791799,156888,44
150501,LIMA,CAÑETE,SAN VICENTE DE CAÑETE,0.70679,5,1382.473893,79.529163,10.462097,82.803167,60076,45
120810,JUNIN,YAULI,YAULI,0.704505,5,1573.7987,76.038669,10.75616,68.745549,4923,46
150505,LIMA,CAÑETE,CHILCA,0.703305,5,1399.966152,79.27699,10.49598,78.757877,18760,47
150515,LIMA,CAÑETE,SANTA CRUZ DE FLORES,0.702148,5,1364.915355,79.507523,9.739598,89.215043,3122,48
180101,MOQUEGUA,MARISCAL NIETO,MOQUEGUA,0.701939,5,1446.202888,77.751738,10.84321,74.139092,64680,49
150132,LIMA,LIMA,SAN JUAN DE LURIGANCHO,0.701053,5,1464.692616,79.628676,10.064318,73.146948,1150285,50
150127,LIMA,LIMA,PUNTA NEGRA,0.699762,5,1568.892518,76.102463,10.594361,67.491697,8293,51
150142,LIMA,LIMA,VILLA EL SALVADOR,0.699048,5,1432.504429,80.145979,10.004398,74.385168,459161,52
150111,LIMA,LIMA,EL AGUSTINO,0.697062,5,1428.892506,81.405012,9.635174,73.571515,203380,53
230101,TACNA,TACNA,TACNA,0.696613,5,1371.819928,76.670661,11.654573,75.491958,74177,54
150126,LIMA,LIMA,PUNTA HERMOSA,0.695989,5,1549.281979,77.130703,10.144341,67.89627,12551,55
150119,LIMA,LIMA,LURIN,0.690924,5,1476.835195,78.416261,9.826485,70.974363,95909,56
150143,LIMA,LIMA,VILLA MARIA DEL TRIUNFO,0.689812,5,1409.843227,79.880157,9.755251,73.895534,452660,57
040110,AREQUIPA,AREQUIPA,MIRAFLORES,0.689308,5,1241.497645,78.724617,11.552714,81.316771,53017,58
150103,LIMA,LIMA,ATE,0.686855,5,1425.449863,79.623632,9.209138,76.308946,684922,59
150507,LIMA,CAÑETE,IMPERIAL,0.686345,5,1251.167233,82.297749,10.211792,79.493293,40902,60
150516,LIMA,CAÑETE,ZUÑIGA,0.686133,5,1567.042132,77.84585,8.99319,68.737112,1692,61
230303,TACNA,JORGE BASADRE,ITE,0.686004,5,1598.337724,73.873679,9.721784,70.001391,3076,62
150509,LIMA,CAÑETE,MALA,0.685814,5,1281.046442,80.26354,10.090706,82.210053,36837,63
040117,AREQUIPA,AREQUIPA,SACHACA,0.685521,5,1299.542561,77.55287,11.09516,78.529785,22541,64
150112,LIMA,LIMA,INDEPENDENCIA,0.685338,5,1443.328322,80.043469,8.817292,76.324286,217177,65
150514,LIMA,CAÑETE,SAN LUIS,0.685163,5,1422.698318,82.71533,8.299593,77.077495,13592,66
150118,LIMA,LIMA,LURIGANCHO,0.683195,5,1376.047242,78.608739,10.004202,74.490008,255144,67
180301,MOQUEGUA,ILO,ILO,0.683157,5,1346.786006,78.202981,10.671817,73.069677,68664,68
080105,CUSCO,CUSCO,SAN SEBASTIAN,0.680629,5,1245.537239,77.514478,11.0444,82.659981,131241,69
040705,AREQUIPA,ISLAY,MEJIA,0.680307,5,1363.706616,77.944667,9.735922,78.407009,945,70
040305,AREQUIPA,CARAVELI,BELLA UNION,0.67976,5,1503.764204,85.0,8.647491,57.626275,6089,71
170301,MADRE DE DIOS,TAHUAMANU,IÑAPARI,0.679577,5,1742.915674,82.06598,8.600322,47.363062,2054,72
110304,ICA,NASCA,MARCONA,0.677143,5,1245.387207,80.274182,10.916739,73.379122,13915,73
070103,CALLAO,CALLAO,CARMEN DE LA LEGUA REYNOSO,0.676407,5,1257.818804,80.939239,10.401247,73.918414,40808,74
070101,CALLAO,CALLAO,CALLAO,0.676201,5,1224.713201,80.996926,10.623435,75.827554,431182,75
150502,LIMA,CAÑETE,ASIA,0.67407,5,1330.620821,78.062706,9.29636,82.23752,10998,76
040103,AREQUIPA,AREQUIPA,CAYMA,0.673855,5,1199.618006,78.167304,11.266546,80.126512,97926,77
220901,SAN MARTIN,SAN MARTIN,TARAPOTO,0.672935,5,1400.86167,71.950345,10.480548,80.802887,76010,78
040109,AREQUIPA,AREQUIPA,MARIANO MELGAR,0.669506,5,1162.805855,78.311572,11.148828,82.771813,56183,79
040124,AREQUIPA,AREQUIPA,UCHUMAYO,0.668901,5,1190.454985,80.68275,10.46631,77.556003,14385,80
150102,LIMA,LIMA,ANCON,0.668889,5,1392.956247,77.659716,9.343569,72.117976,54956,81
040122,AREQUIPA,AREQUIPA,SOCABAYA,0.666752,5,1187.188318,77.725199,11.061117,79.847795,87112,82
040102,AREQUIPA,AREQUIPA,ALTO SELVA ALEGRE,0.664431,5,1154.977729,77.947568,11.207079,80.789861,91856,83
110101,ICA,ICA,ICA,0.663722,5,1084.329234,79.644605,11.724811,81.376712,142450,84
150125,LIMA,LIMA,PUENTE PIEDRA,0.663263,5,1289.452648,79.151556,9.62967,73.192237,383699,85
040308,AREQUIPA,CARAVELI,CHAPARRA,0.663188,5,1296.462734,85.0,9.195113,62.380322,5427,86
040107,AREQUIPA,AREQUIPA,JACOBO HUNTER,0.663175,5,1170.824149,78.63253,10.779495,79.297819,46995,87
150508,LIMA,CAÑETE,LUNAHUANA,0.662332,5,1301.904739,78.790223,8.426719,85.20947,4696,88
150511,LIMA,CAÑETE,PACARAN,0.661703,5,1241.63936,81.670193,8.934563,78.157529,1807,89
150139,LIMA,LIMA,SANTA ROSA,0.660577,5,1349.63493,77.160286,9.917281,67.61856,26603,90
160101,LORETO,MAYNAS,IQUITOS,0.65982,5,1208.805729,74.393251,12.740331,69.69813,145541,91
080101,CUSCO,CUSCO,CUSCO,0.659084,5,1171.113417,75.614652,11.294407,81.097094,122605,92
040309,AREQUIPA,CARAVELI,HUANUHUANU,0.658242,5,1316.254398,85.0,8.706275,61.904416,3448,93
200101,PIURA,PIURA,PIURA,0.658204,5,1124.177237,78.741055,11.334168,77.320668,178905,94
170302,MADRE DE DIOS,TAHUAMANU,IBERIA,0.658171,5,1382.445172,82.297404,9.1737,57.448458,8313,95
220910,SAN MARTIN,SAN MARTIN,MORALES,0.657414,5,1372.338769,72.928243,9.765103,76.63008,31688,96
040307,AREQUIPA,CARAVELI,CHALA,0.655371,5,1185.214977,83.875839,9.684057,68.071672,9167,97
110110,ICA,ICA,SAN JUAN BAUTISTA,0.655051,5,1117.214694,80.792436,10.628873,76.241863,14967,98
080104,CUSCO,CUSCO,SAN JERONIMO,0.654903,5,1156.114896,78.596375,10.432612,78.626963,59699,99
150510,LIMA,CAÑETE,NUEVO IMPERIAL,0.654614,5,1293.647044,77.616468,9.075327,76.600398,27350,100
040606,AREQUIPA,CONDESUYOS,RIO GRANDE,0.653717,5,1426.963238,75.546894,8.977223,68.227735,2068,101
150805,LIMA,HUAURA,HUALMAY,0.653365,5,1157.285327,78.294981,10.421389,78.34374,29505,102
150504,LIMA,CAÑETE,CERRO AZUL,0.653161,5,1200.760854,78.925362,9.06059,84.055936,8733,103
180302,MOQUEGUA,ILO,EL ALGARROBAL,0.651775,5,1325.524091,77.176174,9.976764,64.23196,2153,104
150106,LIMA,LIMA,CARABAYLLO,0.649869,5,1246.479589,78.849674,9.217868,74.114567,356854,105
040112,AREQUIPA,AREQUIPA,PAUCARPATA,0.649763,5,1100.753356,78.506775,10.832142,79.585175,126057,106
170204,MADRE DE DIOS,MANU,HUEPETUHE,0.649243,5,1511.465991,74.634605,8.305058,66.588759,7358,107
210101,PUNO,PUNO,PUNO,0.64889,5,1230.336353,69.673123,11.701624,82.124484,144745,108
040116,AREQUIPA,AREQUIPA,SABANDIA,0.648849,5,1180.955374,77.622129,10.31886,74.822745,4393,109
150512,LIMA,CAÑETE,QUILMANA,0.64729,5,1314.365603,79.140315,8.385321,72.312284,16516,110
151002,LIMA,YAUYOS,ALIS,0.646897,5,1245.610186,74.731261,10.839519,69.474298,783,111
081307,CUSCO,URUBAMBA,YUCAY,0.646744,5,1206.994438,79.231483,10.132838,67.525945,3183,112
150123,LIMA,LIMA,PACHACAMAC,0.646311,5,1279.230283,77.518722,9.278997,70.892348,140978,113
021809,ANCASH,SANTA,NUEVO CHIMBOTE,0.64596,5,1131.865713,78.639087,10.615651,73.949226,175441,114
230108,TACNA,TACNA,POCOLLAY,0.645954,5,1152.606145,77.267808,10.521084,75.825743,17646,115
040701,AREQUIPA,ISLAY,MOLLENDO,0.645631,5,1179.265312,75.673341,10.479684,77.092619,21631,116
040125,AREQUIPA,AREQUIPA,VITOR,0.645585,5,1258.617288,78.588263,8.472481,78.384156,2628,117
040702,AREQUIPA,ISLAY,COCACHACRA,0.644949,5,1226.330683,78.447196,8.759365,79.230847,8055,118
150601,LIMA,HUARAL,HUARAL,0.644705,5,1220.460893,79.928737,9.344739,69.722423,104439,119
040205,AREQUIPA,CAMANA,NICOLAS DE PIEROLA,0.644541,5,1126.181107,81.262935,9.278885,79.004551,6803,120
150806,LIMA,HUAURA,HUAURA,0.644332,5,1280.219556,78.612182,8.919818,70.047982,36044,121
040208,AREQUIPA,CAMANA,SAMUEL PASTOR,0.643816,5,1152.202471,84.712186,8.966373,69.359567,16527,122
070107,CALLAO,CALLAO,MI PERU,0.64371,5,1241.061299,81.18662,8.896615,67.812626,31589,123
040201,AREQUIPA,CAMANA,CAMANA,0.64348,5,1055.409248,81.322426,10.584932,75.994777,13756,124
010101,AMAZONAS,CHACHAPOYAS,CHACHAPOYAS,0.642361,5,1259.130244,72.192674,10.018339,79.562705,33038,125
040104,AREQUIPA,AREQUIPA,CERRO COLORADO,0.641177,5,1107.223862,77.240832,10.595705,78.204125,193412,126
150109,LIMA,LIMA,CIENEGUILLA,0.637172,5,1265.041999,77.288096,9.015039,69.643266,48261,127
040123,AREQUIPA,AREQUIPA,TIABAYA,0.636178,5,1124.635848,79.029987,9.90769,73.276958,14392,128
150728,LIMA,HUAROCHIRI,SANTA EULALIA,0.63557,5,1326.612983,71.655525,10.03356,68.476961,13713,129
180205,MOQUEGUA,GENERAL SANCHEZ CERRO,LA CAPILLA,0.635181,5,1228.134548,76.754102,9.208886,72.208409,1606,130
150201,LIMA,BARRANCA,BARRANCA,0.635179,5,1133.777921,80.802441,9.40436,71.353328,74927,131
110112,ICA,ICA,SUBTANJALLA,0.635078,5,1028.528071,79.37212,10.809406,77.513755,31104,132
120114,JUNIN,HUANCAYO,EL TAMBO,0.634962,5,1118.012743,73.347394,11.216599,78.850407,167366,133
080106,CUSCO,CUSCO,SANTIAGO,0.634895,5,1084.145557,77.624572,10.276562,78.735351,94655,134
040302,AREQUIPA,CARAVELI,ACARI,0.634185,5,1303.788728,81.507995,8.785829,56.273614,3631,135
140101,LAMBAYEQUE,CHICLAYO,CHICLAYO,0.633676,5,998.394523,79.574138,10.959065,79.431798,284975,136
110102,ICA,ICA,LA TINGUIÑA,0.633445,5,1015.741451,80.809116,10.427088,77.641827,38005,137
040202,AREQUIPA,CAMANA,JOSE MARIA QUIMPER,0.633321,5,1115.837714,80.034584,9.296353,75.565642,4313,138
170101,MADRE DE DIOS,TAMBOPATA,TAMBOPATA,0.633164,5,1305.419539,72.206411,10.029363,67.61754,88507,139
150901,LIMA,OYON,OYON,0.632963,5,1214.229806,79.694673,10.434856,55.60979,14348,140
150205,LIMA,BARRANCA,SUPE PUERTO,0.632911,5,1157.274107,81.583767,8.941946,69.323947,12371,141
150605,LIMA,HUARAL,CHANCAY,0.632899,5,1190.673404,79.852284,8.650574,72.517859,65702,142
120803,JUNIN,YAULI,HUAY-HUAY,0.632549,5,1201.233338,77.89143,9.965072,64.045223,1539,143
190104,PASCO,PASCO,HUAYLLAY,0.632231,5,1174.79826,71.216659,10.400798,83.116458,11513,144
120808,JUNIN,YAULI,SANTA ROSA DE SACCO,0.632146,5,1105.45951,78.727674,9.962928,73.40856,9043,145
110103,ICA,ICA,LOS AQUIJES,0.632137,5,1104.135489,78.11994,9.921443,75.661787,22115,146
150727,LIMA,HUAROCHIRI,SANTA CRUZ DE COCACHACRA,0.631753,5,1243.286029,72.226249,9.613796,77.613964,2539,147
190111,PASCO,PASCO,TINYAHUARCO,0.630841,5,1020.696304,76.687084,10.615011,85.560152,7087,148
150204,LIMA,BARRANCA,SUPE,0.630827,5,1280.487368,79.951646,8.147513,65.832919,24647,149
110505,ICA,PISCO,PARACAS,0.629218,5,1204.177835,75.99906,9.796859,67.799829,8493,150
040204,AREQUIPA,CAMANA,MARISCAL CACERES,0.628491,5,1169.964851,82.784074,8.056065,71.143499,6654,151
110105,ICA,ICA,PACHACUTEC,0.628227,5,1067.30799,79.938282,9.725001,74.912722,7330,152
040127,AREQUIPA,AREQUIPA,YARABAMBA,0.627156,5,1053.665111,79.753647,10.203674,72.296846,1260,153
150202,LIMA,BARRANCA,PARAMONGA,0.626869,5,1090.279661,82.180967,8.959174,72.307534,20521,154
110109,ICA,ICA,SAN JOSE DE LOS MOLINOS,0.626732,5,1104.43945,78.750551,9.132899,77.689506,6645,155
110111,ICA,ICA,SANTIAGO,0.626104,5,1061.002261,80.48506,9.341716,76.557126,31419,156
150714,LIMA,HUAROCHIRI,RICARDO PALMA,0.625897,5,1209.052082,73.561087,10.299464,67.592257,6761,157
150810,LIMA,HUAURA,SANTA MARIA,0.625654,5,1113.456224,76.866877,9.794028,74.486864,37973,158
150811,LIMA,HUAURA,SAYAN,0.625259,5,1379.419827,76.007109,7.928808,64.39893,24684,159
040602,AREQUIPA,CONDESUYOS,ANDARAY,0.625009,5,1396.046365,76.282101,8.088573,60.438228,637,160
150506,LIMA,CAÑETE,COAYLLO,0.623068,5,1164.06684,82.785987,6.942159,83.024611,1068,161
140120,LAMBAYEQUE,CHICLAYO,TUMAN,0.622543,5,1068.721311,81.229165,8.985275,74.484435,28889,162
200104,PIURA,PIURA,CASTILLA,0.622081,5,1028.915689,80.201558,10.023777,72.716755,159841,163
100111,HUANUCO,HUANUCO,PILLCO MARCA,0.621616,5,1100.92959,73.834452,9.834239,82.320019,39141,164
120801,JUNIN,YAULI,LA OROYA,0.621171,5,1128.403546,75.515085,10.049672,70.901013,8997,165
040413,AREQUIPA,CASTILLA,URACA,0.620866,5,1263.672462,77.743013,8.699583,61.402491,6698,166
190113,PASCO,PASCO,YANACANCHA,0.619342,5,957.316898,76.39018,11.494439,80.494327,31875,167
040206,AREQUIPA,CAMANA,OCOÑA,0.619301,5,1102.13981,82.694082,8.707696,66.926214,4521,168
130208,LA LIBERTAD,ASCOPE,CASA GRANDE,0.618851,5,1072.756007,78.51938,9.327574,75.140475,30558,169
150401,LIMA,CANTA,CANTA,0.618661,5,1142.116767,76.684849,10.129689,63.855697,2411,170
211002,PUNO,SAN ANTONIO DE PUTINA,ANANEA,0.618412,5,1672.724317,61.622119,8.232901,75.07838,26326,171
130107,LA LIBERTAD,TRUJILLO,MOCHE,0.618325,5,1128.599123,78.455771,9.474157,66.189778,37259,172
110401,ICA,PALPA,PALPA,0.61819,5,966.619942,81.111215,9.588459,81.4571,6821,173
100102,HUANUCO,HUANUCO,AMARILIS,0.618044,5,1095.641521,74.03039,10.109576,77.036426,74636,174
140104,LAMBAYEQUE,CHICLAYO,ETEN PUERTO,0.617684,5,928.489434,80.025836,10.596907,81.130051,2155,175
130207,LA LIBERTAD,ASCOPE,SANTIAGO DE CAO,0.617581,5,1088.009942,78.680587,9.276913,72.138234,19535,176
180201,MOQUEGUA,GENERAL SANCHEZ CERRO,OMATE,0.61707,5,982.361594,78.42096,10.440257,77.491004,4155,177
040105,AREQUIPA,AREQUIPA,CHARACATO,0.616647,5,1006.410372,77.77225,10.140372,77.918753,12645,178
040703,AREQUIPA,ISLAY,DEAN VALDIVIA,0.616391,5,1182.892299,77.651503,8.361097,71.082295,6725,179
110106,ICA,ICA,PARCONA,0.616344,5,933.363605,80.796568,10.47811,78.09451,54312,180
151018,LIMA,YAUYOS,LARAOS,0.615805,5,1196.509186,76.62723,10.20813,56.024786,539,181
110113,ICA,ICA,TATE,0.615177,5,1017.090785,78.106504,10.108134,74.493947,4721,182
130701,LA LIBERTAD,PACASMAYO,SAN PEDRO DE LLOC,0.613852,5,1095.68906,80.848262,9.143362,64.493396,16853,183
021801,ANCASH,SANTA,CHIMBOTE,0.613828,5,1055.782917,78.846957,9.438856,71.992592,196831,184
130203,LA LIBERTAD,ASCOPE,CHOCOPE,0.613755,5,1053.656462,77.488039,9.288784,77.554762,8414,185
090101,HUANCAVELICA,HUANCAVELICA,HUANCAVELICA,0.611558,5,1091.214473,69.471511,10.846606,81.413413,41539,186
040108,AREQUIPA,AREQUIPA,LA JOYA,0.610548,5,1158.54309,78.106531,8.411557,68.354181,35026,187
150203,LIMA,BARRANCA,PATIVILCA,0.609,5,1106.793701,83.279899,7.753898,68.212665,19808,188
040121,AREQUIPA,AREQUIPA,SANTA RITA DE SIGUAS,0.608449,5,1243.986901,75.90495,8.260115,64.412175,6383,189
120101,JUNIN,HUANCAYO,HUANCAYO,0.608341,5,1046.538533,71.669826,11.052432,76.351181,119236,190
040520,AREQUIPA,CAYLLOMA,MAJES,0.607784,5,1135.515901,76.530721,8.773678,69.81277,74659,191
190109,PASCO,PASCO,SIMON BOLIVAR,0.607204,5,970.515298,75.638126,10.386442,80.791145,10798,192
060101,CAJAMARCA,CAJAMARCA,CAJAMARCA,0.607018,5,1117.141592,73.192247,9.490387,74.295304,257381,193
040706,AREQUIPA,ISLAY,PUNTA DE BOMBON,0.606402,5,1096.758695,77.827378,8.303531,75.486586,6370,194
150604,LIMA,HUARAL,AUCALLAMA,0.606012,5,1269.987961,79.105802,7.172096,64.1438,20981,195
150812,LIMA,HUAURA,VEGUETA,0.605898,5,1216.001808,75.860099,8.328202,65.248677,26243,196
110201,ICA,CHINCHA,CHINCHA ALTA,0.605573,5,938.908292,80.582138,10.391391,70.638396,66625,197
110108,ICA,ICA,SALAS,0.605316,5,1064.942615,78.888483,9.133325,67.639546,27932,198
040115,AREQUIPA,AREQUIPA,QUEQUEÑA,0.603549,5,1001.184142,76.577085,9.867103,74.945745,3250,199
230102,TACNA,TACNA,ALTO DE LA ALIANZA,0.603256,5,964.814369,77.720758,10.047532,75.536507,34457,200
020101,ANCASH,HUARAZ,HUARAZ,0.603079,5,1025.006308,74.32153,10.264927,74.045555,64284,201
150503,LIMA,CAÑETE,CALANGO,0.602966,5,1069.292627,78.915581,7.977907,77.700943,2356,202
240101,TUMBES,TUMBES,TUMBES,0.602511,5,998.971659,77.637582,9.791503,72.221441,109745,203
110203,ICA,CHINCHA,CHAVIN,0.602497,5,1136.753532,78.425984,10.468913,49.46674,1928,204
040401,AREQUIPA,CASTILLA,APLAO,0.602458,5,1171.985128,74.850241,8.997712,64.231085,8415,205
120806,JUNIN,YAULI,PACCHA,0.60201,5,1068.313199,75.795737,9.146056,73.058995,1495,206
110107,ICA,ICA,PUEBLO NUEVO,0.601739,5,958.033377,78.042802,10.310077,72.285834,5487,207
180209,MOQUEGUA,GENERAL SANCHEZ CERRO,QUINISTAQUILLAS,0.60081,5,1103.401325,80.157764,9.358988,55.654703,1152,208
040128,AREQUIPA,AREQUIPA,YURA,0.600506,5,996.014121,78.217042,8.994743,77.402119,33335,209
030101,APURIMAC,ABANCAY,ABANCAY,0.600375,5,969.922049,73.999326,10.589095,78.86545,57984,210
070106,CALLAO,CALLAO,VENTANILLA,0.600316,5,995.664619,79.164047,9.57195,69.088719,410328,211
150407,LIMA,CANTA,SANTA ROSA DE QUIVES,0.600015,5,1261.389054,76.384234,7.461641,64.467441,8161,212
200115,PIURA,PIURA,VEINTISEIS DE OCTUBRE,0.599746,5,976.316983,78.407939,9.714064,72.268115,183875,213
150124,LIMA,LIMA,PUCUSANA,0.59894,5,1062.346355,77.007445,9.320308,66.791919,19084,214
110301,ICA,NASCA,NASCA,0.598885,5,936.274503,79.751383,10.078643,71.092375,26740,215
110210,ICA,CHINCHA,SUNAMPE,0.598768,5,957.188317,81.761162,9.529645,67.589093,30277,216
110402,ICA,PALPA,LLIPATA,0.597917,5,907.599183,80.760497,8.78542,85.821617,1316,217
170303,MADRE DE DIOS,TAHUAMANU,TAHUAMANU,0.597618,5,1251.942824,82.267218,7.809538,48.480977,3379,218
130704,LA LIBERTAD,PACASMAYO,PACASMAYO,0.596859,5,898.76336,81.564791,9.724446,74.233986,27554,219
110403,ICA,PALPA,RIO GRANDE,0.596432,5,912.172933,80.821058,8.82333,83.03862,1742,220
220801,SAN MARTIN,RIOJA,RIOJA,0.596333,5,1232.73042,73.8096,8.251886,63.349536,24031,221
130105,LA LIBERTAD,TRUJILLO,LA ESPERANZA,0.596157,5,1010.620438,78.861066,9.291972,67.40352,197398,222
081301,CUSCO,URUBAMBA,URUBAMBA,0.596123,5,1024.51534,78.530359,9.019506,68.815319,21510,223
021101,ANCASH,HUARMEY,HUARMEY,0.59433,5,1004.185629,79.512742,9.093809,67.239637,25730,224
110211,ICA,CHINCHA,TAMBO DE MORA,0.593545,5,978.918294,79.822706,9.55443,65.404711,5314,225
240103,TUMBES,TUMBES,LA CRUZ,0.593397,5,1035.567875,76.159366,9.05807,71.30685,9241,226
130106,LA LIBERTAD,TRUJILLO,LAREDO,0.592958,5,1043.418214,80.241509,8.518305,64.758374,34739,227
110305,ICA,NASCA,VISTA ALEGRE,0.592484,5,910.651409,81.72521,9.434074,71.336705,18667,228
110207,ICA,CHINCHA,PUEBLO NUEVO,0.59247,5,913.781946,81.160315,10.029023,67.027851,65357,229
220909,SAN MARTIN,SAN MARTIN,LA BANDA DE SHILCAYO,0.592229,5,1146.168364,72.594772,8.909919,67.393557,47338,230
200704,PIURA,TALARA,LOBITOS,0.592187,5,1020.618965,77.535131,9.316531,66.472783,1553,231
200701,PIURA,TALARA,PARIÑAS,0.590115,5,1000.689242,76.980523,9.709338,65.818604,89997,232
170203,MADRE DE DIOS,MANU,MADRE DE DIOS,0.589623,5,1184.429542,75.01665,8.220913,61.501035,9439,233
100101,HUANUCO,HUANUCO,HUANUCO,0.589321,5,1034.37424,71.444747,10.150837,72.323373,93515,234
130401,LA LIBERTAD,CHEPEN,CHEPEN,0.58857,5,976.158633,78.814492,8.763211,72.290605,48424,235
200703,PIURA,TALARA,LA BREA,0.587665,5,895.61708,78.300474,9.931328,74.775431,10993,236
110501,ICA,PISCO,PISCO,0.587613,5,914.883561,76.407837,10.426367,72.449484,58925,237
150722,LIMA,HUAROCHIRI,SAN MATEO,0.587549,5,1216.826443,71.080965,8.947878,60.278545,4715,238
120301,JUNIN,CHANCHAMAYO,CHANCHAMAYO,0.587431,5,1064.616048,75.058372,9.160287,65.277784,24595,239
020801,ANCASH,CASMA,CASMA,0.587346,5,1041.065999,78.047581,8.596987,65.870125,35482,240
090118,HUANCAVELICA,HUANCAVELICA,ASCENSION,0.587028,5,989.715812,75.856022,9.505482,69.975469,13749,241
040409,AREQUIPA,CASTILLA,ORCOPAMPA,0.585611,5,1217.75165,77.753836,9.016594,44.591413,9613,242
020105,ANCASH,HUARAZ,INDEPENDENCIA,0.584998,5,958.092037,75.298609,9.670945,73.37039,78605,243
170102,MADRE DE DIOS,TAMBOPATA,INAMBARI,0.584761,5,1213.903166,74.226986,8.321017,56.547835,11049,244
010201,AMAZONAS,BAGUA,BAGUA,0.584063,5,1074.015025,73.025637,8.794995,70.795501,26947,245
090411,HUANCAVELICA,CASTROVIRREYNA,SANTA ANA,0.58351,5,1383.774769,67.157743,7.274479,69.268919,1663,246
130104,LA LIBERTAD,TRUJILLO,HUANCHACO,0.583007,5,1028.228212,78.244194,8.807312,62.240375,76607,247
140112,LAMBAYEQUE,CHICLAYO,PIMENTEL,0.582875,5,850.045698,79.915532,9.984908,74.286296,50545,248
040608,AREQUIPA,CONDESUYOS,YANAQUIHUA,0.582787,5,1115.331173,80.422924,7.79217,56.650837,5425,249
080914,CUSCO,LA CONVENCION,MEGANTONI,0.582218,5,1158.553251,76.191928,8.960514,51.07438,6089,250
040303,AREQUIPA,CARAVELI,ATICO,0.582004,5,1061.817349,81.066603,9.418004,47.812982,4871,251
100601,HUANUCO,LEONCIO PRADO,RUPA-RUPA,0.581834,5,1000.426042,73.844365,9.541274,70.006542,59227,252
230301,TACNA,JORGE BASADRE,LOCUMBA,0.580893,5,1015.959347,73.371358,9.168656,71.934081,2848,253
190101,PASCO,PASCO,CHAUPIMARCA,0.580525,5,847.919073,74.664987,10.686501,82.077815,24465,254
080901,CUSCO,LA CONVENCION,SANTA ANA,0.580389,5,868.325288,77.201582,9.632935,80.097643,30810,255
060801,CAJAMARCA,JAEN,JAEN,0.580324,5,1046.078117,74.495443,8.733179,68.330654,102362,256
040111,AREQUIPA,AREQUIPA,MOLLEBAYA,0.580001,5,927.696754,77.108939,9.487764,71.082858,3678,257
040118,AREQUIPA,AREQUIPA,SAN JUAN DE SIGUAS,0.579635,5,1038.843524,77.566111,8.230147,65.793955,1227,258
120401,JUNIN,JAUJA,JAUJA,0.579335,5,984.615373,70.26773,10.3964,73.928453,14305,259
230110,TACNA,TACNA,CORONEL GREGORIO ALBARRACIN LANCHIPA,0.578968,5,892.303097,77.073616,10.047075,71.178389,140027,260
151001,LIMA,YAUYOS,YAUYOS,0.578646,5,1050.287832,71.279591,9.498561,68.601779,2309,261
040704,AREQUIPA,ISLAY,ISLAY,0.578404,5,929.797674,74.737536,10.005035,71.566796,7264,262
150701,LIMA,HUAROCHIRI,MATUCANA,0.578208,5,952.489679,69.945541,10.405431,79.319412,3417,263
160113,LORETO,MAYNAS,SAN JUAN BAUTISTA,0.578134,5,1057.596132,72.90308,10.509481,55.497051,149461,264
021803,ANCASH,SANTA,COISHCO,0.576718,5,961.414626,78.758527,8.602424,67.738381,15940,265
050115,AYACUCHO,HUAMANGA,JESUS NAZARENO,0.576247,5,875.665226,74.206664,10.17052,79.402051,18408,266
211101,PUNO,SAN ROMAN,JULIACA,0.575973,5,888.171601,73.559295,10.174966,78.893064,232834,267
040304,AREQUIPA,CARAVELI,ATIQUIPA,0.575966,5,955.22129,85.0,8.237349,57.784589,732,268
220908,SAN MARTIN,SAN MARTIN,JUAN GUERRA,0.575255,5,1132.884207,74.59481,8.001746,61.219006,3471,269
021808,ANCASH,SANTA,SANTA,0.575142,5,1055.158525,79.133134,7.835804,61.076867,20995,270
200702,PIURA,TALARA,EL ALTO,0.575139,5,929.195408,77.978667,9.442354,65.549384,7348,271
110204,ICA,CHINCHA,CHINCHA BAJA,0.575109,5,891.303282,80.487515,8.914117,69.977339,12461,272
120807,JUNIN,YAULI,SANTA BARBARA DE CARHUACAYAN,0.575104,5,1087.895356,79.067674,8.339758,53.02669,1961,273
040601,AREQUIPA,CONDESUYOS,CHUQUIBAMBA,0.575068,5,1022.803703,76.586469,8.942833,60.569673,3186,274
040407,AREQUIPA,CASTILLA,HUANCARQUI,0.574816,5,1055.163593,74.81857,9.149795,59.019937,1297,275
210705,PUNO,LAMPA,OCUVIRI,0.574421,5,978.053286,78.174093,7.578621,76.791031,2887,276
230204,TACNA,CANDARAVE,CURIBAYA,0.573942,5,950.189523,72.593298,9.476779,76.232492,256,277
110206,ICA,CHINCHA,GROCIO PRADO,0.573674,5,865.117677,81.674739,9.138786,68.160857,26661,278
130204,LA LIBERTAD,ASCOPE,MAGDALENA DE CAO,0.573504,5,988.970765,78.301243,8.310914,65.653118,3055,279
110507,ICA,PISCO,SAN CLEMENTE,0.572373,5,922.472127,76.147784,9.107716,72.536502,24273,280
130202,LA LIBERTAD,ASCOPE,CHICAMA,0.572157,5,978.449849,77.671023,8.464777,66.213737,15563,281
040120,AREQUIPA,AREQUIPA,SANTA ISABEL DE SIGUAS,0.572073,5,1085.592882,78.538402,7.777746,57.56971,957,282
190108,PASCO,PASCO,SAN FRANCISCO DE ASIS DE YARUSYACAN,0.572006,5,906.23869,73.680941,9.077576,83.109192,4286,283
040603,AREQUIPA,CONDESUYOS,CAYARANI,0.571762,5,1186.504225,85.0,7.610712,39.124847,2733,284
120125,JUNIN,HUANCAYO,PILCOMAYO,0.570858,5,907.47713,71.934198,9.891854,79.223954,20078,285
160108,LORETO,MAYNAS,PUNCHANA,0.570667,5,996.705512,75.099645,10.36346,53.965676,86910,286
130109,LA LIBERTAD,TRUJILLO,SALAVERRY,0.570487,5,922.644196,78.730405,8.931371,66.009912,20631,287
140106,LAMBAYEQUE,CHICLAYO,LA VICTORIA,0.569812,5,807.883575,80.775021,9.61137,73.24532,96903,288
200501,PIURA,PAITA,PAITA,0.569748,5,957.183908,79.43114,8.424647,63.654265,99197,289
110508,ICA,PISCO,TUPAC AMARU INCA,0.569669,5,893.651744,76.290928,9.676838,69.485674,19053,290
110404,ICA,PALPA,SANTA CRUZ,0.569612,5,848.147378,79.883189,8.850381,75.555874,771,291
100608,HUANUCO,LEONCIO PRADO,CASTILLO GRANDE,0.569443,5,1077.121435,72.411688,8.663916,63.204427,13147,292
240102,TUMBES,TUMBES,CORRALES,0.569128,5,962.153295,76.838604,8.686409,66.356075,23972,293
021806,ANCASH,SANTA,NEPEÑA,0.568821,5,1088.284833,79.344767,7.574556,55.609784,15652,294
240201,TUMBES,CONTRALMIRANTE VILLAR,ZORRITOS,0.568343,5,964.427171,74.378869,9.025058,68.791165,11360,295
130103,LA LIBERTAD,TRUJILLO,FLORENCIA DE MORA,0.566004,5,895.216622,80.065068,8.831425,64.733479,40839,296
200601,PIURA,SULLANA,SULLANA,0.5657,5,829.12339,79.935041,9.31842,71.144385,181600,297
150703,LIMA,HUAROCHIRI,CALLAHUANCA,0.565217,5,967.690645,71.982881,9.911168,65.024372,3187,298
130702,LA LIBERTAD,PACASMAYO,GUADALUPE,0.565098,5,909.684371,81.324906,7.868097,68.676921,43898,299
040501,AREQUIPA,CAYLLOMA,CHIVAY,0.564936,5,965.713525,77.382555,8.553205,62.907999,7716,300
140113,LAMBAYEQUE,CHICLAYO,REQUE,0.564199,5,853.039503,80.882528,9.073972,65.909434,16475,301
230103,TACNA,TACNA,CALANA,0.564102,5,832.802135,75.922728,9.591362,77.829717,3316,302
030109,APURIMAC,ABANCAY,TAMBURCO,0.563719,5,852.847378,73.715772,9.99956,76.582242,11338,303
250101,UCAYALI,CORONEL PORTILLO,CALLERIA,0.563477,5,987.688904,73.001636,9.668332,60.420574,126065,304
200705,PIURA,TALARA,LOS ORGANOS,0.562947,5,894.310639,77.762547,9.026756,66.547609,9570,305
130102,LA LIBERTAD,TRUJILLO,EL PORVENIR,0.562868,5,999.874186,79.350785,7.880201,59.073691,209189,306
150609,LIMA,HUARAL,SAN MIGUEL DE ACOS,0.562415,5,840.981558,80.522209,8.573013,72.477011,678,307
140118,LAMBAYEQUE,CHICLAYO,POMALCA,0.562098,5,843.172068,82.124638,8.699916,66.618762,25484,308
200706,PIURA,TALARA,MANCORA,0.56139,5,905.364043,77.475764,8.857722,66.043407,14045,309
221005,SAN MARTIN,TOCACHE,UCHIZA,0.561187,5,1167.267666,70.786257,7.795037,60.215823,15357,310
130206,LA LIBERTAD,ASCOPE,RAZURI,0.560516,5,999.829735,76.613495,7.989318,62.76018,9448,311
110104,ICA,ICA,OCUCAJE,0.55979,5,897.028152,76.951837,8.500099,71.129124,4084,312
200608,PIURA,SULLANA,SALITRAL,0.559237,5,879.754335,81.168425,8.423622,63.717868,7130,313
120201,JUNIN,CONCEPCION,CONCEPCION,0.559004,5,954.260308,69.165219,9.96712,70.405421,14877,314
110202,ICA,CHINCHA,ALTO LARAN,0.558797,5,938.677312,78.870904,8.6511,58.24442,8210,315
021807,ANCASH,SANTA,SAMANCO,0.557537,5,1020.542645,78.64119,7.631996,57.240346,4693,316
240106,TUMBES,TUMBES,SAN JUAN DE LA VIRGEN,0.556648,5,953.440884,75.317205,8.439178,65.171845,4361,317
060508,CAJAMARCA,CONTUMAZA,YONAN,0.556377,5,1045.736185,73.074067,7.779843,65.261172,7380,318
120434,JUNIN,JAUJA,YAUYOS,0.555888,5,910.109545,72.203452,9.550225,69.304557,8828,319
120404,JUNIN,JAUJA,ATAURA,0.55587,5,951.022349,70.769322,9.405195,68.54774,1096,320
150803,LIMA,HUAURA,CALETA DE CARQUIN,0.555856,5,826.980552,78.065125,9.927398,63.825984,7919,321
110303,ICA,NASCA,EL INGENIO,0.555823,5,871.93346,81.52594,8.080222,65.16119,2572,322
230111,TACNA,TACNA,LA YARADA LOS PALOS,0.55518,5,1076.879206,75.379944,7.065144,62.699955,6114,323
210802,PUNO,MELGAR,ANTAUTA,0.55494,5,985.483634,71.435289,8.172672,73.079144,4398,324
120905,JUNIN,CHUPACA,HUAMANCACA CHICO,0.554449,5,951.828063,73.04003,8.493885,69.492107,8103,325
140301,LAMBAYEQUE,LAMBAYEQUE,LAMBAYEQUE,0.553928,5,872.550926,74.694529,9.542777,66.897282,79617,326
130703,LA LIBERTAD,PACASMAYO,JEQUETEPEQUE,0.553607,5,1013.348169,80.662891,7.403598,53.808347,4003,327
080801,CUSCO,ESPINAR,ESPINAR,0.553053,5,977.684884,69.217264,8.70928,74.041288,33976,328
230109,TACNA,TACNA,SAMA,0.552622,5,897.568256,74.249879,8.753559,70.50025,2957,329
120305,JUNIN,CHANCHAMAYO,SAN RAMON,0.552431,5,944.975733,74.692784,8.661675,62.924176,25836,330
240301,TUMBES,ZARUMILLA,ZARUMILLA,0.551753,5,937.801497,72.198109,9.147232,65.695279,23389,331
040301,AREQUIPA,CARAVELI,CARAVELI,0.550944,5,908.302171,81.709869,9.256627,47.498535,3967,332
120306,JUNIN,CHANCHAMAYO,VITOC,0.550828,5,1103.675235,73.023814,7.360744,59.235912,782,333
040313,AREQUIPA,CARAVELI,YAUCA,0.550687,5,883.142164,82.866256,8.639279,52.583976,1740,334
050101,AYACUCHO,HUAMANGA,AYACUCHO,0.550625,5,862.205167,69.909288,10.154153,75.086226,104521,335
040207,AREQUIPA,CAMANA,QUILCA,0.550613,5,777.751997,84.115181,8.594478,66.079047,629,336
120107,JUNIN,HUANCAYO,CHILCA,0.550565,5,826.471893,73.413349,9.620272,75.344507,91776,337
190112,PASCO,PASCO,VICCO,0.550412,5,846.987622,75.432309,8.725728,74.365178,2501,338
140102,LAMBAYEQUE,CHICLAYO,CHONGOYAPE,0.550303,5,881.763309,79.991276,7.641428,68.109092,18003,339
080303,CUSCO,ANTA,CACHIMAYO,0.550184,5,819.048981,74.570181,8.957892,79.681894,2401,340
130201,LA LIBERTAD,ASCOPE,ASCOPE,0.549992,5,837.148965,76.838116,8.841347,70.615141,6120,341
120701,JUNIN,TARMA,TARMA,0.549326,5,885.643922,73.030349,9.228586,68.829169,43269,342
120129,JUNIN,HUANCAYO,SAN AGUSTIN,0.548894,5,838.899352,71.856283,9.458372,78.177297,14174,343
110405,ICA,PALPA,TIBILLO,0.548857,5,947.903381,75.691742,7.600328,68.360076,160,344
240105,TUMBES,TUMBES,SAN JACINTO,0.548737,5,889.37458,74.840976,8.228711,72.747418,8740,345
120901,JUNIN,CHUPACA,CHUPACA,0.548493,5,870.503323,71.687104,9.507802,72.11551,21173,346
130808,LA LIBERTAD,PATAZ,PARCOY,0.548347,5,1085.433075,73.409477,7.761827,54.77456,22859,347
250105,UCAYALI,CORONEL PORTILLO,YARINACOCHA,0.547837,5,905.330407,74.173704,9.401405,60.312228,113671,348
110503,ICA,PISCO,HUMAY,0.547606,5,930.769462,72.898166,8.073067,72.531379,5924,349
180103,MOQUEGUA,MARISCAL NIETO,CUCHUMBAYA,0.547496,5,991.523777,75.267523,6.599524,75.395434,1437,350
021014,ANCASH,HUARI,SAN MARCOS,0.546601,5,925.936721,75.445421,8.282655,63.264116,16661,351
170201,MADRE DE DIOS,MANU,MANU,0.546307,5,993.375608,74.794488,8.137462,57.213381,1430,352
120130,JUNIN,HUANCAYO,SAN JERONIMO DE TUNAN,0.546179,5,841.900108,72.19386,9.620112,72.712891,11142,353
120430,JUNIN,JAUJA,SAUSA,0.544322,5,811.003726,74.661405,9.102229,74.496656,3048,354
151003,LIMA,YAUYOS,ALLAUCA,0.544152,5,969.094127,77.883755,9.455299,43.1674,1943,355
120409,JUNIN,JAUJA,HUARIPAMPA,0.544037,5,884.027231,73.044399,9.046956,66.790106,735,356
050110,AYACUCHO,HUAMANGA,SAN JUAN BAUTISTA,0.543403,5,764.233834,74.578524,9.727501,77.178974,55908,357
200505,PIURA,PAITA,LA HUACA,0.542841,5,855.313678,81.138691,7.297645,68.170924,12632,358
040604,AREQUIPA,CONDESUYOS,CHICHAS,0.542478,5,949.931417,81.853568,7.368456,52.540051,526,359
120421,JUNIN,JAUJA,MUQUIYAUYO,0.542297,5,858.240832,74.965323,8.483949,69.85884,2198,360
180102,MOQUEGUA,MARISCAL NIETO,CARUMAS,0.541988,5,940.130454,75.019288,7.323922,69.537005,4187,361
140105,LAMBAYEQUE,CHICLAYO,JOSE LEONARDO ORTIZ,0.54157,5,724.657816,80.941783,9.042819,72.694855,183061,362
150717,LIMA,HUAROCHIRI,SAN BARTOLOME,0.541561,5,776.793165,75.155984,9.229871,76.193524,2035,363
240203,TUMBES,CONTRALMIRANTE VILLAR,CANOAS DE PUNTA SAL,0.541317,5,1085.516108,72.94325,7.565486,53.436567,6441,364
120407,JUNIN,JAUJA,EL MANTARO,0.540671,5,806.635721,74.812216,9.179283,71.172262,2552,365
140116,LAMBAYEQUE,CHICLAYO,CAYALTI,0.539649,5,755.68397,81.722959,7.97343,74.363346,15028,366
220601,SAN MARTIN,MARISCAL CACERES,JUANJUI,0.539255,5,1019.419427,71.229337,8.199019,57.634112,24447,367
120904,JUNIN,CHUPACA,HUACHAC,0.538633,5,856.905139,73.882842,8.629227,68.81067,3560,368
240104,TUMBES,TUMBES,PAMPAS DE HOSPITAL,0.538619,5,894.646897,74.778774,7.936808,67.491002,7012,369
110502,ICA,PISCO,HUANCANO,0.537268,5,789.68519,73.262785,8.338593,86.124723,1223,370
040505,AREQUIPA,CAYLLOMA,CAYLLOMA,0.537091,5,943.104752,80.242402,7.490214,52.067558,2877,371
220707,SAN MARTIN,PICOTA,SAN HILARION,0.536902,5,1053.485173,75.291253,6.688694,58.010945,5119,372
140117,LAMBAYEQUE,CHICLAYO,PATAPO,0.536899,5,796.00362,81.147912,7.829747,67.583506,23182,373
110504,ICA,PISCO,INDEPENDENCIA,0.536858,5,830.472111,74.612722,8.406929,72.268255,14789,374
110302,ICA,NASCA,CHANGUILLO,0.535656,5,893.955063,79.754274,7.482468,58.375209,1152,375
130705,LA LIBERTAD,PACASMAYO,SAN JOSE,0.535112,4,839.061396,83.238614,6.87565,65.523892,12592,376
230105,TACNA,TACNA,INCLAN,0.535104,4,817.248551,74.478725,8.396238,73.795538,6518,377
220701,SAN MARTIN,PICOTA,PICOTA,0.534837,4,1023.366911,74.722094,7.73046,50.761128,8873,378
150906,LIMA,OYON,PACHANGARA,0.534835,4,774.659755,83.408054,8.191496,60.943782,3020,379
040310,AREQUIPA,CARAVELI,JAQUI,0.534558,4,921.83589,81.054851,8.158202,46.126295,908,380
130205,LA LIBERTAD,ASCOPE,PAIJAN,0.534507,4,867.280359,76.796738,7.835495,64.578873,27037,381
190301,PASCO,OXAPAMPA,OXAPAMPA,0.534194,4,942.090295,69.426677,9.054664,61.265372,15116,382
150610,LIMA,HUARAL,SANTA CRUZ DE ANDAMARCA,0.533854,4,712.900475,79.377036,9.824264,65.946116,1195,383
110205,ICA,CHINCHA,EL CARMEN,0.533712,4,816.791786,79.336599,8.261682,61.568045,13864,384
230106,TACNA,TACNA,PACHIA,0.533543,4,768.945861,76.022301,8.800661,72.988495,1746,385
050614,AYACUCHO,LUCANAS,SAISA,0.532927,4,1010.893243,63.878298,8.556328,73.164737,874,386
140107,LAMBAYEQUE,CHICLAYO,LAGUNAS,0.532831,4,787.130641,80.145577,7.779461,69.102464,10222,387
040519,AREQUIPA,CAYLLOMA,YANQUE,0.532576,4,964.611684,81.349517,6.867251,50.975232,2104,388
210801,PUNO,MELGAR,AYAVIRI,0.532461,4,793.371679,72.399878,8.98148,76.281729,21194,389
151030,LIMA,YAUYOS,TOMAS,0.532313,4,801.021152,71.367697,11.170357,59.78021,882,390
020507,ANCASH,BOLOGNESI,COLQUIOC,0.531955,4,879.484263,71.038282,8.314598,71.476855,3659,391
021405,ANCASH,OCROS,COCHAS,0.531798,4,934.151204,80.246635,6.947208,55.316764,1584,392
150602,LIMA,HUARAL,ATAVILLOS ALTO,0.531689,4,875.772643,77.002058,7.190704,68.096533,281,393
021202,ANCASH,HUAYLAS,HUALLANCA,0.530765,4,945.800358,77.340065,7.775069,51.142558,469,394
170104,MADRE DE DIOS,TAMBOPATA,LABERINTO,0.530688,4,928.483313,75.214556,7.418086,61.353505,4575,395
050104,AYACUCHO,HUAMANGA,CARMEN ALTO,0.530512,4,806.746945,73.766821,8.941396,68.456517,27606,396
120804,JUNIN,YAULI,MARCAPOMACOCHA,0.530257,4,959.114115,77.372931,7.851958,48.705997,1047,397
200602,PIURA,SULLANA,BELLAVISTA,0.530029,4,710.70606,80.792182,8.853977,68.695204,39349,398
160112,LORETO,MAYNAS,BELEN,0.529795,4,973.595674,72.414456,8.289282,53.443918,73192,399
220101,SAN MARTIN,MOYOBAMBA,MOYOBAMBA,0.52948,4,952.984823,72.467133,7.757162,60.509826,86435,400
060502,CAJAMARCA,CONTUMAZA,CHILETE,0.52945,4,946.423181,73.660482,7.944989,56.605976,2246,401
120134,JUNIN,HUANCAYO,SICAYA,0.528564,4,804.614619,73.425012,8.4809,72.994021,13113,402
021901,ANCASH,SIHUAS,SIHUAS,0.528514,4,861.472049,75.339972,9.078155,53.73559,5381,403
200607,PIURA,SULLANA,QUERECOTILLO,0.527881,4,805.190154,80.298463,7.149213,69.267522,25662,404
221001,SAN MARTIN,TOCACHE,TOCACHE,0.527627,4,1027.108167,69.196655,7.764213,58.443792,20620,405
080103,CUSCO,CUSCO,POROY,0.527441,4,853.75784,73.004252,7.81664,71.952312,6254,406
130403,LA LIBERTAD,CHEPEN,PUEBLO NUEVO,0.526986,4,860.926733,78.694998,7.105658,63.757098,14506,407
140115,LAMBAYEQUE,CHICLAYO,SAÑA,0.526977,4,777.524505,80.685742,7.841573,64.404656,9738,408
080601,CUSCO,CANCHIS,SICUANI,0.526564,4,746.736113,76.320215,8.636399,72.592408,59032,409
220206,SAN MARTIN,BELLAVISTA,SAN RAFAEL,0.526107,4,1209.72773,71.603381,6.146489,50.561499,7567,410
090601,HUANCAVELICA,HUAYTARA,HUAYTARA,0.525859,4,891.28326,73.821565,8.902807,52.912022,2062,411
170103,MADRE DE DIOS,TAMBOPATA,LAS PIEDRAS,0.525748,4,894.682358,74.038237,8.141897,58.200487,9163,412
110506,ICA,PISCO,SAN ANDRES,0.525712,4,731.590353,76.76263,9.628928,64.420319,12642,413
061309,CAJAMARCA,SANTA CRUZ,SEXI,0.525203,4,769.859852,75.634722,7.158619,87.867269,503,414
020803,ANCASH,CASMA,COMANDANTE NOEL,0.525175,4,935.819648,77.14627,7.010859,56.678455,1908,415
040516,AREQUIPA,CAYLLOMA,TAPAY,0.525085,4,953.004196,78.952688,7.15939,49.518797,588,416
040412,AREQUIPA,CASTILLA,UÑON,0.524857,4,783.093933,74.920103,8.861725,65.932182,367,417
010601,AMAZONAS,RODRIGUEZ DE MENDOZA,SAN NICOLAS,0.524841,4,973.558105,73.637572,7.803145,51.897325,5986,418
230104,TACNA,TACNA,CIUDAD NUEVA,0.524735,4,693.961363,77.188483,9.056869,75.55179,37524,419
211105,PUNO,SAN ROMAN,SAN MIGUEL,0.522568,4,728.664322,73.875686,8.745563,79.229999,65445,420
021103,ANCASH,HUARMEY,CULEBRAS,0.522405,4,920.50074,78.102842,7.157422,53.296504,3657,421
150603,LIMA,HUARAL,ATAVILLOS BAJO,0.522331,4,725.420709,80.651084,8.693712,61.982602,776,422
120906,JUNIN,CHUPACA,SAN JUAN DE ISCOS,0.522327,4,765.782438,73.452943,8.414793,76.058146,1967,423
200606,PIURA,SULLANA,MIGUEL CHECA,0.521489,4,828.509275,81.300001,6.638649,64.692178,9424,424
230107,TACNA,TACNA,PALCA,0.52006,4,784.01202,75.481288,8.89312,60.599438,1892,425
230404,TACNA,TARATA,ESTIQUE-PAMPA,0.519754,4,598.392602,82.214492,8.339182,90.126832,529,426
080107,CUSCO,CUSCO,SAYLLA,0.519685,4,727.116236,77.879334,8.375865,69.467591,6457,427
050801,AYACUCHO,PAUCAR DEL SARA SARA,PAUSA,0.519542,4,820.313317,75.495422,8.456507,58.359282,2875,428
040106,AREQUIPA,AREQUIPA,CHIGUATA,0.519086,4,714.559468,79.39284,7.936019,72.482552,3114,429
150732,LIMA,HUAROCHIRI,SURCO,0.518585,4,786.398581,70.777751,8.623345,74.833763,1712,430
040203,AREQUIPA,CAMANA,MARIANO NICOLAS VALCARCEL,0.518391,4,674.421445,82.843828,8.692387,63.930607,7967,431
180208,MOQUEGUA,GENERAL SANCHEZ CERRO,PUQUINA,0.51831,4,775.638194,77.375831,7.472371,70.554387,2123,432
220201,SAN MARTIN,BELLAVISTA,BELLAVISTA,0.51781,4,1033.061103,69.021459,7.591749,53.5542,12833,433
220912,SAN MARTIN,SAN MARTIN,SAN ANTONIO,0.5169,4,980.5783,73.680109,6.812251,55.786944,1384,434
120412,JUNIN,JAUJA,JULCAN,0.5168,4,806.636081,71.504677,8.436658,69.245624,600,435
120215,JUNIN,CONCEPCION,SANTA ROSA DE OCOPA,0.516636,4,853.671659,71.325618,7.844207,67.940537,1892,436
090603,HUANCAVELICA,HUAYTARA,CORDOVA,0.516413,4,1094.346898,66.651879,7.170752,56.341505,2311,437
220903,SAN MARTIN,SAN MARTIN,CACATACHI,0.51617,4,830.960006,74.048555,7.496102,67.665533,3606,438
010303,AMAZONAS,BONGARA,CHURUJA,0.515914,4,950.346361,64.384458,7.398539,80.499089,245,439
020501,ANCASH,BOLOGNESI,CHIQUIAN,0.515532,4,836.747527,71.444407,8.931625,58.96969,3451,440
151033,LIMA,YAUYOS,VITIS,0.515071,4,665.690659,83.788655,9.054435,58.157218,545,441
120210,JUNIN,CONCEPCION,MATAHUASI,0.51501,4,838.172719,70.89081,8.807737,60.879812,5279,442
220102,SAN MARTIN,MOYOBAMBA,CALZADA,0.514788,4,1011.292918,74.708827,6.543161,51.748904,4268,443
120424,JUNIN,JAUJA,PANCAN,0.514194,4,841.060493,68.29188,8.130468,74.473923,1184,444
040311,AREQUIPA,CARAVELI,LOMAS,0.514029,4,697.806463,82.118979,9.200694,54.018851,1478,445
200605,PIURA,SULLANA,MARCAVELICA,0.51376,4,809.633988,78.786888,7.013678,63.109834,30644,446
050703,AYACUCHO,PARINACOCHAS,CORONEL CASTAÑEDA,0.513623,4,1088.172863,62.056814,9.198175,50.609551,2090,447
120705,JUNIN,TARMA,LA UNION,0.513566,4,720.397926,76.036269,7.801083,77.611858,2744,448
200502,PIURA,PAITA,AMOTAPE,0.513413,4,798.250683,80.421014,6.848579,62.975396,2286,449
120413,JUNIN,JAUJA,LEONOR ORDOÑEZ,0.51332,4,751.723402,70.286514,8.695357,78.226768,1410,450
030201,APURIMAC,ANDAHUAYLAS,ANDAHUAYLAS,0.512789,4,698.043985,75.568185,8.476962,75.23807,48362,451
100301,HUANUCO,DOS DE MAYO,LA UNION,0.512274,4,880.544361,65.070157,9.083482,67.140849,6433,452
130402,LA LIBERTAD,CHEPEN,PACANGA,0.511473,4,862.418951,78.606068,6.422343,61.153108,24701,453
010307,AMAZONAS,BONGARA,JAZAN,0.511258,4,919.430505,71.692879,7.440274,57.668274,8515,454
140201,LAMBAYEQUE,FERREÑAFE,FERREÑAFE,0.511085,4,787.417958,68.871914,9.535932,65.671579,35705,455
220406,SAN MARTIN,HUALLAGA,TINGO DE SAPOSOA,0.510924,4,805.603975,79.074347,7.337577,57.464548,646,456
120420,JUNIN,JAUJA,MUQUI,0.510372,4,780.341928,73.881558,8.771793,59.32016,943,457
140103,LAMBAYEQUE,CHICLAYO,ETEN,0.510316,4,657.101484,84.332833,7.614255,69.255076,10873,458
120117,JUNIN,HUANCAYO,HUALHUAS,0.51031,4,712.461255,71.524408,9.092332,75.723888,5267,459
140119,LAMBAYEQUE,CHICLAYO,PUCALA,0.509982,4,640.403817,80.927725,8.599719,70.100388,9540,460
150704,LIMA,HUAROCHIRI,CARAMPOMA,0.509911,4,712.528642,76.163484,7.568213,78.772382,1374,461
010704,AMAZONAS,UTCUBAMBA,EL MILAGRO,0.509728,4,1076.127823,72.291255,6.170758,51.419825,5660,462
090309,HUANCAVELICA,ANGARAES,JULCAMARCA,0.509657,4,710.414126,72.659201,8.305182,80.760943,1885,463
120211,JUNIN,CONCEPCION,MITO,0.509432,4,781.489885,69.800462,8.906553,68.308144,1270,464
010701,AMAZONAS,UTCUBAMBA,BAGUA GRANDE,0.509394,4,883.723553,71.57903,6.917166,67.858721,50553,465
060808,CAJAMARCA,JAEN,PUCARA,0.508906,4,903.534762,75.495939,6.743539,56.744923,6986,466
090509,HUANCAVELICA,CHURCAMPA,SAN PEDRO DE CORIS,0.507785,4,978.425206,66.14726,7.012217,67.792603,2110,467
030401,APURIMAC,AYMARAES,CHALHUANCA,0.507622,4,783.237739,68.668088,9.169256,67.551305,5042,468
120428,JUNIN,JAUJA,SAN LORENZO,0.507016,4,762.340865,73.802062,8.358201,63.858479,2559,469
051001,AYACUCHO,VICTOR FAJARDO,HUANCAPI,0.50696,4,718.609573,78.672421,7.775172,65.553482,1586,470
090606,HUANCAVELICA,HUAYTARA,OCOYO,0.506607,4,1215.559779,65.009626,7.248449,43.198963,1960,471
081211,CUSCO,QUISPICANCHI,OROPESA,0.506558,4,844.311783,64.793709,8.358129,77.154174,8658,472
120212,JUNIN,CONCEPCION,NUEVE DE JULIO,0.506475,4,837.602649,71.136466,8.24845,59.296084,1555,473
240304,TUMBES,ZARUMILLA,PAPAYAL,0.506393,4,813.085796,71.096048,7.887329,66.887167,5253,474
140304,LAMBAYEQUE,LAMBAYEQUE,JAYANCA,0.505917,4,777.552301,75.208494,7.516302,65.550879,18530,475
151008,LIMA,YAUYOS,CATAHUASI,0.505882,4,745.501648,80.510322,9.566166,43.09599,901,476
051005,AYACUCHO,VICTOR FAJARDO,CANARIA,0.505707,4,788.918057,73.916809,7.220155,70.476494,4106,477
120601,JUNIN,SATIPO,SATIPO,0.505554,4,816.746575,71.648348,8.33022,59.716611,42934,478
040801,AREQUIPA,LA UNION,COTAHUASI,0.505489,4,756.225312,78.851348,8.961208,47.970321,2826,479
220705,SAN MARTIN,PICOTA,PUCACACA,0.505409,4,885.659352,75.769142,6.797651,55.540054,2472,480
131201,LA LIBERTAD,VIRU,VIRU,0.50514,4,900.900383,77.132854,6.715329,51.520675,67612,481
040402,AREQUIPA,CASTILLA,ANDAGUA,0.504954,4,739.782929,75.517742,7.276301,74.173705,944,482
140110,LAMBAYEQUE,CHICLAYO,OYOTUN,0.504943,4,779.674978,79.350874,6.820894,62.596454,8235,483
250107,UCAYALI,CORONEL PORTILLO,MANANTAY,0.504829,4,844.511954,74.268529,8.086097,51.418945,88654,484
040515,AREQUIPA,CAYLLOMA,SIBAYO,0.504201,4,874.783643,81.003764,6.545462,48.618455,584,485
200802,PIURA,SECHURA,BELLAVISTA DE LA UNION,0.503932,4,735.243092,75.180887,8.232306,64.049624,4640,486
190302,PASCO,OXAPAMPA,CHONTABAMBA,0.503856,4,866.307058,72.287596,7.432952,58.386059,4553,487
200105,PIURA,PIURA,CATACAOS,0.503435,4,731.817669,78.143886,7.69862,62.515858,76221,488
120908,JUNIN,CHUPACA,TRES DE DICIEMBRE,0.503352,4,710.402349,76.441102,8.66177,60.991902,2399,489
160201,LORETO,ALTO AMAZONAS,YURIMAGUAS,0.503318,4,835.287457,73.448017,9.51218,43.557111,80464,490
180211,MOQUEGUA,GENERAL SANCHEZ CERRO,YUNGA,0.503148,4,647.035603,77.986593,8.018429,77.060358,2014,491
200603,PIURA,SULLANA,IGNACIO ESCUDERO,0.50253,4,792.098711,79.018363,6.446953,64.363592,21810,492
151016,LIMA,YAUYOS,HUANTAN,0.502161,4,684.179865,83.819704,8.278256,52.729211,962,493
150608,LIMA,HUARAL,PACARAOS,0.50088,4,788.337171,82.403505,7.649487,44.838478,320,494
220706,SAN MARTIN,PICOTA,SAN CRISTOBAL,0.50047,4,992.891691,76.114607,6.232775,45.929753,1371,495
200503,PIURA,PAITA,ARENAL,0.49947,4,741.74845,82.984865,6.961413,55.635872,950,496
030506,APURIMAC,COTABAMBAS,CHALLHUAHUACHO,0.499164,4,631.002585,75.709627,7.799769,87.673875,13588,497
021201,ANCASH,HUAYLAS,CARAZ,0.498427,4,791.681997,79.231974,7.153983,52.822705,25527,498
190103,PASCO,PASCO,HUARIACA,0.498129,4,640.618234,73.765486,8.867891,76.976898,7859,499
090701,HUANCAVELICA,TAYACAJA,PAMPAS,0.497813,4,646.431859,76.188465,8.220987,75.158491,10082,500
140307,LAMBAYEQUE,LAMBAYEQUE,MOTUPE,0.497467,4,761.290821,75.93908,7.695954,58.335797,28735,501
131202,LA LIBERTAD,VIRU,CHAO,0.49715,4,929.971611,77.797597,6.322207,46.446663,44369,502
200806,PIURA,SECHURA,RINCONADA LLICUAR,0.496957,4,703.695659,74.167863,7.914655,70.786055,3082,503
120503,JUNIN,JUNIN,ONDORES,0.496938,4,799.242583,67.883571,7.695027,73.876764,454,504
200405,PIURA,MORROPON,MORROPON,0.4969,4,741.317648,75.546454,7.004966,70.475881,13757,505
050601,AYACUCHO,LUCANAS,PUQUIO,0.495073,4,730.724609,69.751386,8.507045,70.343162,14074,506
150301,LIMA,CAJATAMBO,CAJATAMBO,0.494912,4,840.931508,70.526062,7.612229,58.335841,1680,507
180105,MOQUEGUA,MARISCAL NIETO,SAN CRISTOBAL,0.493918,4,771.859846,75.261533,6.745139,66.486403,3094,508
190307,PASCO,OXAPAMPA,VILLA RICA,0.493502,4,835.210915,71.169742,7.658019,56.115509,18777,509
040405,AREQUIPA,CASTILLA,CHILCAYMARCA,0.49334,4,797.91588,79.434787,7.050961,49.449137,1305,510
120119,JUNIN,HUANCAYO,HUANCAN,0.492869,4,690.110684,71.448784,8.536672,71.382035,26022,511
120408,JUNIN,JAUJA,HUAMALI,0.492667,4,714.660265,71.261723,8.756732,64.582168,1568,512
040518,AREQUIPA,CAYLLOMA,TUTI,0.491938,4,756.480104,82.50771,6.008008,60.773069,596,513
220703,SAN MARTIN,PICOTA,CASPISAPA,0.491904,4,851.962104,73.9517,6.840488,54.587939,2192,514
040414,AREQUIPA,CASTILLA,VIRACO,0.491623,4,800.122202,75.212939,7.552823,51.646876,1366,515
090508,HUANCAVELICA,CHURCAMPA,SAN MIGUEL DE MAYOCC,0.491312,4,754.319953,76.133982,7.834759,53.511507,1074,516
220103,SAN MARTIN,MOYOBAMBA,HABANA,0.491185,4,990.310998,74.583504,5.776343,48.893215,1879,517
010206,AMAZONAS,BAGUA,LA PECA,0.490584,4,960.8638,71.507116,6.614769,48.505991,6330,518
050116,AYACUCHO,HUAMANGA,ANDRES AVELINO CACERES DORREGARAY,0.489944,4,719.554362,67.47987,8.937907,71.178529,35359,519
010118,AMAZONAS,CHACHAPOYAS,SAN FRANCISCO DE DAGUAS,0.489706,4,831.258826,71.222684,7.490774,55.570564,305,520
010204,AMAZONAS,BAGUA,EL PARCO,0.489049,4,801.145916,74.333058,6.036484,70.215409,1380,521
150902,LIMA,OYON,ANDAJES,0.488913,4,815.373731,82.506176,4.73869,71.684369,775,522
090106,HUANCAVELICA,HUANCAVELICA,HUACHOCOLPA,0.488231,4,965.860218,69.436767,6.587871,51.354507,2303,523
120501,JUNIN,JUNIN,JUNIN,0.488132,4,707.322962,69.772521,8.731602,66.901552,6833,524
180206,MOQUEGUA,GENERAL SANCHEZ CERRO,LLOQUE,0.487905,4,643.896604,82.791694,8.100492,53.708734,1545,525
180207,MOQUEGUA,GENERAL SANCHEZ CERRO,MATALAQUE,0.48763,4,705.350973,79.004719,7.912485,52.129065,921,526
180204,MOQUEGUA,GENERAL SANCHEZ CERRO,ICHUÑA,0.487331,4,610.346181,78.366906,7.90064,72.342376,4190,527
060108,CAJAMARCA,CAJAMARCA,LOS BAÑOS DEL INCA,0.487318,4,776.43199,74.240966,6.624839,64.687788,48281,528
120121,JUNIN,HUANCAYO,HUAYUCACHI,0.486901,4,675.919212,71.277586,8.427567,70.984628,9078,529
021409,ANCASH,OCROS,SAN PEDRO,0.486844,4,637.014733,78.183401,7.608332,69.461492,1631,530
131203,LA LIBERTAD,VIRU,GUADALUPITO,0.486799,4,840.578823,77.582553,6.150547,52.951481,9839,531
200506,PIURA,PAITA,TAMARINDO,0.486528,4,762.259287,81.019801,6.033438,58.629437,4811,532
200801,PIURA,SECHURA,SECHURA,0.486072,4,781.821844,72.15815,7.507596,57.86688,48691,533
010501,AMAZONAS,LUYA,LAMUD,0.485915,4,811.135646,71.714044,7.754207,52.238888,2028,534
020802,ANCASH,CASMA,BUENA VISTA ALTA,0.485047,4,898.187286,80.992543,5.604524,45.515505,4604,535
100208,HUANUCO,AMBO,TOMAY KICHWA,0.485016,4,742.075472,73.056054,7.414682,62.374913,2191,536
040411,AREQUIPA,CASTILLA,TIPAN,0.485008,4,632.208457,78.281177,7.856513,65.932182,412,537
120402,JUNIN,JAUJA,ACOLLA,0.484661,4,740.789976,71.7097,7.681609,62.978405,5696,538
021407,ANCASH,OCROS,LLIPA,0.48453,4,549.149824,81.805829,6.935702,91.744878,1332,539
050619,AYACUCHO,LUCANAS,SANCOS,0.484297,4,796.295548,68.783446,7.956802,58.588397,7033,540
120108,JUNIN,HUANCAYO,CHONGOS ALTO,0.483322,4,723.884948,75.243823,6.526658,69.925156,1136,541
140206,LAMBAYEQUE,FERREÑAFE,PUEBLO NUEVO,0.483069,4,693.477079,70.96445,8.449211,64.801448,13710,542
140109,LAMBAYEQUE,CHICLAYO,NUEVA ARICA,0.482887,4,677.085962,81.924595,7.420303,52.450868,2321,543
010607,AMAZONAS,RODRIGUEZ DE MENDOZA,MARISCAL BENAVIDES,0.482819,4,866.135997,73.004352,6.391833,53.831695,1369,544
050616,AYACUCHO,LUCANAS,SAN JUAN,0.48257,4,706.319142,65.80879,8.388994,79.323385,1461,545
060802,CAJAMARCA,JAEN,BELLAVISTA,0.482353,4,905.991171,74.68609,5.880567,51.191078,13072,546
240302,TUMBES,ZARUMILLA,AGUAS VERDES,0.480955,4,729.161341,73.071762,7.343272,62.285127,22758,547
220501,SAN MARTIN,LAMAS,LAMAS,0.480507,4,828.003503,70.904762,7.073505,54.70875,12433,548
220809,SAN MARTIN,RIOJA,YURACYACU,0.479728,4,890.184036,73.576251,6.376549,47.939021,3398,549
030216,APURIMAC,ANDAHUAYLAS,TALAVERA,0.479313,4,658.761072,75.371616,7.118817,71.732193,17232,550
230401,TACNA,TARATA,TARATA,0.479144,4,567.944259,77.102696,8.14464,76.83021,3240,551
220804,SAN MARTIN,RIOJA,NUEVA CAJAMARCA,0.478976,4,847.291095,73.437782,6.28528,54.016353,47553,552
021401,ANCASH,OCROS,OCROS,0.47785,4,682.247685,78.54078,7.690764,52.274475,855,553
120432,JUNIN,JAUJA,TUNAN MARCA,0.477757,4,645.287425,75.00045,7.130196,74.423261,957,554
080910,CUSCO,LA CONVENCION,PICHARI,0.477639,4,715.563833,75.769881,7.386781,55.297962,22179,555
140303,LAMBAYEQUE,LAMBAYEQUE,ILLIMO,0.477044,4,622.172151,76.111275,7.591924,70.175585,8932,556
090710,HUANCAVELICA,TAYACAJA,ÑAHUIMPUQUIO,0.476906,4,956.659389,73.058644,4.859243,60.887088,1221,557
120425,JUNIN,JAUJA,PARCO,0.476617,4,677.428542,69.189588,7.97487,73.168936,918,558
120414,JUNIN,JAUJA,LLOCLLAPAMPA,0.476508,4,736.657493,68.665278,7.78927,64.676495,846,559
120133,JUNIN,HUANCAYO,SAPALLANGA,0.475997,4,654.677095,72.235256,7.73435,71.058481,16344,560
120132,JUNIN,HUANCAYO,SAÑO,0.475958,4,697.904534,71.174203,6.902458,75.535979,4751,561
050805,AYACUCHO,PAUCAR DEL SARA SARA,MARCABAMBA,0.475851,4,718.758035,73.173867,7.424921,59.088773,663,562
101007,HUANUCO,LAURICOCHA,SAN MIGUEL DE CAURI,0.47583,4,803.381811,69.511223,7.851299,50.932147,8238,563
040114,AREQUIPA,AREQUIPA,POLOBAYA,0.475356,4,706.921232,76.01313,7.981481,49.345466,1161,564
250301,UCAYALI,PADRE ABAD,PADRE ABAD,0.475207,4,761.163286,77.151226,7.086752,47.177338,23645,565
150702,LIMA,HUAROCHIRI,ANTIOQUIA,0.474992,4,818.591519,71.831715,5.88923,64.779919,1176,566
010302,AMAZONAS,BONGARA,CHISQUILLA,0.474975,4,797.751145,71.541898,5.450851,77.517641,283,567
081303,CUSCO,URUBAMBA,HUAYLLABAMBA,0.474684,4,561.598916,74.7627,8.225739,80.530648,5389,568
021408,ANCASH,OCROS,SAN CRISTOBAL DE RAJAN,0.474611,4,692.173705,80.48521,6.441984,57.521537,567,569
150607,LIMA,HUARAL,LAMPIAN,0.474146,4,565.420418,81.375768,6.91312,77.19445,243,570
150305,LIMA,CAJATAMBO,MANAS,0.474126,4,734.726678,69.894912,7.868844,58.915788,899,571
140108,LAMBAYEQUE,CHICLAYO,MONSEFU,0.474112,4,585.935671,82.204136,7.357156,63.914829,32072,572
010112,AMAZONAS,CHACHAPOYAS,MAGDALENA,0.47377,4,848.55239,71.622414,6.384657,53.255124,687,573
120902,JUNIN,CHUPACA,AHUAC,0.473665,4,661.451459,70.86243,8.058978,67.898062,5463,574
120127,JUNIN,HUANCAYO,QUICHUAY,0.473028,4,711.360828,73.205995,6.435694,70.610923,1571,575
151014,LIMA,YAUYOS,HUANCAYA,0.472777,4,413.234032,84.222796,10.290424,81.420105,1166,576
140312,LAMBAYEQUE,LAMBAYEQUE,TUCUME,0.47267,4,681.432685,75.809209,6.724942,65.198819,22675,577
090605,HUANCAVELICA,HUAYTARA,LARAMARCA,0.472349,4,667.234934,71.628704,7.745783,66.762034,658,578
160804,LORETO,PUTUMAYO,YAGUAS,0.472306,4,1181.878633,76.628272,5.408872,27.251144,1091,579
040509,AREQUIPA,CAYLLOMA,ICHUPAMPA,0.47152,4,680.144489,78.211094,5.494598,78.404761,568,580
180210,MOQUEGUA,GENERAL SANCHEZ CERRO,UBINAS,0.470979,4,641.465169,79.593742,6.903915,60.594469,2451,581
080903,CUSCO,LA CONVENCION,HUAYOPATA,0.470694,4,653.417532,76.794062,7.141255,61.644246,3283,582
021001,ANCASH,HUARI,HUARI,0.470602,4,695.843641,75.173382,7.93194,50.050191,9915,583
140308,LAMBAYEQUE,LAMBAYEQUE,OLMOS,0.470309,4,742.49898,74.911765,6.365443,59.045224,44335,584
060401,CAJAMARCA,CHOTA,CHOTA,0.470088,4,756.997154,72.660814,6.163018,64.880835,46091,585
210709,PUNO,LAMPA,SANTA LUCIA,0.46986,4,610.391633,78.422899,6.991928,68.127865,6939,586
061301,CAJAMARCA,SANTA CRUZ,SANTA CRUZ,0.469791,4,713.668006,71.895095,7.254681,60.438561,11722,587
040504,AREQUIPA,CAYLLOMA,CALLALLI,0.46977,4,746.030997,81.279823,5.826975,51.769651,1374,588
021402,ANCASH,OCROS,ACAS,0.46914,4,514.411598,81.268993,8.07457,72.527156,991,589
020907,ANCASH,CORONGO,YUPAN,0.469109,4,800.537122,74.094735,8.079575,37.319231,983,590
200110,PIURA,PIURA,LA UNION,0.468774,4,672.800358,76.402598,6.714528,62.399997,43346,591
021012,ANCASH,HUARI,RAHUAPAMPA,0.468768,4,677.531455,75.77956,8.576283,45.689488,775,592
040506,AREQUIPA,CAYLLOMA,COPORAQUE,0.468747,4,699.684959,77.734119,6.734476,54.349899,1371,593
130809,LA LIBERTAD,PATAZ,PATAZ,0.468629,4,878.265232,72.393478,6.687777,42.142852,9440,594
040119,AREQUIPA,AREQUIPA,SAN JUAN DE TARUCANI,0.468528,4,617.471591,81.837469,6.037752,70.743058,1752,595
120433,JUNIN,JAUJA,YAULI,0.467765,4,692.036309,68.554271,7.474379,70.021885,897,596
010203,AMAZONAS,BAGUA,COPALLIN,0.467245,4,859.41873,74.219152,5.534054,52.571361,4605,597
080708,CUSCO,CHUMBIVILCAS,VELILLE,0.467026,4,760.931663,65.523771,7.074467,70.612732,9066,598
020602,ANCASH,CARHUAZ,ACOPAMPA,0.466981,4,608.649905,79.267336,6.514446,70.504526,2517,599
211210,PUNO,SANDIA,SAN PEDRO DE PUTINA PUNCO,0.466905,4,578.191303,79.349655,7.152805,68.978475,11371,600
050901,AYACUCHO,SUCRE,QUEROBAMBA,0.466643,4,698.206905,72.787908,7.654943,54.534792,2556,601
120208,JUNIN,CONCEPCION,MANZANARES,0.466591,4,538.459761,75.079986,8.904987,70.960888,1293,602
200504,PIURA,PAITA,COLAN,0.466561,4,653.30144,82.144677,6.549253,54.037885,13499,603
061108,CAJAMARCA,SAN MIGUEL,NANCHOC,0.466464,4,777.775021,75.485836,6.566856,47.73596,1374,604
120903,JUNIN,CHUPACA,CHONGOS BAJO,0.465817,4,627.366552,71.989947,8.017015,65.878647,3892,605
021702,ANCASH,RECUAY,CATAC,0.46548,4,613.215157,71.108003,8.000202,71.695695,3873,606
200401,PIURA,MORROPON,CHULUCANAS,0.465375,4,701.908826,74.196667,6.596218,61.113714,75914,607
210706,PUNO,LAMPA,PALCA,0.465326,4,566.861795,79.128573,7.353746,68.506619,1923,608
021701,ANCASH,RECUAY,RECUAY,0.464622,4,657.063195,69.282327,7.720871,69.551916,3960,609
021410,ANCASH,OCROS,SANTIAGO DE CHILCAS,0.464425,4,669.443886,80.408698,6.430094,54.473521,390,610
040403,AREQUIPA,CASTILLA,AYO,0.464133,4,789.160541,72.565485,7.899842,39.559309,320,611
210707,PUNO,LAMPA,PARATIA,0.463608,4,564.917345,79.978947,7.139758,68.045386,7278,612
220709,SAN MARTIN,PICOTA,TINGO DE PONASA,0.463327,4,828.868917,77.915953,5.723771,44.378937,4821,613
040508,AREQUIPA,CAYLLOMA,HUANCA,0.463322,4,668.769157,77.531365,6.210723,62.85078,951,614
120410,JUNIN,JAUJA,HUERTAS,0.463146,4,617.812691,70.338386,8.633217,64.256688,1705,615
211207,PUNO,SANDIA,SAN JUAN DEL ORO,0.462952,4,570.165525,73.614406,7.774248,75.622876,7846,616
081201,CUSCO,QUISPICANCHI,URCOS,0.462918,4,719.102371,65.566579,7.251715,72.801394,7986,617
150612,LIMA,HUARAL,VEINTISIETE DE NOVIEMBRE,0.462771,4,753.631902,79.246675,6.051011,47.22484,280,618
120128,JUNIN,HUANCAYO,QUILCAS,0.462722,4,653.758343,71.382472,7.246178,67.9676,4151,619
060301,CAJAMARCA,CELENDIN,CELENDIN,0.462643,4,697.178026,68.553065,7.360221,65.85969,29011,620
050603,AYACUCHO,LUCANAS,CABANA,0.462482,4,574.125807,71.886796,8.193482,74.400505,4068,621
120403,JUNIN,JAUJA,APATA,0.461935,4,674.40732,69.780541,6.895745,72.238772,3234,622
030213,APURIMAC,ANDAHUAYLAS,SAN JERONIMO,0.461901,4,577.059207,78.591683,6.822215,71.176219,27075,623
020905,ANCASH,CORONGO,LA PAMPA,0.461737,4,751.687361,72.544878,6.925729,50.579177,817,624
200402,PIURA,MORROPON,BUENOS AIRES,0.461171,4,701.659112,75.102498,6.354219,58.81052,7773,625
050610,AYACUCHO,LUCANAS,LLAUTA,0.460853,4,732.976327,66.836266,7.098432,65.866739,804,626
140309,LAMBAYEQUE,LAMBAYEQUE,PACORA,0.460806,4,651.78344,75.075254,7.368277,55.988543,7702,627
021710,ANCASH,RECUAY,TICAPAMPA,0.460804,4,625.340485,70.022616,7.842516,69.668617,2189,628
020506,ANCASH,BOLOGNESI,CANIS,0.460564,4,580.354123,71.366148,8.120461,73.359423,1002,629
210309,PUNO,CARABAYA,SAN GABAN,0.460549,4,704.796776,64.713029,7.395117,74.871351,5358,630
020804,ANCASH,CASMA,YAUTAN,0.460431,4,695.726022,79.999245,6.100264,52.114607,8572,631
040517,AREQUIPA,CAYLLOMA,TISCO,0.460394,4,672.199185,85.0,5.753502,51.18797,1158,632
200114,PIURA,PIURA,TAMBO GRANDE,0.459858,4,729.672083,80.722021,5.653891,50.868865,125430,633
020201,ANCASH,AIJA,AIJA,0.458816,4,699.804467,63.316646,8.836072,63.469151,1790,634
020610,ANCASH,CARHUAZ,TINCO,0.458798,4,554.08085,78.553578,6.79823,75.004901,3285,635
150708,LIMA,HUAROCHIRI,HUANZA,0.458454,4,541.036741,75.280441,8.684871,64.705885,2257,636
040312,AREQUIPA,CARAVELI,QUICACHA,0.458186,4,677.654611,84.055316,7.023671,38.196593,1907,637
150712,LIMA,HUAROCHIRI,LARAOS,0.457538,4,531.418429,78.338724,10.055729,49.232739,1910,638
080401,CUSCO,CALCA,CALCA,0.456296,4,649.104522,70.991441,7.768452,58.884867,23833,639
081203,CUSCO,QUISPICANCHI,CAMANTI,0.456269,4,858.410439,57.228144,7.857171,65.702088,2072,640
050705,AYACUCHO,PARINACOCHAS,PULLO,0.455997,4,830.473735,60.404133,7.11779,66.207676,5972,641
040605,AREQUIPA,CONDESUYOS,IRAY,0.455971,4,654.293943,75.499091,7.741737,48.036618,580,642
140114,LAMBAYEQUE,CHICLAYO,SANTA ROSA,0.455945,4,558.493912,79.056299,7.078348,66.021261,13004,643
250304,UCAYALI,PADRE ABAD,NESHUYA,0.455819,4,697.907476,82.510539,5.977568,45.883427,7288,644
160801,LORETO,PUTUMAYO,PUTUMAYO,0.455787,4,826.392667,75.819172,6.732779,34.903407,2611,645
120406,JUNIN,JAUJA,CURICACA,0.454564,4,737.237129,68.734448,7.076811,55.056709,1425,646
150719,LIMA,HUAROCHIRI,SAN JUAN DE IRIS,0.454192,4,499.539107,72.030825,8.927997,80.146319,1568,647
140111,LAMBAYEQUE,CHICLAYO,PICSI,0.453863,4,507.282971,80.945201,8.047509,62.24925,10879,648
120423,JUNIN,JAUJA,PACCHA,0.453776,4,667.773054,70.051218,6.899167,65.443531,1268,649
160601,LORETO,UCAYALI,CONTAMANA,0.453418,4,719.659983,68.375745,8.045093,49.004588,27277,650
020505,ANCASH,BOLOGNESI,CAJACAY,0.453116,4,691.804531,69.606971,7.129251,58.767277,1595,651
140305,LAMBAYEQUE,LAMBAYEQUE,MOCHUMI,0.453061,4,623.885696,76.602037,6.835929,57.7681,18730,652
020508,ANCASH,BOLOGNESI,HUALLANCA,0.452876,4,795.01672,69.403855,7.286328,42.887819,7349,653
060703,CAJAMARCA,HUALGAYOC,HUALGAYOC,0.452649,4,710.030534,79.171322,5.161528,59.439107,15626,654
010702,AMAZONAS,UTCUBAMBA,CAJARURO,0.45171,4,870.082331,71.532891,4.909133,56.203445,24817,655
120502,JUNIN,JUNIN,CARHUAMAYO,0.451502,4,617.113302,71.4197,7.581271,62.33622,6161,656
010301,AMAZONAS,BONGARA,JUMBILLA,0.451394,4,759.009687,70.168582,7.620913,42.20926,1509,657
040503,AREQUIPA,CAYLLOMA,CABANACONDE,0.451223,4,562.2933,76.026146,7.284938,66.025062,2045,658
130110,LA LIBERTAD,TRUJILLO,SIMBAL,0.451137,4,681.437172,77.590107,5.940437,54.722555,4289,659
180203,MOQUEGUA,GENERAL SANCHEZ CERRO,COALAQUE,0.450657,4,533.720006,79.529108,7.231121,64.780271,826,660
221002,SAN MARTIN,TOCACHE,NUEVO PROGRESO,0.450571,4,774.589832,69.546571,6.102777,55.647515,11818,661
120303,JUNIN,CHANCHAMAYO,PICHANAQUI,0.45047,4,612.169644,78.211096,6.956855,53.361276,61517,662
220405,SAN MARTIN,HUALLAGA,SACANCHE,0.450292,4,749.04117,78.092663,6.301912,40.019953,2247,663
160501,LORETO,REQUENA,REQUENA,0.45008,4,643.296912,73.551778,8.533312,43.963489,30040,664
040514,AREQUIPA,CAYLLOMA,SAN ANTONIO DE CHUCA,0.449822,4,620.658468,81.633363,5.774686,58.848425,1359,665
120112,JUNIN,HUANCAYO,COLCA,0.449673,4,754.688252,71.86157,6.295893,50.218975,1458,666
020112,ANCASH,HUARAZ,TARICA,0.449484,4,641.782521,76.58175,6.12603,60.44533,6290,667
090201,HUANCAVELICA,ACOBAMBA,ACOBAMBA,0.44941,4,590.169156,75.139994,7.097958,62.33788,9622,668
140204,LAMBAYEQUE,FERREÑAFE,MANUEL ANTONIO MESONES MURO,0.449392,4,683.138535,70.5401,6.659012,60.437603,3598,669
050401,AYACUCHO,HUANTA,HUANTA,0.449341,4,554.528815,74.144342,7.465487,69.22697,45976,670
100604,HUANUCO,LEONCIO PRADO,JOSE CRESPO Y CASTILLO,0.448898,4,716.252056,72.322332,6.808039,48.830993,32955,671
050905,AYACUCHO,SUCRE,HUACAÑA,0.448875,4,655.875628,73.881523,5.981925,65.963388,543,672
220807,SAN MARTIN,RIOJA,SAN FERNANDO,0.44855,4,799.515964,74.498107,5.620092,46.244993,2965,673
021301,ANCASH,MARISCAL LUZURIAGA,PISCOBAMBA,0.448252,4,644.174013,69.452926,7.976641,55.631432,3252,674
130108,LA LIBERTAD,TRUJILLO,POROTO,0.447986,4,655.291838,78.236887,6.220726,52.083759,2524,675
081202,CUSCO,QUISPICANCHI,ANDAHUAYLILLAS,0.447968,4,698.330907,63.308821,7.580798,67.24479,5653,676
090413,HUANCAVELICA,CASTROVIRREYNA,TICRAPO,0.447935,4,705.437717,68.901664,7.89534,47.516048,1392,677
101004,HUANUCO,LAURICOCHA,QUEROPALCA,0.447781,4,599.532307,71.484679,8.565457,53.743337,2484,678
010115,AMAZONAS,CHACHAPOYAS,MONTEVIDEO,0.447631,4,737.662341,71.259491,7.351333,42.604099,374,679
081208,CUSCO,QUISPICANCHI,LUCRE,0.447547,4,772.358632,60.131655,7.651721,63.565219,4268,680
150406,LIMA,CANTA,SAN BUENAVENTURA,0.446731,4,490.372793,76.02901,8.478891,68.458283,533,681
080301,CUSCO,ANTA,ANTA,0.446163,4,534.399353,73.215027,7.637017,72.399283,18329,682
010113,AMAZONAS,CHACHAPOYAS,MARISCAL CASTILLA,0.446101,4,752.318104,69.295109,6.624356,50.263263,1004,683
200111,PIURA,PIURA,LAS LOMAS,0.446036,4,689.778945,78.781386,5.992154,47.049252,25138,684
210701,PUNO,LAMPA,LAMPA,0.445175,4,577.317346,70.988691,7.6347,66.616084,10294,685
120122,JUNIN,HUANCAYO,INGENIO,0.445106,4,655.907381,72.90993,6.160521,62.598537,2246,686
221003,SAN MARTIN,TOCACHE,POLVORA,0.444273,4,784.525279,68.427603,5.92038,54.711991,13581,687
120422,JUNIN,JAUJA,PACA,0.444032,4,589.141461,72.700634,6.445356,73.349848,759,688
081306,CUSCO,URUBAMBA,OLLANTAYTAMBO,0.443691,4,607.596361,73.23232,6.347812,68.317599,11277,689
220808,SAN MARTIN,RIOJA,YORONGOS,0.443437,4,786.259794,72.501262,5.37114,51.930148,3078,690
151015,LIMA,YAUYOS,HUANGASCAR,0.443344,4,552.888007,73.328766,8.226568,58.588012,547,691
100704,HUANUCO,MARAÑON,LA MORADA,0.44317,4,790.538084,69.691774,5.74232,52.350971,2817,692
050621,AYACUCHO,LUCANAS,SANTA LUCIA,0.442814,4,722.374483,64.380291,7.28404,58.278405,889,693
040113,AREQUIPA,AREQUIPA,POCSI,0.442697,4,520.597509,76.598064,7.250893,68.324491,427,694
151026,LIMA,YAUYOS,SAN JOAQUIN,0.441891,4,361.039437,84.218113,9.120827,84.743374,354,695
020601,ANCASH,CARHUAZ,CARHUAZ,0.441798,4,601.90273,76.313927,5.973554,65.399262,15833,696
200803,PIURA,SECHURA,BERNAL,0.441738,4,625.163051,72.777522,7.113445,54.631874,7035,697
250305,UCAYALI,PADRE ABAD,ALEXANDER VON HUMBOLDT,0.441129,4,662.652379,83.85372,5.690064,43.119697,4930,698
100201,HUANUCO,AMBO,AMBO,0.440957,4,637.400457,71.993869,6.367924,62.37771,18842,699
061106,CAJAMARCA,SAN MIGUEL,LA FLORIDA,0.4407,4,690.852757,74.898735,6.196809,48.322917,1760,700
120213,JUNIN,CONCEPCION,ORCOTUNA,0.440693,4,507.286572,77.241995,7.529687,65.231584,4404,701
220401,SAN MARTIN,HUALLAGA,SAPOSOA,0.440564,4,674.076543,75.182162,6.602211,45.987019,11145,702
240202,TUMBES,CONTRALMIRANTE VILLAR,CASITAS,0.439931,4,639.577695,72.679791,7.002022,52.093755,2030,703
060901,CAJAMARCA,SAN IGNACIO,SAN IGNACIO,0.439181,4,610.208576,75.541743,6.489423,56.236342,37112,704
211103,PUNO,SAN ROMAN,CABANILLAS,0.438777,4,506.640767,74.080269,7.48725,72.735718,4885,705
150709,LIMA,HUAROCHIRI,HUAROCHIRI,0.438765,4,467.915876,77.762951,8.810076,60.59414,1102,706
060201,CAJAMARCA,CAJABAMBA,CAJABAMBA,0.438436,4,648.08112,76.706224,6.195115,49.954115,31678,707
210201,PUNO,AZANGARO,AZANGARO,0.438409,4,563.541897,66.284084,8.282734,71.452672,28240,708
090108,HUANCAVELICA,HUANCAVELICA,IZCUCHACA,0.43821,4,559.422982,61.45071,8.519664,89.576693,701,709
050613,AYACUCHO,LUCANAS,OTOCA,0.438142,4,752.873152,68.476192,6.262638,50.550182,2471,710
190203,PASCO,DANIEL ALCIDES CARRION,GOYLLARISQUIZGA,0.438059,4,415.423374,74.322639,9.58309,80.101997,3347,711
050301,AYACUCHO,HUANCA SANCOS,SANCOS,0.437809,4,728.107432,72.020355,7.238131,37.871365,3430,712
220806,SAN MARTIN,RIOJA,POSIC,0.437396,4,846.78055,76.331702,5.060708,38.415843,1935,713
220902,SAN MARTIN,SAN MARTIN,ALBERTO LEVEAU,0.436812,4,674.38397,71.249494,6.625164,51.138032,569,714
150405,LIMA,CANTA,LACHAQUI,0.436413,4,516.945452,74.225095,7.531915,66.518169,766,715
090706,HUANCAVELICA,TAYACAJA,DANIEL HERNANDEZ,0.436269,4,640.03032,73.718113,5.685319,63.44364,9414,716
250102,UCAYALI,CORONEL PORTILLO,CAMPOVERDE,0.436211,4,655.524299,75.910541,6.899543,42.047313,14497,717
021104,ANCASH,HUARMEY,HUAYAN,0.436093,4,616.013886,78.118173,7.186555,41.641554,842,718
210109,PUNO,PUNO,MAÑAZO,0.436076,4,544.940792,71.867165,6.733277,75.802876,5132,719
051004,AYACUCHO,VICTOR FAJARDO,ASQUIPATA,0.435937,4,632.408111,75.169821,4.763482,80.082179,426,720
061110,CAJAMARCA,SAN MIGUEL,SAN GREGORIO,0.435679,4,682.95466,74.616559,5.379434,57.42075,1965,721
050701,AYACUCHO,PARINACOCHAS,CORACORA,0.435593,4,668.610526,58.825028,8.219243,71.962012,14981,722
220302,SAN MARTIN,EL DORADO,AGUA BLANCA,0.435585,4,886.908171,75.296526,5.090118,35.122784,2177,723
020504,ANCASH,BOLOGNESI,AQUIA,0.434959,4,750.182953,71.47514,6.175503,43.512207,1967,724
020502,ANCASH,BOLOGNESI,ABELARDO PARDO LEZAMETA,0.434687,4,532.057114,69.81422,10.17358,50.434603,935,725
080608,CUSCO,CANCHIS,TINTA,0.433717,4,473.534889,75.15065,7.143524,79.997472,5193,726
020106,ANCASH,HUARAZ,JANGAS,0.432388,4,563.857243,78.798678,6.088318,58.473513,5143,727
211209,PUNO,SANDIA,ALTO INAMBARI,0.432376,4,558.266899,75.249838,6.020914,69.545531,9064,728
120136,JUNIN,HUANCAYO,VIQUES,0.432237,4,513.469196,73.894101,7.14727,69.215666,2367,729
131006,LA LIBERTAD,SANTIAGO DE CHUCO,QUIRUVILCA,0.432088,4,662.077707,76.718936,6.269066,43.003289,13168,730
090412,HUANCAVELICA,CASTROVIRREYNA,TANTARA,0.431949,4,581.78295,70.597235,7.899489,53.212965,617,731
120304,JUNIN,CHANCHAMAYO,SAN LUIS DE SHUARO,0.430932,4,619.36294,74.268983,6.616124,49.827491,6142,732
190201,PASCO,DANIEL ALCIDES CARRION,YANAHUANCA,0.430736,4,475.44535,70.607247,8.48003,73.596771,11029,733
080309,CUSCO,ANTA,ZURITE,0.429915,4,462.327897,74.259169,7.366336,79.515666,3225,734
080902,CUSCO,LA CONVENCION,ECHARATE,0.429733,4,579.625724,76.159048,6.097265,58.638239,29459,735
020401,ANCASH,ASUNCION,CHACAS,0.429593,4,633.584412,70.825525,6.419234,56.173542,4896,736
120302,JUNIN,CHANCHAMAYO,PERENE,0.429586,4,572.465804,74.5292,6.69766,56.248733,73768,737
120111,JUNIN,HUANCAYO,CHUPURO,0.429226,4,503.342934,71.468195,7.390909,73.353559,1587,738
120604,JUNIN,SATIPO,MAZAMARI,0.428501,4,514.084283,75.410849,7.293281,60.01133,59216,739
081207,CUSCO,QUISPICANCHI,HUARO,0.428371,4,635.22507,66.431878,7.113361,58.40916,4265,740
021705,ANCASH,RECUAY,LLACLLIN,0.428228,4,521.674732,68.749926,7.265243,77.309107,1557,741
080308,CUSCO,ANTA,PUCYURA,0.428173,4,519.900486,78.292923,7.011218,54.999469,3892,742
050604,AYACUCHO,LUCANAS,CARMEN SALCEDO,0.427601,4,531.034008,73.572165,6.756412,65.991724,3236,743
100605,HUANUCO,LEONCIO PRADO,LUYANDO,0.426977,4,602.59629,73.179005,6.353019,55.278725,10103,744
020513,ANCASH,BOLOGNESI,PACLLON,0.426941,4,743.834785,72.933887,8.071798,25.981462,1443,745
040404,AREQUIPA,CASTILLA,CHACHAS,0.426815,4,642.398812,79.044236,5.629137,45.51071,1428,746
030712,APURIMAC,GRAU,VILCABAMBA,0.426524,4,503.057324,61.618066,9.423161,83.514849,1310,747
020607,ANCASH,CARHUAZ,PARIAHUANCA,0.426111,4,480.956112,81.041705,5.858702,73.344921,1509,748
150729,LIMA,HUAROCHIRI,SANTIAGO DE ANCHUCAYA,0.426062,4,522.65916,73.844609,7.544762,57.006329,391,749
021805,ANCASH,SANTA,MORO,0.425985,4,616.649643,77.277446,6.031778,47.436699,7238,750
090501,HUANCAVELICA,CHURCAMPA,CHURCAMPA,0.425866,3,594.515208,69.142111,6.278265,67.829731,4912,751
040510,AREQUIPA,CAYLLOMA,LARI,0.425704,3,683.262296,81.034134,5.671805,36.186813,1284,752
040511,AREQUIPA,CAYLLOMA,LLUTA,0.425399,3,646.037053,74.266452,6.27488,45.39223,763,753
040808,AREQUIPA,LA UNION,SAYLA,0.425323,3,720.487262,80.417031,7.429194,22.636201,467,754
120405,JUNIN,JAUJA,CANCHAYLLO,0.425123,3,570.062,67.961392,7.80674,57.771004,1564,755
021601,ANCASH,POMABAMBA,POMABAMBA,0.425015,3,565.735057,75.93355,6.544147,52.811766,15624,756
100904,HUANUCO,PUERTO INCA,TOURNAVISTA,0.4245,3,815.363103,72.018932,6.085778,31.500817,3932,757
040410,AREQUIPA,CASTILLA,PAMPACOLCA,0.424237,3,599.258659,73.376659,6.987618,46.846551,1952,758
220914,SAN MARTIN,SAN MARTIN,SHAPAJA,0.424207,3,561.735129,73.211318,6.652262,57.84466,1557,759
100501,HUANUCO,HUAMALIES,LLATA,0.424192,3,584.417375,71.142037,6.543172,59.365139,13538,760
210402,PUNO,CHUCUITO,DESAGUADERO,0.424116,3,431.119867,74.287324,8.070404,75.633406,28096,761
010603,AMAZONAS,RODRIGUEZ DE MENDOZA,COCHAMAL,0.424115,3,548.480747,76.155513,6.282086,58.453608,522,762
150404,LIMA,CANTA,HUAROS,0.424069,3,472.198805,75.996577,7.91694,59.411527,617,763
120429,JUNIN,JAUJA,SAN PEDRO DE CHUNAN,0.423442,3,570.80252,67.936224,7.858708,55.840908,685,764
010102,AMAZONAS,CHACHAPOYAS,ASUNCION,0.423032,3,561.102634,71.364553,6.013571,71.006832,267,765
022001,ANCASH,YUNGAY,YUNGAY,0.422518,3,572.392338,72.007314,6.311615,61.382897,21231,766
140205,LAMBAYEQUE,FERREÑAFE,PITIPO,0.422348,3,654.758036,69.213338,6.076242,54.907874,22806,767
080802,CUSCO,ESPINAR,CONDOROMA,0.422208,3,607.12806,68.536442,6.22841,64.038906,1204,768
080912,CUSCO,LA CONVENCION,VILLA VIRGEN,0.421802,3,608.680218,76.612613,6.027444,47.200672,2143,769
220105,SAN MARTIN,MOYOBAMBA,SORITOR,0.420927,3,689.45386,73.35517,5.548165,46.026177,31718,770
021703,ANCASH,RECUAY,COTAPARACO,0.420817,3,605.59014,68.503789,8.285705,43.164252,522,771
101002,HUANUCO,LAURICOCHA,BAÑOS,0.420447,3,542.088551,68.261758,7.282866,65.029437,5227,772
050605,AYACUCHO,LUCANAS,CHAVIÑA,0.42024,3,578.825038,71.475532,6.723796,54.393178,1802,773
150723,LIMA,HUAROCHIRI,SAN MATEO DE OTAO,0.420072,3,505.574184,69.565389,7.622256,66.653554,1343,774
120702,JUNIN,TARMA,ACOBAMBA,0.419982,3,489.586568,73.154191,7.228365,65.529955,11238,775
060411,CAJAMARCA,CHOTA,LLAMA,0.419871,3,608.815466,71.07711,5.455994,66.588102,7079,776
160301,LORETO,LORETO,NAUTA,0.419285,3,598.433758,71.770121,6.843367,48.188039,28374,777
030601,APURIMAC,CHINCHEROS,CHINCHEROS,0.419216,3,564.301369,68.179452,7.127031,60.591108,6209,778
150707,LIMA,HUAROCHIRI,HUACHUPAMPA,0.419167,3,431.252741,70.556491,10.201106,61.540923,2223,779
050902,AYACUCHO,SUCRE,BELEN,0.419073,3,516.99265,66.926385,7.733716,69.435145,615,780
120419,JUNIN,JAUJA,MONOBAMBA,0.418738,3,580.76133,71.338869,6.203774,59.450534,1130,781
020301,ANCASH,ANTONIO RAYMONDI,LLAMELLIN,0.418727,3,503.879106,70.134331,7.528405,65.258628,3119,782
150903,LIMA,OYON,CAUJUL,0.418712,3,478.532246,80.945926,8.311096,41.751649,880,783
160701,LORETO,DATEM DEL MARAÑON,BARRANCA,0.418707,3,690.528779,72.839091,7.067375,32.310291,13672,784
021308,ANCASH,MARISCAL LUZURIAGA,MUSGA,0.418557,3,545.842806,69.599438,7.554553,55.911926,846,785
010606,AMAZONAS,RODRIGUEZ DE MENDOZA,LONGAR,0.418452,3,691.153199,71.870291,5.968945,42.292904,1570,786
100609,HUANUCO,LEONCIO PRADO,PUEBLO NUEVO,0.418417,3,694.645738,72.188056,5.109504,51.979597,4014,787
080904,CUSCO,LA CONVENCION,MARANURA,0.418354,3,445.441546,78.60421,7.014702,65.972024,4086,788
080908,CUSCO,LA CONVENCION,SANTA TERESA,0.418338,3,507.298977,76.398841,6.559126,59.363989,5046,789
200804,PIURA,SECHURA,CRISTO NOS VALGA,0.418056,3,581.538451,71.122849,6.512474,55.374589,4274,790
220906,SAN MARTIN,SAN MARTIN,EL PORVENIR,0.418002,3,820.362576,71.869158,6.099244,28.443639,2856,791
211206,PUNO,SANDIA,QUIACA,0.417656,3,490.386557,70.209613,6.558749,81.737851,2282,792
080405,CUSCO,CALCA,PISAC,0.416864,3,505.036945,76.749402,6.067768,64.553274,10179,793
120417,JUNIN,JAUJA,MASMA CHICCHE,0.416738,3,545.689924,75.448582,4.98537,76.953818,591,794
211301,PUNO,YUNGUYO,YUNGUYO,0.416545,3,475.685053,74.771276,6.399479,73.328334,23517,795
140302,LAMBAYEQUE,LAMBAYEQUE,CHOCHOPE,0.416419,3,588.196724,75.425469,5.604992,54.700936,936,796
090401,HUANCAVELICA,CASTROVIRREYNA,CASTROVIRREYNA,0.416396,3,631.610706,64.527708,7.110606,54.819239,3028,797
020606,ANCASH,CARHUAZ,MARCARA,0.416163,3,525.359988,82.135692,4.83283,67.781727,9466,798
061001,CAJAMARCA,SAN MARCOS,PEDRO GALVEZ,0.41604,3,617.99089,68.763713,6.107473,57.446544,21466,799
030303,APURIMAC,ANTABAMBA,HUAQUIRCA,0.415805,3,762.481769,59.719098,7.126354,47.244752,1659,800
050503,AYACUCHO,LA MAR,AYNA,0.41563,3,537.03674,73.794651,6.388915,58.148418,10572,801
151021,LIMA,YAUYOS,MIRAFLORES,0.415099,3,953.749016,72.235628,8.627133,12.358409,330,802
180202,MOQUEGUA,GENERAL SANCHEZ CERRO,CHOJATA,0.414899,3,407.6279,83.569473,6.304404,73.849509,1764,803
040512,AREQUIPA,CAYLLOMA,MACA,0.414889,3,447.908595,80.884713,6.932131,57.973225,575,804
200109,PIURA,PIURA,LA ARENA,0.414819,3,602.682638,77.829037,5.286736,50.466337,38807,805
010108,AMAZONAS,CHACHAPOYAS,HUANCAS,0.414756,3,525.798289,73.062598,6.147659,65.358561,1457,806
050806,AYACUCHO,PAUCAR DEL SARA SARA,OYOLO,0.414593,3,611.335726,65.797953,8.342676,43.608982,1352,807
131101,LA LIBERTAD,GRAN CHIMU,CASCAS,0.414495,3,643.677931,73.497943,5.896172,44.130554,13394,808
150724,LIMA,HUAROCHIRI,SAN PEDRO DE CASTA,0.414441,3,488.589558,70.856608,7.398151,64.987215,1146,809
120802,JUNIN,YAULI,CHACAPALPA,0.414222,3,574.210085,75.105986,6.409264,46.633401,546,810
100901,HUANUCO,PUERTO INCA,PUERTO INCA,0.414221,3,715.447358,70.468567,6.414637,35.519418,6199,811
210401,PUNO,CHUCUITO,JULI,0.413855,3,440.156452,72.423658,7.422479,75.187828,19965,812
021404,ANCASH,OCROS,CARHUAPAMPA,0.413811,3,450.24073,79.897749,6.978778,57.956483,722,813
021105,ANCASH,HUARMEY,MALVAS,0.413808,3,480.502232,76.498507,7.593034,51.147033,726,814
120415,JUNIN,JAUJA,MARCO,0.413335,3,497.333013,72.16198,7.382511,58.360287,1219,815
190207,PASCO,DANIEL ALCIDES CARRION,TAPUC,0.412797,3,423.220214,76.52633,7.008568,73.741769,3754,816
050507,AYACUCHO,LA MAR,SANTA ROSA,0.411985,3,584.133567,76.640185,5.705294,48.364364,10588,817
050408,AYACUCHO,HUANTA,LLOCHEGUA,0.411874,3,569.577022,73.584489,6.164632,51.504532,11958,818
230203,TACNA,CANDARAVE,CAMILACA,0.410923,3,562.82114,69.721563,6.34335,59.074752,1012,819
080607,CUSCO,CANCHIS,SAN PEDRO,0.410746,3,455.908756,72.154772,6.840794,75.116917,2466,820
061303,CAJAMARCA,SANTA CRUZ,CATACHE,0.410741,3,667.717657,70.561336,6.140305,41.352223,9469,821
100204,HUANUCO,AMBO,CONCHAMARCA,0.409976,3,644.352838,75.217546,4.99344,49.325232,5709,822
130810,LA LIBERTAD,PATAZ,PIAS,0.409953,3,664.74971,76.957087,5.126637,41.400083,1225,823
060306,CAJAMARCA,CELENDIN,JOSE GALVEZ,0.409923,3,557.841044,71.629227,6.11356,57.483631,1881,824
190208,PASCO,DANIEL ALCIDES CARRION,VILCABAMBA,0.409866,3,374.519494,74.181803,7.868248,87.03065,1463,825
060507,CAJAMARCA,CONTUMAZA,TANTARICA,0.409561,3,612.941552,69.956197,6.044935,51.158835,3214,826
120704,JUNIN,TARMA,HUASAHUASI,0.409431,3,637.159952,74.639789,5.324449,46.46618,11960,827
030701,APURIMAC,GRAU,CHUQUIBAMBILLA,0.408242,3,535.707688,62.162474,7.740376,69.909907,4718,828
150731,LIMA,HUAROCHIRI,SANTO DOMINGO DE LOS OLLEROS,0.40817,3,536.485101,68.280734,7.465059,53.822231,4821,829
150402,LIMA,CANTA,ARAHUAY,0.408034,3,477.584212,73.236449,6.367409,68.863361,675,830
100317,HUANUCO,DOS DE MAYO,RIPAN,0.407901,3,547.282817,67.957256,6.589655,61.681921,6239,831
050809,AYACUCHO,PAUCAR DEL SARA SARA,SAN JOSE DE USHUA,0.407865,3,603.603617,67.884675,7.841391,39.807174,178,832
090111,HUANCAVELICA,HUANCAVELICA,MARISCAL CACERES,0.407853,3,496.426827,64.782418,6.724972,86.150262,891,833
200805,PIURA,SECHURA,VICE,0.407832,3,544.340202,72.187821,6.128999,57.153939,15804,834
140311,LAMBAYEQUE,LAMBAYEQUE,SAN JOSE,0.407636,3,430.549172,75.772549,7.358061,63.573977,17973,835
010705,AMAZONAS,UTCUBAMBA,JAMALCA,0.4076,3,678.793778,70.991088,4.844034,53.374951,6952,836
100316,HUANUCO,DOS DE MAYO,QUIVILLA,0.407256,3,616.441286,66.919773,6.767816,48.019463,2564,837
021403,ANCASH,OCROS,CAJAMARQUILLA,0.407203,3,407.716821,81.222228,6.692297,65.917538,523,838
022006,ANCASH,YUNGAY,RANRAHIRCA,0.407116,3,584.602424,71.586644,5.597184,56.813168,2298,839
220205,SAN MARTIN,BELLAVISTA,SAN PABLO,0.407101,3,706.970519,72.188462,5.459073,38.432353,7044,840
021501,ANCASH,PALLASCA,CABANA,0.406713,3,627.524899,64.865154,7.308511,45.742332,2371,841
010706,AMAZONAS,UTCUBAMBA,LONYA GRANDE,0.40652,3,673.475341,70.849145,5.68501,42.109011,10328,842
010604,AMAZONAS,RODRIGUEZ DE MENDOZA,HUAMBO,0.406388,3,745.488917,71.70568,5.511219,34.237113,2118,843
210710,PUNO,LAMPA,VILAVILA,0.406348,3,328.823782,81.092631,7.894604,84.466708,3388,844
220404,SAN MARTIN,HUALLAGA,PISCOYACU,0.406081,3,600.60535,77.265014,5.34563,44.952745,3916,845
220507,SAN MARTIN,LAMAS,RUMISAPA,0.405931,3,644.285929,71.507259,5.297227,49.491803,2771,846
061102,CAJAMARCA,SAN MIGUEL,BOLIVAR,0.405919,3,508.13651,76.332986,5.987756,56.248898,1175,847
090304,HUANCAVELICA,ANGARAES,CCOCHACCASA,0.405663,3,554.954018,69.450979,6.090903,60.391848,2398,848
151010,LIMA,YAUYOS,COCHAS,0.405525,3,326.0149,80.369497,8.97535,74.150453,383,849
211203,PUNO,SANDIA,LIMBANI,0.405464,3,456.607991,71.114252,6.795263,73.095403,3926,850
210301,PUNO,CARABAYA,MACUSANI,0.405193,3,597.337921,65.497496,6.434003,57.199309,13135,851
151023,LIMA,YAUYOS,PUTINZA,0.405038,3,398.892946,73.383878,9.009768,61.365892,493,852
220913,SAN MARTIN,SAN MARTIN,SAUCE,0.404839,3,607.363145,72.825776,6.42552,39.454177,13445,853
040408,AREQUIPA,CASTILLA,MACHAGUAY,0.404804,3,563.420454,77.749809,6.881992,34.614396,404,854
040507,AREQUIPA,CAYLLOMA,HUAMBO,0.404081,3,496.212886,75.916058,6.957973,47.538045,368,855
010522,AMAZONAS,LUYA,TINGO,0.404024,3,739.176493,67.073306,5.754905,38.91863,1264,856
080307,CUSCO,ANTA,MOLLEPATA,0.403964,3,568.090166,73.019621,6.233386,46.462787,2500,857
170202,MADRE DE DIOS,MANU,FITZCARRALD,0.403663,3,638.769319,75.549639,6.040391,34.021528,1583,858
050612,AYACUCHO,LUCANAS,OCAÑA,0.403624,3,533.6017,66.990187,7.319471,55.512025,2165,859
020515,ANCASH,BOLOGNESI,TICLLOS,0.403408,3,522.124157,71.707425,6.671226,53.089056,1103,860
210601,PUNO,HUANCANE,HUANCANE,0.403221,3,460.521031,69.573444,7.051546,70.664624,14744,861
220106,SAN MARTIN,MOYOBAMBA,YANTALO,0.4026,3,602.575833,74.208352,5.340222,47.897067,3284,862
211306,PUNO,YUNGUYO,TINICACHI,0.402339,3,487.848471,77.74373,5.744211,58.556036,1147,863
210501,PUNO,EL COLLAO,ILAVE,0.40202,3,372.633903,77.800627,7.279852,75.295761,50687,864
120126,JUNIN,HUANCAYO,PUCARA,0.40201,3,496.892613,70.87128,6.743488,59.081147,4211,865
200406,PIURA,MORROPON,SALITRAL,0.401719,3,548.572457,74.321504,5.400875,56.50345,7812,866
100313,HUANUCO,DOS DE MAYO,PACHAS,0.401358,3,661.40848,66.833081,5.334454,53.49853,9976,867
220505,SAN MARTIN,LAMAS,CUÑUMBUQUI,0.401314,3,557.911825,71.93844,6.003656,51.237498,4010,868
050201,AYACUCHO,CANGALLO,CANGALLO,0.401283,3,486.922229,75.566047,6.059351,58.30949,6409,869
151004,LIMA,YAUYOS,AYAVIRI,0.401128,3,375.39503,81.052556,8.476672,53.236222,585,870
020205,ANCASH,AIJA,SUCCHA,0.40088,3,609.224295,66.108639,6.884361,45.503355,686,871
010311,AMAZONAS,BONGARA,VALERA,0.400635,3,734.635174,67.078114,5.000964,46.30013,980,872
150611,LIMA,HUARAL,SUMBILCA,0.40037,3,397.740752,81.213738,6.850033,60.928476,573,873
080907,CUSCO,LA CONVENCION,KIMBIRI,0.400052,3,542.396784,73.404817,6.08222,49.292933,14952,874
090407,HUANCAVELICA,CASTROVIRREYNA,HUACHOS,0.399933,3,523.35863,64.820517,7.409777,59.911539,1206,875
101001,HUANUCO,LAURICOCHA,JESUS,0.399863,3,513.464105,70.084148,7.390837,48.805478,3809,876
020611,ANCASH,CARHUAZ,YUNGAR,0.39976,3,472.320508,78.70987,5.847528,56.770803,3231,877
022003,ANCASH,YUNGAY,MANCOS,0.399435,3,545.026212,73.340253,5.691647,53.328876,6070,878
210302,PUNO,CARABAYA,AJOYANI,0.399412,3,497.737117,70.175534,6.170515,66.029839,2240,879
020514,ANCASH,BOLOGNESI,SAN MIGUEL DE CORPANQUI,0.399067,3,393.733613,68.91105,8.316157,77.591697,1083,880
010110,AMAZONAS,CHACHAPOYAS,LEIMEBAMBA,0.398951,3,615.853241,70.299479,6.323528,39.989407,3855,881
060601,CAJAMARCA,CUTERVO,CUTERVO,0.398881,3,535.513145,76.277953,5.402568,52.720744,52450,882
130901,LA LIBERTAD,SANCHEZ CARRION,HUAMACHUCO,0.398688,3,527.71202,72.978693,5.605762,58.654351,69564,883
230205,TACNA,CANDARAVE,HUANUARA,0.398526,3,422.576909,71.017108,7.864893,64.504416,716,884
120609,JUNIN,SATIPO,VIZCATAN DEL ENE,0.398199,3,497.968262,77.186662,5.769675,53.437683,5094,885
150721,LIMA,HUAROCHIRI,SAN LORENZO DE QUINTI,0.398189,3,418.469615,75.321764,7.669169,56.65137,1320,886
061101,CAJAMARCA,SAN MIGUEL,SAN MIGUEL,0.397965,3,559.163603,73.102471,5.288855,55.634414,14086,887
040513,AREQUIPA,CAYLLOMA,MADRIGAL,0.397578,3,471.573589,80.202459,5.814496,52.613721,445,888
090604,HUANCAVELICA,HUAYTARA,HUAYACUNDO ARMA,0.397437,3,433.083659,69.630877,8.220252,60.403745,451,889
160606,LORETO,UCAYALI,VARGAS GUERRA,0.397392,3,569.992344,70.544161,6.551972,43.361282,7385,890
010304,AMAZONAS,BONGARA,COROSHA,0.395898,3,669.159809,73.303604,4.846239,41.841335,1042,891
210809,PUNO,MELGAR,UMACHIRI,0.395861,3,395.712203,74.318403,7.285995,68.847539,3949,892
120703,JUNIN,TARMA,HUARICOLCA,0.395812,3,501.470115,75.65908,5.534415,57.276116,2513,893
220805,SAN MARTIN,RIOJA,PARDO MIGUEL,0.395409,3,594.092114,74.018144,5.029353,48.945234,22212,894
050804,AYACUCHO,PAUCAR DEL SARA SARA,LAMPA,0.395363,3,402.272065,74.355261,7.756918,60.608667,2258,895
080805,CUSCO,ESPINAR,PALLPATA,0.394736,3,549.022166,66.646821,5.99941,61.058717,5092,896
100507,HUANUCO,HUAMALIES,MONZON,0.39462,3,554.827973,71.733131,5.973792,47.621135,25825,897
120205,JUNIN,CONCEPCION,COCHAS,0.394322,3,622.587533,72.77042,5.074508,45.261035,1405,898
010509,AMAZONAS,LUYA,LUYA,0.394117,3,524.053654,74.219803,6.212643,45.528251,4145,899
081302,CUSCO,URUBAMBA,CHINCHERO,0.393922,3,361.354041,77.117874,6.957865,77.779753,10093,900
021706,ANCASH,RECUAY,MARCA,0.393558,3,489.856903,67.526514,6.292576,68.661275,1245,901
060603,CAJAMARCA,CUTERVO,CHOROS,0.393494,3,656.018017,75.42709,5.012085,36.604296,3073,902
120416,JUNIN,JAUJA,MASMA,0.393393,3,461.457171,68.689855,7.531262,57.865566,1823,903
020902,ANCASH,CORONGO,ACO,0.393263,3,533.548806,74.019352,5.422524,53.108136,332,904
160602,LORETO,UCAYALI,INAHUAYA,0.392891,3,611.877414,66.388564,6.495708,42.680606,2241,905
151028,LIMA,YAUYOS,TANTA,0.392348,3,385.01132,84.03799,7.16791,49.433635,499,906
190202,PASCO,DANIEL ALCIDES CARRION,CHACAYAN,0.392301,3,374.978092,78.915528,6.727966,68.382629,3251,907
051009,AYACUCHO,VICTOR FAJARDO,HUANCARAYLLA,0.391973,3,510.362755,82.037124,4.633231,54.089277,73,908
150304,LIMA,CAJATAMBO,HUANCAPON,0.39182,3,456.015227,72.149384,6.404714,61.943082,813,909
090602,HUANCAVELICA,HUAYTARA,AYAVI,0.391618,3,509.272653,64.927242,7.756784,52.455884,468,910
090408,HUANCAVELICA,CASTROVIRREYNA,HUAMATAMBO,0.391447,3,590.064649,57.175287,7.042093,66.838431,339,911
120603,JUNIN,SATIPO,LLAYLLA,0.391309,3,485.498833,72.679194,5.532282,64.762471,6984,912
120104,JUNIN,HUANCAYO,CARHUACALLANGA,0.39116,3,340.114545,79.398209,7.353118,72.73093,1141,913
220905,SAN MARTIN,SAN MARTIN,CHIPURANA,0.391011,3,773.924102,67.096702,5.637473,29.89608,1924,914
010611,AMAZONAS,RODRIGUEZ DE MENDOZA,TOTORA,0.390801,3,847.182778,68.408874,5.60733,23.381443,320,915
030102,APURIMAC,ABANCAY,CHACOCHE,0.390538,3,498.606986,66.770644,5.931122,71.136986,1158,916
160304,LORETO,LORETO,TROMPETEROS,0.390087,3,719.616498,71.200241,6.227954,24.706163,10659,917
060812,CAJAMARCA,JAEN,SANTA ROSA,0.38975,3,640.851146,74.755829,5.053157,36.831394,9485,918
190107,PASCO,PASCO,PAUCARTAMBO,0.38973,3,388.523072,74.032641,6.892064,71.139486,19523,919
190204,PASCO,DANIEL ALCIDES CARRION,PAUCAR,0.389669,3,417.145396,75.546375,5.954781,70.147438,1332,920
120607,JUNIN,SATIPO,RIO NEGRO,0.389645,3,432.770655,73.529445,6.818498,58.128475,27485,921
021707,ANCASH,RECUAY,PAMPAS CHICO,0.389615,3,459.95235,71.509256,6.538244,58.703382,1674,922
050810,AYACUCHO,PAUCAR DEL SARA SARA,SARA SARA,0.389615,3,453.390664,69.330226,6.653943,65.069418,529,923
200404,PIURA,MORROPON,LA MATANZA,0.389352,3,616.23102,73.691178,4.51391,49.783757,12721,924
060902,CAJAMARCA,SAN IGNACIO,CHIRINOS,0.389294,3,537.398697,75.571963,5.313057,47.674889,13817,925
220702,SAN MARTIN,PICOTA,BUENOS AIRES,0.388517,3,588.977729,76.172293,5.247853,38.554896,3116,926
211205,PUNO,SANDIA,PHARA,0.388295,3,428.647319,70.677731,6.392763,71.696757,4613,927
140306,LAMBAYEQUE,LAMBAYEQUE,MORROPE,0.38798,3,548.2383,75.682224,4.891652,50.645511,48902,928
250302,UCAYALI,PADRE ABAD,IRAZOLA,0.387806,3,503.528398,80.048647,5.760507,40.104714,12295,929
151024,LIMA,YAUYOS,QUINCHES,0.387392,3,460.522164,74.450588,7.315896,42.98577,738,930
120707,JUNIN,TARMA,PALCAMAYO,0.387383,3,422.76652,77.125813,5.673656,66.328665,7061,931
220803,SAN MARTIN,RIOJA,ELIAS SOPLIN VARGAS,0.387308,3,597.928745,72.981194,5.037097,44.397258,17630,932
150807,LIMA,HUAURA,LEONCIO PRADO,0.387158,3,443.025293,76.172173,6.375301,52.443683,1878,933
040306,AREQUIPA,CARAVELI,CAHUACHO,0.386963,3,391.056472,83.268344,6.177335,55.351553,762,934
120602,JUNIN,SATIPO,COVIRIALI,0.386862,3,473.490492,72.986393,6.539492,49.621854,6339,935
050407,AYACUCHO,HUANTA,SIVIA,0.386658,3,494.108425,77.009388,5.26395,52.555946,12291,936
050807,AYACUCHO,PAUCAR DEL SARA SARA,PARARCA,0.386093,3,494.394679,69.784897,6.440781,52.37786,497,937
040809,AREQUIPA,LA UNION,TAURIA,0.385947,3,344.812501,82.437933,7.899925,53.145863,282,938
080407,CUSCO,CALCA,TARAY,0.385461,3,370.45025,78.887979,5.9427,75.262986,4673,939
120135,JUNIN,HUANCAYO,SANTO DOMINGO DE ACOBAMBA,0.384106,3,437.419133,71.465811,6.898965,55.953322,6242,940
050602,AYACUCHO,LUCANAS,AUCARA,0.383988,3,519.402788,64.544215,6.194715,61.747358,4825,941
190308,PASCO,OXAPAMPA,CONSTITUCION,0.383846,3,551.866358,68.607503,6.223685,44.208612,15722,942
030602,APURIMAC,CHINCHEROS,ANCO_HUALLO,0.383682,3,434.808003,71.765253,6.202487,64.388533,11472,943
110114,ICA,ICA,YAUCA DEL ROSARIO,0.383646,3,413.173359,75.352476,6.895089,53.608429,930,944
021802,ANCASH,SANTA,CACERES DEL PERU,0.383054,3,553.184444,77.203237,4.988987,42.050242,4073,945
120431,JUNIN,JAUJA,SINCOS,0.382942,3,405.699365,69.53519,7.605765,61.903025,4768,946
040803,AREQUIPA,LA UNION,CHARCANA,0.382568,3,453.807704,78.560478,6.391572,42.150167,465,947
060505,CAJAMARCA,CONTUMAZA,SAN BENITO,0.38239,3,572.316965,71.090685,5.318456,45.001407,3707,948
051003,AYACUCHO,VICTOR FAJARDO,APONGO,0.3823,3,397.405937,77.386344,5.796402,67.321832,1116,949
131103,LA LIBERTAD,GRAN CHIMU,MARMOT,0.382014,3,630.980344,72.118346,4.840143,40.268373,1907,950
210303,PUNO,CARABAYA,AYAPATA,0.381645,3,481.917614,66.41201,5.847071,69.235781,12277,951
160401,LORETO,MARISCAL RAMON CASTILLA,RAMON CASTILLA,0.381629,3,573.417049,68.877281,6.837698,34.129021,23743,952
151007,LIMA,YAUYOS,CARANIA,0.381522,3,425.382223,83.494874,7.374333,32.955757,269,953
211005,PUNO,SAN ANTONIO DE PUTINA,SINA,0.381313,3,455.627484,66.64828,5.96482,74.701511,1736,954
130601,LA LIBERTAD,OTUZCO,OTUZCO,0.380982,3,479.150214,74.447397,5.622574,51.517056,26695,955
190105,PASCO,PASCO,NINACACA,0.380981,3,324.005564,74.265029,7.452078,82.897835,3506,956
010114,AMAZONAS,CHACHAPOYAS,MOLINOPAMPA,0.380907,3,529.848193,70.275664,5.323638,53.638254,2443,957
200107,PIURA,PIURA,CURA MORI,0.380878,3,497.970539,75.58814,5.162437,51.414098,18828,958
120708,JUNIN,TARMA,SAN PEDRO DE CAJAS,0.380672,3,408.700342,78.772452,5.920102,56.814212,4341,959
010514,AMAZONAS,LUYA,PISUQUIA,0.380225,3,707.060653,69.004095,4.496977,39.7913,5612,960
211307,PUNO,YUNGUYO,UNICACHI,0.379943,3,380.724734,78.662893,5.794977,67.953918,2373,961
210306,PUNO,CARABAYA,CRUCERO,0.379828,3,404.638799,68.845807,6.406956,77.075891,8969,962
210207,PUNO,AZANGARO,JOSE DOMINGO CHOQUEHUANCA,0.379808,3,371.225851,68.480784,7.042927,83.210755,4992,963
250303,UCAYALI,PADRE ABAD,CURIMANA,0.379723,3,459.209784,79.565489,6.101994,40.397763,8782,964
090207,HUANCAVELICA,ACOBAMBA,POMACOCHA,0.379512,3,430.387134,74.454373,5.730639,61.75305,3080,965
021008,ANCASH,HUARI,HUANTAR,0.379487,3,398.980762,76.648045,5.505733,70.83872,2726,966
100107,HUANUCO,HUANUCO,SAN FRANCISCO DE CAYRAN,0.379256,3,456.418264,75.205473,5.133824,61.937096,5329,967
021505,ANCASH,PALLASCA,HUANDOVAL,0.379156,3,560.10124,64.1539,7.109452,41.119111,1021,968
020604,ANCASH,CARHUAZ,ANTA,0.379038,3,434.952674,76.494239,5.261195,62.742201,2389,969
081001,CUSCO,PARURO,PARURO,0.378819,3,505.63813,64.326777,6.557607,56.321824,2810,970
020103,ANCASH,HUARAZ,COLCABAMBA,0.378721,3,453.305042,71.668203,6.959214,46.615248,605,971
120706,JUNIN,TARMA,PALCA,0.378531,3,485.420452,75.335192,5.362208,49.903943,4755,972
210806,PUNO,MELGAR,NUÑOA,0.378516,3,458.491255,72.657452,5.492259,60.741741,8944,973
211001,PUNO,SAN ANTONIO DE PUTINA,PUTINA,0.378191,3,445.860918,64.385994,6.655876,71.474286,23482,974
090616,HUANCAVELICA,HUAYTARA,TAMBO,0.37819,3,503.07527,61.960628,6.662538,62.447481,213,975
220704,SAN MARTIN,PICOTA,PILLUANA,0.378173,3,465.958898,77.770924,6.742169,35.545635,629,976
030104,APURIMAC,ABANCAY,CURAHUASI,0.377913,3,468.910151,70.274459,5.787059,58.805362,16627,977
150403,LIMA,CANTA,HUAMANTANGA,0.377658,3,364.475463,74.434278,7.559871,58.979443,951,978
211208,PUNO,SANDIA,YANAHUAYA,0.377472,3,420.009194,74.089119,7.279129,45.910499,1924,979
120202,JUNIN,CONCEPCION,ACO,0.377311,3,386.630712,74.076015,7.049151,57.335334,1414,980
151006,LIMA,YAUYOS,CACRA,0.377306,3,371.68109,79.523245,6.667397,54.637176,246,981
210808,PUNO,MELGAR,SANTA ROSA,0.377229,3,378.232437,72.647585,6.618738,69.44893,6761,982
210502,PUNO,EL COLLAO,CAPAZO,0.376561,3,389.481563,79.23472,6.771284,48.1975,1815,983
060609,CAJAMARCA,CUTERVO,SAN JUAN DE CUTERVO,0.376551,3,598.980022,78.99423,4.560061,34.595903,1636,984
090505,HUANCAVELICA,CHURCAMPA,LA MERCED,0.376534,3,388.575865,68.950983,7.076707,69.467665,1684,985
050611,AYACUCHO,LUCANAS,LUCANAS,0.376529,3,529.479147,68.181205,5.607263,50.993605,3717,986
050620,AYACUCHO,LUCANAS,SANTA ANA DE HUAYCAHUACHO,0.376519,3,445.810289,69.733106,7.334412,47.351204,688,987
050607,AYACUCHO,LUCANAS,HUAC-HUAS,0.376414,3,448.485988,67.107161,7.666128,49.686076,2180,988
060702,CAJAMARCA,HUALGAYOC,CHUGUR,0.376208,3,434.932366,74.468796,5.608011,59.082963,3124,989
060415,CAJAMARCA,CHOTA,QUEROCOTO,0.376094,3,500.758068,69.439407,5.691281,52.729304,7739,990
131003,LA LIBERTAD,SANTIAGO DE CHUCO,CACHICADAN,0.376004,3,417.20548,76.42156,5.97984,54.366781,7366,991
090705,HUANCAVELICA,TAYACAJA,COLCABAMBA,0.375844,3,546.553317,69.846493,4.558986,60.295455,10766,992
150716,LIMA,HUAROCHIRI,SAN ANTONIO,0.37559,3,471.375423,70.633059,7.42786,39.073602,3383,993
021010,ANCASH,HUARI,PAUCAS,0.375587,3,493.631285,73.851943,6.636563,35.91365,1414,994
200507,PIURA,PAITA,VICHAYAL,0.375469,3,421.199153,79.72562,5.479008,52.957942,4997,995
050911,AYACUCHO,SUCRE,SORAS,0.375014,3,439.27316,68.678163,7.260982,50.741068,1199,996
090410,HUANCAVELICA,CASTROVIRREYNA,SAN JUAN,0.374977,3,613.197805,57.3458,7.326686,44.668435,428,997
120206,JUNIN,CONCEPCION,COMAS,0.374191,3,505.886537,72.788079,4.887825,54.533168,4486,998
090709,HUANCAVELICA,TAYACAJA,HUARIBAMBA,0.374102,3,540.200969,77.110113,4.200371,51.181887,5284,999
240303,TUMBES,ZARUMILLA,MATAPALO,0.373907,3,491.676676,68.414181,6.68592,44.195256,3283,1000
050707,AYACUCHO,PARINACOCHAS,SAN FRANCISCO DE RAVACAYCO,0.373587,3,536.237431,59.484648,6.387017,61.617648,667,1001
150905,LIMA,OYON,NAVAN,0.373487,3,366.01162,83.70366,7.46572,39.409809,1097,1002
050903,AYACUCHO,SUCRE,CHALCOS,0.373474,3,524.092886,75.412072,6.923645,27.061903,475,1003
220907,SAN MARTIN,SAN MARTIN,HUIMBAYOC,0.373284,3,653.993122,71.051421,5.430526,28.486286,2661,1004
040810,AREQUIPA,LA UNION,TOMEPAMPA,0.37321,3,392.736534,81.951504,6.991881,38.947581,667,1005
220605,SAN MARTIN,MARISCAL CACERES,PAJARILLO,0.3728,3,567.341054,73.089211,4.988711,39.901626,5887,1006
061113,CAJAMARCA,SAN MIGUEL,UNION AGUA BLANCA,0.372724,3,597.455645,74.348271,4.849507,35.448524,3048,1007
200604,PIURA,SULLANA,LANCONES,0.37267,3,555.726342,77.528318,4.468926,41.670163,12823,1008
060305,CAJAMARCA,CELENDIN,JORGE CHAVEZ,0.372645,3,455.049088,71.380882,6.443332,47.193962,434,1009
150726,LIMA,HUAROCHIRI,SANGALLAYA,0.37261,3,428.982092,75.569973,6.904357,41.027282,536,1010
021510,ANCASH,PALLASCA,SANTA ROSA,0.372297,3,441.220809,67.455074,6.091369,64.801637,860,1011
010121,AMAZONAS,CHACHAPOYAS,SONCHE,0.372094,3,641.308127,74.253636,4.51231,34.083279,196,1012
020509,ANCASH,BOLOGNESI,HUASTA,0.371872,3,478.058889,69.670515,6.453083,45.06922,2075,1013
080603,CUSCO,CANCHIS,COMBAPATA,0.371724,3,385.736058,76.442274,6.007606,59.828995,4792,1014
230408,TACNA,TARATA,TICACO,0.37143,3,373.990827,77.247672,6.582742,54.362216,291,1015
200108,PIURA,PIURA,EL TALLAN,0.371266,3,511.742133,74.249954,5.229161,43.029921,5400,1016
050409,AYACUCHO,HUANTA,CANAYRE,0.371225,3,437.010537,73.472763,5.86133,52.712328,3547,1017
040502,AREQUIPA,CAYLLOMA,ACHOMA,0.371171,3,395.265279,78.034012,6.395228,48.418379,730,1018
100905,HUANUCO,PUERTO INCA,YUYAPICHIS,0.370912,3,612.591607,71.897652,5.792917,27.606627,4925,1019
100903,HUANUCO,PUERTO INCA,HONORIA,0.370893,3,513.196304,72.541857,5.764426,39.461444,5209,1020
200210,PIURA,AYABACA,SUYO,0.370803,3,433.848744,70.095722,6.162075,57.213819,11599,1021
050509,AYACUCHO,LA MAR,SAMUGARI,0.370171,3,444.892865,82.069852,5.14681,43.637121,10953,1022
160603,LORETO,UCAYALI,PADRE MARQUEZ,0.37006,3,487.132384,72.71269,6.562996,35.989605,4880,1023
020503,ANCASH,BOLOGNESI,ANTONIO RAYMONDI,0.369828,3,401.815422,75.506965,5.770483,58.31501,931,1024
060805,CAJAMARCA,JAEN,HUABAL,0.369278,3,552.108315,74.113452,4.271976,49.401532,4879,1025
151017,LIMA,YAUYOS,HUAÑEC,0.36917,3,462.007671,70.261057,7.655235,35.951735,459,1026
200408,PIURA,MORROPON,SANTA CATALINA DE MOSSA,0.369074,3,502.659861,75.332857,5.738662,35.97423,3645,1027
080604,CUSCO,CANCHIS,MARANGANI,0.368807,3,372.120778,76.472835,5.969652,62.257519,9957,1028
030604,APURIMAC,CHINCHEROS,HUACCANA,0.368769,3,387.398364,69.598608,6.12359,73.14729,8150,1029
020901,ANCASH,CORONGO,CORONGO,0.368138,3,607.70912,72.117336,6.236158,23.936061,1272,1030
090608,HUANCAVELICA,HUAYTARA,QUERCO,0.368047,3,424.581651,67.141751,6.653719,59.01287,1138,1031
220301,SAN MARTIN,EL DORADO,SAN JOSE DE SISA,0.368017,3,546.726603,74.332849,5.245714,35.139971,11518,1032
250106,UCAYALI,CORONEL PORTILLO,NUEVA REQUENA,0.367912,3,492.929919,72.027728,6.173645,37.978859,4092,1033
101005,HUANUCO,LAURICOCHA,RONDOS,0.367851,3,399.914859,74.364918,6.520447,50.240576,5456,1034
211201,PUNO,SANDIA,SANDIA,0.367733,3,400.733196,70.716217,5.879195,67.356537,11267,1035
021502,ANCASH,PALLASCA,BOLOGNESI,0.367724,3,494.845036,65.295791,6.189084,50.961649,1060,1036
090721,HUANCAVELICA,TAYACAJA,ROBLE,0.367639,3,682.062689,60.351638,5.038352,45.26061,1248,1037
020512,ANCASH,BOLOGNESI,MANGAS,0.36715,3,381.053237,71.867037,6.715763,58.84037,532,1038
220504,SAN MARTIN,LAMAS,CAYNARACHI,0.366578,3,578.641182,70.425175,5.317088,35.141499,8289,1039
120116,JUNIN,HUANCAYO,HUACRAPUQUIO,0.366542,3,349.570926,76.832824,5.950601,68.26642,1188,1040
030406,APURIMAC,AYMARAES,COTARUSE,0.366407,3,485.130473,64.984618,6.514538,49.216267,4508,1041
210505,PUNO,EL COLLAO,CONDURIRI,0.365992,3,333.546743,78.475516,5.907286,71.312627,3051,1042
060107,CAJAMARCA,CAJAMARCA,LLACANORA,0.365887,3,429.704803,77.617363,4.846127,56.72233,5469,1043
021204,ANCASH,HUAYLAS,HUAYLAS,0.365552,3,451.067282,75.356794,5.838726,41.805262,774,1044
101106,HUANUCO,YAROWILCA,OBAS,0.365259,3,410.989809,73.903711,5.344693,61.54849,3693,1045
030220,APURIMAC,ANDAHUAYLAS,JOSE MARIA ARGUEDAS,0.365098,3,426.304264,80.867039,4.197692,64.201942,4406,1046
010310,AMAZONAS,BONGARA,SHIPASBAMBA,0.365002,3,487.565418,72.024128,5.087437,49.332775,1859,1047
160802,LORETO,PUTUMAYO,ROSA PANDURO,0.364987,3,725.605295,78.316935,6.018603,12.839037,444,1048
020304,ANCASH,ANTONIO RAYMONDI,CHINGAS,0.364897,3,429.89702,71.669393,6.825976,42.952713,1735,1049
090301,HUANCAVELICA,ANGARAES,LIRCAY,0.364878,3,444.639304,72.613862,5.638488,50.197096,24733,1050
211104,PUNO,SAN ROMAN,CARACOTO,0.364693,3,387.028525,74.390031,5.594162,63.714566,5552,1051
010116,AMAZONAS,CHACHAPOYAS,OLLEROS,0.364667,3,435.895412,71.93833,5.673707,53.255124,352,1052
100323,HUANUCO,DOS DE MAYO,YANAS,0.364656,3,622.315921,69.722054,4.13794,45.279985,2624,1053
220202,SAN MARTIN,BELLAVISTA,ALTO BIAVO,0.364569,3,641.800074,74.989769,4.709871,27.238225,7990,1054
021016,ANCASH,HUARI,UCO,0.364502,3,368.964849,74.641876,6.721999,53.85007,1356,1055
030211,APURIMAC,ANDAHUAYLAS,POMACOCHA,0.364101,3,335.326945,78.404431,5.236412,81.866613,939,1056
230405,TACNA,TARATA,SITAJARA,0.363991,3,318.562435,79.235167,7.289928,55.633847,611,1057
190110,PASCO,PASCO,TICLACAYAN,0.363912,3,345.391191,72.711891,6.669799,67.549421,10728,1058
230201,TACNA,CANDARAVE,CANDARAVE,0.363263,3,377.358426,69.914944,6.638294,62.390171,2511,1059
061107,CAJAMARCA,SAN MIGUEL,LLAPA,0.363094,3,477.833417,77.344905,4.592105,47.443858,5564,1060
151013,LIMA,YAUYOS,HUAMPARA,0.362834,3,476.656457,73.044617,8.168298,24.716818,95,1061
010703,AMAZONAS,UTCUBAMBA,CUMBA,0.362661,3,586.971925,70.763342,4.79139,37.024393,7324,1062
021708,ANCASH,RECUAY,PARARIN,0.362571,3,397.640625,67.237794,6.622404,62.367939,1501,1063
120909,JUNIN,CHUPACA,YANACANCHA,0.362346,3,427.976077,71.228074,5.946596,51.372608,3090,1064
010519,AMAZONAS,LUYA,SAN JUAN DE LOPECANCHA,0.36214,3,586.205954,72.873817,4.099723,43.750633,367,1065
050303,AYACUCHO,HUANCA SANCOS,SACSAMARCA,0.362054,3,433.058181,74.246786,5.409897,50.433573,1326,1066
100113,HUANUCO,HUANUCO,SAN PABLO DE PILLAO,0.361509,3,742.603473,79.417089,2.840541,44.939612,8383,1067
050609,AYACUCHO,LUCANAS,LEONCIO PRADO,0.361236,3,421.063622,63.704659,6.825057,61.516095,1012,1068
081106,CUSCO,PAUCARTAMBO,KOSÑIPATA,0.361212,3,454.303625,62.740621,5.981485,65.88598,5309,1069
010202,AMAZONAS,BAGUA,ARAMANGO,0.361182,3,535.806154,73.242134,4.9465,37.545885,7777,1070
120809,JUNIN,YAULI,SUITUCANCHA,0.361181,3,376.918981,73.346636,7.034722,48.206082,892,1071
030215,APURIMAC,ANDAHUAYLAS,SANTA MARIA DE CHICMO,0.361028,3,408.180233,75.905536,4.428631,72.505774,8562,1072
050107,AYACUCHO,HUAMANGA,PACAYCASA,0.360971,3,454.758809,65.314531,6.061298,56.311505,3411,1073
021507,ANCASH,PALLASCA,LLAPO,0.360741,3,560.134134,67.010859,6.7041,28.679716,644,1074
100403,HUANUCO,HUACAYBAMBA,COCHABAMBA,0.36072,3,487.223225,73.153979,5.490404,39.102244,2797,1075
080402,CUSCO,CALCA,COYA,0.360594,3,369.634649,71.363164,6.177703,64.803806,3745,1076
050404,AYACUCHO,HUANTA,IGUAIN,0.360496,3,421.135991,76.98716,4.691213,58.515713,3208,1077
200302,PIURA,HUANCABAMBA,CANCHAQUE,0.360385,3,415.715414,67.6045,5.93967,62.481206,6773,1078
050302,AYACUCHO,HUANCA SANCOS,CARAPO,0.359679,3,395.156864,69.983844,5.645666,66.62679,2038,1079
220403,SAN MARTIN,HUALLAGA,EL ESLABON,0.359585,3,449.818438,75.625419,6.046978,35.851208,3447,1080
190304,PASCO,OXAPAMPA,PALCAZU,0.359346,3,448.525607,68.20923,6.637732,43.301562,9476,1081
010306,AMAZONAS,BONGARA,FLORIDA,0.359324,3,486.655229,71.891337,5.711381,38.107412,8118,1082
130802,LA LIBERTAD,PATAZ,BULDIBUYO,0.358869,3,520.22185,74.143272,4.899772,37.644741,3717,1083
021406,ANCASH,OCROS,CONGAS,0.358769,3,325.32823,76.131762,6.727194,61.003854,1214,1084
030606,APURIMAC,CHINCHEROS,ONGOY,0.358659,3,440.914763,68.046638,4.978148,68.138705,5868,1085
100510,HUANUCO,HUAMALIES,SINGA,0.358608,3,381.160922,75.583686,4.971522,67.936124,2391,1086
090703,HUANCAVELICA,TAYACAJA,ACRAQUIA,0.358396,3,432.860201,72.750471,5.392351,50.769991,3681,1087
120427,JUNIN,JAUJA,RICRAN,0.358272,3,478.771897,72.011541,5.203591,44.344251,1185,1088
080704,CUSCO,CHUMBIVILCAS,COLQUEMARCA,0.358206,3,495.564827,73.721255,4.370934,50.689122,7210,1089
080806,CUSCO,ESPINAR,PICHIGUA,0.35818,3,405.101177,66.627496,5.461563,75.468927,2835,1090
010107,AMAZONAS,CHACHAPOYAS,GRANADA,0.358001,3,766.805716,66.181836,4.600522,25.70937,337,1091
030204,APURIMAC,ANDAHUAYLAS,HUANCARAMA,0.357821,3,450.968716,70.811869,4.934941,57.267738,5992,1092
010610,AMAZONAS,RODRIGUEZ DE MENDOZA,SANTA ROSA,0.357542,3,632.910911,76.170183,4.435462,26.304123,412,1093
120418,JUNIN,JAUJA,MOLINOS,0.357353,3,361.664193,73.353891,6.370749,56.72248,1317,1094
220204,SAN MARTIN,BELLAVISTA,HUALLAGA,0.357324,3,551.684578,71.968934,5.075745,33.512968,3097,1095
120606,JUNIN,SATIPO,PANGOA,0.357082,3,398.354193,73.749325,6.484926,43.805659,66993,1096
030502,APURIMAC,COTABAMBAS,COTABAMBAS,0.356865,3,374.92575,70.198753,5.724668,69.250793,3544,1097
060613,CAJAMARCA,CUTERVO,SANTO TOMAS,0.356592,3,441.771747,75.809893,4.812732,49.624598,6771,1098
010707,AMAZONAS,UTCUBAMBA,YAMON,0.35625,3,486.208931,70.229506,5.556004,40.591196,2570,1099
100508,HUANUCO,HUAMALIES,PUNCHAO,0.355522,3,431.5164,77.328965,5.246197,42.27462,2176,1100
101102,HUANUCO,YAROWILCA,CAHUAC,0.355398,3,345.721014,74.68449,6.316664,58.145007,3491,1101
021508,ANCASH,PALLASCA,PALLASCA,0.355183,3,418.000772,67.097758,5.809724,59.828547,2114,1102
190305,PASCO,OXAPAMPA,POZUZO,0.354511,3,521.999255,72.249022,5.23963,33.856984,7228,1103
210307,PUNO,CARABAYA,ITUATA,0.354483,3,405.796042,65.356539,5.825633,68.369923,6764,1104
100602,HUANUCO,LEONCIO PRADO,DANIEL ALOMIA ROBLES,0.354329,3,504.539057,74.371195,4.612991,40.663685,7530,1105
100902,HUANUCO,PUERTO INCA,CODO DEL POZUZO,0.354047,3,625.572055,70.998127,4.781382,27.80665,6595,1106
190106,PASCO,PASCO,PALLANCHACRA,0.353942,3,304.035917,73.285858,7.68103,61.532414,3814,1107
030417,APURIMAC,AYMARAES,YANACA,0.353906,3,376.233422,63.664084,6.396089,76.286439,1009,1108
050405,AYACUCHO,HUANTA,LURICOCHA,0.353696,3,353.138873,75.003935,5.385231,67.026745,5435,1109
151032,LIMA,YAUYOS,VIÑAC,0.353468,3,399.931458,78.769818,5.011157,48.996169,1781,1110
030302,APURIMAC,ANTABAMBA,EL ORO,0.353465,3,467.754849,50.557694,7.851773,81.826725,536,1111
021506,ANCASH,PALLASCA,LACABAMBA,0.352782,3,502.421959,65.848126,6.027031,38.85639,401,1112
230407,TACNA,TARATA,TARUCACHI,0.352604,3,269.608385,76.556224,7.504443,71.529232,341,1113
060501,CAJAMARCA,CONTUMAZA,CONTUMAZA,0.352599,3,529.759687,70.150463,5.907581,29.121531,7218,1114
010312,AMAZONAS,BONGARA,YAMBRASBAMBA,0.35229,3,540.543266,70.769421,4.955564,35.146538,7744,1115
030504,APURIMAC,COTABAMBAS,HAQUIRA,0.352098,3,348.273196,75.791135,5.108446,70.657544,10252,1116
030711,APURIMAC,GRAU,TURPAY,0.351968,3,400.752252,62.745715,7.098455,58.477369,637,1117
030407,APURIMAC,AYMARAES,IHUAYLLO,0.351943,3,397.875894,63.482311,6.863393,59.783396,593,1118
061311,CAJAMARCA,SANTA CRUZ,YAUYUCAN,0.351856,3,440.721169,72.295212,4.986817,50.230789,3154,1119
100606,HUANUCO,LEONCIO PRADO,MARIANO DAMASO BERAUN,0.351417,3,505.140235,72.329134,4.884885,38.300756,9591,1120
021009,ANCASH,HUARI,MASIN,0.351385,3,524.446171,77.658141,5.839917,21.787615,1216,1121
030709,APURIMAC,GRAU,SAN ANTONIO,0.351322,3,452.896057,55.668445,8.057957,56.820116,291,1122
020906,ANCASH,CORONGO,YANAC,0.350473,3,425.426351,73.817971,5.612459,41.562889,630,1123
160509,LORETO,REQUENA,TAPICHE,0.350252,3,516.537346,72.884021,5.398528,29.974038,1094,1124
060109,CAJAMARCA,CAJAMARCA,MAGDALENA,0.349913,2,417.18261,74.394018,4.625295,56.628054,8462,1125
200409,PIURA,MORROPON,SANTO DOMINGO,0.349786,2,340.037815,75.280794,5.810543,60.300873,5725,1126
090112,HUANCAVELICA,HUANCAVELICA,MOYA,0.349719,2,548.470992,62.286675,6.858475,30.646338,1703,1127
101006,HUANUCO,LAURICOCHA,SAN FRANCISCO DE ASIS,0.349698,2,359.008357,75.069153,5.801597,53.938558,1269,1128
040807,AREQUIPA,LA UNION,QUECHUALLA,0.349683,2,483.756395,76.467945,7.025548,20.372581,197,1129
010506,AMAZONAS,LUYA,INGUILPATA,0.349613,2,383.757563,73.726804,5.322424,55.760611,425,1130
211202,PUNO,SANDIA,CUYOCUYO,0.349524,2,327.47277,75.220402,5.895793,64.094424,4032,1131
050808,AYACUCHO,PAUCAR DEL SARA SARA,SAN JAVIER DE ALPABAMBA,0.349504,2,390.817593,72.686822,5.751987,49.758967,446,1132
250202,UCAYALI,ATALAYA,SEPAHUA,0.349363,2,577.697356,60.108045,7.035719,29.71561,7852,1133
021205,ANCASH,HUAYLAS,MATO,0.349278,2,434.880724,81.761384,4.627309,38.717847,1707,1134
210106,PUNO,PUNO,CHUCUITO,0.349278,2,328.218158,69.002458,6.507479,71.965667,6084,1135
220104,SAN MARTIN,MOYOBAMBA,JEPELACIO,0.349252,2,457.969668,73.87946,4.584831,47.35783,16121,1136
130304,LA LIBERTAD,BOLIVAR,LONGOTEA,0.34925,2,416.692187,77.237916,6.10165,32.961562,1867,1137
080804,CUSCO,ESPINAR,OCORURO,0.349129,2,419.360687,68.345795,4.984552,63.638663,1115,1138
050608,AYACUCHO,LUCANAS,LARAMATE,0.349126,2,400.512325,69.396437,6.789732,42.809446,1052,1139
220911,SAN MARTIN,SAN MARTIN,PAPAPLAYA,0.349056,2,575.189202,72.588512,5.817668,21.160565,1484,1140
220802,SAN MARTIN,RIOJA,AWAJUN,0.349024,2,481.3273,73.803039,5.251594,34.287308,11414,1141
060310,CAJAMARCA,CELENDIN,SUCRE,0.348747,2,433.705807,74.092782,4.942991,46.409357,5459,1142
060701,CAJAMARCA,HUALGAYOC,BAMBAMARCA,0.348487,2,447.165853,76.336775,4.131982,53.286722,76210,1143
250401,UCAYALI,PURUS,PURUS,0.348424,2,551.691331,67.273622,7.470126,20.543648,3681,1144
010309,AMAZONAS,BONGARA,SAN CARLOS,0.348034,2,431.233928,69.177513,5.636559,46.957802,319,1145
080201,CUSCO,ACOMAYO,ACOMAYO,0.348009,2,487.248694,59.775488,5.493251,60.402557,4772,1146
131002,LA LIBERTAD,SANTIAGO DE CHUCO,ANGASMARCA,0.347954,2,434.541425,80.939896,5.259777,31.896339,6369,1147
220604,SAN MARTIN,MARISCAL CACERES,PACHIZA,0.347931,2,550.620089,72.620947,4.966669,28.861799,4526,1148
090611,HUANCAVELICA,HUAYTARA,SAN FRANCISCO DE SANGAYAICO,0.347703,2,374.099853,70.630066,5.897257,55.952943,481,1149
100307,HUANUCO,DOS DE MAYO,CHUQUIS,0.347239,2,517.657526,69.632,4.466251,44.006856,4779,1150
010517,AMAZONAS,LUYA,SAN FRANCISCO DEL YESO,0.347107,2,686.879131,69.912742,3.923933,29.839462,702,1151
010523,AMAZONAS,LUYA,TRITA,0.346581,2,464.230295,76.265398,5.087387,33.820022,1367,1152
160503,LORETO,REQUENA,CAPELO,0.34636,2,406.662117,73.245771,6.360888,36.570177,3597,1153
101003,HUANUCO,LAURICOCHA,JIVIA,0.346284,2,354.546777,71.84468,7.040532,45.609601,1956,1154
020511,ANCASH,BOLOGNESI,LA PRIMAVERA,0.346076,2,287.412406,71.806345,7.274766,69.832527,821,1155
061112,CAJAMARCA,SAN MIGUEL,TONGOD,0.345878,2,320.527365,73.958912,5.60229,71.574339,3822,1156
100705,HUANUCO,MARAÑON,SANTA ROSA DE ALTO YANAJANCA,0.345833,2,567.656414,64.777534,5.077587,36.116256,2220,1157
080408,CUSCO,CALCA,YANATILE,0.345829,2,367.661841,71.923561,5.5366,58.361387,11927,1158
010104,AMAZONAS,CHACHAPOYAS,CHETO,0.345746,2,398.663339,77.528252,4.584966,52.210906,585,1159
160604,LORETO,UCAYALI,PAMPA HERMOSA,0.34559,2,502.887742,71.884251,5.680489,28.338031,9440,1160
210702,PUNO,LAMPA,CABANILLA,0.345523,2,280.164455,77.364912,6.65527,66.051149,5054,1161
060608,CAJAMARCA,CUTERVO,SAN ANDRES DE CUTERVO,0.345362,2,376.489275,75.830699,5.488101,47.430918,4267,1162
040804,AREQUIPA,LA UNION,HUAYNACOTAS,0.344836,2,378.652374,84.593833,5.136384,37.323812,1844,1163
210803,PUNO,MELGAR,CUPI,0.344802,2,277.607901,69.413672,7.561605,78.029592,2967,1164
090311,HUANCAVELICA,ANGARAES,SANTO TOMAS DE PATA,0.344695,2,414.363707,70.867349,5.503747,46.459398,2498,1165
010120,AMAZONAS,CHACHAPOYAS,SOLOCO,0.344628,2,481.788671,74.397124,4.742332,36.310312,1076,1166
050910,AYACUCHO,SUCRE,SANTIAGO DE PAUCARAY,0.344391,2,436.964147,68.263612,5.574527,45.399903,484,1167
200209,PIURA,AYABACA,SICCHEZ,0.344282,2,463.552208,71.901843,5.574599,33.920035,1330,1168
050802,AYACUCHO,PAUCAR DEL SARA SARA,COLTA,0.343975,2,377.028611,67.035813,6.802041,49.758967,970,1169
090717,HUANCAVELICA,TAYACAJA,SURCUBAMBA,0.3436,2,406.2834,66.340613,4.961316,68.629979,4487,1170
150725,LIMA,HUAROCHIRI,SAN PEDRO DE HUANCAYRE,0.343482,2,297.541049,75.061237,7.797867,49.232739,214,1171
190306,PASCO,OXAPAMPA,PUERTO BERMUDEZ,0.343383,2,419.163547,69.607029,6.420427,37.529665,19679,1172
100802,HUANUCO,PACHITEA,CHAGLLA,0.343377,2,541.215455,72.046678,4.010338,40.612862,10070,1173
190303,PASCO,OXAPAMPA,HUANCABAMBA,0.343007,2,477.385897,71.760792,5.278019,33.989756,6403,1174
080606,CUSCO,CANCHIS,SAN PABLO,0.342999,2,334.187525,73.739817,5.348379,67.034415,4044,1175
050907,AYACUCHO,SUCRE,PAICO,0.342982,2,452.666672,63.326694,6.337118,43.492344,575,1176
131104,LA LIBERTAD,GRAN CHIMU,SAYAPULLO,0.342687,2,535.935807,75.81813,4.401614,29.837956,7010,1177
051108,AYACUCHO,VILCAS HUAMAN,VISCHONGO,0.34213,2,391.927602,72.396489,4.840737,57.245665,4498,1178
021209,ANCASH,HUAYLAS,SANTO TORIBIO,0.342048,2,348.70905,76.996502,5.551053,49.841162,628,1179
010117,AMAZONAS,CHACHAPOYAS,QUINJALCA,0.341954,2,494.980853,73.322438,3.730425,52.071676,640,1180
200301,PIURA,HUANCABAMBA,HUANCABAMBA,0.341904,2,406.319492,65.359631,5.350983,62.217693,29126,1181
061005,CAJAMARCA,SAN MARCOS,ICHOCAN,0.34179,2,435.900751,68.762219,5.620034,42.115781,1240,1182
010502,AMAZONAS,LUYA,CAMPORREDONDO,0.341757,2,517.60686,69.65739,5.610592,27.961454,7192,1183
230403,TACNA,TARATA,ESTIQUE,0.341596,2,273.033796,80.475587,6.98145,54.622322,534,1184
190102,PASCO,PASCO,HUACHON,0.341406,2,295.17418,73.815335,6.496463,64.928611,4588,1185
150804,LIMA,HUAURA,CHECRAS,0.34139,2,423.174426,78.290699,3.403545,71.662176,1498,1186
060110,CAJAMARCA,CAJAMARCA,MATARA,0.34125,2,493.060373,75.287337,4.396823,35.600725,2960,1187
210115,PUNO,PUNO,VILQUE,0.341196,2,287.293203,67.837583,6.923463,81.888338,2704,1188
090404,HUANCAVELICA,CASTROVIRREYNA,CAPILLAS,0.341117,2,446.735581,59.282312,7.126424,46.114177,1172,1189
190205,PASCO,DANIEL ALCIDES CARRION,SAN PEDRO DE PILLAO,0.341064,2,263.110695,73.5113,7.55969,69.321025,1672,1190
100401,HUANUCO,HUACAYBAMBA,HUACAYBAMBA,0.341046,2,421.863075,74.117615,5.600459,35.61859,6503,1191
080602,CUSCO,CANCHIS,CHECACUPE,0.340911,2,302.53842,74.278279,5.816184,69.850887,4833,1192
030205,APURIMAC,ANDAHUAYLAS,HUANCARAY,0.340807,2,413.576993,75.230253,4.105695,58.376233,4036,1193
061306,CAJAMARCA,SANTA CRUZ,NINABAMBA,0.340735,2,371.377402,69.387535,6.210494,49.438322,2092,1194
050203,AYACUCHO,CANGALLO,LOS MOROCHUCOS,0.34068,2,292.886529,82.165118,5.013679,69.53156,7947,1195
110208,ICA,CHINCHA,SAN JUAN DE YANAC,0.340635,2,292.112682,74.073054,7.521722,53.271874,527,1196
101103,HUANUCO,YAROWILCA,CHACABAMBA,0.340452,2,270.338213,76.560608,6.195178,74.741146,2622,1197
020904,ANCASH,CORONGO,CUSCA,0.340247,2,339.048784,73.785111,5.735442,55.659182,2856,1198
080306,CUSCO,ANTA,LIMATAMBO,0.340182,2,394.561125,71.109915,5.376243,48.969869,8685,1199
220510,SAN MARTIN,LAMAS,TABALOSOS,0.339578,2,426.034243,71.020106,5.08647,44.75188,13392,1200
210404,PUNO,CHUCUITO,KELLUYO,0.339543,2,229.369735,75.633127,8.009432,79.142769,20389,1201
090713,HUANCAVELICA,TAYACAJA,QUISHUAR,0.339496,2,437.316235,78.191386,4.163714,43.935569,753,1202
080701,CUSCO,CHUMBIVILCAS,SANTO TOMAS,0.339324,2,388.712888,67.856769,5.206321,60.573677,24527,1203
160703,LORETO,DATEM DEL MARAÑON,MANSERICHE,0.339251,2,482.26181,72.333054,5.828127,26.230026,9787,1204
160104,LORETO,MAYNAS,INDIANA,0.338709,2,404.409711,76.248661,5.856124,32.261814,8919,1205
010505,AMAZONAS,LUYA,CONILA,0.338649,2,372.457006,75.971102,4.670175,55.173657,1890,1206
220508,SAN MARTIN,LAMAS,SAN ROQUE DE CUMBAZA,0.338603,2,492.445133,72.65789,4.531564,36.058894,1313,1207
090405,HUANCAVELICA,CASTROVIRREYNA,CHUPAMARCA,0.338513,2,310.932707,72.185764,6.727571,55.951868,1082,1208
010508,AMAZONAS,LUYA,LONYA CHICO,0.338262,2,473.300329,73.620438,4.82611,33.859455,736,1209
150606,LIMA,HUARAL,IHUARI,0.338208,2,323.613785,77.084833,5.731382,52.326809,1795,1210
020110,ANCASH,HUARAZ,PARIACOTO,0.338115,2,368.762329,73.038216,5.289875,51.731556,4759,1211
030603,APURIMAC,CHINCHEROS,COCHARCAS,0.337762,2,356.768597,71.942277,5.040524,62.381979,2321,1212
060602,CAJAMARCA,CUTERVO,CALLAYUC,0.337608,2,532.676257,75.945906,3.943688,33.375617,9173,1213
250201,UCAYALI,ATALAYA,RAYMONDI,0.337564,2,542.044738,60.435493,6.283041,31.755423,32925,1214
080403,CUSCO,CALCA,LAMAY,0.337324,2,338.433853,75.904121,5.114447,57.871688,5498,1215
030106,APURIMAC,ABANCAY,LAMBRAMA,0.337006,2,395.041785,70.057249,4.455844,65.104319,4161,1216
210504,PUNO,EL COLLAO,SANTA ROSA,0.336724,2,270.840516,79.368965,6.384918,60.06171,5779,1217
030306,APURIMAC,ANTABAMBA,PACHACONAS,0.336641,2,501.414136,52.399833,7.112484,52.10628,1185,1218
080808,CUSCO,ESPINAR,ALTO PICHIGUA,0.336571,2,457.550152,64.75108,4.904043,51.559102,2851,1219
100504,HUANUCO,HUAMALIES,JACAS GRANDE,0.336248,2,382.628066,78.110494,4.697073,45.460566,4969,1220
220603,SAN MARTIN,MARISCAL CACERES,HUICUNGO,0.335926,2,475.176489,72.827064,5.347618,28.388701,7301,1221
221004,SAN MARTIN,TOCACHE,SHUNTE,0.335618,2,485.25588,69.893355,5.231953,31.657253,935,1222
020701,ANCASH,CARLOS FERMIN FITZCARRALD,SAN LUIS,0.335288,2,404.059558,74.753618,4.92056,41.943013,11488,1223
160404,LORETO,MARISCAL RAMON CASTILLA,SAN PABLO,0.335222,2,529.388467,69.684874,5.287858,25.894236,15349,1224
090402,HUANCAVELICA,CASTROVIRREYNA,ARMA,0.335098,2,369.640502,68.895583,6.105182,47.343888,1173,1225
050803,AYACUCHO,PAUCAR DEL SARA SARA,CORCULLA,0.334916,2,475.104583,65.620822,7.083279,25.9612,362,1226
080305,CUSCO,ANTA,HUAROCONDO,0.334837,2,320.875103,78.428462,5.306039,53.519473,4927,1227
060614,CAJAMARCA,CUTERVO,SOCOTA,0.334465,2,360.151056,75.740255,4.850231,52.374246,9254,1228
020510,ANCASH,BOLOGNESI,HUAYLLACAYAN,0.334208,2,285.18211,75.71864,5.775122,67.628218,1022,1229
080504,CUSCO,CANAS,LANGUI,0.333558,2,324.527022,64.766998,5.693189,82.894658,1833,1230
020109,ANCASH,HUARAZ,PAMPAS GRANDE,0.333532,2,310.694931,70.035804,6.488857,59.156969,916,1231
061201,CAJAMARCA,SAN PABLO,SAN PABLO,0.333418,2,426.737348,65.701034,5.377079,46.927855,11922,1232
030403,APURIMAC,AYMARAES,CARAYBAMBA,0.333377,2,341.029814,65.397956,6.694035,57.007078,1238,1233
021004,ANCASH,HUARI,CHAVIN DE HUANTAR,0.333317,2,377.353399,75.717869,4.848324,46.348553,8333,1234
220502,SAN MARTIN,LAMAS,ALONSO DE ALVARADO,0.333305,2,416.119216,71.412661,4.50523,50.31288,17759,1235
120426,JUNIN,JAUJA,POMACANCHA,0.33309,2,463.095539,69.330484,4.926899,37.66962,1471,1236
030412,APURIMAC,AYMARAES,SAÑAYCA,0.333049,2,365.696262,67.140605,5.712426,55.791575,1297,1237
100607,HUANUCO,LEONCIO PRADO,PUCAYACU,0.332751,2,553.211523,70.033232,4.496116,28.716001,3608,1238
051007,AYACUCHO,VICTOR FAJARDO,COLCA,0.332559,2,355.664935,79.877333,5.471141,36.961006,833,1239
210708,PUNO,LAMPA,PUCARA,0.332186,2,249.290685,76.362073,6.3439,75.821737,4883,1240
050501,AYACUCHO,LA MAR,SAN MIGUEL,0.332045,2,317.916103,76.070703,4.851251,65.353376,9097,1241
020302,ANCASH,ANTONIO RAYMONDI,ACZO,0.331968,2,318.508103,71.490393,6.449102,51.472372,1636,1242
061003,CAJAMARCA,SAN MARCOS,EDUARDO VILLANUEVA,0.331876,2,484.490916,68.070402,5.113441,33.41981,2147,1243
030108,APURIMAC,ABANCAY,SAN PEDRO DE CACHORA,0.331681,2,373.558764,71.55121,4.951497,52.832642,3070,1244
120204,JUNIN,CONCEPCION,CHAMBARA,0.331443,2,297.074196,71.045355,6.831665,56.20106,2686,1245
160502,LORETO,REQUENA,ALTO TAPICHE,0.331395,2,431.39479,72.882931,5.412771,31.611509,1912,1246
151027,LIMA,YAUYOS,SAN PEDRO DE PILAS,0.331201,2,264.939249,73.042184,6.897284,65.911513,305,1247
160206,LORETO,ALTO AMAZONAS,LAGUNAS,0.331089,2,409.052779,74.473417,5.941859,28.846294,13212,1248
010516,AMAZONAS,LUYA,SAN CRISTOBAL,0.331047,2,434.232647,72.917446,4.291148,44.845768,537,1249
200407,PIURA,MORROPON,SAN JUAN DE BIGOTE,0.33086,2,342.447595,74.762468,4.819032,57.660358,5713,1250
060410,CAJAMARCA,CHOTA,LAJAS,0.33058,2,402.818978,71.828714,4.316583,54.297542,10312,1251
060903,CAJAMARCA,SAN IGNACIO,HUARANGO,0.330543,2,360.349693,74.038886,5.069382,48.678931,17735,1252
160403,LORETO,MARISCAL RAMON CASTILLA,YAVARI,0.330381,2,502.997664,69.515402,5.892563,22.741246,13433,1253
051006,AYACUCHO,VICTOR FAJARDO,CAYARA,0.330134,2,286.529182,77.15155,5.354018,65.756208,1031,1254
030218,APURIMAC,ANDAHUAYLAS,TURPO,0.32996,2,347.948305,76.613992,4.148959,65.408892,3707,1255
050502,AYACUCHO,LA MAR,ANCO,0.329762,2,297.126282,80.339926,5.180462,56.15071,10927,1256
061109,CAJAMARCA,SAN MIGUEL,NIEPOS,0.329736,2,346.460653,74.923044,5.741524,41.89371,3130,1257
211102,PUNO,SAN ROMAN,CABANA,0.329506,2,260.560886,72.208745,6.62741,72.629769,4240,1258
060803,CAJAMARCA,JAEN,CHONTALI,0.329493,2,366.110204,75.20381,5.301073,41.08462,9195,1259
051101,AYACUCHO,VILCAS HUAMAN,VILCAS HUAMAN,0.329249,2,418.504091,68.411434,4.66932,49.755906,7462,1260
051010,AYACUCHO,VICTOR FAJARDO,HUAYA,0.329174,2,334.228716,77.993803,5.343195,44.353207,2819,1261
061307,CAJAMARCA,SANTA CRUZ,PULAN,0.329126,2,336.793782,73.403057,5.341483,52.245403,3623,1262
061302,CAJAMARCA,SANTA CRUZ,ANDABAMBA,0.329024,2,322.179341,73.958527,5.781974,50.063909,1120,1263
210804,PUNO,MELGAR,LLALLI,0.328979,2,258.510079,74.100626,6.442175,70.427646,3923,1264
120120,JUNIN,HUANCAYO,HUASICANCHA,0.328706,2,308.636015,74.328057,6.388115,46.871044,674,1265
130301,LA LIBERTAD,BOLIVAR,BOLIVAR,0.328581,2,347.059462,76.74338,5.614259,39.308653,4441,1266
220602,SAN MARTIN,MARISCAL CACERES,CAMPANILLA,0.328579,2,415.09251,71.61289,5.044723,38.379252,8584,1267
030705,APURIMAC,GRAU,MAMARA,0.328507,2,400.672717,59.074289,6.291972,55.978336,895,1268
051103,AYACUCHO,VILCAS HUAMAN,CARHUANCA,0.328353,2,434.909623,71.807053,4.987236,34.858576,838,1269
090718,HUANCAVELICA,TAYACAJA,TINTAY PUNCU,0.328338,2,390.332678,67.625314,5.452125,46.451307,10006,1270
151031,LIMA,YAUYOS,TUPE,0.328191,2,418.424403,77.030114,6.403348,21.185844,601,1271
080605,CUSCO,CANCHIS,PITUMARCA,0.327983,2,407.912652,74.937268,4.16362,47.172619,7289,1272
210111,PUNO,PUNO,PICHACANI,0.327923,2,293.189887,68.170365,6.085206,72.54908,5184,1273
030408,APURIMAC,AYMARAES,JUSTO APU SAHUARAURA,0.32789,2,380.53589,62.330861,5.869547,57.007078,1117,1274
100702,HUANUCO,MARAÑON,CHOLON,0.32782,2,428.102816,66.536407,5.354469,40.681238,11708,1275
050706,AYACUCHO,PARINACOCHAS,PUYUSCA,0.327814,2,384.972317,60.886831,5.745759,61.932482,1908,1276
220509,SAN MARTIN,LAMAS,SHANAO,0.327582,2,407.5566,69.687432,4.750253,46.939002,3211,1277
050704,AYACUCHO,PARINACOCHAS,PACAPAUSA,0.32754,2,334.773726,61.596033,5.957806,76.646342,2252,1278
010512,AMAZONAS,LUYA,OCALLI,0.327353,2,468.619198,68.424241,5.440724,29.610807,4162,1279
061103,CAJAMARCA,SAN MIGUEL,CALQUIS,0.327142,2,341.27032,73.981032,4.394036,65.223254,4000,1280
050606,AYACUCHO,LUCANAS,CHIPAO,0.326924,2,366.836244,64.45329,5.761561,55.850138,3099,1281
160505,LORETO,REQUENA,MAQUIA,0.326863,2,454.972436,76.814223,5.566842,21.237635,8025,1282
060807,CAJAMARCA,JAEN,POMAHUACA,0.32669,2,443.597692,78.929542,4.537458,28.408183,9306,1283
090510,HUANCAVELICA,CHURCAMPA,PACHAMARCA,0.326587,2,447.893008,66.982691,4.126754,53.907888,1950,1284
150718,LIMA,HUAROCHIRI,SAN DAMIAN,0.326506,2,321.183595,74.637746,6.949248,36.217187,957,1285
051105,AYACUCHO,VILCAS HUAMAN,HUAMBALPA,0.326262,2,448.601187,72.271214,4.074914,43.082254,1766,1286
160402,LORETO,MARISCAL RAMON CASTILLA,PEBAS,0.326228,2,396.978148,69.528989,5.802489,36.005619,14963,1287
021003,ANCASH,HUARI,CAJAY,0.326,2,323.926306,76.267021,4.513633,62.622581,2138,1288
050906,AYACUCHO,SUCRE,MORCOLLA,0.325651,2,328.16463,69.082793,5.274691,63.835537,908,1289
100502,HUANUCO,HUAMALIES,ARANCAY,0.325459,2,468.433997,73.336681,5.288895,24.105272,1186,1290
050702,AYACUCHO,PARINACOCHAS,CHUMPI,0.32536,2,433.482389,62.848036,5.902983,39.482693,2241,1291
210308,PUNO,CARABAYA,OLLACHEA,0.32491,2,387.318285,68.303124,5.07456,47.944485,6350,1292
220710,SAN MARTIN,PICOTA,TRES UNIDOS,0.324905,2,476.437123,72.655266,5.152958,24.624988,4964,1293
080909,CUSCO,LA CONVENCION,VILCABAMBA,0.324865,2,300.733557,75.799985,5.638593,52.19788,14164,1294
050105,AYACUCHO,HUAMANGA,CHIARA,0.324731,2,386.592398,68.575371,5.125443,46.661466,6998,1295
210102,PUNO,PUNO,ACORA,0.324706,2,242.977316,73.246827,6.507337,76.810442,24872,1296
050908,AYACUCHO,SUCRE,SAN PEDRO DE LARCAY,0.324531,2,376.418834,74.296688,6.169472,29.317061,948,1297
040607,AREQUIPA,CONDESUYOS,SALAMANCA,0.324432,2,261.274734,80.872351,5.325276,64.284297,506,1298
010111,AMAZONAS,CHACHAPOYAS,LEVANTO,0.324295,2,418.124223,76.452349,4.146044,39.63172,671,1299
210114,PUNO,PUNO,TIQUILLACA,0.324165,2,326.30614,67.830143,5.353116,65.164803,1430,1300
010308,AMAZONAS,BONGARA,RECTA,0.324005,2,473.334345,68.939488,5.410331,26.83303,149,1301
050904,AYACUCHO,SUCRE,CHILCAYOC,0.323918,2,376.746584,67.600431,6.303717,37.585976,447,1302
220506,SAN MARTIN,LAMAS,PINTO RECODO,0.323243,2,479.843448,71.854722,4.139751,34.858573,9369,1303
021005,ANCASH,HUARI,HUACACHI,0.323102,2,352.173758,75.734406,5.354619,38.394528,1525,1304
060906,CAJAMARCA,SAN IGNACIO,SAN JOSE DE LOURDES,0.32302,2,359.902432,74.798755,4.699741,46.483186,19779,1305
160103,LORETO,MAYNAS,FERNANDO LORES,0.322688,2,349.90137,74.867815,5.975265,34.060418,17267,1306
020111,ANCASH,HUARAZ,PIRA,0.322672,2,361.914478,76.121531,4.53412,45.908956,3229,1307
060811,CAJAMARCA,JAEN,SAN JOSE DEL ALTO,0.322602,2,344.391513,74.603744,5.145318,44.437197,7049,1308
060806,CAJAMARCA,JAEN,LAS PIRIAS,0.322475,2,422.575323,78.901732,4.250638,32.659169,3104,1309
080906,CUSCO,LA CONVENCION,QUELLOUNO,0.322427,2,270.086973,73.658916,5.808948,66.527985,17388,1310
120106,JUNIN,HUANCAYO,CHICCHE,0.322327,2,283.90659,71.787719,5.355161,72.244842,485,1311
020108,ANCASH,HUARAZ,OLLEROS,0.322188,2,299.787749,74.495865,5.660975,52.390221,1871,1312
200205,PIURA,AYABACA,MONTERO,0.322053,2,338.327742,70.155879,5.256121,53.449752,5664,1313
210805,PUNO,MELGAR,MACARI,0.321933,2,269.759684,71.741743,6.614301,59.652685,7815,1314
010119,AMAZONAS,CHACHAPOYAS,SAN ISIDRO DE MAINO,0.321842,2,426.209374,69.796496,4.739793,38.234448,595,1315
090110,HUANCAVELICA,HUANCAVELICA,MANTA,0.32174,2,328.891277,64.238771,5.944179,62.51853,1307,1316
020104,ANCASH,HUARAZ,HUANCHAY,0.321614,2,312.329247,70.435507,5.955877,52.094584,1448,1317
090204,HUANCAVELICA,ACOBAMBA,CAJA,0.321353,2,326.795955,74.90554,5.338403,45.588765,2195,1318
030405,APURIMAC,AYMARAES,COLCABAMBA,0.321298,2,295.269558,68.111203,5.084237,82.643642,866,1319
130608,LA LIBERTAD,OTUZCO,MACHE,0.320764,2,312.802169,78.466065,4.688609,53.090734,2776,1320
131001,LA LIBERTAD,SANTIAGO DE CHUCO,SANTIAGO DE CHUCO,0.320676,2,324.768883,75.213333,5.318687,45.341846,18795,1321
210110,PUNO,PUNO,PAUCARCOLLA,0.320403,2,265.955106,69.294263,6.37181,70.236482,4851,1322
020202,ANCASH,AIJA,CORIS,0.32037,2,449.088673,63.386334,5.815883,33.099284,1930,1323
060414,CAJAMARCA,CHOTA,PION,0.320366,2,493.196218,75.35758,5.144573,18.859637,1089,1324
080913,CUSCO,LA CONVENCION,VILLA KINTIARINA,0.319907,2,349.121091,72.537714,4.644763,52.486454,1820,1325
090615,HUANCAVELICA,HUAYTARA,SANTO DOMINGO DE CAPILLAS,0.319764,2,354.235912,63.268778,6.703929,45.367251,740,1326
130801,LA LIBERTAD,PATAZ,TAYABAMBA,0.319751,2,343.576765,72.758396,5.08935,46.46894,13901,1327
090702,HUANCAVELICA,TAYACAJA,ACOSTAMBO,0.319751,2,352.63529,73.356009,4.747968,47.73247,3265,1328
021509,ANCASH,PALLASCA,PAMPAS,0.31963,2,375.657762,66.553563,5.709213,42.282938,7054,1329
080807,CUSCO,ESPINAR,SUYCKUTAMBO,0.319613,2,367.576194,71.720561,3.710144,71.797466,2000,1330
060611,CAJAMARCA,CUTERVO,SANTA CRUZ,0.319557,2,332.215444,78.420518,4.673482,45.661108,2343,1331
100610,HUANUCO,LEONCIO PRADO,SANTO DOMINGO DE ANDA,0.31951,2,436.664089,72.713594,4.313456,35.79727,2449,1332
160303,LORETO,LORETO,TIGRE,0.318947,2,401.496287,71.765105,5.698905,28.550381,8080,1333
030301,APURIMAC,ANTABAMBA,ANTABAMBA,0.318791,2,483.437165,54.298792,6.754384,38.121627,2703,1334
060804,CAJAMARCA,JAEN,COLASAY,0.318668,2,405.449029,75.570541,4.70861,31.865364,8750,1335
061105,CAJAMARCA,SAN MIGUEL,EL PRADO,0.318603,2,395.844352,74.172656,4.757607,34.889941,580,1336
050202,AYACUCHO,CANGALLO,CHUSCHI,0.31827,2,282.659877,80.254912,5.212632,50.51948,7722,1337
050403,AYACUCHO,HUANTA,HUAMANGUILLA,0.318212,2,300.268476,77.251505,4.999498,52.465298,4463,1338
100112,HUANUCO,HUANUCO,YACUS,0.317978,2,312.606413,80.300641,3.959125,63.09677,5317,1339
230206,TACNA,CANDARAVE,QUILAHUANI,0.317767,2,255.387047,70.060883,7.260141,59.388979,979,1340
030416,APURIMAC,AYMARAES,TORAYA,0.317626,2,340.162959,68.957008,4.72107,60.682395,1711,1341
230402,TACNA,TARATA,HEROES ALBARRACIN,0.317308,2,185.656441,77.592946,7.683218,85.835078,528,1342
150809,LIMA,HUAURA,SANTA LEONOR,0.317292,2,227.628449,74.712896,7.168882,64.375315,1031,1343
220203,SAN MARTIN,BELLAVISTA,BAJO BIAVO,0.316965,2,410.121704,73.203118,4.700307,33.216631,19921,1344
160507,LORETO,REQUENA,SAQUENA,0.316566,2,388.302455,76.297483,4.808333,31.636982,4485,1345
210406,PUNO,CHUCUITO,POMATA,0.316509,2,250.787217,72.969641,6.016037,69.127839,13779,1346
150802,LIMA,HUAURA,AMBAR,0.316448,2,360.104546,73.508776,4.781829,42.060097,2417,1347
060904,CAJAMARCA,SAN IGNACIO,LA COIPA,0.316421,2,366.38912,77.940548,4.794796,33.82152,20424,1348
151022,LIMA,YAUYOS,OMAS,0.316207,2,242.685769,71.976336,7.691742,55.365671,531,1349
160605,LORETO,UCAYALI,SARAYACU,0.316128,2,357.395063,70.754026,6.170124,32.603949,15258,1350
100110,HUANUCO,HUANUCO,YARUMAYO,0.316098,2,335.122627,76.750891,4.242865,52.580641,2255,1351
050111,AYACUCHO,HUAMANGA,SANTIAGO DE PISCHA,0.315942,2,293.802104,68.352438,5.391013,68.342551,1766,1352
100505,HUANUCO,HUAMALIES,JIRCAN,0.315701,2,400.269587,72.506928,4.76453,34.449475,2648,1353
160302,LORETO,LORETO,PARINARI,0.315427,2,374.209162,72.529793,5.765008,29.682737,6374,1354
010103,AMAZONAS,CHACHAPOYAS,BALSAS,0.315308,2,415.021047,68.594405,5.193542,32.772384,1467,1355
060905,CAJAMARCA,SAN IGNACIO,NAMBALLE,0.315148,2,296.159746,73.364492,5.4064,52.88965,9813,1356
021903,ANCASH,SIHUAS,ALFONSO UGARTE,0.314848,2,318.541799,71.79266,6.768068,34.598178,518,1357
100701,HUANUCO,MARAÑON,HUACRACHUCO,0.314754,2,399.797574,66.759759,4.947836,41.344492,14485,1358
050909,AYACUCHO,SUCRE,SAN SALVADOR DE QUIJE,0.314342,2,380.763063,65.78222,5.141431,45.103171,1283,1359
090609,HUANCAVELICA,HUAYTARA,QUITO-ARMA,0.314285,2,415.005021,64.328488,5.951746,32.280544,689,1360
100205,HUANUCO,AMBO,HUACAR,0.314244,2,324.349137,76.939453,4.22817,54.538962,6573,1361
220305,SAN MARTIN,EL DORADO,SHATOJA,0.314116,2,372.265573,74.700883,4.806531,35.320659,3337,1362
030208,APURIMAC,ANDAHUAYLAS,PACOBAMBA,0.314086,2,293.246483,75.478513,4.392991,67.6764,3318,1363
150706,LIMA,HUAROCHIRI,CUENCA,0.313482,2,346.172817,73.501575,4.319115,51.373292,419,1364
100503,HUANUCO,HUAMALIES,CHAVIN DE PARIARCA,0.313132,2,367.322129,76.757131,4.832407,32.639315,3095,1365
030501,APURIMAC,COTABAMBAS,TAMBOBAMBA,0.313037,2,348.581107,67.498035,4.482914,61.341677,10487,1366
020203,ANCASH,AIJA,HUACLLAN,0.312557,2,388.256459,63.54707,6.787241,31.317015,511,1367
210211,PUNO,AZANGARO,SAN ANTON,0.312381,2,276.868696,68.510072,5.921452,63.23261,8567,1368
050304,AYACUCHO,HUANCA SANCOS,SANTIAGO DE LUCANAMARCA,0.312277,2,314.836677,77.541594,5.18823,39.326026,2227,1369
060106,CAJAMARCA,CAJAMARCA,JESUS,0.312242,2,348.6308,76.126047,4.370614,43.552284,14228,1370
210607,PUNO,HUANCANE,TARACO,0.312014,2,231.991286,74.566431,6.27741,67.138282,12391,1371
060604,CAJAMARCA,CUTERVO,CUJILLO,0.31197,2,344.826149,74.197699,4.760375,41.632358,2585,1372
120605,JUNIN,SATIPO,PAMPA HERMOSA,0.311928,2,313.298232,75.346092,5.453841,39.888281,8248,1373
230406,TACNA,TARATA,SUSAPAYA,0.311706,2,223.874149,77.278106,6.468907,62.588078,580,1374
030410,APURIMAC,AYMARAES,POCOHUANCA,0.310559,2,295.231973,63.417987,6.336862,61.452965,1016,1375
010608,AMAZONAS,RODRIGUEZ DE MENDOZA,MILPUC,0.310428,2,509.577825,67.724908,4.691602,23.381443,459,1376
211302,PUNO,YUNGUYO,ANAPIA,0.310323,2,220.052721,74.456939,6.759092,66.782299,3001,1377
021804,ANCASH,SANTA,MACATE,0.310156,2,289.147022,75.585323,5.561905,44.471265,2703,1378
100103,HUANUCO,HUANUCO,CHINCHAO,0.309655,2,378.479493,76.174312,3.774794,44.881333,19257,1379
090409,HUANCAVELICA,CASTROVIRREYNA,MOLLEPAMPA,0.309524,2,333.018714,62.880359,6.079454,50.082791,1498,1380
010510,AMAZONAS,LUYA,LUYA VIEJO,0.309418,2,338.29224,78.161222,4.934037,33.456366,456,1381
130805,LA LIBERTAD,PATAZ,HUAYLILLAS,0.309259,2,388.744268,73.965033,5.412213,25.074706,2881,1382
081305,CUSCO,URUBAMBA,MARAS,0.309122,2,274.747947,74.650604,5.263703,55.220721,5269,1383
160508,LORETO,REQUENA,SOPLIN,0.309088,2,353.147741,76.282954,5.853063,25.103257,682,1384
210704,PUNO,LAMPA,NICASIO,0.308897,2,197.24204,74.365311,7.020595,80.577428,2321,1385
090714,HUANCAVELICA,TAYACAJA,SALCABAMBA,0.308783,2,350.166329,72.50944,4.057592,53.194022,3595,1386
021007,ANCASH,HUARI,HUACHIS,0.308725,2,299.697716,76.556532,5.413435,39.963695,3141,1387
090305,HUANCAVELICA,ANGARAES,CHINCHO,0.30865,2,295.05057,71.595074,5.161544,54.411404,2782,1388
100603,HUANUCO,LEONCIO PRADO,HERMILIO VALDIZAN,0.308509,2,340.206946,73.29098,4.636255,43.467259,3653,1389
021207,ANCASH,HUAYLAS,PUEBLO LIBRE,0.308438,2,430.474703,82.787156,3.239502,35.572805,6398,1390
030708,APURIMAC,GRAU,PROGRESO,0.307781,2,290.065909,72.037065,5.154409,54.68626,3487,1391
030402,APURIMAC,AYMARAES,CAPAYA,0.30763,2,296.423757,63.027162,7.216159,49.184678,875,1392
080905,CUSCO,LA CONVENCION,OCOBAMBA,0.307545,2,263.057026,70.573737,5.923598,59.004933,5159,1393
090704,HUANCAVELICA,TAYACAJA,AHUAYCHA,0.307278,2,278.563906,70.239213,5.20707,63.208232,4622,1394
061203,CAJAMARCA,SAN PABLO,SAN LUIS,0.307105,2,386.883391,66.868041,4.86653,39.15024,639,1395
090206,HUANCAVELICA,ACOBAMBA,PAUCARA,0.307095,2,243.456037,76.817147,5.215337,65.381211,29603,1396
100322,HUANUCO,DOS DE MAYO,SILLAPATA,0.306793,2,354.080283,67.943298,4.55263,50.113929,1611,1397
020204,ANCASH,AIJA,LA MERCED,0.306779,2,343.684415,63.90826,6.30002,39.888881,1653,1398
090205,HUANCAVELICA,ACOBAMBA,MARCAS,0.306713,2,305.709872,76.398264,4.65744,46.744849,1907,1399
060615,CAJAMARCA,CUTERVO,TORIBIO CASANOVA,0.306482,2,390.852636,78.150099,4.912215,23.122573,911,1400
120207,JUNIN,CONCEPCION,HEROINAS TOLEDO,0.30584,2,345.928406,71.465489,5.262076,35.178315,859,1401
040811,AREQUIPA,LA UNION,TORO,0.305804,2,209.770695,81.208193,6.599283,54.849256,454,1402
210209,PUNO,AZANGARO,POTONI,0.305741,2,271.624245,69.222647,5.772116,58.333808,3830,1403
160511,LORETO,REQUENA,YAQUERANA,0.305231,2,260.396259,72.203773,6.557307,46.643471,2526,1404
060418,CAJAMARCA,CHOTA,TOCMOCHE,0.304735,2,531.557388,72.323915,4.962144,14.245473,878,1405
050108,AYACUCHO,HUAMANGA,QUINUA,0.304726,2,322.252715,64.360394,5.078529,59.341577,5716,1406
021511,ANCASH,PALLASCA,TAUCA,0.30378,2,357.592012,68.337738,5.606946,32.806797,2818,1407
021203,ANCASH,HUAYLAS,HUATA,0.302875,2,272.359139,77.659093,4.73928,52.215874,1376,1408
080406,CUSCO,CALCA,SAN SALVADOR,0.302626,2,305.203703,73.963258,4.44307,51.573882,5531,1409
080911,CUSCO,LA CONVENCION,INKAWASI,0.302351,2,250.006344,77.511371,5.313007,52.990828,3516,1410
160803,LORETO,PUTUMAYO,TENIENTE MANUEL CLAVERO,0.302336,2,432.59484,76.59624,5.068901,17.244154,3859,1411
220708,SAN MARTIN,PICOTA,SHAMBOYACU,0.302137,2,395.432054,77.080216,4.244411,27.433474,12062,1412
080705,CUSCO,CHUMBIVILCAS,LIVITACA,0.301938,2,347.711943,67.820248,4.325306,51.979308,12588,1413
220304,SAN MARTIN,EL DORADO,SANTA ROSA,0.301545,2,340.379738,75.943034,4.504381,35.679609,10142,1414
022004,ANCASH,YUNGAY,MATACOTO,0.301291,2,280.634491,72.114578,4.768478,58.440629,1511,1415
020402,ANCASH,ASUNCION,ACOCHACA,0.301235,2,317.01389,71.936162,4.548375,48.197955,2523,1416
060407,CAJAMARCA,CHOTA,COCHABAMBA,0.30113,2,327.116525,71.971143,4.057283,54.499111,5264,1417
021305,ANCASH,MARISCAL LUZURIAGA,LLAMA,0.301125,2,336.256884,69.332728,6.108554,30.133692,896,1418
021504,ANCASH,PALLASCA,HUACASCHUQUE,0.300743,2,300.271899,65.575068,5.187931,58.55442,391,1419
110209,ICA,CHINCHA,SAN PEDRO DE HUACARPANA,0.300686,2,186.591173,77.716229,7.120457,67.564328,1345,1420
081002,CUSCO,PARURO,ACCHA,0.300626,2,344.68977,60.271422,4.775381,64.586647,3016,1421
160506,LORETO,REQUENA,PUINAHUA,0.300553,2,280.54108,76.327945,5.77207,36.289621,5417,1422
220303,SAN MARTIN,EL DORADO,SAN MARTIN,0.300316,2,378.900198,75.098125,4.471952,28.731758,13474,1423
061111,CAJAMARCA,SAN MIGUEL,SAN SILVESTRE DE COCHAN,0.300286,2,306.341908,74.745786,4.533345,45.729535,3571,1424
090104,HUANCAVELICA,HUANCAVELICA,CONAYCA,0.300203,2,265.232026,67.454164,5.701499,60.998,938,1425
210901,PUNO,MOHO,MOHO,0.300179,2,246.827289,72.054786,5.35961,64.259075,11753,1426
020303,ANCASH,ANTONIO RAYMONDI,CHACCHO,0.300036,2,292.452211,69.24506,6.038908,41.198878,1291,1427
020903,ANCASH,CORONGO,BAMBAS,0.299967,2,289.394076,72.209855,5.344941,44.25678,511,1428
090607,HUANCAVELICA,HUAYTARA,PILPICHACA,0.299795,2,292.688144,72.830033,4.99751,46.426472,3328,1429
010305,AMAZONAS,BONGARA,CUISPES,0.299445,2,354.42398,67.596904,5.030606,37.441437,778,1430
210602,PUNO,HUANCANE,COJATA,0.299265,2,243.409337,71.290872,6.150441,55.106066,3484,1431
080506,CUSCO,CANAS,PAMPAMARCA,0.299101,2,274.953767,62.219176,6.097392,64.883515,1774,1432
150720,LIMA,HUAROCHIRI,SAN JUAN DE TANTARANCHE,0.298898,2,243.759348,76.052357,7.458311,34.462917,412,1433
090102,HUANCAVELICA,HUANCAVELICA,ACOBAMBILLA,0.298679,2,327.110405,53.944497,6.878822,60.738434,3460,1434
130306,LA LIBERTAD,BOLIVAR,UCUNCHA,0.298556,2,322.889396,83.729317,5.128515,23.118873,638,1435
030610,APURIMAC,CHINCHEROS,EL PORVENIR,0.298503,2,303.564827,68.644164,4.637168,56.373878,1465,1436
021210,ANCASH,HUAYLAS,YURACMARCA,0.298149,2,295.874841,77.389528,5.268549,33.676461,1722,1437
010205,AMAZONAS,BAGUA,IMAZA,0.298089,2,309.139891,73.065863,5.81051,31.295719,23142,1438
081007,CUSCO,PARURO,PACCARITAMBO,0.298084,2,365.980362,62.914678,3.79139,69.482961,1290,1439
060810,CAJAMARCA,JAEN,SAN FELIPE,0.297787,2,297.649618,75.695741,4.767924,41.162877,5425,1440
060416,CAJAMARCA,CHOTA,SAN JUAN DE LICUPIS,0.297782,2,257.757318,69.083555,5.643132,58.439852,739,1441
061304,CAJAMARCA,SANTA CRUZ,CHANCAYBAÑOS,0.297641,2,304.077793,68.028971,4.855081,52.732415,3398,1442
210206,PUNO,AZANGARO,CHUPA,0.29756,2,230.102964,66.265048,6.376839,72.68033,7712,1443
030411,APURIMAC,AYMARAES,SAN JUAN DE CHACÑA,0.297466,2,336.631433,65.081329,4.700393,50.763445,682,1444
090115,HUANCAVELICA,HUANCAVELICA,PILCHACA,0.297161,2,356.019545,67.1617,5.414035,32.306348,318,1445
050109,AYACUCHO,HUAMANGA,SAN JOSE DE TICLLAS,0.297131,2,324.200809,68.792904,4.059246,58.984879,2654,1446
101108,HUANUCO,YAROWILCA,CHORAS,0.296899,2,303.338748,73.208672,4.673854,44.237873,1107,1447
151009,LIMA,YAUYOS,CHOCOS,0.296848,2,229.275565,75.23019,5.446593,61.203548,1100,1448
021905,ANCASH,SIHUAS,CHINGALPO,0.296805,2,311.897134,72.564083,5.615908,32.081947,842,1449
130305,LA LIBERTAD,BOLIVAR,UCHUMARCA,0.296758,2,271.474811,78.852766,5.605264,34.37676,2254,1450
060413,CAJAMARCA,CHOTA,PACCHA,0.296655,2,310.3065,72.950788,4.505905,44.894825,4160,1451
021102,ANCASH,HUARMEY,COCHAPETI,0.296397,2,203.179087,79.494209,6.427177,54.188208,608,1452
090707,HUANCAVELICA,TAYACAJA,HUACHOCOLPA,0.296219,2,240.803159,66.481201,6.18117,65.7212,5492,1453
030713,APURIMAC,GRAU,VIRUNDO,0.296128,2,227.59746,75.18052,5.51378,60.383411,1118,1454
060907,CAJAMARCA,SAN IGNACIO,TABACONAS,0.29612,2,287.736035,77.884382,4.600192,41.865699,21179,1455
010609,AMAZONAS,RODRIGUEZ DE MENDOZA,OMIA,0.2959,2,397.09932,68.501693,4.909909,27.019882,10480,1456
200403,PIURA,MORROPON,CHALACO,0.295471,2,287.398218,74.974758,4.686773,45.001266,7402,1457
210904,PUNO,MOHO,TILALI,0.295327,2,193.857692,79.239688,5.52538,74.511889,1543,1458
010109,AMAZONAS,CHACHAPOYAS,LA JALCA,0.295184,2,305.714701,73.094502,4.641319,42.662944,4279,1459
060202,CAJAMARCA,CAJABAMBA,CACHACHI,0.294835,2,361.864369,77.152122,3.777592,35.504513,26076,1460
190206,PASCO,DANIEL ALCIDES CARRION,SANTA ANA DE TUSI,0.294734,2,174.824738,69.218439,7.969797,86.330542,25083,1461
160107,LORETO,MAYNAS,NAPO,0.294568,2,366.450687,74.04583,5.084094,23.381946,16015,1462
080205,CUSCO,ACOMAYO,POMACANCHI,0.29433,2,309.959062,60.801586,5.195374,61.376645,8016,1463
020603,ANCASH,CARHUAZ,AMASHCA,0.294082,2,263.475984,82.72675,3.838802,56.653421,1319,1464
010401,AMAZONAS,CONDORCANQUI,NIEVA,0.294016,2,331.174367,66.038824,5.834988,33.660656,24778,1465
030609,APURIMAC,CHINCHEROS,ROCCHACC,0.293967,2,302.368179,69.204756,3.924253,67.554742,2007,1466
150711,LIMA,HUAROCHIRI,LANGA,0.293286,2,209.521305,76.032201,6.066692,58.411724,724,1467
220904,SAN MARTIN,SAN MARTIN,CHAZUTA,0.292643,2,288.066472,72.865388,5.325316,37.717588,7853,1468
090312,HUANCAVELICA,ANGARAES,SECCLLA,0.292265,2,223.202461,72.813274,5.592228,63.043589,3863,1469
030304,APURIMAC,ANTABAMBA,JUAN ESPINOZA MEDRANO,0.292207,2,356.680369,54.579296,5.921433,51.820179,1782,1470
060610,CAJAMARCA,CUTERVO,SAN LUIS DE LUCMA,0.291987,2,322.745645,77.998386,4.240459,33.915116,3309,1471
030305,APURIMAC,ANTABAMBA,OROPESA,0.291759,2,338.593261,57.274261,4.925545,63.847496,2920,1472
200201,PIURA,AYABACA,AYABACA,0.291633,2,310.42091,66.902116,5.078885,43.757472,34311,1473
090613,HUANCAVELICA,HUAYTARA,SANTIAGO DE CHOCORVOS,0.291464,2,346.752445,63.254767,4.973288,42.192776,1845,1474
160106,LORETO,MAYNAS,MAZAN,0.291128,2,320.369449,73.946655,4.965156,30.624913,12392,1475
100506,HUANUCO,HUAMALIES,MIRAFLORES,0.291071,2,236.078566,79.741523,4.502002,57.69849,3011,1476
220402,SAN MARTIN,HUALLAGA,ALTO SAPOSOA,0.290895,2,303.651049,78.081204,4.577253,33.325165,4084,1477
051002,AYACUCHO,VICTOR FAJARDO,ALCAMENCA,0.290565,2,226.509698,78.513317,4.813171,59.068523,1887,1478
021006,ANCASH,HUARI,HUACCHIS,0.290412,2,313.120498,72.830519,5.924277,25.532361,1655,1479
160510,LORETO,REQUENA,JENARO HERRERA,0.29032,2,286.533383,75.531128,6.159489,26.408319,4870,1480
030503,APURIMAC,COTABAMBAS,COYLLURQUI,0.290156,2,269.384526,71.322087,4.514973,57.918157,7520,1481
160504,LORETO,REQUENA,EMILIO SAN MARTIN,0.289866,2,280.369811,78.134107,5.218483,31.709377,6975,1482
131102,LA LIBERTAD,GRAN CHIMU,LUCMA,0.289789,2,304.696159,73.350845,4.793628,36.137408,6499,1483
160102,LORETO,MAYNAS,ALTO NANAY,0.289753,2,350.103735,76.809404,4.245602,28.202073,3014,1484
080803,CUSCO,ESPINAR,COPORAQUE,0.28955,2,258.34777,68.537889,4.36228,75.551079,14411,1485
210703,PUNO,LAMPA,CALAPUJA,0.28955,2,205.496581,77.569384,5.519428,61.261766,1448,1486
210113,PUNO,PUNO,SAN ANTONIO,0.289371,2,201.079295,73.655745,6.323074,61.748468,3722,1487
090303,HUANCAVELICA,ANGARAES,CALLANMARCA,0.289361,2,245.764894,79.260108,3.689609,73.779273,556,1488
090614,HUANCAVELICA,HUAYTARA,SANTIAGO DE QUIRAHUARA,0.289294,2,217.749156,68.757228,6.241259,64.112747,471,1489
030505,APURIMAC,COTABAMBAS,MARA,0.289003,2,248.452691,71.087396,4.396398,72.028333,5861,1490
080703,CUSCO,CHUMBIVILCAS,CHAMACA,0.288952,2,255.786335,68.434977,5.042567,60.627187,8001,1491
211003,PUNO,SAN ANTONIO DE PUTINA,PEDRO VILCA APAZA,0.288813,2,237.414345,66.794754,5.496052,68.148747,2601,1492
210108,PUNO,PUNO,HUATA,0.288675,2,206.720926,70.36925,6.450054,63.687524,8492,1493
090310,HUANCAVELICA,ANGARAES,SAN ANTONIO DE ANTAPARCO,0.288567,2,159.002285,73.146986,7.697661,85.316144,6290,1494
210112,PUNO,PUNO,PLATERIA,0.288453,2,210.312242,64.205976,7.04879,72.157648,7038,1495
131004,LA LIBERTAD,SANTIAGO DE CHUCO,MOLLEBAMBA,0.28841,2,238.847615,76.191303,5.542568,43.864662,2194,1496
080501,CUSCO,CANAS,YANAOCA,0.288275,2,271.295565,61.105307,5.70942,62.647237,8822,1497
220511,SAN MARTIN,LAMAS,ZAPATERO,0.288001,2,294.001486,70.970877,4.577852,45.010002,4843,1498
021011,ANCASH,HUARI,PONTO,0.287873,2,243.239033,74.023851,5.311571,48.304466,2817,1499
050618,AYACUCHO,LUCANAS,SAN PEDRO DE PALCO,0.287748,1,348.870592,66.485016,4.664832,36.300532,981,1500
211304,PUNO,YUNGUYO,CUTURAPI,0.287734,1,197.77369,76.222896,5.266239,73.150394,708,1501
030103,APURIMAC,ABANCAY,CIRCA,0.287291,1,251.971846,72.684721,4.651812,57.209625,1919,1502
060112,CAJAMARCA,CAJAMARCA,SAN JUAN,0.287176,1,312.574545,71.922844,4.470383,38.46052,4874,1503
120907,JUNIN,CHUPACA,SAN JUAN DE JARPA,0.287166,1,228.801557,75.133519,5.358387,51.855736,2998,1504
021602,ANCASH,POMABAMBA,HUAYLLAN,0.286936,1,277.132402,76.214845,5.058363,34.596773,3181,1505
080202,CUSCO,ACOMAYO,ACOPIA,0.286885,1,243.264343,64.192249,5.136072,77.9121,2123,1506
150730,LIMA,HUAROCHIRI,SANTIAGO DE TUNA,0.286343,1,223.874415,71.462703,6.503964,47.263429,629,1507
030206,APURIMAC,ANDAHUAYLAS,HUAYANA,0.286342,1,214.124509,78.911945,4.946873,58.341724,861,1508
010605,AMAZONAS,RODRIGUEZ DE MENDOZA,LIMABAMBA,0.286112,1,314.745272,67.722519,5.201222,35.072165,2938,1509
090114,HUANCAVELICA,HUANCAVELICA,PALCA,0.28602,1,258.694731,64.766402,5.074836,65.625435,2250,1510
080503,CUSCO,CANAS,KUNTURKANKI,0.286009,1,274.310248,59.947817,5.464451,66.33363,5060,1511
200207,PIURA,AYABACA,PAIMAS,0.285888,1,316.855194,69.804924,4.870297,34.635439,10277,1512
250203,UCAYALI,ATALAYA,TAHUANIA,0.285862,1,461.517147,64.28093,5.238129,17.563082,8158,1513
210104,PUNO,PUNO,ATUNCOLLA,0.285467,1,213.964175,68.206528,6.478391,60.093686,5194,1514
080203,CUSCO,ACOMAYO,ACOS,0.285454,1,341.184574,61.176295,4.625997,48.468369,1904,1515
010513,AMAZONAS,LUYA,OCUMAL,0.285337,1,303.391055,68.999299,4.90555,38.708902,3978,1516
210103,PUNO,PUNO,AMANTANI,0.28485,1,239.22151,76.195598,4.443333,57.424999,4012,1517
081008,CUSCO,PARURO,PILLPINTO,0.284676,1,288.592284,67.160482,5.361866,40.604106,962,1518
100404,HUANUCO,HUACAYBAMBA,PINRA,0.284552,1,245.465879,77.267879,4.50053,50.456468,7815,1519
050511,AYACUCHO,LA MAR,ORONCCOY,0.284493,1,225.687873,81.765273,3.954109,65.249401,1010,1520
080207,CUSCO,ACOMAYO,SANGARARA,0.283973,1,288.490847,60.622023,4.857202,65.343727,3215,1521
030207,APURIMAC,ANDAHUAYLAS,KISHUARA,0.283952,1,243.85288,77.857373,3.928886,62.75484,7665,1522
021910,ANCASH,SIHUAS,SICSIBAMBA,0.283551,1,261.161897,73.773737,5.251378,38.44242,1510,1523
010511,AMAZONAS,LUYA,MARIA,0.282144,1,385.691517,70.278112,5.239921,18.066438,831,1524
081206,CUSCO,QUISPICANCHI,CUSIPATA,0.2818,1,273.626282,61.46222,5.227673,59.943927,4179,1525
131007,LA LIBERTAD,SANTIAGO DE CHUCO,SANTA CRUZ DE CHUCA,0.281708,1,239.443566,76.464215,4.867964,45.710131,2838,1526
200306,PIURA,HUANCABAMBA,SAN MIGUEL DE EL FAIQUE,0.281225,1,250.290059,67.51252,5.008149,57.175604,8261,1527
080302,CUSCO,ANTA,ANCAHUASI,0.281117,1,206.45732,77.111008,5.012239,59.782236,6402,1528
210304,PUNO,CARABAYA,COASA,0.280906,1,254.218228,62.192543,5.452907,62.846862,12761,1529
022008,ANCASH,YUNGAY,YANAMA,0.280669,1,263.057418,69.097237,4.903105,48.381868,5701,1530
120608,JUNIN,SATIPO,RIO TAMBO,0.280451,1,254.082578,78.557797,5.094068,33.325465,50184,1531
030611,APURIMAC,CHINCHEROS,LOS CHANKAS,0.280398,1,213.902356,74.651058,4.803842,63.695372,917,1532
210203,PUNO,AZANGARO,ARAPA,0.280226,1,209.011878,67.688571,5.724273,69.460783,6072,1533
090119,HUANCAVELICA,HUANCAVELICA,HUANDO,0.280164,1,246.653723,68.87894,4.867314,56.777771,6426,1534
050617,AYACUCHO,LUCANAS,SAN PEDRO,0.279845,1,237.058026,71.816198,4.692185,57.644944,2602,1535
050206,AYACUCHO,CANGALLO,TOTOS,0.279804,1,224.293465,76.585546,4.401205,60.095734,3026,1536
101104,HUANUCO,YAROWILCA,APARICIO POMARES,0.279604,1,243.350935,74.301473,4.265836,57.043976,4656,1537
130611,LA LIBERTAD,OTUZCO,SALPO,0.279128,1,239.258427,74.57203,4.873478,46.621495,5611,1538
060105,CAJAMARCA,CAJAMARCA,ENCAÑADA,0.278783,1,299.215955,76.630214,3.548077,44.826845,20782,1539
010521,AMAZONAS,LUYA,SANTO TOMAS,0.278361,1,306.078896,69.531358,4.895668,32.032691,3015,1540
040406,AREQUIPA,CASTILLA,CHOCO,0.278307,1,342.675923,78.830722,4.637459,18.543426,768,1541
120709,JUNIN,TARMA,TAPO,0.278301,1,236.263929,76.278318,4.744785,46.010787,5155,1542
021303,ANCASH,MARISCAL LUZURIAGA,ELEAZAR GUZMAN BARRON,0.278004,1,258.805347,71.630724,4.482781,49.07487,1306,1543
090711,HUANCAVELICA,TAYACAJA,PAZOS,0.277837,1,215.17787,76.34676,4.776256,56.087961,5515,1544
050504,AYACUCHO,LA MAR,CHILCAS,0.277632,1,234.61079,78.53167,4.132029,53.421978,2626,1545
060419,CAJAMARCA,CHOTA,CHALAMARCA,0.277596,1,277.215967,71.678309,4.162327,47.068742,10167,1546
250104,UCAYALI,CORONEL PORTILLO,MASISEA,0.277348,1,254.392295,74.834223,5.817839,29.436386,10531,1547
150303,LIMA,CAJATAMBO,GORGOR,0.277028,1,249.486179,68.603786,6.847555,31.801136,2492,1548
200203,PIURA,AYABACA,JILILI,0.276869,1,257.484152,70.809325,4.835601,44.373379,2403,1549
100402,HUANUCO,HUACAYBAMBA,CANCHABAMBA,0.276862,1,247.461359,77.621552,4.356993,43.771169,2851,1550
101105,HUANUCO,YAROWILCA,JACAS CHICO,0.276387,1,231.005803,69.547766,4.77482,61.049293,1267,1551
060606,CAJAMARCA,CUTERVO,PIMPINGOS,0.276386,1,237.156211,76.846026,4.775044,42.366059,4773,1552
160704,LORETO,DATEM DEL MARAÑON,MORONA,0.276382,1,277.517999,76.942308,5.64994,22.662214,11071,1553
030203,APURIMAC,ANDAHUAYLAS,CHIARA,0.276223,1,239.86983,71.192791,4.247548,62.943081,1124,1554
210807,PUNO,MELGAR,ORURILLO,0.275876,1,181.268942,73.204675,5.699834,70.627797,9133,1555
021015,ANCASH,HUARI,SAN PEDRO DE CHANA,0.27582,1,227.614568,75.373739,6.089982,33.863973,2702,1556
060417,CAJAMARCA,CHOTA,TACABAMBA,0.275743,1,301.147355,73.326198,3.890952,39.473214,17249,1557
210213,PUNO,AZANGARO,SAN JUAN DE SALINAS,0.275434,1,222.123193,66.990886,5.718403,56.06082,3724,1558
021503,ANCASH,PALLASCA,CONCHUCOS,0.275362,1,291.488182,67.990201,5.264561,32.146169,7699,1559
021013,ANCASH,HUARI,RAPAYAN,0.275324,1,255.663408,71.833858,6.256239,28.427783,1534,1560
060406,CAJAMARCA,CHOTA,CHOROPAMPA,0.275311,1,239.407182,71.10331,4.862166,49.737053,1322,1561
100206,HUANUCO,AMBO,SAN FRANCISCO,0.275184,1,229.759424,75.587101,4.420987,53.01803,2198,1562
010105,AMAZONAS,CHACHAPOYAS,CHILIQUIN,0.275038,1,325.930531,72.460151,3.712853,36.868932,391,1563
100321,HUANUCO,DOS DE MAYO,SHUNQUI,0.27503,1,300.125235,70.146781,4.284119,37.772682,1827,1564
100105,HUANUCO,HUANUCO,MARGOS,0.274908,1,224.160463,78.939992,4.780764,43.205798,7080,1565
100509,HUANUCO,HUAMALIES,PUÑOS,0.27457,1,251.039352,77.011896,4.290341,42.326783,3521,1566
060607,CAJAMARCA,CUTERVO,QUEROCOTILLO,0.274225,1,233.147975,74.595885,4.343725,53.76867,14726,1567
061204,CAJAMARCA,SAN PABLO,TUMBADEN,0.2742,1,340.123882,67.87328,4.027768,34.628249,2985,1568
060605,CAJAMARCA,CUTERVO,LA RAMADA,0.274088,1,284.650477,76.304083,4.277467,32.403301,4014,1569
061202,CAJAMARCA,SAN PABLO,SAN BERNARDINO,0.273719,1,336.78785,67.639666,3.726339,40.953211,4123,1570
010520,AMAZONAS,LUYA,SANTA CATALINA,0.27346,1,367.190597,73.399439,4.240634,20.588533,1917,1571
060503,CAJAMARCA,CONTUMAZA,CUPISNIQUE,0.273444,1,262.248908,69.000831,5.076548,39.636218,1268,1572
090720,HUANCAVELICA,TAYACAJA,ANDAYMARCA,0.2731,1,309.209474,66.511353,4.126044,42.760338,2463,1573
020102,ANCASH,HUARAZ,COCHABAMBA,0.273068,1,293.69124,69.956257,4.406353,36.531808,1669,1574
030409,APURIMAC,AYMARAES,LUCRE,0.272963,1,323.260911,72.754536,3.358261,43.511525,1756,1575
040802,AREQUIPA,LA UNION,ALCA,0.272906,1,255.431518,85.0,4.995801,22.955021,1777,1576
130501,LA LIBERTAD,JULCAN,JULCAN,0.272643,1,259.147827,71.930028,4.175549,48.534981,9272,1577
140310,LAMBAYEQUE,LAMBAYEQUE,SALAS,0.272563,1,226.416752,76.977729,4.674165,44.763513,11988,1578
060111,CAJAMARCA,CAJAMARCA,NAMORA,0.272322,1,315.031039,73.925447,3.685502,35.794307,10335,1579
010504,AMAZONAS,LUYA,COLCAMAR,0.272209,1,309.360688,72.527535,4.592631,26.613019,1850,1580
220503,SAN MARTIN,LAMAS,BARRANQUITA,0.272188,1,299.420064,70.640324,5.011233,27.007397,5354,1581
060612,CAJAMARCA,CUTERVO,SANTO DOMINGO DE LA CAPILLA,0.270983,1,269.175448,81.541409,3.627126,38.396458,4973,1582
120105,JUNIN,HUANCAYO,CHACAPAMPA,0.270411,1,197.056474,71.329434,5.607395,56.584761,529,1583
210208,PUNO,AZANGARO,MUÑANI,0.270366,1,192.934444,66.683388,5.485681,75.952804,7594,1584
151025,LIMA,YAUYOS,QUINOCAY,0.270148,1,157.765598,74.172325,7.2456,60.841397,432,1585
081210,CUSCO,QUISPICANCHI,OCONGATE,0.270143,1,281.294823,67.030869,3.690268,59.596346,16119,1586
100207,HUANUCO,AMBO,SAN RAFAEL,0.270128,1,263.842693,73.64856,3.986089,44.541068,9852,1587
100109,HUANUCO,HUANUCO,SANTA MARIA DEL VALLE,0.270127,1,282.147801,78.996326,3.466742,40.65596,19018,1588
101107,HUANUCO,YAROWILCA,PAMPAMARCA,0.2701,1,248.767557,72.938561,4.906579,36.968739,1334,1589
151005,LIMA,YAUYOS,AZANGARO,0.269716,1,169.617825,72.175929,7.655004,50.639334,434,1590
210405,PUNO,CHUCUITO,PISACOMA,0.269697,1,149.102367,74.918638,7.028381,70.469968,10986,1591
030404,APURIMAC,AYMARAES,CHAPIMARCA,0.26966,1,234.722808,63.86696,4.545555,72.189575,1794,1592
010106,AMAZONAS,CHACHAPOYAS,CHUQUIBAMBA,0.26927,1,267.387503,67.014161,5.881404,30.431499,1789,1593
030105,APURIMAC,ABANCAY,HUANIPACA,0.269267,1,271.664849,69.495019,4.441367,40.420382,3511,1594
020703,ANCASH,CARLOS FERMIN FITZCARRALD,YAUYA,0.268745,1,240.438903,74.346813,4.705121,39.194136,4885,1595
050708,AYACUCHO,PARINACOCHAS,UPAHUACHO,0.268387,1,269.768262,61.138978,4.659269,56.403847,2353,1596
151011,LIMA,YAUYOS,COLONIA,0.268037,1,171.395268,68.879693,7.990192,51.94721,1159,1597
160205,LORETO,ALTO AMAZONAS,JEBEROS,0.268034,1,409.782024,73.438154,3.846406,17.078071,4936,1598
210603,PUNO,HUANCANE,HUATASANI,0.267916,1,156.581571,70.428496,6.881046,74.108422,4756,1599
030608,APURIMAC,CHINCHEROS,RANRACANCHA,0.267554,1,252.275489,71.163818,3.74789,58.144072,1727,1600
210403,PUNO,CHUCUITO,HUACULLANI,0.267191,1,141.651559,73.482928,7.506971,74.069012,20223,1601
090502,HUANCAVELICA,CHURCAMPA,ANCO,0.266987,1,259.769035,67.319009,3.94718,57.909891,6301,1602
022002,ANCASH,YUNGAY,CASCAPARA,0.266921,1,388.099058,71.306607,2.842305,40.313536,2021,1603
081009,CUSCO,PARURO,YAURISQUE,0.266864,1,245.851077,63.439824,4.616571,60.635464,1931,1604
030415,APURIMAC,AYMARAES,TINTAY,0.266575,1,244.878061,68.550619,4.479963,49.783578,2673,1605
021906,ANCASH,SIHUAS,HUAYLLABAMBA,0.266558,1,209.092509,73.675654,4.871407,50.519464,3481,1606
090103,HUANCAVELICA,HUANCAVELICA,ACORIA,0.266345,1,247.665248,65.454574,4.41312,57.33358,29100,1607
081212,CUSCO,QUISPICANCHI,QUIQUIJANA,0.266263,1,251.91362,69.177138,4.064477,53.229535,10644,1608
021002,ANCASH,HUARI,ANRA,0.266202,1,288.667779,71.92712,5.198812,22.950437,1237,1609
030210,APURIMAC,ANDAHUAYLAS,PAMPACHIRI,0.265894,1,231.232907,73.593791,4.963164,38.163384,2540,1610
060409,CAJAMARCA,CHOTA,HUAMBOS,0.265499,1,299.196626,70.411806,3.652063,40.809069,8379,1611
090503,HUANCAVELICA,CHURCAMPA,CHINCHIHUASI,0.26489,1,282.303397,61.34931,4.359928,51.872005,2915,1612
051012,AYACUCHO,VICTOR FAJARDO,VILCANCHOS,0.264738,1,233.339388,74.116887,4.648449,39.558266,2414,1613
090722,HUANCAVELICA,TAYACAJA,PICHOS,0.264377,1,307.157344,76.089829,3.42766,33.70471,1798,1614
061305,CAJAMARCA,SANTA CRUZ,LA ESPERANZA,0.264097,1,207.753332,70.897421,4.857312,54.8319,2098,1615
030414,APURIMAC,AYMARAES,TAPAIRIHUA,0.263865,1,234.527467,65.427196,4.498679,59.704734,1985,1616
090406,HUANCAVELICA,CASTROVIRREYNA,COCAS,0.263694,1,243.158485,63.150898,6.074814,38.735909,796,1617
120203,JUNIN,CONCEPCION,ANDAMARCA,0.263475,1,236.380499,74.105501,4.025066,47.755987,3484,1618
051008,AYACUCHO,VICTOR FAJARDO,HUAMANQUIQUIA,0.26318,1,248.026954,77.335239,4.839612,27.319004,1186,1619
010602,AMAZONAS,RODRIGUEZ DE MENDOZA,CHIRIMOTO,0.262898,1,304.04281,67.859451,4.698855,26.60647,2376,1620
010507,AMAZONAS,LUYA,LONGUITA,0.262888,1,277.16294,71.418825,4.629509,28.676885,1046,1621
090403,HUANCAVELICA,CASTROVIRREYNA,AURAHUA,0.262794,1,215.036535,62.680224,6.763301,44.791965,1887,1622
150710,LIMA,HUAROCHIRI,LAHUAYTAMBO,0.262608,1,172.853999,79.383135,7.015794,34.752521,532,1623
100804,HUANUCO,PACHITEA,UMARI,0.26249,1,375.161011,73.4706,3.01307,30.809999,17266,1624
210204,PUNO,AZANGARO,ASILLO,0.262375,1,177.692507,66.47865,6.080442,67.580906,15453,1625
030212,APURIMAC,ANDAHUAYLAS,SAN ANTONIO DE CACHI,0.262028,1,209.614773,73.648308,4.181673,58.496889,2775,1626
030107,APURIMAC,ABANCAY,PICHIRHUA,0.261716,1,215.623733,69.450457,4.59422,55.417469,2786,1627
090113,HUANCAVELICA,HUANCAVELICA,NUEVO OCCORO,0.261549,1,215.270822,65.494671,4.865187,60.874772,2129,1628
210503,PUNO,EL COLLAO,PILCUYO,0.261364,1,147.536066,79.609061,5.552108,69.873459,10084,1629
090107,HUANCAVELICA,HUANCAVELICA,HUAYLLAHUARA,0.261315,1,216.205713,60.785705,5.772494,59.208726,474,1630
060403,CAJAMARCA,CHOTA,CHADIN,0.26029,1,213.575691,70.25536,4.483124,55.124797,3134,1631
130303,LA LIBERTAD,BOLIVAR,CONDORMARCA,0.259556,1,224.44743,78.906752,4.725417,31.128562,1674,1632
090716,HUANCAVELICA,TAYACAJA,SAN MARCOS DE ROCCHAC,0.259476,1,194.047,74.267152,4.779432,51.821441,1932,1633
060405,CAJAMARCA,CHOTA,CHIMBAN,0.258995,1,239.679211,76.091562,4.494478,31.816221,2739,1634
160706,LORETO,DATEM DEL MARAÑON,ANDOAS,0.25895,1,333.888476,75.78556,4.022219,18.290979,12897,1635
020605,ANCASH,CARHUAZ,ATAQUERO,0.258884,1,208.265129,76.843936,4.165467,48.9911,1171,1636
050205,AYACUCHO,CANGALLO,PARAS,0.258777,1,219.52973,78.231373,4.069708,42.593515,3876,1637
080706,CUSCO,CHUMBIVILCAS,LLUSCO,0.258471,1,252.414747,68.934366,3.595831,56.525051,5724,1638
030607,APURIMAC,CHINCHEROS,URANMARCA,0.258446,1,187.854809,74.574071,4.562374,58.357335,3334,1639
051011,AYACUCHO,VICTOR FAJARDO,SARHUA,0.258401,1,263.429266,81.192716,3.619131,30.850517,2594,1640
030219,APURIMAC,ANDAHUAYLAS,KAQUIABAMBA,0.257632,1,192.023085,75.903682,4.277602,57.380669,2618,1641
200410,PIURA,MORROPON,YAMANGO,0.257489,1,206.204257,73.494557,4.258772,53.412265,8443,1642
060204,CAJAMARCA,CAJABAMBA,SITACOCHA,0.257408,1,300.975085,79.225896,3.175946,31.568829,7765,1643
060504,CAJAMARCA,CONTUMAZA,GUZMANGO,0.257317,1,249.44675,73.980321,3.775044,41.37847,2981,1644
100106,HUANUCO,HUANUCO,QUISQUI (KICHKI),0.257309,1,239.343569,76.060495,3.925341,38.961393,6470,1645
250103,UCAYALI,CORONEL PORTILLO,IPARIA,0.25714,1,196.729297,74.958054,6.25038,30.907012,10553,1646
160211,LORETO,ALTO AMAZONAS,TENIENTE CESAR LOPEZ ROJAS,0.257097,1,388.611412,73.263167,3.3356,20.056236,6231,1647
160705,LORETO,DATEM DEL MARAÑON,PASTAZA,0.256855,1,320.900743,71.62851,4.598015,17.937645,1905,1648
030209,APURIMAC,ANDAHUAYLAS,PACUCHA,0.256704,1,175.364365,77.667281,4.122891,70.016031,7761,1649
050402,AYACUCHO,HUANTA,AYAHUANCO,0.25659,1,248.913289,68.438182,3.467084,61.58703,6751,1650
020608,ANCASH,CARHUAZ,SAN MIGUEL DE ACO,0.256267,1,210.927727,82.281473,3.457789,52.257897,2514,1651
211004,PUNO,SAN ANTONIO DE PUTINA,QUILCAPUNCU,0.256072,1,178.24702,66.95706,5.652067,62.939028,5625,1652
100511,HUANUCO,HUAMALIES,TANTAMAYO,0.256041,1,268.271624,75.721239,4.749027,21.198459,2366,1653
050113,AYACUCHO,HUAMANGA,TAMBILLO,0.255768,1,219.408433,69.853535,4.494716,47.166218,5595,1654
010518,AMAZONAS,LUYA,SAN JERONIMO,0.255735,1,282.154668,72.201272,3.980879,29.274321,610,1655
151029,LIMA,YAUYOS,TAURIPAMPA,0.255715,1,161.9796,70.65822,6.04678,60.841397,370,1656
051106,AYACUCHO,VILCAS HUAMAN,INDEPENDENCIA,0.255015,1,240.289805,66.577686,4.636842,41.335676,1091,1657
050103,AYACUCHO,HUAMANGA,ACOS VINCHOS,0.255009,1,264.184189,70.443635,3.686775,41.736956,5787,1658
130605,LA LIBERTAD,OTUZCO,HUARANCHAL,0.254306,1,234.058716,75.259337,4.654225,29.40934,4270,1659
081105,CUSCO,PAUCARTAMBO,HUANCARANI,0.254172,1,210.761974,67.161216,3.933067,71.501176,7395,1660
010503,AMAZONAS,LUYA,COCABAMBA,0.254097,1,319.96062,68.554081,4.130832,23.285631,2189,1661
100803,HUANUCO,PACHITEA,MOLINO,0.254014,1,320.913238,74.217003,2.946112,36.76564,13371,1662
050204,AYACUCHO,CANGALLO,MARIA PARADO DE BELLIDO,0.254006,1,188.659008,80.712715,3.969287,52.474103,2107,1663
061310,CAJAMARCA,SANTA CRUZ,UTICYACU,0.253639,1,283.710291,69.22494,5.267587,19.71381,1252,1664
021206,ANCASH,HUAYLAS,PAMPAROMAS,0.253127,1,260.712396,80.030978,3.439782,32.295935,8251,1665
080702,CUSCO,CHUMBIVILCAS,CAPACMARCA,0.252972,1,207.466857,68.517651,4.087008,63.190005,3880,1666
061308,CAJAMARCA,SANTA CRUZ,SAUCEPAMPA,0.252092,1,197.114667,71.159161,4.236536,58.431734,1541,1667
060203,CAJAMARCA,CAJABAMBA,CONDEBAMBA,0.251798,1,260.395291,79.0412,3.323753,35.017484,13302,1668
010515,AMAZONAS,LUYA,PROVIDENCIA,0.251746,1,244.203542,71.148164,5.142373,25.380692,1290,1669
090610,HUANCAVELICA,HUAYTARA,SAN ANTONIO DE CUSICANCHA,0.251497,1,227.139594,68.589452,4.88552,36.315612,1487,1670
080508,CUSCO,CANAS,TUPAC AMARU,0.251415,1,212.25681,59.101007,4.469558,80.426104,2474,1671
050102,AYACUCHO,HUAMANGA,ACOCRO,0.251198,1,203.311196,68.522999,5.313682,41.389808,9735,1672
160210,LORETO,ALTO AMAZONAS,SANTA CRUZ,0.250838,1,326.298787,74.402736,4.409104,14.318996,4046,1673
090506,HUANCAVELICA,CHURCAMPA,LOCROJA,0.24942,1,190.755263,68.881464,4.331588,63.237093,3395,1674
010612,AMAZONAS,RODRIGUEZ DE MENDOZA,VISTA ALEGRE,0.249042,1,260.211145,69.482747,4.410196,28.28934,3985,1675
100801,HUANUCO,PACHITEA,PANAO,0.24881,1,279.667817,69.007841,3.461547,38.256631,22297,1676
030706,APURIMAC,GRAU,MICAELA BASTIDAS,0.248528,1,152.351417,61.28941,7.199899,74.740306,1481,1677
210606,PUNO,HUANCANE,ROSASPATA,0.247635,1,155.959212,70.168276,5.145,71.739695,3822,1678
021709,ANCASH,RECUAY,TAPACOCHA,0.247469,1,229.613146,68.205555,5.696301,25.898551,374,1679
120411,JUNIN,JAUJA,JANJAILLO,0.247372,1,174.138498,70.383279,5.096173,54.15414,458,1680
090507,HUANCAVELICA,CHURCAMPA,PAUCARBAMBA,0.246933,1,226.428781,62.272143,4.340739,54.44494,6176,1681
081101,CUSCO,PAUCARTAMBO,PAUCARTAMBO,0.246623,1,285.513026,59.50772,3.991374,42.678908,12676,1682
050406,AYACUCHO,HUANTA,SANTILLANA,0.246427,1,207.775276,77.039188,3.781613,43.422374,5787,1683
020609,ANCASH,CARHUAZ,SHILLA,0.246231,1,186.813069,85.0,3.407692,51.899126,2771,1684
081102,CUSCO,PAUCARTAMBO,CAICAY,0.245333,1,261.77286,63.62241,3.467142,52.957767,2732,1685
021704,ANCASH,RECUAY,HUAYLLAPAMPA,0.244992,1,173.213044,70.153785,5.479712,46.864045,1042,1686
061007,CAJAMARCA,SAN MARCOS,JOSE SABOGAL,0.244699,1,440.784818,67.687854,2.7446,23.527021,13739,1687
030307,APURIMAC,ANTABAMBA,SABAINO,0.24464,1,198.728215,55.387789,5.639928,70.052563,1412,1688
050510,AYACUCHO,LA MAR,ANCHIHUAY,0.243634,1,219.748409,82.372316,4.155645,24.54553,3985,1689
130812,LA LIBERTAD,PATAZ,TAURIJA,0.243495,1,169.032508,76.445957,4.761171,45.980704,2817,1690
060309,CAJAMARCA,CELENDIN,SOROCHUCO,0.243054,1,230.891654,73.902702,3.145864,51.848802,8131,1691
021208,ANCASH,HUAYLAS,SANTA CRUZ,0.242703,1,210.951384,80.45771,3.613818,36.759379,4545,1692
021902,ANCASH,SIHUAS,ACOBAMBA,0.242445,1,167.214939,72.435384,5.786466,40.23044,1873,1693
050508,AYACUCHO,LA MAR,TAMBO,0.242115,1,187.937573,78.609957,3.602766,51.629386,17575,1694
120214,JUNIN,CONCEPCION,SAN JOSE DE QUERO,0.241515,1,136.806869,73.443162,6.114835,58.736356,5513,1695
030605,APURIMAC,CHINCHEROS,OCOBAMBA,0.24131,1,162.121281,70.834834,4.887115,58.519139,8997,1696
080707,CUSCO,CHUMBIVILCAS,QUIÑOTA,0.241154,1,212.9084,71.168456,3.905042,43.017295,4404,1697
130813,LA LIBERTAD,PATAZ,URPAY,0.240555,1,147.565363,76.874566,4.5665,63.806173,2148,1698
050112,AYACUCHO,HUAMANGA,SOCOS,0.240548,1,232.836739,71.986593,3.335733,45.348453,6594,1699
030413,APURIMAC,AYMARAES,SORAYA,0.240485,1,222.769792,57.009306,4.81879,55.095762,764,1700
060506,CAJAMARCA,CONTUMAZA,SANTA CRUZ DE TOLED,0.240459,1,195.440532,72.650685,3.835585,50.467978,907,1701
210605,PUNO,HUANCANE,PUSI,0.239905,1,142.34233,73.667482,5.108033,65.594966,4818,1702
210407,PUNO,CHUCUITO,ZEPITA,0.239436,1,132.276466,73.42885,6.018617,62.512902,17422,1703
030214,APURIMAC,ANDAHUAYLAS,SAN MIGUEL DE CHACCRAMPA,0.23915,1,199.469115,71.044826,3.367956,64.621563,1849,1704
210902,PUNO,MOHO,CONIMA,0.238658,1,120.078839,74.826974,5.820803,79.431121,2132,1705
230202,TACNA,CANDARAVE,CAIRANI,0.237514,1,124.114835,72.076327,6.567581,66.459096,1077,1706
051102,AYACUCHO,VILCAS HUAMAN,ACCOMARCA,0.23724,1,184.112067,73.441605,5.547656,28.322593,546,1707
090719,HUANCAVELICA,TAYACAJA,QUICHUAS,0.237127,1,206.767088,67.359072,3.957778,48.34286,3746,1708
210608,PUNO,HUANCANE,VILQUE CHICO,0.236472,1,146.983481,70.801133,4.775585,69.384981,6570,1709
090308,HUANCAVELICA,ANGARAES,HUAYLLAY GRANDE,0.236425,1,214.874988,74.718388,3.711565,35.482727,1858,1710
020702,ANCASH,CARLOS FERMIN FITZCARRALD,SAN NICOLAS,0.236362,1,197.774213,76.599752,4.760829,25.930406,3048,1711
080204,CUSCO,ACOMAYO,MOSOC LLACTA,0.23625,1,182.185505,56.849474,5.743111,62.327807,1790,1712
050615,AYACUCHO,LUCANAS,SAN CRISTOBAL,0.236161,1,158.979059,67.248838,4.678487,68.230879,2101,1713
022007,ANCASH,YUNGAY,SHUPLUY,0.235867,1,237.914875,69.689585,3.465133,39.060219,2022,1714
130602,LA LIBERTAD,OTUZCO,AGALLPAMPA,0.23497,1,199.280009,75.209179,3.770674,38.989516,8888,1715
080102,CUSCO,CUSCO,CCORCA,0.234918,1,213.868382,69.316045,3.22054,58.489067,2139,1716
080206,CUSCO,ACOMAYO,RONDOCAN,0.234816,1,282.849768,59.777957,3.664047,37.596667,1275,1717
060102,CAJAMARCA,CAJAMARCA,ASUNCION,0.234302,1,203.800071,76.321686,3.494445,40.411214,11291,1718
210105,PUNO,PUNO,CAPACHICA,0.234084,1,162.17133,70.528989,4.224552,62.874324,9525,1719
130610,LA LIBERTAD,OTUZCO,PARANDAY,0.233949,1,182.632794,73.86424,3.744507,50.325592,629,1720
061104,CAJAMARCA,SAN MIGUEL,CATILLUC,0.232916,1,169.890675,78.246601,4.620184,34.087874,2930,1721
021908,ANCASH,SIHUAS,RAGASH,0.232558,1,177.223559,72.643605,4.733231,36.485352,2181,1722
090109,HUANCAVELICA,HUANCAVELICA,LARIA,0.232528,1,168.685081,65.943588,5.490536,44.406544,1048,1723
210205,PUNO,AZANGARO,CAMINACA,0.23245,1,153.162448,70.002617,4.517671,63.763506,2932,1724
090715,HUANCAVELICA,TAYACAJA,SALCAHUASI,0.232202,1,192.66906,63.606685,4.300198,52.556496,2368,1725
060408,CAJAMARCA,CHOTA,CONCHAN,0.231964,1,196.264512,71.990709,3.67263,44.997606,6418,1726
100311,HUANUCO,DOS DE MAYO,MARIAS,0.231744,1,220.574427,68.276307,3.866108,36.10639,8225,1727
130804,LA LIBERTAD,PATAZ,HUANCASPATA,0.231568,1,168.720119,79.973973,4.210183,36.773369,6014,1728
051107,AYACUCHO,VILCAS HUAMAN,SAURAMA,0.231102,1,152.382446,71.32551,4.826948,52.86884,973,1729
080404,CUSCO,CALCA,LARES,0.231014,1,226.759024,69.70484,3.436337,39.260798,5502,1730
101101,HUANUCO,YAROWILCA,CHAVINILLO,0.230691,1,164.540603,70.695622,4.495997,49.559541,6043,1731
210305,PUNO,CARABAYA,CORANI,0.230595,1,159.809788,66.505443,4.581776,62.559837,4354,1732
081004,CUSCO,PARURO,COLCHA,0.230179,1,172.802415,64.33027,4.704967,54.138807,770,1733
050106,AYACUCHO,HUAMANGA,OCROS,0.230128,1,170.116818,69.172621,4.51302,47.737466,5819,1734
090612,HUANCAVELICA,HUAYTARA,SAN ISIDRO,0.229882,1,146.329023,62.139996,6.209993,60.801138,1129,1735
030704,APURIMAC,GRAU,HUAYLLATI,0.229603,1,171.070987,61.652423,4.812828,60.726499,1223,1736
130803,LA LIBERTAD,PATAZ,CHILLIA,0.229486,1,195.057346,77.374525,3.760021,32.938677,13391,1737
130806,LA LIBERTAD,PATAZ,HUAYO,0.229113,1,213.810364,71.368698,3.776063,33.073745,3977,1738
020305,ANCASH,ANTONIO RAYMONDI,MIRGAS,0.228674,1,168.602606,72.97929,4.466537,40.535569,4459,1739
100203,HUANUCO,AMBO,COLPAS,0.228659,1,197.200463,77.082703,3.721656,32.373101,1763,1740
200307,PIURA,HUANCABAMBA,SONDOR,0.228282,1,227.944877,64.815734,4.002084,33.825414,7803,1741
160105,LORETO,MAYNAS,LAS AMAZONAS,0.226552,1,313.278244,74.975163,2.758952,22.644637,7684,1742
090116,HUANCAVELICA,HUANCAVELICA,VILCA,0.226237,1,160.24759,61.599401,5.667938,51.24331,2079,1743
100703,HUANUCO,MARAÑON,SAN BUENAVENTURA,0.22555,1,233.039093,71.51145,3.390277,30.309856,2327,1744
120504,JUNIN,JUNIN,ULCUMAYO,0.225391,1,152.236087,69.32471,4.646588,52.979742,3636,1745
061006,CAJAMARCA,SAN MARCOS,JOSE MANUEL QUIROZ,0.225231,1,203.525048,74.153094,3.240621,41.021741,3129,1746
130604,LA LIBERTAD,OTUZCO,CHARAT,0.225093,1,163.153044,75.553641,4.499984,35.651046,2259,1747
061004,CAJAMARCA,SAN MARCOS,GREGORIO PITA,0.224822,1,194.530573,71.869407,3.576249,40.390973,5022,1748
021307,ANCASH,MARISCAL LUZURIAGA,LUCMA,0.224737,1,158.03559,75.64209,4.405807,39.559473,2773,1749
081003,CUSCO,PARURO,CCAPI,0.224419,1,206.365431,64.640828,3.809339,42.795438,2897,1750
160305,LORETO,LORETO,URARINAS,0.224249,1,239.967654,73.042764,4.059271,18.030606,13905,1751
100202,HUANUCO,AMBO,CAYNA,0.223944,1,185.138692,76.648329,3.988944,29.766871,2494,1752
200303,PIURA,HUANCABAMBA,EL CARMEN DE LA FRONTERA,0.223761,1,171.569403,66.22993,4.011363,55.607873,12812,1753
021904,ANCASH,SIHUAS,CASHAPAMPA,0.223554,1,160.68553,73.458395,4.103256,45.379936,2517,1754
010402,AMAZONAS,CONDORCANQUI,EL CENEPA,0.2225,1,166.595367,70.047068,4.913043,34.451407,9639,1755
090208,HUANCAVELICA,ACOBAMBA,ROSARIO,0.221527,1,150.222009,74.814738,3.771459,56.520317,6748,1756
080304,CUSCO,ANTA,CHINCHAYPUJIO,0.221263,1,146.292722,75.433453,4.401912,44.465149,3523,1757
210212,PUNO,AZANGARO,SAN JOSE,0.220904,1,134.943574,65.845765,5.494577,58.623862,4928,1758
080505,CUSCO,CANAS,LAYO,0.220351,1,153.078708,63.218505,5.074878,53.311956,5407,1759
060809,CAJAMARCA,JAEN,SALLIQUE,0.21929,1,162.232126,79.259606,3.896409,34.571647,7754,1760
030710,APURIMAC,GRAU,SANTA ROSA,0.218166,1,149.491311,62.994148,5.464749,48.297098,589,1761
131008,LA LIBERTAD,SANTIAGO DE CHUCO,SITABAMBA,0.218143,1,159.214038,80.240767,3.802377,35.503109,2798,1762
130606,LA LIBERTAD,OTUZCO,LA CUESTA,0.216577,1,168.237735,73.544191,4.599084,27.37491,614,1763
090307,HUANCAVELICA,ANGARAES,HUANCA-HUANCA,0.216265,1,192.612025,73.565513,3.842846,26.550327,1412,1764
090306,HUANCAVELICA,ANGARAES,CONGALLA,0.216229,1,161.024614,68.505129,4.10955,45.72833,4039,1765
250204,UCAYALI,ATALAYA,YURUA,0.216122,1,299.841315,60.844583,4.513879,12.942207,2643,1766
210604,PUNO,HUANCANE,INCHUPALLA,0.215945,1,113.346969,71.236893,5.510065,64.695953,2425,1767
100108,HUANUCO,HUANUCO,SAN PEDRO DE CHAULAN,0.215152,1,198.899263,79.123039,3.24276,27.138396,5737,1768
060412,CAJAMARCA,CHOTA,MIRACOSTA,0.21463,1,158.825996,70.82906,4.080218,41.351206,3450,1769
211204,PUNO,SANDIA,PATAMBUCO,0.214608,1,126.3734,73.9111,4.718431,52.059226,3495,1770
130302,LA LIBERTAD,BOLIVAR,BAMBAMARCA,0.214537,1,184.37733,82.416158,3.770487,20.894045,3492,1771
090723,HUANCAVELICA,TAYACAJA,SANTIAGO DE TUCUMA,0.214475,1,190.634955,67.647497,3.689085,36.327337,1482,1772
030714,APURIMAC,GRAU,CURASCO,0.212786,1,147.574227,65.401198,4.485496,51.90299,1435,1773
080507,CUSCO,CANAS,QUEHUE,0.211899,1,131.977419,65.027722,4.545596,67.96674,3175,1774
200304,PIURA,HUANCABAMBA,HUARMACA,0.211758,1,171.623266,65.377567,3.975265,42.307949,38712,1775
060404,CAJAMARCA,CHOTA,CHIGUIRIP,0.210556,1,168.277663,74.060866,3.510192,37.016456,3666,1776
051104,AYACUCHO,VILCAS HUAMAN,CONCEPCION,0.208998,1,142.411857,70.071085,4.237398,45.316149,2565,1777
090504,HUANCAVELICA,CHURCAMPA,EL CARMEN,0.208963,1,179.795108,61.106673,4.486845,35.214024,2658,1778
061002,CAJAMARCA,SAN MARCOS,CHANCAY,0.208427,1,156.129642,73.632259,3.444325,44.628682,2505,1779
130903,LA LIBERTAD,SANCHEZ CARRION,COCHORCO,0.207076,1,197.89838,73.605411,3.113614,29.739293,9082,1780
081205,CUSCO,QUISPICANCHI,CCATCA,0.206934,1,164.027405,70.184291,3.191923,51.553667,17390,1781
130811,LA LIBERTAD,PATAZ,SANTIAGO DE CHALLAS,0.205702,1,128.509408,78.691904,4.249664,38.108715,2000,1782
160110,LORETO,MAYNAS,TORRES CAUSANA,0.205691,1,249.78262,73.896036,3.334991,13.895068,4043,1783
210107,PUNO,PUNO,COATA,0.205478,1,97.616884,72.86727,5.707864,66.591621,7654,1784
081209,CUSCO,QUISPICANCHI,MARCAPATA,0.204971,1,194.455198,63.128699,3.843593,30.492884,4200,1785
090302,HUANCAVELICA,ANGARAES,ANCHONGA,0.204763,1,130.662305,74.359782,3.880681,49.351816,8176,1786
050506,AYACUCHO,LA MAR,LUIS CARRANZA,0.203487,1,112.099718,79.60442,4.476814,46.480139,851,1787
021907,ANCASH,SIHUAS,QUICHES,0.203232,1,104.946024,75.871845,5.013268,53.795948,2537,1788
131005,LA LIBERTAD,SANTIAGO DE CHUCO,MOLLEPATA,0.202606,1,123.9145,79.084666,4.378887,36.025213,2341,1789
050505,AYACUCHO,LA MAR,CHUNGUI,0.20241,1,109.481954,78.40151,4.875842,43.897909,6443,1790
211303,PUNO,YUNGUYO,COPANI,0.201181,1,101.939668,74.488976,4.894289,60.645373,4207,1791
160202,LORETO,ALTO AMAZONAS,BALSAPUERTO,0.199745,1,280.44212,72.831806,2.99535,11.974433,16374,1792
040805,AREQUIPA,LA UNION,PAMPAMARCA,0.199385,1,110.658724,85.0,4.251012,38.637653,1010,1793
100104,HUANUCO,HUANUCO,CHURUBAMBA,0.198576,1,322.565927,77.557144,2.038512,34.957061,24762,1794
050411,AYACUCHO,HUANTA,PUCACOLPA,0.198214,1,176.607647,80.510658,2.49989,43.558494,2352,1795
210310,PUNO,CARABAYA,USICAYOS,0.198206,1,99.802588,66.903354,5.488607,69.24432,20595,1796
151012,LIMA,YAUYOS,HONGOS,0.197668,1,138.426279,75.17755,5.975095,16.477878,338,1797
090202,HUANCAVELICA,ACOBAMBA,ANDABAMBA,0.19703,1,119.16938,72.137108,4.403161,44.349191,4718,1798
060304,CAJAMARCA,CELENDIN,HUASMIN,0.196968,1,169.35483,72.489695,3.10461,34.151756,11734,1799
200308,PIURA,HUANCABAMBA,SONDORILLO,0.196958,1,148.029887,66.95466,3.762211,41.093672,10413,1800
060311,CAJAMARCA,CELENDIN,UTCO,0.196759,1,148.205932,72.713729,3.505345,36.223436,1210,1801
130503,LA LIBERTAD,JULCAN,CARABAMBA,0.196556,1,140.662605,71.881891,3.781346,36.841361,5826,1802
200305,PIURA,HUANCABAMBA,LALAQUIZ,0.195988,1,134.397285,64.807215,3.883788,53.960973,3486,1803
150904,LIMA,OYON,COCHAMARCA,0.195934,1,90.120337,77.265855,5.270055,61.02164,1420,1804
060312,CAJAMARCA,CELENDIN,LA LIBERTAD DE PALLAN,0.194576,1,148.756907,72.396779,3.306136,38.49872,9192,1805
210215,PUNO,AZANGARO,TIRAPATA,0.194256,1,99.635255,66.276104,5.763273,59.167402,2748,1806
160702,LORETO,DATEM DEL MARAÑON,CAHUAPANAS,0.194173,1,187.634833,69.066268,4.771512,12.384124,6767,1807
021306,ANCASH,MARISCAL LUZURIAGA,LLUMPA,0.193341,1,143.176376,75.274807,3.581661,30.788024,5778,1808
060402,CAJAMARCA,CHOTA,ANGUIA,0.193132,1,121.799285,72.709182,3.978854,43.140597,3600,1809
130502,LA LIBERTAD,JULCAN,CALAMARCA,0.192963,1,122.830281,73.378907,3.95223,41.264564,4284,1810
020107,ANCASH,HUARAZ,LA LIBERTAD,0.192918,1,137.792253,71.183021,4.298604,28.43681,961,1811
210214,PUNO,AZANGARO,SANTIAGO DE PUPUJA,0.192209,1,92.357278,68.767663,5.56854,65.949209,4011,1812
060104,CAJAMARCA,CAJAMARCA,COSPAN,0.191374,1,156.471701,72.164573,3.65027,25.125038,6877,1813
090117,HUANCAVELICA,HUANCAVELICA,YAULI,0.190911,1,121.540994,62.770795,4.56775,50.853487,26998,1814
081103,CUSCO,PAUCARTAMBO,CHALLABAMBA,0.190753,1,170.571193,59.715596,3.131025,50.754987,9922,1815
060303,CAJAMARCA,CELENDIN,CORTEGANA,0.190297,1,138.109755,71.013162,3.605837,36.289296,7666,1816
200206,PIURA,AYABACA,PACAIPAMPA,0.190007,1,177.207026,67.025514,3.089343,31.739914,22545,1817
010403,AMAZONAS,CONDORCANQUI,RIO SANTIAGO,0.189785,1,121.653478,64.368744,5.472821,33.955939,17177,1818
150715,LIMA,HUAROCHIRI,SAN ANDRES DE TUPICOCHA,0.188965,1,90.273339,73.374925,5.704088,50.666702,1227,1819
021302,ANCASH,MARISCAL LUZURIAGA,CASCA,0.188555,1,103.001282,73.791318,4.535267,46.359527,3790,1820
130614,LA LIBERTAD,OTUZCO,USQUIL,0.188308,1,147.654297,75.933606,3.260895,28.795075,24236,1821
090511,HUANCAVELICA,CHURCAMPA,COSME,0.187364,1,135.028847,59.121237,3.728327,59.821583,1555,1822
211305,PUNO,YUNGUYO,OLLARAYA,0.186455,1,86.598133,78.533909,4.377819,66.357685,4517,1823
021604,ANCASH,POMABAMBA,QUINUABAMBA,0.186315,1,182.276189,73.488379,2.485753,37.153926,2179,1824
050114,AYACUCHO,HUAMANGA,VINCHOS,0.185978,1,143.52275,69.852501,3.164004,39.770243,15618,1825
120113,JUNIN,HUANCAYO,CULLHUAS,0.185466,1,97.828295,75.425432,4.358203,49.23429,1421,1826
120124,JUNIN,HUANCAYO,PARIAHUANCA,0.184792,1,97.878276,71.599506,4.343973,56.629908,4241,1827
060308,CAJAMARCA,CELENDIN,OXAMARCA,0.1844,1,171.797696,74.001881,3.243098,18.832745,6226,1828
021909,ANCASH,SIHUAS,SAN JUAN,0.184332,1,125.482413,75.473103,3.463283,35.124386,6053,1829
040806,AREQUIPA,LA UNION,PUYCA,0.183998,1,125.37093,84.004967,3.237623,29.48663,2458,1830
030702,APURIMAC,GRAU,CURPAHUASI,0.183997,1,108.684241,63.055451,4.589919,54.943023,1987,1831
021304,ANCASH,MARISCAL LUZURIAGA,FIDEL OLIVAS ESCUDERO,0.182492,1,121.12425,70.885434,4.101672,31.918615,1925,1832
030703,APURIMAC,GRAU,GAMARRA,0.182488,1,111.583061,67.100592,4.014733,49.826871,3074,1833
081006,CUSCO,PARURO,OMACHA,0.182197,1,132.441063,64.059191,3.667422,42.004247,6550,1834
130907,LA LIBERTAD,SANCHEZ CARRION,SARIN,0.181385,1,142.392338,78.325195,2.86811,31.579696,9862,1835
210210,PUNO,AZANGARO,SAMAN,0.181017,1,98.351532,69.268896,4.579825,49.982601,11218,1836
090105,HUANCAVELICA,HUANCAVELICA,CUENCA,0.180869,1,109.651745,65.399421,3.969276,55.114505,1195,1837
030202,APURIMAC,ANDAHUAYLAS,ANDARAPA,0.178496,1,85.861331,78.712541,3.776889,68.091261,5702,1838
151020,LIMA,YAUYOS,MADEAN,0.178409,1,79.019016,70.009787,6.101631,59.320362,675,1839
020306,ANCASH,ANTONIO RAYMONDI,SAN JUAN DE RONTOY,0.177811,1,96.529875,72.709083,4.9664,35.978137,1374,1840
081204,CUSCO,QUISPICANCHI,CCARHUAYO,0.176846,1,129.905458,62.555958,3.327041,48.97896,2972,1841
030707,APURIMAC,GRAU,PATAYPAMPA,0.175748,1,76.258389,67.741173,5.759749,74.331889,954,1842
081104,CUSCO,PAUCARTAMBO,COLQUEPATA,0.174745,1,124.741964,66.075256,2.96975,55.642701,9398,1843
130807,LA LIBERTAD,PATAZ,ONGON,0.173582,1,103.446646,75.032144,3.92214,34.141441,1514,1844
140202,LAMBAYEQUE,FERREÑAFE,CAÑARIS,0.171037,1,125.024379,73.506067,3.441205,24.847845,13230,1845
200208,PIURA,AYABACA,SAPILLICA,0.170731,1,126.427392,67.500071,3.511949,29.763203,12118,1846
140203,LAMBAYEQUE,FERREÑAFE,INCAHUASI,0.167467,1,90.233606,77.55879,3.89528,38.802015,14579,1847
200202,PIURA,AYABACA,FRIAS,0.165205,1,105.121967,68.518268,3.56691,38.379333,22518,1848
150808,LIMA,HUAURA,PACCHO,0.164058,1,64.542636,78.155517,6.225471,55.495961,1890,1849
151019,LIMA,YAUYOS,LINCHA,0.162973,1,74.039707,76.326967,5.465231,39.546908,799,1850
060307,CAJAMARCA,CELENDIN,MIGUEL IGLESIAS,0.160806,1,107.774784,72.452933,3.306515,29.893867,4131,1851
030217,APURIMAC,ANDAHUAYLAS,TUMAY HUARACA,0.160154,1,72.820146,75.491216,4.075015,63.180602,2160,1852
130908,LA LIBERTAD,SANCHEZ CARRION,SARTIMBAMBA,0.15777,1,135.156585,73.349398,2.804184,20.342787,13368,1853
130504,LA LIBERTAD,JULCAN,HUASO,0.157422,1,94.377394,72.343299,3.587363,33.469462,6759,1854
080502,CUSCO,CANAS,CHECCA,0.154887,1,79.985334,64.591772,4.54581,49.236568,5533,1855
150302,LIMA,CAJATAMBO,COPA,0.153212,1,73.956997,70.721624,5.296305,36.220955,705,1856
120209,JUNIN,CONCEPCION,MARISCAL CASTILLA,0.153132,1,66.38368,74.598254,5.342087,46.667452,1572,1857
081005,CUSCO,PARURO,HUANOQUITE,0.149317,1,87.353195,65.023623,3.597235,43.626418,4993,1858
130902,LA LIBERTAD,SANCHEZ CARRION,CHUGAY,0.149221,1,136.308856,78.927768,2.142335,33.560435,18540,1859
130613,LA LIBERTAD,OTUZCO,SINSICAP,0.14898,1,102.79958,77.077399,2.785212,27.651424,7770,1860
150713,LIMA,HUAROCHIRI,MARIATANA,0.142214,1,69.7657,74.447965,3.713284,45.445605,1279,1861
050410,AYACUCHO,HUANTA,UCHURACCAY,0.14193,1,162.559288,77.295851,1.957166,36.303626,3492,1862
130905,LA LIBERTAD,SANCHEZ CARRION,MARCABAL,0.140517,1,109.248287,78.513597,2.20823,37.101043,13897,1863
090203,HUANCAVELICA,ACOBAMBA,ANTA,0.139387,1,71.873587,72.857697,3.199179,52.282519,7592,1864
210903,PUNO,MOHO,HUAYRAPATA,0.137899,1,57.164276,74.328348,5.045628,55.055287,2985,1865
060302,CAJAMARCA,CELENDIN,CHUMUCH,0.137596,1,81.17117,74.184446,3.613536,22.539027,2769,1866
022005,ANCASH,YUNGAY,QUILLO,0.134123,1,112.70957,73.705924,2.424901,20.198474,13029,1867
021603,ANCASH,POMABAMBA,PAROBAMBA,0.128386,1,69.294097,76.22287,3.129459,33.906812,6326,1868
210202,PUNO,AZANGARO,ACHAYA,0.125083,1,51.073334,66.066733,5.465558,74.486608,3933,1869
130906,LA LIBERTAD,SANCHEZ CARRION,SANAGORAN,0.124408,1,117.706687,73.724147,2.084016,24.968709,14977,1870
050412,AYACUCHO,HUANTA,CHACA,0.120244,1,84.603168,81.775044,2.162163,32.686482,1803,1871
130904,LA LIBERTAD,SANCHEZ CARRION,CURGOS,0.117272,1,62.889443,77.447153,2.913801,33.904645,8213,1872
060103,CAJAMARCA,CAJAMARCA,CHETILLA,0.116449,1,74.39578,76.229513,2.361249,33.880504,3945,1873
200204,PIURA,AYABACA,LAGUNAS,0.091195,1,51.826571,67.32878,3.415441,21.801872,6763,1874
