UBIGEO,NOM_DPTO,NOM_PROV,NOM_DIST,pct_sin_cobertura,BASE_norm,pct_escuelas_operativas,S1_raw,S1_norm,pct_establecimientos_operativos,S2_raw,S2_norm,calidad_conexion,S3_raw,S3_norm,tiene_dependencia_policial,pct_operativas,S4_raw,S4_norm,IVDC_sectorial,IVDC_v2,quintil_ivdc_v2,IDH,quintil_idh,ingreso_per_capita,esperanza_vida,anios_educacion,IDH_num
150114,LIMA,LIMA,LA MOLINA,0.0,0.0,0.0,100.0,1.0,0.0,100.0,1.0,5,0,0.0,0.0,,100.0,1.0,0.75,0.576923,2,0.845217,5,1939.467209,80.647669,14.70027,0.845217
150116,LIMA,LIMA,LINCE,0.0,0.0,0.0,100.0,1.0,0.0,100.0,1.0,5,0,0.0,0.0,,100.0,1.0,0.75,0.576923,2,0.842428,5,2037.326546,80.467942,12.702343,0.842428
150113,LIMA,LIMA,JESUS MARIA,0.0,0.0,0.0,100.0,1.0,0.0,100.0,1.0,5,0,0.0,0.0,,100.0,1.0,0.75,0.576923,2,0.83719,5,1989.773896,80.41921,13.037629,0.83719
150120,LIMA,LIMA,MAGDALENA DEL MAR,0.0,0.0,0.0,100.0,1.0,0.0,100.0,1.0,5,0,0.0,0.0,,100.0,1.0,0.75,0.576923,2,0.833929,5,1986.267298,80.461971,12.999281,0.833929
150121,LIMA,LIMA,PUEBLO LIBRE,0.0,0.0,0.0,100.0,1.0,0.0,100.0,1.0,5,0,0.0,0.0,,100.0,1.0,0.75,0.576923,2,0.833695,5,1936.245752,80.471,13.182552,0.833695
150122,LIMA,LIMA,MIRAFLORES,0.0,0.0,0.0,100.0,1.0,0.0,100.0,1.0,5,0,0.0,0.0,,100.0,1.0,0.75,0.576923,2,0.83264,5,1925.786897,80.31446,13.965074,0.83264
150130,LIMA,LIMA,SAN BORJA,0.0,0.0,0.0,100.0,1.0,0.0,100.0,1.0,5,0,0.0,0.0,,100.0,1.0,0.75,0.576923,2,0.823616,5,1867.853206,80.641345,13.635913,0.823616
150136,LIMA,LIMA,SAN MIGUEL,0.0,0.0,0.0,100.0,1.0,0.0,100.0,1.0,5,0,0.0,0.0,,100.0,1.0,0.75,0.576923,2,0.822401,5,1966.554093,80.326177,12.776359,0.822401
150104,LIMA,LIMA,BARRANCO,0.0,0.0,0.0,100.0,1.0,0.0,100.0,1.0,5,0,0.0,0.0,,100.0,1.0,0.75,0.576923,2,0.820764,5,1956.551731,80.149769,12.592455,0.820764
150141,LIMA,LIMA,SURQUILLO,0.0,0.0,0.0,100.0,1.0,0.0,100.0,1.0,3,2,0.4,0.0,,100.0,1.0,0.85,0.653846,4,0.817114,5,1940.453432,80.217404,12.295076,0.817114
150105,LIMA,LIMA,BREÑA,0.0,0.0,0.0,100.0,1.0,0.0,100.0,1.0,5,0,0.0,0.0,,100.0,1.0,0.75,0.576923,2,0.812114,5,1868.666016,79.979044,12.905725,0.812114
150140,LIMA,LIMA,SANTIAGO DE SURCO,0.0,0.0,0.0,100.0,1.0,0.0,100.0,1.0,5,0,0.0,0.0,,100.0,1.0,0.75,0.576923,2,0.801757,5,1766.148806,80.484873,13.156716,0.801757
150134,LIMA,LIMA,SAN LUIS,0.0,0.0,0.0,100.0,1.0,0.0,100.0,1.0,5,0,0.0,0.0,,100.0,1.0,0.75,0.576923,2,0.793258,5,1769.655751,81.516311,11.778593,0.793258
150131,LIMA,LIMA,SAN ISIDRO,0.0,0.0,0.0,100.0,1.0,0.0,100.0,1.0,5,0,0.0,0.0,,100.0,1.0,0.75,0.576923,2,0.788832,5,1641.655293,80.35414,13.858206,0.788832
180303,MOQUEGUA,ILO,PACOCHA,33.33,0.3333,0.0,100.0,1.0,0.0,100.0,1.0,5,0,0.0,0.0,,100.0,1.0,0.75,0.63461,4,0.767961,5,1718.803526,78.542827,12.908522,0.767961
040126,AREQUIPA,AREQUIPA,YANAHUARA,0.0,0.0,0.0,100.0,1.0,0.0,100.0,1.0,5,0,0.0,0.0,,100.0,1.0,0.75,0.576923,2,0.765344,5,1507.422866,78.622655,13.790439,0.765344
150101,LIMA,LIMA,LIMA,0.0,0.0,0.0,100.0,1.0,0.0,100.0,1.0,5,0,0.0,0.0,,100.0,1.0,0.75,0.576923,2,0.764685,5,1633.787715,80.236821,12.014176,0.764685
040101,AREQUIPA,AREQUIPA,AREQUIPA,0.0,0.0,0.0,100.0,1.0,0.0,100.0,1.0,5,0,0.0,0.0,,100.0,1.0,0.75,0.576923,2,0.762167,5,1538.109987,78.825498,13.192212,0.762167
150117,LIMA,LIMA,LOS OLIVOS,0.0,0.0,0.0,100.0,1.0,0.0,100.0,1.0,5,0,0.0,0.0,,100.0,1.0,0.75,0.576923,2,0.758463,5,1628.566115,80.519223,11.33839,0.758463
150108,LIMA,LIMA,CHORRILLOS,0.0,0.0,0.0,100.0,1.0,0.0,100.0,1.0,5,0,0.0,0.0,,100.0,1.0,0.75,0.576923,2,0.758355,5,1662.777147,79.825956,11.463514,0.758355
130111,LA LIBERTAD,TRUJILLO,VICTOR LARCO HERRERA,0.0,0.0,0.0,100.0,1.0,0.0,100.0,1.0,5,0,0.0,0.0,,100.0,1.0,0.75,0.576923,2,0.753164,5,1599.636267,80.003126,11.742569,0.753164
070105,CALLAO,CALLAO,LA PUNTA,0.0,0.0,0.0,100.0,1.0,0.0,100.0,1.0,5,0,0.0,0.0,,100.0,1.0,0.75,0.576923,2,0.752697,5,1556.718249,81.225202,12.939153,0.752697
150705,LIMA,HUAROCHIRI,CHICLA,51.43,0.5143,100.0,0.0,0.0,100.0,0.0,0.0,3,2,0.4,0.0,,100.0,1.0,0.35,0.31077,2,0.74811,5,1975.043673,71.690315,11.546293,0.74811
150138,LIMA,LIMA,SANTA MARIA DEL MAR,0.0,0.0,0.0,100.0,1.0,0.0,100.0,1.0,5,0,0.0,0.0,,100.0,1.0,0.75,0.576923,2,0.74666,5,1849.18807,79.0591,10.538937,0.74666
040129,AREQUIPA,AREQUIPA,JOSE LUIS BUSTAMANTE Y RIVERO,0.0,0.0,0.0,100.0,1.0,0.0,100.0,1.0,5,0,0.0,0.0,,100.0,1.0,0.75,0.576923,2,0.745374,5,1448.531794,79.458973,12.665196,0.745374
180106,MOQUEGUA,MARISCAL NIETO,TORATA,42.55,0.4255,100.0,0.0,0.0,100.0,0.0,0.0,2,3,0.6,0.0,,100.0,1.0,0.4,0.346969,2,0.743778,5,1843.898839,76.502682,10.365289,0.743778
150135,LIMA,LIMA,SAN MARTIN DE PORRES,0.0,0.0,0.0,100.0,1.0,0.0,100.0,1.0,5,0,0.0,0.0,,100.0,1.0,0.75,0.576923,2,0.741998,5,1554.686897,80.318223,11.084204,0.741998
150107,LIMA,LIMA,CHACLACAYO,0.0,0.0,0.0,100.0,1.0,0.0,100.0,1.0,5,0,0.0,0.0,,100.0,1.0,0.75,0.576923,2,0.741054,5,1539.763506,80.728737,11.206344,0.741054
070104,CALLAO,CALLAO,LA PERLA,0.0,0.0,0.0,100.0,1.0,0.0,100.0,1.0,5,0,0.0,0.0,,100.0,1.0,0.75,0.576923,2,0.739658,5,1455.248011,81.923121,11.863813,0.739658
080108,CUSCO,CUSCO,WANCHAQ,0.0,0.0,0.0,100.0,1.0,0.0,100.0,1.0,5,0,0.0,0.0,,100.0,1.0,0.75,0.576923,2,0.738901,5,1463.259092,77.128704,13.123553,0.738901
150513,LIMA,CAÑETE,SAN ANTONIO,0.0,0.0,0.0,100.0,1.0,0.0,100.0,1.0,5,0,0.0,0.0,,100.0,1.0,0.75,0.576923,2,0.737676,5,1484.391525,79.669218,11.247038,0.737676
230302,TACNA,JORGE BASADRE,ILABAYA,7.14,0.0714,50.0,50.0,0.5,50.0,50.0,0.5,5,0,0.0,1.0,0.0,100.0,1.0,0.5,0.392854,2,0.736615,5,1861.252203,74.537188,11.117052,0.736615
150137,LIMA,LIMA,SANTA ANITA,0.0,0.0,0.0,100.0,1.0,0.0,100.0,1.0,5,0,0.0,0.0,,100.0,1.0,0.75,0.576923,2,0.734731,5,1571.815098,80.700148,10.519505,0.734731
150801,LIMA,HUAURA,HUACHO,0.0,0.0,100.0,0.0,0.0,0.0,100.0,1.0,5,0,0.0,0.0,,100.0,1.0,0.5,0.384615,2,0.732735,5,1405.669822,78.209038,13.642918,0.732735
150128,LIMA,LIMA,RIMAC,0.0,0.0,0.0,100.0,1.0,0.0,100.0,1.0,5,0,0.0,0.0,,100.0,1.0,0.75,0.576923,2,0.730004,5,1559.041186,80.217245,10.636846,0.730004
081304,CUSCO,URUBAMBA,MACHUPICCHU,23.68,0.2368,0.0,100.0,1.0,0.0,100.0,1.0,5,0,0.0,0.0,,100.0,1.0,0.75,0.617908,4,0.729357,5,1576.324184,79.041312,10.793417,0.729357
150133,LIMA,LIMA,SAN JUAN DE MIRAFLORES,0.0,0.0,0.0,100.0,1.0,0.0,100.0,1.0,5,0,0.0,0.0,,100.0,1.0,0.75,0.576923,2,0.729,5,1551.106644,80.509263,10.358587,0.729
070102,CALLAO,CALLAO,BELLAVISTA,0.0,0.0,0.0,100.0,1.0,0.0,100.0,1.0,5,0,0.0,0.0,,100.0,1.0,0.75,0.576923,2,0.72852,5,1409.085241,81.606077,11.686408,0.72852
120805,JUNIN,YAULI,MOROCOCHA,14.29,0.1429,0.0,100.0,1.0,100.0,0.0,0.0,5,0,0.0,0.0,,100.0,1.0,0.5,0.401104,2,0.727764,5,1632.82079,80.047986,10.377666,0.727764
180104,MOQUEGUA,MARISCAL NIETO,SAMEGUA,0.0,0.0,100.0,0.0,0.0,100.0,0.0,0.0,5,0,0.0,0.0,,100.0,1.0,0.25,0.192308,1,0.726691,5,1563.896288,78.010729,10.65317,0.726691
150129,LIMA,LIMA,SAN BARTOLO,0.0,0.0,0.0,100.0,1.0,0.0,100.0,1.0,5,0,0.0,0.0,,100.0,1.0,0.75,0.576923,2,0.723834,5,1528.397784,79.665473,10.576618,0.723834
150110,LIMA,LIMA,COMAS,0.0,0.0,0.0,100.0,1.0,0.0,100.0,1.0,5,0,0.0,0.0,,100.0,1.0,0.75,0.576923,2,0.721893,5,1458.320609,80.090208,10.971588,0.721893
130101,LA LIBERTAD,TRUJILLO,TRUJILLO,0.0,0.0,0.0,100.0,1.0,0.0,100.0,1.0,5,0,0.0,0.0,,100.0,1.0,0.75,0.576923,2,0.715116,5,1377.943848,79.576526,11.809757,0.715116
150115,LIMA,LIMA,LA VICTORIA,0.0,0.0,0.0,100.0,1.0,0.0,100.0,1.0,5,0,0.0,0.0,,100.0,1.0,0.75,0.576923,2,0.714159,5,1482.479365,79.908299,10.522505,0.714159
150501,LIMA,CAÑETE,SAN VICENTE DE CAÑETE,0.0,0.0,100.0,0.0,0.0,100.0,0.0,0.0,5,0,0.0,1.0,100.0,0.0,0.0,0.0,0.0,1,0.70679,5,1382.473893,79.529163,10.462097,0.70679
120810,JUNIN,YAULI,YAULI,15.58,0.1558,0.0,100.0,1.0,0.0,100.0,1.0,5,0,0.0,0.0,,100.0,1.0,0.75,0.603888,4,0.704505,5,1573.7987,76.038669,10.75616,0.704505
150505,LIMA,CAÑETE,CHILCA,9.8,0.098,0.0,100.0,1.0,100.0,0.0,0.0,5,0,0.0,0.0,,100.0,1.0,0.5,0.395923,2,0.703305,5,1399.966152,79.27699,10.49598,0.703305
150515,LIMA,CAÑETE,SANTA CRUZ DE FLORES,0.0,0.0,100.0,0.0,0.0,100.0,0.0,0.0,3,2,0.4,0.0,,100.0,1.0,0.35,0.269231,1,0.702148,5,1364.915355,79.507523,9.739598,0.702148
180101,MOQUEGUA,MARISCAL NIETO,MOQUEGUA,0.0,0.0,100.0,0.0,0.0,100.0,0.0,0.0,4,1,0.2,1.0,100.0,0.0,0.0,0.05,0.038462,1,0.701939,5,1446.202888,77.751738,10.84321,0.701939
150132,LIMA,LIMA,SAN JUAN DE LURIGANCHO,0.0,0.0,0.0,100.0,1.0,0.0,100.0,1.0,5,0,0.0,0.0,,100.0,1.0,0.75,0.576923,2,0.701053,5,1464.692616,79.628676,10.064318,0.701053
150127,LIMA,LIMA,PUNTA NEGRA,0.0,0.0,0.0,100.0,1.0,0.0,100.0,1.0,5,0,0.0,0.0,,100.0,1.0,0.75,0.576923,2,0.699762,5,1568.892518,76.102463,10.594361,0.699762
150142,LIMA,LIMA,VILLA EL SALVADOR,0.0,0.0,0.0,100.0,1.0,0.0,100.0,1.0,5,0,0.0,0.0,,100.0,1.0,0.75,0.576923,2,0.699048,5,1432.504429,80.145979,10.004398,0.699048
150111,LIMA,LIMA,EL AGUSTINO,0.0,0.0,0.0,100.0,1.0,0.0,100.0,1.0,3,2,0.4,0.0,,100.0,1.0,0.85,0.653846,4,0.697062,5,1428.892506,81.405012,9.635174,0.697062
230101,TACNA,TACNA,TACNA,5.56,0.0556,100.0,0.0,0.0,0.0,100.0,1.0,5,0,0.0,0.0,,100.0,1.0,0.5,0.391031,2,0.696613,5,1371.819928,76.670661,11.654573,0.696613
150126,LIMA,LIMA,PUNTA HERMOSA,0.0,0.0,0.0,100.0,1.0,0.0,100.0,1.0,5,0,0.0,0.0,,100.0,1.0,0.75,0.576923,2,0.695989,5,1549.281979,77.130703,10.144341,0.695989
150119,LIMA,LIMA,LURIN,0.0,0.0,0.0,100.0,1.0,0.0,100.0,1.0,5,0,0.0,0.0,,100.0,1.0,0.75,0.576923,2,0.690924,5,1476.835195,78.416261,9.826485,0.690924
150143,LIMA,LIMA,VILLA MARIA DEL TRIUNFO,0.0,0.0,0.0,100.0,1.0,0.0,100.0,1.0,5,0,0.0,0.0,,100.0,1.0,0.75,0.576923,2,0.689812,5,1409.843227,79.880157,9.755251,0.689812
040110,AREQUIPA,AREQUIPA,MIRAFLORES,0.0,0.0,0.0,100.0,1.0,0.0,100.0,1.0,5,0,0.0,0.0,,100.0,1.0,0.75,0.576923,2,0.689308,5,1241.497645,78.724617,11.552714,0.689308
150103,LIMA,LIMA,ATE,0.0,0.0,0.0,100.0,1.0,0.0,100.0,1.0,5,0,0.0,0.0,,100.0,1.0,0.75,0.576923,2,0.686855,5,1425.449863,79.623632,9.209138,0.686855
150507,LIMA,CAÑETE,IMPERIAL,0.0,0.0,100.0,0.0,0.0,100.0,0.0,0.0,4,1,0.2,0.0,,100.0,1.0,0.3,0.230769,1,0.686345,5,1251.167233,82.297749,10.211792,0.686345
150516,LIMA,CAÑETE,ZUÑIGA,0.0,0.0,100.0,0.0,0.0,100.0,0.0,0.0,5,0,0.0,1.0,100.0,0.0,0.0,0.0,0.0,1,0.686133,5,1567.042132,77.84585,8.99319,0.686133
230303,TACNA,JORGE BASADRE,ITE,4.76,0.0476,100.0,0.0,0.0,100.0,0.0,0.0,5,0,0.0,1.0,100.0,0.0,0.0,0.0,0.0,1,0.686004,5,1598.337724,73.873679,9.721784,0.686004
150509,LIMA,CAÑETE,MALA,0.0,0.0,100.0,0.0,0.0,100.0,0.0,0.0,5,0,0.0,1.0,100.0,0.0,0.0,0.0,0.0,1,0.685814,5,1281.046442,80.26354,10.090706,0.685814
040117,AREQUIPA,AREQUIPA,SACHACA,0.0,0.0,0.0,100.0,1.0,0.0,100.0,1.0,5,0,0.0,0.0,,100.0,1.0,0.75,0.576923,2,0.685521,5,1299.542561,77.55287,11.09516,0.685521
150112,LIMA,LIMA,INDEPENDENCIA,0.0,0.0,0.0,100.0,1.0,0.0,100.0,1.0,1,4,0.8,0.0,,100.0,1.0,0.95,0.730769,5,0.685338,5,1443.328322,80.043469,8.817292,0.685338
150514,LIMA,CAÑETE,SAN LUIS,0.0,0.0,100.0,0.0,0.0,100.0,0.0,0.0,5,0,0.0,0.0,,100.0,1.0,0.25,0.192308,1,0.685163,5,1422.698318,82.71533,8.299593,0.685163
150118,LIMA,LIMA,LURIGANCHO,0.0,0.0,0.0,100.0,1.0,0.0,100.0,1.0,5,0,0.0,0.0,,100.0,1.0,0.75,0.576923,2,0.683195,5,1376.047242,78.608739,10.004202,0.683195
180301,MOQUEGUA,ILO,ILO,0.0,0.0,0.0,100.0,1.0,0.0,100.0,1.0,5,0,0.0,0.0,,100.0,1.0,0.75,0.576923,2,0.683157,5,1346.786006,78.202981,10.671817,0.683157
080105,CUSCO,CUSCO,SAN SEBASTIAN,0.0,0.0,0.0,100.0,1.0,0.0,100.0,1.0,5,0,0.0,0.0,,100.0,1.0,0.75,0.576923,2,0.680629,5,1245.537239,77.514478,11.0444,0.680629
040705,AREQUIPA,ISLAY,MEJIA,0.0,0.0,0.0,100.0,1.0,0.0,100.0,1.0,5,0,0.0,0.0,,100.0,1.0,0.75,0.576923,2,0.680307,5,1363.706616,77.944667,9.735922,0.680307
040305,AREQUIPA,CARAVELI,BELLA UNION,8.33,0.0833,0.0,100.0,1.0,0.0,100.0,1.0,5,0,0.0,0.0,,100.0,1.0,0.75,0.59134,3,0.67976,5,1503.764204,85.0,8.647491,0.67976
170301,MADRE DE DIOS,TAHUAMANU,IÑAPARI,42.86,0.4286,0.0,100.0,1.0,0.0,100.0,1.0,5,0,0.0,0.0,,100.0,1.0,0.75,0.651104,4,0.679577,5,1742.915674,82.06598,8.600322,0.679577
110304,ICA,NASCA,MARCONA,21.05,0.2105,0.0,100.0,1.0,0.0,100.0,1.0,5,0,0.0,0.0,,100.0,1.0,0.75,0.613356,4,0.677143,5,1245.387207,80.274182,10.916739,0.677143
070103,CALLAO,CALLAO,CARMEN DE LA LEGUA REYNOSO,0.0,0.0,0.0,100.0,1.0,0.0,100.0,1.0,5,0,0.0,0.0,,100.0,1.0,0.75,0.576923,2,0.676407,5,1257.818804,80.939239,10.401247,0.676407
070101,CALLAO,CALLAO,CALLAO,0.0,0.0,0.0,100.0,1.0,0.0,100.0,1.0,5,0,0.0,0.0,,100.0,1.0,0.75,0.576923,2,0.676201,5,1224.713201,80.996926,10.623435,0.676201
150502,LIMA,CAÑETE,ASIA,0.0,0.0,100.0,0.0,0.0,100.0,0.0,0.0,5,0,0.0,0.0,,100.0,1.0,0.25,0.192308,1,0.67407,5,1330.620821,78.062706,9.29636,0.67407
040103,AREQUIPA,AREQUIPA,CAYMA,33.33,0.3333,0.0,100.0,1.0,0.0,100.0,1.0,5,0,0.0,0.0,,100.0,1.0,0.75,0.63461,4,0.673855,5,1199.618006,78.167304,11.266546,0.673855
220901,SAN MARTIN,SAN MARTIN,TARAPOTO,0.0,0.0,0.0,100.0,1.0,0.0,100.0,1.0,5,0,0.0,0.0,,100.0,1.0,0.75,0.576923,2,0.672935,5,1400.86167,71.950345,10.480548,0.672935
040109,AREQUIPA,AREQUIPA,MARIANO MELGAR,0.0,0.0,0.0,100.0,1.0,0.0,100.0,1.0,5,0,0.0,0.0,,100.0,1.0,0.75,0.576923,2,0.669506,5,1162.805855,78.311572,11.148828,0.669506
040124,AREQUIPA,AREQUIPA,UCHUMAYO,2.44,0.0244,0.0,100.0,1.0,0.0,100.0,1.0,5,0,0.0,0.0,,100.0,1.0,0.75,0.581146,3,0.668901,5,1190.454985,80.68275,10.46631,0.668901
150102,LIMA,LIMA,ANCON,0.0,0.0,0.0,100.0,1.0,0.0,100.0,1.0,5,0,0.0,0.0,,100.0,1.0,0.75,0.576923,2,0.668889,5,1392.956247,77.659716,9.343569,0.668889
040122,AREQUIPA,AREQUIPA,SOCABAYA,0.0,0.0,0.0,100.0,1.0,0.0,100.0,1.0,4,1,0.2,0.0,,100.0,1.0,0.8,0.615385,4,0.666752,5,1187.188318,77.725199,11.061117,0.666752
040102,AREQUIPA,AREQUIPA,ALTO SELVA ALEGRE,0.0,0.0,0.0,100.0,1.0,0.0,100.0,1.0,5,0,0.0,0.0,,100.0,1.0,0.75,0.576923,2,0.664431,5,1154.977729,77.947568,11.207079,0.664431
110101,ICA,ICA,ICA,0.0,0.0,0.0,100.0,1.0,0.0,100.0,1.0,5,0,0.0,0.0,,100.0,1.0,0.75,0.576923,2,0.663722,5,1084.329234,79.644605,11.724811,0.663722
150125,LIMA,LIMA,PUENTE PIEDRA,0.0,0.0,0.0,100.0,1.0,0.0,100.0,1.0,5,0,0.0,0.0,,100.0,1.0,0.75,0.576923,2,0.663263,5,1289.452648,79.151556,9.62967,0.663263
040308,AREQUIPA,CARAVELI,CHAPARRA,16.07,0.1607,0.0,100.0,1.0,0.0,100.0,1.0,5,0,0.0,1.0,0.0,100.0,1.0,0.75,0.604737,4,0.663188,5,1296.462734,85.0,9.195113,0.663188
040107,AREQUIPA,AREQUIPA,JACOBO HUNTER,0.0,0.0,0.0,100.0,1.0,0.0,100.0,1.0,5,0,0.0,0.0,,100.0,1.0,0.75,0.576923,2,0.663175,5,1170.824149,78.63253,10.779495,0.663175
150508,LIMA,CAÑETE,LUNAHUANA,0.0,0.0,100.0,0.0,0.0,0.0,100.0,1.0,1,4,0.8,0.0,,100.0,1.0,0.7,0.538462,2,0.662332,5,1301.904739,78.790223,8.426719,0.662332
150511,LIMA,CAÑETE,PACARAN,0.0,0.0,100.0,0.0,0.0,100.0,0.0,0.0,5,0,0.0,1.0,100.0,0.0,0.0,0.0,0.0,1,0.661703,5,1241.63936,81.670193,8.934563,0.661703
150139,LIMA,LIMA,SANTA ROSA,0.0,0.0,0.0,100.0,1.0,0.0,100.0,1.0,5,0,0.0,0.0,,100.0,1.0,0.75,0.576923,2,0.660577,5,1349.63493,77.160286,9.917281,0.660577
160101,LORETO,MAYNAS,IQUITOS,39.13,0.3913,0.0,100.0,1.0,0.0,100.0,1.0,5,0,0.0,0.0,,100.0,1.0,0.75,0.644648,4,0.65982,5,1208.805729,74.393251,12.740331,0.65982
080101,CUSCO,CUSCO,CUSCO,0.0,0.0,0.0,100.0,1.0,0.0,100.0,1.0,5,0,0.0,0.0,,100.0,1.0,0.75,0.576923,2,0.659084,5,1171.113417,75.614652,11.294407,0.659084
040309,AREQUIPA,CARAVELI,HUANUHUANU,62.96,0.6296,0.0,100.0,1.0,0.0,100.0,1.0,3,2,0.4,1.0,0.0,100.0,1.0,0.85,0.777345,5,0.658242,5,1316.254398,85.0,8.706275,0.658242
200101,PIURA,PIURA,PIURA,0.0,0.0,0.0,100.0,1.0,0.0,100.0,1.0,5,0,0.0,0.0,,100.0,1.0,0.75,0.576923,2,0.658204,5,1124.177237,78.741055,11.334168,0.658204
170302,MADRE DE DIOS,TAHUAMANU,IBERIA,30.43,0.3043,0.0,100.0,1.0,0.0,100.0,1.0,5,0,0.0,0.0,,100.0,1.0,0.75,0.62959,4,0.658171,5,1382.445172,82.297404,9.1737,0.658171
220910,SAN MARTIN,SAN MARTIN,MORALES,0.0,0.0,0.0,100.0,1.0,0.0,100.0,1.0,5,0,0.0,0.0,,100.0,1.0,0.75,0.576923,2,0.657414,5,1372.338769,72.928243,9.765103,0.657414
040307,AREQUIPA,CARAVELI,CHALA,0.0,0.0,0.0,100.0,1.0,0.0,100.0,1.0,5,0,0.0,0.0,,100.0,1.0,0.75,0.576923,2,0.655371,5,1185.214977,83.875839,9.684057,0.655371
110110,ICA,ICA,SAN JUAN BAUTISTA,0.0,0.0,0.0,100.0,1.0,0.0,100.0,1.0,5,0,0.0,0.0,,100.0,1.0,0.75,0.576923,2,0.655051,5,1117.214694,80.792436,10.628873,0.655051
080104,CUSCO,CUSCO,SAN JERONIMO,0.0,0.0,100.0,0.0,0.0,100.0,0.0,0.0,5,0,0.0,0.0,,100.0,1.0,0.25,0.192308,1,0.654903,5,1156.114896,78.596375,10.432612,0.654903
150510,LIMA,CAÑETE,NUEVO IMPERIAL,6.9,0.069,100.0,0.0,0.0,100.0,0.0,0.0,5,0,0.0,1.0,100.0,0.0,0.0,0.0,0.0,1,0.654614,5,1293.647044,77.616468,9.075327,0.654614
040606,AREQUIPA,CONDESUYOS,RIO GRANDE,5.56,0.0556,0.0,100.0,1.0,0.0,100.0,1.0,2,3,0.6,1.0,0.0,100.0,1.0,0.9,0.703855,5,0.653717,5,1426.963238,75.546894,8.977223,0.653717
150805,LIMA,HUAURA,HUALMAY,0.0,0.0,0.0,100.0,1.0,0.0,100.0,1.0,5,0,0.0,0.0,,100.0,1.0,0.75,0.576923,2,0.653365,5,1157.285327,78.294981,10.421389,0.653365
150504,LIMA,CAÑETE,CERRO AZUL,0.0,0.0,0.0,100.0,1.0,0.0,100.0,1.0,5,0,0.0,0.0,,100.0,1.0,0.75,0.576923,2,0.653161,5,1200.760854,78.925362,9.06059,0.653161
180302,MOQUEGUA,ILO,EL ALGARROBAL,25.64,0.2564,100.0,0.0,0.0,100.0,0.0,0.0,4,1,0.2,1.0,100.0,0.0,0.0,0.05,0.04142,1,0.651775,5,1325.524091,77.176174,9.976764,0.651775
150106,LIMA,LIMA,CARABAYLLO,0.0,0.0,0.0,100.0,1.0,0.0,100.0,1.0,5,0,0.0,0.0,,100.0,1.0,0.75,0.576923,2,0.649869,5,1246.479589,78.849674,9.217868,0.649869
040112,AREQUIPA,AREQUIPA,PAUCARPATA,0.0,0.0,0.0,100.0,1.0,0.0,100.0,1.0,5,0,0.0,0.0,,100.0,1.0,0.75,0.576923,2,0.649763,5,1100.753356,78.506775,10.832142,0.649763
170204,MADRE DE DIOS,MANU,HUEPETUHE,0.0,0.0,0.0,100.0,1.0,0.0,100.0,1.0,5,0,0.0,0.0,,100.0,1.0,0.75,0.576923,2,0.649243,5,1511.465991,74.634605,8.305058,0.649243
210101,PUNO,PUNO,PUNO,15.55,0.1555,66.67,33.33,0.3333,60.0,40.0,0.4,5,0,0.0,1.0,0.0,100.0,1.0,0.433325,0.348877,2,0.64889,5,1230.336353,69.673123,11.701624,0.64889
040116,AREQUIPA,AREQUIPA,SABANDIA,0.0,0.0,0.0,100.0,1.0,0.0,100.0,1.0,3,2,0.4,0.0,,100.0,1.0,0.85,0.653846,4,0.648849,5,1180.955374,77.622129,10.31886,0.648849
150512,LIMA,CAÑETE,QUILMANA,0.0,0.0,100.0,0.0,0.0,100.0,0.0,0.0,1,4,0.8,0.0,,100.0,1.0,0.45,0.346154,2,0.64729,5,1314.365603,79.140315,8.385321,0.64729
151002,LIMA,YAUYOS,ALIS,20.0,0.2,100.0,0.0,0.0,100.0,0.0,0.0,3,2,0.4,0.0,,100.0,1.0,0.35,0.285385,2,0.646897,5,1245.610186,74.731261,10.839519,0.646897
081307,CUSCO,URUBAMBA,YUCAY,0.0,0.0,0.0,100.0,1.0,0.0,100.0,1.0,5,0,0.0,0.0,,100.0,1.0,0.75,0.576923,2,0.646744,5,1206.994438,79.231483,10.132838,0.646744
150123,LIMA,LIMA,PACHACAMAC,0.0,0.0,0.0,100.0,1.0,0.0,100.0,1.0,5,0,0.0,0.0,,100.0,1.0,0.75,0.576923,2,0.646311,5,1279.230283,77.518722,9.278997,0.646311
021809,ANCASH,SANTA,NUEVO CHIMBOTE,4.0,0.04,0.0,100.0,1.0,0.0,100.0,1.0,2,3,0.6,0.0,,100.0,1.0,0.9,0.700615,5,0.64596,5,1131.865713,78.639087,10.615651,0.64596
230108,TACNA,TACNA,POCOLLAY,0.0,0.0,0.0,100.0,1.0,0.0,100.0,1.0,5,0,0.0,0.0,,100.0,1.0,0.75,0.576923,2,0.645954,5,1152.606145,77.267808,10.521084,0.645954
040701,AREQUIPA,ISLAY,MOLLENDO,10.0,0.1,0.0,100.0,1.0,0.0,100.0,1.0,5,0,0.0,0.0,,100.0,1.0,0.75,0.594231,3,0.645631,5,1179.265312,75.673341,10.479684,0.645631
040125,AREQUIPA,AREQUIPA,VITOR,0.0,0.0,0.0,100.0,1.0,0.0,100.0,1.0,1,4,0.8,1.0,0.0,100.0,1.0,0.95,0.730769,5,0.645585,5,1258.617288,78.588263,8.472481,0.645585
040702,AREQUIPA,ISLAY,COCACHACRA,21.21,0.2121,0.0,100.0,1.0,0.0,100.0,1.0,5,0,0.0,0.0,,100.0,1.0,0.75,0.613633,4,0.644949,5,1226.330683,78.447196,8.759365,0.644949
150601,LIMA,HUARAL,HUARAL,5.13,0.0513,100.0,0.0,0.0,100.0,0.0,0.0,5,0,0.0,0.0,,100.0,1.0,0.25,0.195267,1,0.644705,5,1220.460893,79.928737,9.344739,0.644705
040205,AREQUIPA,CAMANA,NICOLAS DE PIEROLA,58.33,0.5833,0.0,100.0,1.0,0.0,100.0,1.0,5,0,0.0,1.0,0.0,100.0,1.0,0.75,0.677879,4,0.644541,5,1126.181107,81.262935,9.278885,0.644541
150806,LIMA,HUAURA,HUAURA,0.0,0.0,100.0,0.0,0.0,100.0,0.0,0.0,5,0,0.0,0.0,,100.0,1.0,0.25,0.192308,1,0.644332,5,1280.219556,78.612182,8.919818,0.644332
040208,AREQUIPA,CAMANA,SAMUEL PASTOR,0.0,0.0,0.0,100.0,1.0,0.0,100.0,1.0,5,0,0.0,1.0,0.0,100.0,1.0,0.75,0.576923,2,0.643816,5,1152.202471,84.712186,8.966373,0.643816
070107,CALLAO,CALLAO,MI PERU,0.0,0.0,0.0,100.0,1.0,0.0,100.0,1.0,5,0,0.0,0.0,,100.0,1.0,0.75,0.576923,2,0.64371,5,1241.061299,81.18662,8.896615,0.64371
040201,AREQUIPA,CAMANA,CAMANA,0.0,0.0,0.0,100.0,1.0,0.0,100.0,1.0,5,0,0.0,0.0,,100.0,1.0,0.75,0.576923,2,0.64348,5,1055.409248,81.322426,10.584932,0.64348
010101,AMAZONAS,CHACHAPOYAS,CHACHAPOYAS,0.0,0.0,0.0,100.0,1.0,0.0,100.0,1.0,5,0,0.0,1.0,0.0,100.0,1.0,0.75,0.576923,2,0.642361,5,1259.130244,72.192674,10.018339,0.642361
040104,AREQUIPA,AREQUIPA,CERRO COLORADO,0.0,0.0,0.0,100.0,1.0,0.0,100.0,1.0,5,0,0.0,0.0,,100.0,1.0,0.75,0.576923,2,0.641177,5,1107.223862,77.240832,10.595705,0.641177
150109,LIMA,LIMA,CIENEGUILLA,0.0,0.0,0.0,100.0,1.0,0.0,100.0,1.0,5,0,0.0,0.0,,100.0,1.0,0.75,0.576923,2,0.637172,5,1265.041999,77.288096,9.015039,0.637172
040123,AREQUIPA,AREQUIPA,TIABAYA,0.0,0.0,0.0,100.0,1.0,0.0,100.0,1.0,5,0,0.0,0.0,,100.0,1.0,0.75,0.576923,2,0.636178,5,1124.635848,79.029987,9.90769,0.636178
150728,LIMA,HUAROCHIRI,SANTA EULALIA,0.0,0.0,100.0,0.0,0.0,100.0,0.0,0.0,5,0,0.0,0.0,,100.0,1.0,0.25,0.192308,1,0.63557,5,1326.612983,71.655525,10.03356,0.63557
180205,MOQUEGUA,GENERAL SANCHEZ CERRO,LA CAPILLA,56.6,0.566,100.0,0.0,0.0,0.0,100.0,1.0,5,0,0.0,0.0,,100.0,1.0,0.5,0.449923,2,0.635181,5,1228.134548,76.754102,9.208886,0.635181
150201,LIMA,BARRANCA,BARRANCA,0.0,0.0,100.0,0.0,0.0,100.0,0.0,0.0,5,0,0.0,0.0,,100.0,1.0,0.25,0.192308,1,0.635179,5,1133.777921,80.802441,9.40436,0.635179
110112,ICA,ICA,SUBTANJALLA,0.0,0.0,0.0,100.0,1.0,0.0,100.0,1.0,5,0,0.0,0.0,,100.0,1.0,0.75,0.576923,2,0.635078,5,1028.528071,79.37212,10.809406,0.635078
120114,JUNIN,HUANCAYO,EL TAMBO,6.67,0.0667,0.0,100.0,1.0,0.0,100.0,1.0,3,2,0.4,0.0,,100.0,1.0,0.85,0.66693,4,0.634962,5,1118.012743,73.347394,11.216599,0.634962
080106,CUSCO,CUSCO,SANTIAGO,0.0,0.0,0.0,100.0,1.0,0.0,100.0,1.0,5,0,0.0,0.0,,100.0,1.0,0.75,0.576923,2,0.634895,5,1084.145557,77.624572,10.276562,0.634895
040302,AREQUIPA,CARAVELI,ACARI,18.92,0.1892,0.0,100.0,1.0,0.0,100.0,1.0,3,2,0.4,0.0,,100.0,1.0,0.85,0.690958,4,0.634185,5,1303.788728,81.507995,8.785829,0.634185
140101,LAMBAYEQUE,CHICLAYO,CHICLAYO,0.0,0.0,0.0,100.0,1.0,100.0,0.0,0.0,5,0,0.0,0.0,,100.0,1.0,0.5,0.384615,2,0.633676,5,998.394523,79.574138,10.959065,0.633676
110102,ICA,ICA,LA TINGUIÑA,0.0,0.0,0.0,100.0,1.0,0.0,100.0,1.0,5,0,0.0,0.0,,100.0,1.0,0.75,0.576923,2,0.633445,5,1015.741451,80.809116,10.427088,0.633445
040202,AREQUIPA,CAMANA,JOSE MARIA QUIMPER,0.0,0.0,0.0,100.0,1.0,0.0,100.0,1.0,1,4,0.8,1.0,0.0,100.0,1.0,0.95,0.730769,5,0.633321,5,1115.837714,80.034584,9.296353,0.633321
170101,MADRE DE DIOS,TAMBOPATA,TAMBOPATA,35.29,0.3529,0.0,100.0,1.0,0.0,100.0,1.0,5,0,0.0,0.0,,100.0,1.0,0.75,0.638002,4,0.633164,5,1305.419539,72.206411,10.029363,0.633164
150901,LIMA,OYON,OYON,36.3,0.363,100.0,0.0,0.0,100.0,0.0,0.0,5,0,0.0,0.0,,100.0,1.0,0.25,0.21325,1,0.632963,5,1214.229806,79.694673,10.434856,0.632963
150205,LIMA,BARRANCA,SUPE PUERTO,0.0,0.0,0.0,100.0,1.0,0.0,100.0,1.0,5,0,0.0,0.0,,100.0,1.0,0.75,0.576923,2,0.632911,5,1157.274107,81.583767,8.941946,0.632911
150605,LIMA,HUARAL,CHANCAY,0.0,0.0,100.0,0.0,0.0,100.0,0.0,0.0,5,0,0.0,1.0,100.0,0.0,0.0,0.0,0.0,1,0.632899,5,1190.673404,79.852284,8.650574,0.632899
120803,JUNIN,YAULI,HUAY-HUAY,48.28,0.4828,100.0,0.0,0.0,100.0,0.0,0.0,5,0,0.0,0.0,,100.0,1.0,0.25,0.220162,1,0.632549,5,1201.233338,77.89143,9.965072,0.632549
190104,PASCO,PASCO,HUAYLLAY,30.55,0.3055,0.0,100.0,1.0,0.0,100.0,1.0,5,0,0.0,1.0,0.0,100.0,1.0,0.75,0.629798,4,0.632231,5,1174.79826,71.216659,10.400798,0.632231
120808,JUNIN,YAULI,SANTA ROSA DE SACCO,13.64,0.1364,0.0,100.0,1.0,0.0,100.0,1.0,1,4,0.8,0.0,,100.0,1.0,0.95,0.760672,5,0.632146,5,1105.45951,78.727674,9.962928,0.632146
110103,ICA,ICA,LOS AQUIJES,0.0,0.0,0.0,100.0,1.0,100.0,0.0,0.0,5,0,0.0,1.0,100.0,0.0,0.0,0.25,0.192308,1,0.632137,5,1104.135489,78.11994,9.921443,0.632137
150727,LIMA,HUAROCHIRI,SANTA CRUZ DE COCACHACRA,0.0,0.0,100.0,0.0,0.0,100.0,0.0,0.0,2,3,0.6,1.0,100.0,0.0,0.0,0.15,0.115385,1,0.631753,5,1243.286029,72.226249,9.613796,0.631753
190111,PASCO,PASCO,TINYAHUARCO,3.03,0.0303,0.0,100.0,1.0,0.0,100.0,1.0,5,0,0.0,0.0,,100.0,1.0,0.75,0.582167,3,0.630841,5,1020.696304,76.687084,10.615011,0.630841
150204,LIMA,BARRANCA,SUPE,11.54,0.1154,100.0,0.0,0.0,100.0,0.0,0.0,5,0,0.0,0.0,,100.0,1.0,0.25,0.198965,1,0.630827,5,1280.487368,79.951646,8.147513,0.630827
110505,ICA,PISCO,PARACAS,10.0,0.1,0.0,100.0,1.0,0.0,100.0,1.0,5,0,0.0,0.0,,100.0,1.0,0.75,0.594231,3,0.629218,5,1204.177835,75.99906,9.796859,0.629218
040204,AREQUIPA,CAMANA,MARISCAL CACERES,15.0,0.15,0.0,100.0,1.0,0.0,100.0,1.0,1,4,0.8,1.0,0.0,100.0,1.0,0.95,0.763654,5,0.628491,5,1169.964851,82.784074,8.056065,0.628491
110105,ICA,ICA,PACHACUTEC,0.0,0.0,0.0,100.0,1.0,100.0,0.0,0.0,5,0,0.0,1.0,100.0,0.0,0.0,0.25,0.192308,1,0.628227,5,1067.30799,79.938282,9.725001,0.628227
040127,AREQUIPA,AREQUIPA,YARABAMBA,0.0,0.0,0.0,100.0,1.0,0.0,100.0,1.0,1,4,0.8,1.0,0.0,100.0,1.0,0.95,0.730769,5,0.627156,5,1053.665111,79.753647,10.203674,0.627156
150202,LIMA,BARRANCA,PARAMONGA,21.43,0.2143,100.0,0.0,0.0,100.0,0.0,0.0,4,1,0.2,0.0,,100.0,1.0,0.3,0.245605,1,0.626869,5,1090.279661,82.180967,8.959174,0.626869
110109,ICA,ICA,SAN JOSE DE LOS MOLINOS,8.57,0.0857,66.67,33.33,0.3333,50.0,50.0,0.5,5,0,0.0,1.0,100.0,0.0,0.0,0.208325,0.16437,1,0.626732,5,1104.43945,78.750551,9.132899,0.626732
110111,ICA,ICA,SANTIAGO,0.0,0.0,100.0,0.0,0.0,100.0,0.0,0.0,5,0,0.0,0.0,,100.0,1.0,0.25,0.192308,1,0.626104,5,1061.002261,80.48506,9.341716,0.626104
150714,LIMA,HUAROCHIRI,RICARDO PALMA,0.0,0.0,100.0,0.0,0.0,0.0,100.0,1.0,5,0,0.0,0.0,,100.0,1.0,0.5,0.384615,2,0.625897,5,1209.052082,73.561087,10.299464,0.625897
150810,LIMA,HUAURA,SANTA MARIA,0.0,0.0,100.0,0.0,0.0,0.0,100.0,1.0,5,0,0.0,0.0,,100.0,1.0,0.5,0.384615,2,0.625654,5,1113.456224,76.866877,9.794028,0.625654
150811,LIMA,HUAURA,SAYAN,3.65,0.0365,100.0,0.0,0.0,100.0,0.0,0.0,5,0,0.0,1.0,100.0,0.0,0.0,0.0,0.0,1,0.625259,5,1379.419827,76.007109,7.928808,0.625259
040602,AREQUIPA,CONDESUYOS,ANDARAY,42.86,0.4286,0.0,100.0,1.0,0.0,100.0,1.0,3,2,0.4,1.0,0.0,100.0,1.0,0.85,0.737918,5,0.625009,5,1396.046365,76.282101,8.088573,0.625009
150506,LIMA,CAÑETE,COAYLLO,20.69,0.2069,100.0,0.0,0.0,100.0,0.0,0.0,3,2,0.4,0.0,,100.0,1.0,0.35,0.285942,2,0.623068,5,1164.06684,82.785987,6.942159,0.623068
140120,LAMBAYEQUE,CHICLAYO,TUMAN,0.0,0.0,100.0,0.0,0.0,0.0,100.0,1.0,5,0,0.0,0.0,,100.0,1.0,0.5,0.384615,2,0.622543,5,1068.721311,81.229165,8.985275,0.622543
200104,PIURA,PIURA,CASTILLA,0.0,0.0,0.0,100.0,1.0,0.0,100.0,1.0,5,0,0.0,0.0,,100.0,1.0,0.75,0.576923,2,0.622081,5,1028.915689,80.201558,10.023777,0.622081
100111,HUANUCO,HUANUCO,PILLCO MARCA,3.57,0.0357,0.0,100.0,1.0,0.0,100.0,1.0,4,1,0.2,1.0,0.0,100.0,1.0,0.8,0.621975,4,0.621616,5,1100.92959,73.834452,9.834239,0.621616
120801,JUNIN,YAULI,LA OROYA,38.89,0.3889,100.0,0.0,0.0,100.0,0.0,0.0,5,0,0.0,0.0,,100.0,1.0,0.25,0.214744,1,0.621171,5,1128.403546,75.515085,10.049672,0.621171
040413,AREQUIPA,CASTILLA,URACA,2.08,0.0208,0.0,100.0,1.0,0.0,100.0,1.0,5,0,0.0,0.0,,100.0,1.0,0.75,0.580523,3,0.620866,5,1263.672462,77.743013,8.699583,0.620866
190113,PASCO,PASCO,YANACANCHA,4.88,0.0488,0.0,100.0,1.0,0.0,100.0,1.0,5,0,0.0,1.0,0.0,100.0,1.0,0.75,0.585369,3,0.619342,5,957.316898,76.39018,11.494439,0.619342
040206,AREQUIPA,CAMANA,OCOÑA,30.0,0.3,0.0,100.0,1.0,0.0,100.0,1.0,3,2,0.4,1.0,0.0,100.0,1.0,0.85,0.712692,5,0.619301,5,1102.13981,82.694082,8.707696,0.619301
130208,LA LIBERTAD,ASCOPE,CASA GRANDE,0.0,0.0,0.0,100.0,1.0,0.0,100.0,1.0,5,0,0.0,0.0,,100.0,1.0,0.75,0.576923,2,0.618851,5,1072.756007,78.51938,9.327574,0.618851
150401,LIMA,CANTA,CANTA,6.14,0.0614,100.0,0.0,0.0,100.0,0.0,0.0,3,2,0.4,0.0,,100.0,1.0,0.35,0.27419,2,0.618661,5,1142.116767,76.684849,10.129689,0.618661
211002,PUNO,SAN ANTONIO DE PUTINA,ANANEA,47.15,0.4715,0.0,100.0,1.0,0.0,100.0,1.0,5,0,0.0,1.0,0.0,100.0,1.0,0.75,0.658529,4,0.618412,5,1672.724317,61.622119,8.232901,0.618412
130107,LA LIBERTAD,TRUJILLO,MOCHE,0.0,0.0,0.0,100.0,1.0,0.0,100.0,1.0,5,0,0.0,0.0,,100.0,1.0,0.75,0.576923,2,0.618325,5,1128.599123,78.455771,9.474157,0.618325
110401,ICA,PALPA,PALPA,4.08,0.0408,0.0,100.0,1.0,100.0,0.0,0.0,5,0,0.0,0.0,,100.0,1.0,0.5,0.389323,2,0.61819,5,966.619942,81.111215,9.588459,0.61819
100102,HUANUCO,HUANUCO,AMARILIS,0.0,0.0,0.0,100.0,1.0,0.0,100.0,1.0,1,4,0.8,0.0,,100.0,1.0,0.95,0.730769,5,0.618044,5,1095.641521,74.03039,10.109576,0.618044
140104,LAMBAYEQUE,CHICLAYO,ETEN PUERTO,0.0,0.0,0.0,100.0,1.0,0.0,100.0,1.0,5,0,0.0,0.0,,100.0,1.0,0.75,0.576923,2,0.617684,5,928.489434,80.025836,10.596907,0.617684
130207,LA LIBERTAD,ASCOPE,SANTIAGO DE CAO,0.0,0.0,0.0,100.0,1.0,0.0,100.0,1.0,5,0,0.0,0.0,,100.0,1.0,0.75,0.576923,2,0.617581,5,1088.009942,78.680587,9.276913,0.617581
180201,MOQUEGUA,GENERAL SANCHEZ CERRO,OMATE,0.0,0.0,100.0,0.0,0.0,100.0,0.0,0.0,3,2,0.4,0.0,,100.0,1.0,0.35,0.269231,1,0.61707,5,982.361594,78.42096,10.440257,0.61707
040105,AREQUIPA,AREQUIPA,CHARACATO,0.0,0.0,0.0,100.0,1.0,0.0,100.0,1.0,5,0,0.0,0.0,,100.0,1.0,0.75,0.576923,2,0.616647,5,1006.410372,77.77225,10.140372,0.616647
040703,AREQUIPA,ISLAY,DEAN VALDIVIA,0.0,0.0,0.0,100.0,1.0,0.0,100.0,1.0,5,0,0.0,0.0,,100.0,1.0,0.75,0.576923,2,0.616391,5,1182.892299,77.651503,8.361097,0.616391
110106,ICA,ICA,PARCONA,0.0,0.0,0.0,100.0,1.0,0.0,100.0,1.0,5,0,0.0,0.0,,100.0,1.0,0.75,0.576923,2,0.616344,5,933.363605,80.796568,10.47811,0.616344
151018,LIMA,YAUYOS,LARAOS,63.33,0.6333,100.0,0.0,0.0,100.0,0.0,0.0,2,3,0.6,0.0,,100.0,1.0,0.4,0.366151,2,0.615805,5,1196.509186,76.62723,10.20813,0.615805
110113,ICA,ICA,TATE,0.0,0.0,0.0,100.0,1.0,100.0,0.0,0.0,3,2,0.4,0.0,,100.0,1.0,0.6,0.461538,2,0.615177,5,1017.090785,78.106504,10.108134,0.615177
130701,LA LIBERTAD,PACASMAYO,SAN PEDRO DE LLOC,0.0,0.0,0.0,100.0,1.0,0.0,100.0,1.0,5,0,0.0,0.0,,100.0,1.0,0.75,0.576923,2,0.613852,5,1095.68906,80.848262,9.143362,0.613852
021801,ANCASH,SANTA,CHIMBOTE,10.0,0.1,0.0,100.0,1.0,0.0,100.0,1.0,5,0,0.0,1.0,0.0,100.0,1.0,0.75,0.594231,3,0.613828,5,1055.782917,78.846957,9.438856,0.613828
130203,LA LIBERTAD,ASCOPE,CHOCOPE,0.0,0.0,0.0,100.0,1.0,0.0,100.0,1.0,5,0,0.0,0.0,,100.0,1.0,0.75,0.576923,2,0.613755,5,1053.656462,77.488039,9.288784,0.613755
090101,HUANCAVELICA,HUANCAVELICA,HUANCAVELICA,20.45,0.2045,100.0,0.0,0.0,100.0,0.0,0.0,5,0,0.0,0.0,,100.0,1.0,0.25,0.204106,1,0.611558,5,1091.214473,69.471511,10.846606,0.611558
040108,AREQUIPA,AREQUIPA,LA JOYA,0.0,0.0,0.0,100.0,1.0,0.0,100.0,1.0,5,0,0.0,1.0,0.0,100.0,1.0,0.75,0.576923,2,0.610548,5,1158.54309,78.106531,8.411557,0.610548
150203,LIMA,BARRANCA,PATIVILCA,0.0,0.0,100.0,0.0,0.0,100.0,0.0,0.0,5,0,0.0,0.0,,100.0,1.0,0.25,0.192308,1,0.609,5,1106.793701,83.279899,7.753898,0.609
040121,AREQUIPA,AREQUIPA,SANTA RITA DE SIGUAS,0.0,0.0,0.0,100.0,1.0,0.0,100.0,1.0,1,4,0.8,0.0,,100.0,1.0,0.95,0.730769,5,0.608449,5,1243.986901,75.90495,8.260115,0.608449
120101,JUNIN,HUANCAYO,HUANCAYO,0.0,0.0,0.0,100.0,1.0,0.0,100.0,1.0,5,0,0.0,0.0,,100.0,1.0,0.75,0.576923,2,0.608341,5,1046.538533,71.669826,11.052432,0.608341
040520,AREQUIPA,CAYLLOMA,MAJES,0.0,0.0,0.0,100.0,1.0,0.0,100.0,1.0,5,0,0.0,1.0,0.0,100.0,1.0,0.75,0.576923,2,0.607784,5,1135.515901,76.530721,8.773678,0.607784
190109,PASCO,PASCO,SIMON BOLIVAR,35.02,0.3502,0.0,100.0,1.0,0.0,100.0,1.0,5,0,0.0,0.0,,100.0,1.0,0.75,0.637535,4,0.607204,5,970.515298,75.638126,10.386442,0.607204
060101,CAJAMARCA,CAJAMARCA,CAJAMARCA,0.0,0.0,0.0,100.0,1.0,0.0,100.0,1.0,5,0,0.0,1.0,0.0,100.0,1.0,0.75,0.576923,2,0.607018,5,1117.141592,73.192247,9.490387,0.607018
040706,AREQUIPA,ISLAY,PUNTA DE BOMBON,25.0,0.25,0.0,100.0,1.0,0.0,100.0,1.0,5,0,0.0,0.0,,100.0,1.0,0.75,0.620192,4,0.606402,5,1096.758695,77.827378,8.303531,0.606402
150604,LIMA,HUARAL,AUCALLAMA,3.95,0.0395,100.0,0.0,0.0,100.0,0.0,0.0,5,0,0.0,1.0,100.0,0.0,0.0,0.0,0.0,1,0.606012,5,1269.987961,79.105802,7.172096,0.606012
150812,LIMA,HUAURA,VEGUETA,0.0,0.0,100.0,0.0,0.0,100.0,0.0,0.0,5,0,0.0,0.0,,100.0,1.0,0.25,0.192308,1,0.605898,5,1216.001808,75.860099,8.328202,0.605898
110201,ICA,CHINCHA,CHINCHA ALTA,0.0,0.0,0.0,100.0,1.0,0.0,100.0,1.0,5,0,0.0,0.0,,100.0,1.0,0.75,0.576923,2,0.605573,5,938.908292,80.582138,10.391391,0.605573
110108,ICA,ICA,SALAS,0.46,0.0046,0.0,100.0,1.0,0.0,100.0,1.0,5,0,0.0,0.0,,100.0,1.0,0.75,0.577719,3,0.605316,5,1064.942615,78.888483,9.133325,0.605316
040115,AREQUIPA,AREQUIPA,QUEQUEÑA,0.0,0.0,0.0,100.0,1.0,0.0,100.0,1.0,3,2,0.4,0.0,,100.0,1.0,0.85,0.653846,4,0.603549,5,1001.184142,76.577085,9.867103,0.603549
230102,TACNA,TACNA,ALTO DE LA ALIANZA,10.0,0.1,0.0,100.0,1.0,0.0,100.0,1.0,5,0,0.0,0.0,,100.0,1.0,0.75,0.594231,3,0.603256,5,964.814369,77.720758,10.047532,0.603256
020101,ANCASH,HUARAZ,HUARAZ,8.33,0.0833,0.0,100.0,1.0,0.0,100.0,1.0,5,0,0.0,0.0,,100.0,1.0,0.75,0.59134,3,0.603079,5,1025.006308,74.32153,10.264927,0.603079
150503,LIMA,CAÑETE,CALANGO,48.84,0.4884,100.0,0.0,0.0,100.0,0.0,0.0,2,3,0.6,1.0,100.0,0.0,0.0,0.15,0.132291,1,0.602966,5,1069.292627,78.915581,7.977907,0.602966
240101,TUMBES,TUMBES,TUMBES,0.0,0.0,0.0,100.0,1.0,0.0,100.0,1.0,1,4,0.8,0.0,,100.0,1.0,0.95,0.730769,5,0.602511,5,998.971659,77.637582,9.791503,0.602511
110203,ICA,CHINCHA,CHAVIN,30.65,0.3065,100.0,0.0,0.0,100.0,0.0,0.0,3,2,0.4,0.0,,100.0,1.0,0.35,0.293987,2,0.602497,5,1136.753532,78.425984,10.468913,0.602497
040401,AREQUIPA,CASTILLA,APLAO,4.44,0.0444,0.0,100.0,1.0,0.0,100.0,1.0,5,0,0.0,0.0,,100.0,1.0,0.75,0.584608,3,0.602458,5,1171.985128,74.850241,8.997712,0.602458
120806,JUNIN,YAULI,PACCHA,50.0,0.5,0.0,100.0,1.0,100.0,0.0,0.0,3,2,0.4,0.0,,100.0,1.0,0.6,0.530769,2,0.60201,5,1068.313199,75.795737,9.146056,0.60201
110107,ICA,ICA,PUEBLO NUEVO,0.0,0.0,0.0,100.0,1.0,75.0,25.0,0.25,1,4,0.8,1.0,100.0,0.0,0.0,0.5125,0.394231,2,0.601739,5,958.033377,78.042802,10.310077,0.601739
180209,MOQUEGUA,GENERAL SANCHEZ CERRO,QUINISTAQUILLAS,17.24,0.1724,100.0,0.0,0.0,100.0,0.0,0.0,2,3,0.6,1.0,100.0,0.0,0.0,0.15,0.121352,1,0.60081,5,1103.401325,80.157764,9.358988,0.60081
040128,AREQUIPA,AREQUIPA,YURA,35.29,0.3529,0.0,100.0,1.0,0.0,100.0,1.0,5,0,0.0,1.0,0.0,100.0,1.0,0.75,0.638002,4,0.600506,5,996.014121,78.217042,8.994743,0.600506
030101,APURIMAC,ABANCAY,ABANCAY,7.41,0.0741,100.0,0.0,0.0,100.0,0.0,0.0,5,0,0.0,0.0,,100.0,1.0,0.25,0.196583,1,0.600375,5,969.922049,73.999326,10.589095,0.600375
070106,CALLAO,CALLAO,VENTANILLA,0.0,0.0,0.0,100.0,1.0,0.0,100.0,1.0,5,0,0.0,0.0,,100.0,1.0,0.75,0.576923,2,0.600316,5,995.664619,79.164047,9.57195,0.600316
150407,LIMA,CANTA,SANTA ROSA DE QUIVES,7.58,0.0758,100.0,0.0,0.0,100.0,0.0,0.0,5,0,0.0,1.0,100.0,0.0,0.0,0.0,0.0,1,0.600015,5,1261.389054,76.384234,7.461641,0.600015
200115,PIURA,PIURA,VEINTISEIS DE OCTUBRE,0.0,0.0,0.0,100.0,1.0,0.0,100.0,1.0,5,0,0.0,0.0,,100.0,1.0,0.75,0.576923,2,0.599746,5,976.316983,78.407939,9.714064,0.599746
150124,LIMA,LIMA,PUCUSANA,0.0,0.0,0.0,100.0,1.0,0.0,100.0,1.0,5,0,0.0,0.0,,100.0,1.0,0.75,0.576923,2,0.59894,5,1062.346355,77.007445,9.320308,0.59894
110301,ICA,NASCA,NASCA,11.97,0.1197,100.0,0.0,0.0,100.0,0.0,0.0,5,0,0.0,0.0,,100.0,1.0,0.25,0.199213,1,0.598885,5,936.274503,79.751383,10.078643,0.598885
110210,ICA,CHINCHA,SUNAMPE,0.0,0.0,0.0,100.0,1.0,0.0,100.0,1.0,5,0,0.0,0.0,,100.0,1.0,0.75,0.576923,2,0.598768,5,957.188317,81.761162,9.529645,0.598768
110402,ICA,PALPA,LLIPATA,0.0,0.0,100.0,0.0,0.0,100.0,0.0,0.0,3,2,0.4,0.0,,100.0,1.0,0.35,0.269231,1,0.597917,5,907.599183,80.760497,8.78542,0.597917
170303,MADRE DE DIOS,TAHUAMANU,TAHUAMANU,60.0,0.6,0.0,100.0,1.0,0.0,100.0,1.0,5,0,0.0,0.0,,100.0,1.0,0.75,0.680769,4,0.597618,5,1251.942824,82.267218,7.809538,0.597618
130704,LA LIBERTAD,PACASMAYO,PACASMAYO,0.0,0.0,0.0,100.0,1.0,0.0,100.0,1.0,5,0,0.0,0.0,,100.0,1.0,0.75,0.576923,2,0.596859,5,898.76336,81.564791,9.724446,0.596859
110403,ICA,PALPA,RIO GRANDE,33.33,0.3333,0.0,100.0,1.0,0.0,100.0,1.0,3,2,0.4,0.0,,100.0,1.0,0.85,0.719224,5,0.596432,5,912.172933,80.821058,8.82333,0.596432
220801,SAN MARTIN,RIOJA,RIOJA,3.7,0.037,0.0,100.0,1.0,0.0,100.0,1.0,5,0,0.0,0.0,,100.0,1.0,0.75,0.583327,3,0.596333,5,1232.73042,73.8096,8.251886,0.596333
130105,LA LIBERTAD,TRUJILLO,LA ESPERANZA,0.0,0.0,0.0,100.0,1.0,0.0,100.0,1.0,5,0,0.0,0.0,,100.0,1.0,0.75,0.576923,2,0.596157,5,1010.620438,78.861066,9.291972,0.596157
081301,CUSCO,URUBAMBA,URUBAMBA,2.5,0.025,100.0,0.0,0.0,100.0,0.0,0.0,5,0,0.0,0.0,,100.0,1.0,0.25,0.19375,1,0.596123,5,1024.51534,78.530359,9.019506,0.596123
021101,ANCASH,HUARMEY,HUARMEY,2.04,0.0204,0.0,100.0,1.0,0.0,100.0,1.0,5,0,0.0,0.0,,100.0,1.0,0.75,0.580454,3,0.59433,5,1004.185629,79.512742,9.093809,0.59433
110211,ICA,CHINCHA,TAMBO DE MORA,0.0,0.0,0.0,100.0,1.0,0.0,100.0,1.0,1,4,0.8,0.0,,100.0,1.0,0.95,0.730769,5,0.593545,5,978.918294,79.822706,9.55443,0.593545
240103,TUMBES,TUMBES,LA CRUZ,0.0,0.0,0.0,100.0,1.0,0.0,100.0,1.0,5,0,0.0,0.0,,100.0,1.0,0.75,0.576923,2,0.593397,5,1035.567875,76.159366,9.05807,0.593397
130106,LA LIBERTAD,TRUJILLO,LAREDO,0.0,0.0,0.0,100.0,1.0,0.0,100.0,1.0,5,0,0.0,0.0,,100.0,1.0,0.75,0.576923,2,0.592958,5,1043.418214,80.241509,8.518305,0.592958
110305,ICA,NASCA,VISTA ALEGRE,21.88,0.2188,0.0,100.0,1.0,66.67,33.33,0.3333,5,0,0.0,0.0,,100.0,1.0,0.583325,0.478165,2,0.592484,5,910.651409,81.72521,9.434074,0.592484
110207,ICA,CHINCHA,PUEBLO NUEVO,0.0,0.0,0.0,100.0,1.0,0.0,100.0,1.0,5,0,0.0,0.0,,100.0,1.0,0.75,0.576923,2,0.59247,5,913.781946,81.160315,10.029023,0.59247
220909,SAN MARTIN,SAN MARTIN,LA BANDA DE SHILCAYO,18.18,0.1818,0.0,100.0,1.0,0.0,100.0,1.0,3,2,0.4,0.0,,100.0,1.0,0.85,0.689507,4,0.592229,5,1146.168364,72.594772,8.909919,0.592229
200704,PIURA,TALARA,LOBITOS,0.0,0.0,0.0,100.0,1.0,0.0,100.0,1.0,5,0,0.0,0.0,,100.0,1.0,0.75,0.576923,2,0.592187,5,1020.618965,77.535131,9.316531,0.592187
200701,PIURA,TALARA,PARIÑAS,37.5,0.375,0.0,100.0,1.0,0.0,100.0,1.0,5,0,0.0,0.0,,100.0,1.0,0.75,0.641827,4,0.590115,5,1000.689242,76.980523,9.709338,0.590115
170203,MADRE DE DIOS,MANU,MADRE DE DIOS,25.71,0.2571,0.0,100.0,1.0,0.0,100.0,1.0,5,0,0.0,0.0,,100.0,1.0,0.75,0.621421,4,0.589623,5,1184.429542,75.01665,8.220913,0.589623
100101,HUANUCO,HUANUCO,HUANUCO,7.02,0.0702,0.0,100.0,1.0,0.0,100.0,1.0,5,0,0.0,1.0,0.0,100.0,1.0,0.75,0.589073,3,0.589321,5,1034.37424,71.444747,10.150837,0.589321
130401,LA LIBERTAD,CHEPEN,CHEPEN,0.0,0.0,0.0,100.0,1.0,0.0,100.0,1.0,5,0,0.0,1.0,0.0,100.0,1.0,0.75,0.576923,2,0.58857,5,976.158633,78.814492,8.763211,0.58857
200703,PIURA,TALARA,LA BREA,33.33,0.3333,0.0,100.0,1.0,0.0,100.0,1.0,5,0,0.0,0.0,,100.0,1.0,0.75,0.63461,4,0.587665,5,895.61708,78.300474,9.931328,0.587665
110501,ICA,PISCO,PISCO,0.0,0.0,0.0,100.0,1.0,0.0,100.0,1.0,5,0,0.0,0.0,,100.0,1.0,0.75,0.576923,2,0.587613,5,914.883561,76.407837,10.426367,0.587613
150722,LIMA,HUAROCHIRI,SAN MATEO,65.15,0.6515,0.0,100.0,1.0,0.0,100.0,1.0,2,3,0.6,0.0,,100.0,1.0,0.9,0.827619,5,0.587549,5,1216.826443,71.080965,8.947878,0.587549
120301,JUNIN,CHANCHAMAYO,CHANCHAMAYO,10.45,0.1045,0.0,100.0,1.0,0.0,100.0,1.0,5,0,0.0,0.0,,100.0,1.0,0.75,0.59501,3,0.587431,5,1064.616048,75.058372,9.160287,0.587431
020801,ANCASH,CASMA,CASMA,3.33,0.0333,0.0,100.0,1.0,0.0,100.0,1.0,5,0,0.0,0.0,,100.0,1.0,0.75,0.582687,3,0.587346,5,1041.065999,78.047581,8.596987,0.587346
090118,HUANCAVELICA,HUANCAVELICA,ASCENSION,66.1,0.661,0.0,100.0,1.0,0.0,100.0,1.0,5,0,0.0,0.0,,100.0,1.0,0.75,0.691327,4,0.587028,5,989.715812,75.856022,9.505482,0.587028
040409,AREQUIPA,CASTILLA,ORCOPAMPA,27.59,0.2759,0.0,100.0,1.0,0.0,100.0,1.0,2,3,0.6,0.0,,100.0,1.0,0.9,0.74961,5,0.585611,5,1217.75165,77.753836,9.016594,0.585611
020105,ANCASH,HUARAZ,INDEPENDENCIA,0.0,0.0,0.0,100.0,1.0,0.0,100.0,1.0,5,0,0.0,0.0,,100.0,1.0,0.75,0.576923,2,0.584998,5,958.092037,75.298609,9.670945,0.584998
170102,MADRE DE DIOS,TAMBOPATA,INAMBARI,25.0,0.25,0.0,100.0,1.0,0.0,100.0,1.0,5,0,0.0,0.0,,100.0,1.0,0.75,0.620192,4,0.584761,5,1213.903166,74.226986,8.321017,0.584761
010201,AMAZONAS,BAGUA,BAGUA,3.57,0.0357,0.0,100.0,1.0,0.0,100.0,1.0,5,0,0.0,0.0,,100.0,1.0,0.75,0.583102,3,0.584063,5,1074.015025,73.025637,8.794995,0.584063
090411,HUANCAVELICA,CASTROVIRREYNA,SANTA ANA,33.88,0.3388,0.0,100.0,1.0,100.0,0.0,0.0,3,2,0.4,0.0,,100.0,1.0,0.6,0.508449,2,0.58351,5,1383.774769,67.157743,7.274479,0.58351
130104,LA LIBERTAD,TRUJILLO,HUANCHACO,0.0,0.0,0.0,100.0,1.0,0.0,100.0,1.0,5,0,0.0,0.0,,100.0,1.0,0.75,0.576923,2,0.583007,5,1028.228212,78.244194,8.807312,0.583007
140112,LAMBAYEQUE,CHICLAYO,PIMENTEL,0.0,0.0,100.0,0.0,0.0,100.0,0.0,0.0,5,0,0.0,0.0,,100.0,1.0,0.25,0.192308,1,0.582875,5,850.045698,79.915532,9.984908,0.582875
040608,AREQUIPA,CONDESUYOS,YANAQUIHUA,26.56,0.2656,0.0,100.0,1.0,0.0,100.0,1.0,4,1,0.2,0.0,,100.0,1.0,0.8,0.664418,4,0.582787,5,1115.331173,80.422924,7.79217,0.582787
080914,CUSCO,LA CONVENCION,MEGANTONI,44.83,0.4483,0.0,100.0,1.0,0.0,100.0,1.0,3,2,0.4,0.0,,100.0,1.0,0.85,0.741782,5,0.582218,5,1158.553251,76.191928,8.960514,0.582218
040303,AREQUIPA,CARAVELI,ATICO,40.0,0.4,0.0,100.0,1.0,0.0,100.0,1.0,5,0,0.0,0.0,,100.0,1.0,0.75,0.646154,4,0.582004,5,1061.817349,81.066603,9.418004,0.582004
100601,HUANUCO,LEONCIO PRADO,RUPA-RUPA,0.0,0.0,0.0,100.0,1.0,0.0,100.0,1.0,5,0,0.0,1.0,0.0,100.0,1.0,0.75,0.576923,2,0.581834,5,1000.426042,73.844365,9.541274,0.581834
230301,TACNA,JORGE BASADRE,LOCUMBA,9.68,0.0968,100.0,0.0,0.0,0.0,100.0,1.0,5,0,0.0,1.0,100.0,0.0,0.0,0.25,0.197892,1,0.580893,5,1015.959347,73.371358,9.168656,0.580893
190101,PASCO,PASCO,CHAUPIMARCA,0.0,0.0,0.0,100.0,1.0,0.0,100.0,1.0,5,0,0.0,0.0,,100.0,1.0,0.75,0.576923,2,0.580525,5,847.919073,74.664987,10.686501,0.580525
080901,CUSCO,LA CONVENCION,SANTA ANA,8.99,0.0899,100.0,0.0,0.0,100.0,0.0,0.0,5,0,0.0,1.0,100.0,0.0,0.0,0.0,0.0,1,0.580389,5,868.325288,77.201582,9.632935,0.580389
060801,CAJAMARCA,JAEN,JAEN,0.0,0.0,0.0,100.0,1.0,0.0,100.0,1.0,2,3,0.6,1.0,0.0,100.0,1.0,0.9,0.692308,4,0.580324,5,1046.078117,74.495443,8.733179,0.580324
040111,AREQUIPA,AREQUIPA,MOLLEBAYA,0.0,0.0,0.0,100.0,1.0,0.0,100.0,1.0,5,0,0.0,1.0,0.0,100.0,1.0,0.75,0.576923,2,0.580001,5,927.696754,77.108939,9.487764,0.580001
040118,AREQUIPA,AREQUIPA,SAN JUAN DE SIGUAS,0.0,0.0,0.0,100.0,1.0,0.0,100.0,1.0,3,2,0.4,1.0,0.0,100.0,1.0,0.85,0.653846,4,0.579635,5,1038.843524,77.566111,8.230147,0.579635
120401,JUNIN,JAUJA,JAUJA,0.0,0.0,0.0,100.0,1.0,0.0,100.0,1.0,4,1,0.2,0.0,,100.0,1.0,0.8,0.615385,4,0.579335,5,984.615373,70.26773,10.3964,0.579335
230110,TACNA,TACNA,CORONEL GREGORIO ALBARRACIN LANCHIPA,6.06,0.0606,0.0,100.0,1.0,0.0,100.0,1.0,5,0,0.0,0.0,,100.0,1.0,0.75,0.587412,3,0.578968,5,892.303097,77.073616,10.047075,0.578968
151001,LIMA,YAUYOS,YAUYOS,7.14,0.0714,100.0,0.0,0.0,100.0,0.0,0.0,2,3,0.6,0.0,,100.0,1.0,0.4,0.314283,2,0.578646,5,1050.287832,71.279591,9.498561,0.578646
040704,AREQUIPA,ISLAY,ISLAY,0.0,0.0,0.0,100.0,1.0,0.0,100.0,1.0,1,4,0.8,0.0,,100.0,1.0,0.95,0.730769,5,0.578404,5,929.797674,74.737536,10.005035,0.578404
150701,LIMA,HUAROCHIRI,MATUCANA,10.42,0.1042,0.0,100.0,1.0,0.0,100.0,1.0,5,0,0.0,0.0,,100.0,1.0,0.75,0.594958,3,0.578208,5,952.489679,69.945541,10.405431,0.578208
160113,LORETO,MAYNAS,SAN JUAN BAUTISTA,18.89,0.1889,0.0,100.0,1.0,0.0,100.0,1.0,2,3,0.6,0.0,,100.0,1.0,0.9,0.731541,5,0.578134,5,1057.596132,72.90308,10.509481,0.578134
021803,ANCASH,SANTA,COISHCO,0.0,0.0,0.0,100.0,1.0,0.0,100.0,1.0,5,0,0.0,0.0,,100.0,1.0,0.75,0.576923,2,0.576718,5,961.414626,78.758527,8.602424,0.576718
050115,AYACUCHO,HUAMANGA,JESUS NAZARENO,0.0,0.0,0.0,100.0,1.0,0.0,100.0,1.0,5,0,0.0,0.0,,100.0,1.0,0.75,0.576923,2,0.576247,5,875.665226,74.206664,10.17052,0.576247
211101,PUNO,SAN ROMAN,JULIACA,10.0,0.1,0.0,100.0,1.0,0.0,100.0,1.0,5,0,0.0,0.0,,100.0,1.0,0.75,0.594231,3,0.575973,5,888.171601,73.559295,10.174966,0.575973
040304,AREQUIPA,CARAVELI,ATIQUIPA,26.92,0.2692,0.0,100.0,1.0,0.0,100.0,1.0,5,0,0.0,0.0,,100.0,1.0,0.75,0.623515,4,0.575966,5,955.22129,85.0,8.237349,0.575966
220908,SAN MARTIN,SAN MARTIN,JUAN GUERRA,0.0,0.0,0.0,100.0,1.0,0.0,100.0,1.0,5,0,0.0,0.0,,100.0,1.0,0.75,0.576923,2,0.575255,5,1132.884207,74.59481,8.001746,0.575255
021808,ANCASH,SANTA,SANTA,0.0,0.0,0.0,100.0,1.0,0.0,100.0,1.0,5,0,0.0,0.0,,100.0,1.0,0.75,0.576923,2,0.575142,5,1055.158525,79.133134,7.835804,0.575142
200702,PIURA,TALARA,EL ALTO,0.0,0.0,0.0,100.0,1.0,0.0,100.0,1.0,2,3,0.6,0.0,,100.0,1.0,0.9,0.692308,4,0.575139,5,929.195408,77.978667,9.442354,0.575139
110204,ICA,CHINCHA,CHINCHA BAJA,0.0,0.0,0.0,100.0,1.0,0.0,100.0,1.0,5,0,0.0,0.0,,100.0,1.0,0.75,0.576923,2,0.575109,5,891.303282,80.487515,8.914117,0.575109
120807,JUNIN,YAULI,SANTA BARBARA DE CARHUACAYAN,67.14,0.6714,100.0,0.0,0.0,100.0,0.0,0.0,2,3,0.6,0.0,,100.0,1.0,0.4,0.369668,2,0.575104,5,1087.895356,79.067674,8.339758,0.575104
040601,AREQUIPA,CONDESUYOS,CHUQUIBAMBA,25.0,0.25,0.0,100.0,1.0,0.0,100.0,1.0,2,3,0.6,0.0,,100.0,1.0,0.9,0.744231,5,0.575068,5,1022.803703,76.586469,8.942833,0.575068
040407,AREQUIPA,CASTILLA,HUANCARQUI,7.41,0.0741,0.0,100.0,1.0,0.0,100.0,1.0,1,4,0.8,1.0,0.0,100.0,1.0,0.95,0.747014,5,0.574816,5,1055.163593,74.81857,9.149795,0.574816
210705,PUNO,LAMPA,OCUVIRI,81.17,0.8117,100.0,0.0,0.0,100.0,0.0,0.0,2,3,0.6,0.0,,100.0,1.0,0.4,0.382618,2,0.574421,5,978.053286,78.174093,7.578621,0.574421
230204,TACNA,CANDARAVE,CURIBAYA,0.0,0.0,0.0,100.0,1.0,0.0,100.0,1.0,5,0,0.0,0.0,,100.0,1.0,0.75,0.576923,2,0.573942,5,950.189523,72.593298,9.476779,0.573942
110206,ICA,CHINCHA,GROCIO PRADO,25.53,0.2553,0.0,100.0,1.0,0.0,100.0,1.0,3,2,0.4,0.0,,100.0,1.0,0.85,0.703924,5,0.573674,5,865.117677,81.674739,9.138786,0.573674
130204,LA LIBERTAD,ASCOPE,MAGDALENA DE CAO,5.56,0.0556,0.0,100.0,1.0,0.0,100.0,1.0,2,3,0.6,1.0,0.0,100.0,1.0,0.9,0.703855,5,0.573504,5,988.970765,78.301243,8.310914,0.573504
110507,ICA,PISCO,SAN CLEMENTE,0.0,0.0,0.0,100.0,1.0,0.0,100.0,1.0,5,0,0.0,0.0,,100.0,1.0,0.75,0.576923,2,0.572373,5,922.472127,76.147784,9.107716,0.572373
130202,LA LIBERTAD,ASCOPE,CHICAMA,0.0,0.0,0.0,100.0,1.0,0.0,100.0,1.0,5,0,0.0,0.0,,100.0,1.0,0.75,0.576923,2,0.572157,5,978.449849,77.671023,8.464777,0.572157
040120,AREQUIPA,AREQUIPA,SANTA ISABEL DE SIGUAS,47.5,0.475,0.0,100.0,1.0,0.0,100.0,1.0,4,1,0.2,0.0,,100.0,1.0,0.8,0.703077,5,0.572073,5,1085.592882,78.538402,7.777746,0.572073
190108,PASCO,PASCO,SAN FRANCISCO DE ASIS DE YARUSYACAN,5.43,0.0543,0.0,100.0,1.0,0.0,100.0,1.0,5,0,0.0,0.0,,100.0,1.0,0.75,0.586321,3,0.572006,5,906.23869,73.680941,9.077576,0.572006
040603,AREQUIPA,CONDESUYOS,CAYARANI,44.72,0.4472,0.0,100.0,1.0,0.0,100.0,1.0,2,3,0.6,1.0,0.0,100.0,1.0,0.9,0.785188,5,0.571762,5,1186.504225,85.0,7.610712,0.571762
120125,JUNIN,HUANCAYO,PILCOMAYO,0.0,0.0,0.0,100.0,1.0,0.0,100.0,1.0,1,4,0.8,0.0,,100.0,1.0,0.95,0.730769,5,0.570858,5,907.47713,71.934198,9.891854,0.570858
160108,LORETO,MAYNAS,PUNCHANA,33.33,0.3333,33.33,66.67,0.6667,100.0,0.0,0.0,5,0,0.0,0.0,,100.0,1.0,0.416675,0.352568,2,0.570667,5,996.705512,75.099645,10.36346,0.570667
130109,LA LIBERTAD,TRUJILLO,SALAVERRY,0.0,0.0,0.0,100.0,1.0,0.0,100.0,1.0,5,0,0.0,0.0,,100.0,1.0,0.75,0.576923,2,0.570487,5,922.644196,78.730405,8.931371,0.570487
140106,LAMBAYEQUE,CHICLAYO,LA VICTORIA,0.0,0.0,100.0,0.0,0.0,100.0,0.0,0.0,5,0,0.0,0.0,,100.0,1.0,0.25,0.192308,1,0.569812,5,807.883575,80.775021,9.61137,0.569812
200501,PIURA,PAITA,PAITA,0.0,0.0,0.0,100.0,1.0,0.0,100.0,1.0,5,0,0.0,0.0,,100.0,1.0,0.75,0.576923,2,0.569748,5,957.183908,79.43114,8.424647,0.569748
110508,ICA,PISCO,TUPAC AMARU INCA,0.0,0.0,0.0,100.0,1.0,0.0,100.0,1.0,5,0,0.0,0.0,,100.0,1.0,0.75,0.576923,2,0.569669,5,893.651744,76.290928,9.676838,0.569669
110404,ICA,PALPA,SANTA CRUZ,27.27,0.2727,0.0,100.0,1.0,0.0,100.0,1.0,5,0,0.0,0.0,,100.0,1.0,0.75,0.624121,4,0.569612,5,848.147378,79.883189,8.850381,0.569612
100608,HUANUCO,LEONCIO PRADO,CASTILLO GRANDE,14.29,0.1429,0.0,100.0,1.0,0.0,100.0,1.0,4,1,0.2,0.0,,100.0,1.0,0.8,0.641766,4,0.569443,5,1077.121435,72.411688,8.663916,0.569443
240102,TUMBES,TUMBES,CORRALES,0.0,0.0,0.0,100.0,1.0,0.0,100.0,1.0,5,0,0.0,0.0,,100.0,1.0,0.75,0.576923,2,0.569128,5,962.153295,76.838604,8.686409,0.569128
021806,ANCASH,SANTA,NEPEÑA,2.38,0.0238,0.0,100.0,1.0,0.0,100.0,1.0,4,1,0.2,0.0,,100.0,1.0,0.8,0.619778,4,0.568821,5,1088.284833,79.344767,7.574556,0.568821
240201,TUMBES,CONTRALMIRANTE VILLAR,ZORRITOS,13.79,0.1379,0.0,100.0,1.0,0.0,100.0,1.0,5,0,0.0,1.0,0.0,100.0,1.0,0.75,0.60079,4,0.568343,5,964.427171,74.378869,9.025058,0.568343
130103,LA LIBERTAD,TRUJILLO,FLORENCIA DE MORA,0.0,0.0,0.0,100.0,1.0,0.0,100.0,1.0,5,0,0.0,0.0,,100.0,1.0,0.75,0.576923,2,0.566004,5,895.216622,80.065068,8.831425,0.566004
200601,PIURA,SULLANA,SULLANA,0.0,0.0,0.0,100.0,1.0,0.0,100.0,1.0,5,0,0.0,0.0,,100.0,1.0,0.75,0.576923,2,0.5657,5,829.12339,79.935041,9.31842,0.5657
150703,LIMA,HUAROCHIRI,CALLAHUANCA,29.41,0.2941,100.0,0.0,0.0,100.0,0.0,0.0,5,0,0.0,0.0,,100.0,1.0,0.25,0.209275,1,0.565217,5,967.690645,71.982881,9.911168,0.565217
130702,LA LIBERTAD,PACASMAYO,GUADALUPE,0.0,0.0,0.0,100.0,1.0,0.0,100.0,1.0,5,0,0.0,0.0,,100.0,1.0,0.75,0.576923,2,0.565098,5,909.684371,81.324906,7.868097,0.565098
040501,AREQUIPA,CAYLLOMA,CHIVAY,20.99,0.2099,0.0,100.0,1.0,0.0,100.0,1.0,5,0,0.0,0.0,,100.0,1.0,0.75,0.613252,4,0.564936,5,965.713525,77.382555,8.553205,0.564936
140113,LAMBAYEQUE,CHICLAYO,REQUE,0.0,0.0,100.0,0.0,0.0,100.0,0.0,0.0,5,0,0.0,0.0,,100.0,1.0,0.25,0.192308,1,0.564199,5,853.039503,80.882528,9.073972,0.564199
230103,TACNA,TACNA,CALANA,0.0,0.0,100.0,0.0,0.0,0.0,100.0,1.0,5,0,0.0,0.0,,100.0,1.0,0.5,0.384615,2,0.564102,5,832.802135,75.922728,9.591362,0.564102
030109,APURIMAC,ABANCAY,TAMBURCO,0.0,0.0,100.0,0.0,0.0,100.0,0.0,0.0,5,0,0.0,0.0,,100.0,1.0,0.25,0.192308,1,0.563719,5,852.847378,73.715772,9.99956,0.563719
250101,UCAYALI,CORONEL PORTILLO,CALLERIA,72.13,0.7213,0.0,100.0,1.0,0.0,100.0,1.0,5,0,0.0,0.0,,100.0,1.0,0.75,0.701763,5,0.563477,5,987.688904,73.001636,9.668332,0.563477
200705,PIURA,TALARA,LOS ORGANOS,0.0,0.0,0.0,100.0,1.0,0.0,100.0,1.0,5,0,0.0,0.0,,100.0,1.0,0.75,0.576923,2,0.562947,5,894.310639,77.762547,9.026756,0.562947
130102,LA LIBERTAD,TRUJILLO,EL PORVENIR,0.0,0.0,0.0,100.0,1.0,0.0,100.0,1.0,5,0,0.0,0.0,,100.0,1.0,0.75,0.576923,2,0.562868,5,999.874186,79.350785,7.880201,0.562868
150609,LIMA,HUARAL,SAN MIGUEL DE ACOS,0.0,0.0,100.0,0.0,0.0,100.0,0.0,0.0,5,0,0.0,0.0,,100.0,1.0,0.25,0.192308,1,0.562415,5,840.981558,80.522209,8.573013,0.562415
140118,LAMBAYEQUE,CHICLAYO,POMALCA,0.0,0.0,100.0,0.0,0.0,0.0,100.0,1.0,5,0,0.0,0.0,,100.0,1.0,0.5,0.384615,2,0.562098,5,843.172068,82.124638,8.699916,0.562098
200706,PIURA,TALARA,MANCORA,0.0,0.0,0.0,100.0,1.0,0.0,100.0,1.0,5,0,0.0,0.0,,100.0,1.0,0.75,0.576923,2,0.56139,5,905.364043,77.475764,8.857722,0.56139
221005,SAN MARTIN,TOCACHE,UCHIZA,4.11,0.0411,0.0,100.0,1.0,0.0,100.0,1.0,5,0,0.0,1.0,0.0,100.0,1.0,0.75,0.584037,3,0.561187,5,1167.267666,70.786257,7.795037,0.561187
130206,LA LIBERTAD,ASCOPE,RAZURI,0.0,0.0,0.0,100.0,1.0,0.0,100.0,1.0,1,4,0.8,0.0,,100.0,1.0,0.95,0.730769,5,0.560516,5,999.829735,76.613495,7.989318,0.560516
110104,ICA,ICA,OCUCAJE,25.0,0.25,0.0,100.0,1.0,100.0,0.0,0.0,5,0,0.0,0.0,,100.0,1.0,0.5,0.413462,2,0.55979,5,897.028152,76.951837,8.500099,0.55979
200608,PIURA,SULLANA,SALITRAL,0.0,0.0,0.0,100.0,1.0,0.0,100.0,1.0,5,0,0.0,0.0,,100.0,1.0,0.75,0.576923,2,0.559237,5,879.754335,81.168425,8.423622,0.559237
120201,JUNIN,CONCEPCION,CONCEPCION,0.0,0.0,0.0,100.0,1.0,0.0,100.0,1.0,5,0,0.0,0.0,,100.0,1.0,0.75,0.576923,2,0.559004,5,954.260308,69.165219,9.96712,0.559004
110202,ICA,CHINCHA,ALTO LARAN,33.9,0.339,0.0,100.0,1.0,0.0,100.0,1.0,4,1,0.2,0.0,,100.0,1.0,0.8,0.677969,4,0.558797,5,938.677312,78.870904,8.6511,0.558797
021807,ANCASH,SANTA,SAMANCO,0.0,0.0,0.0,100.0,1.0,0.0,100.0,1.0,1,4,0.8,0.0,,100.0,1.0,0.95,0.730769,5,0.557537,5,1020.542645,78.64119,7.631996,0.557537
240106,TUMBES,TUMBES,SAN JUAN DE LA VIRGEN,25.0,0.25,0.0,100.0,1.0,0.0,100.0,1.0,4,1,0.2,1.0,0.0,100.0,1.0,0.8,0.661538,4,0.556648,5,953.440884,75.317205,8.439178,0.556648
060508,CAJAMARCA,CONTUMAZA,YONAN,9.09,0.0909,0.0,100.0,1.0,0.0,100.0,1.0,4,1,0.2,0.0,,100.0,1.0,0.8,0.632166,4,0.556377,5,1045.736185,73.074067,7.779843,0.556377
120434,JUNIN,JAUJA,YAUYOS,0.0,0.0,0.0,100.0,1.0,0.0,100.0,1.0,5,0,0.0,0.0,,100.0,1.0,0.75,0.576923,2,0.555888,5,910.109545,72.203452,9.550225,0.555888
120404,JUNIN,JAUJA,ATAURA,0.0,0.0,0.0,100.0,1.0,0.0,100.0,1.0,5,0,0.0,0.0,,100.0,1.0,0.75,0.576923,2,0.55587,5,951.022349,70.769322,9.405195,0.55587
150803,LIMA,HUAURA,CALETA DE CARQUIN,0.0,0.0,0.0,100.0,1.0,0.0,100.0,1.0,5,0,0.0,0.0,,100.0,1.0,0.75,0.576923,2,0.555856,5,826.980552,78.065125,9.927398,0.555856
110303,ICA,NASCA,EL INGENIO,21.95,0.2195,100.0,0.0,0.0,100.0,0.0,0.0,5,0,0.0,1.0,100.0,0.0,0.0,0.0,0.0,1,0.555823,5,871.93346,81.52594,8.080222,0.555823
230111,TACNA,TACNA,LA YARADA LOS PALOS,0.0,0.0,100.0,0.0,0.0,100.0,0.0,0.0,4,1,0.2,0.0,,100.0,1.0,0.3,0.230769,1,0.55518,5,1076.879206,75.379944,7.065144,0.55518
210802,PUNO,MELGAR,ANTAUTA,48.85,0.4885,60.0,40.0,0.4,50.0,50.0,0.5,5,0,0.0,1.0,100.0,0.0,0.0,0.225,0.198441,1,0.55494,5,985.483634,71.435289,8.172672,0.55494
120905,JUNIN,CHUPACA,HUAMANCACA CHICO,0.0,0.0,0.0,100.0,1.0,0.0,100.0,1.0,5,0,0.0,0.0,,100.0,1.0,0.75,0.576923,2,0.554449,5,951.828063,73.04003,8.493885,0.554449
140301,LAMBAYEQUE,LAMBAYEQUE,LAMBAYEQUE,0.0,0.0,100.0,0.0,0.0,100.0,0.0,0.0,5,0,0.0,0.0,,100.0,1.0,0.25,0.192308,1,0.553928,5,872.550926,74.694529,9.542777,0.553928
130703,LA LIBERTAD,PACASMAYO,JEQUETEPEQUE,0.0,0.0,0.0,100.0,1.0,0.0,100.0,1.0,3,2,0.4,0.0,,100.0,1.0,0.85,0.653846,4,0.553607,5,1013.348169,80.662891,7.403598,0.553607
080801,CUSCO,ESPINAR,ESPINAR,9.58,0.0958,100.0,0.0,0.0,100.0,0.0,0.0,5,0,0.0,0.0,,100.0,1.0,0.25,0.197835,1,0.553053,5,977.684884,69.217264,8.70928,0.553053
230109,TACNA,TACNA,SAMA,13.89,0.1389,100.0,0.0,0.0,100.0,0.0,0.0,5,0,0.0,1.0,100.0,0.0,0.0,0.0,0.0,1,0.552622,5,897.568256,74.249879,8.753559,0.552622
120305,JUNIN,CHANCHAMAYO,SAN RAMON,22.37,0.2237,100.0,0.0,0.0,100.0,0.0,0.0,5,0,0.0,0.0,,100.0,1.0,0.25,0.205213,1,0.552431,5,944.975733,74.692784,8.661675,0.552431
240301,TUMBES,ZARUMILLA,ZARUMILLA,0.0,0.0,0.0,100.0,1.0,0.0,100.0,1.0,5,0,0.0,0.0,,100.0,1.0,0.75,0.576923,2,0.551753,5,937.801497,72.198109,9.147232,0.551753
040301,AREQUIPA,CARAVELI,CARAVELI,4.55,0.0455,0.0,100.0,1.0,0.0,100.0,1.0,3,2,0.4,0.0,,100.0,1.0,0.85,0.662771,4,0.550944,5,908.302171,81.709869,9.256627,0.550944
120306,JUNIN,CHANCHAMAYO,VITOC,5.26,0.0526,0.0,100.0,1.0,0.0,100.0,1.0,5,0,0.0,0.0,,100.0,1.0,0.75,0.586027,3,0.550828,5,1103.675235,73.023814,7.360744,0.550828
040313,AREQUIPA,CARAVELI,YAUCA,0.0,0.0,0.0,100.0,1.0,0.0,100.0,1.0,3,2,0.4,1.0,0.0,100.0,1.0,0.85,0.653846,4,0.550687,5,883.142164,82.866256,8.639279,0.550687
050101,AYACUCHO,HUAMANGA,AYACUCHO,0.0,0.0,100.0,0.0,0.0,100.0,0.0,0.0,5,0,0.0,0.0,,100.0,1.0,0.25,0.192308,1,0.550625,5,862.205167,69.909288,10.154153,0.550625
040207,AREQUIPA,CAMANA,QUILCA,34.21,0.3421,0.0,100.0,1.0,0.0,100.0,1.0,3,2,0.4,1.0,0.0,100.0,1.0,0.85,0.72095,5,0.550613,5,777.751997,84.115181,8.594478,0.550613
120107,JUNIN,HUANCAYO,CHILCA,0.0,0.0,0.0,100.0,1.0,0.0,100.0,1.0,5,0,0.0,0.0,,100.0,1.0,0.75,0.576923,2,0.550565,5,826.471893,73.413349,9.620272,0.550565
190112,PASCO,PASCO,VICCO,0.0,0.0,0.0,100.0,1.0,0.0,100.0,1.0,2,3,0.6,0.0,,100.0,1.0,0.9,0.692308,4,0.550412,5,846.987622,75.432309,8.725728,0.550412
140102,LAMBAYEQUE,CHICLAYO,CHONGOYAPE,0.0,0.0,100.0,0.0,0.0,100.0,0.0,0.0,5,0,0.0,0.0,,100.0,1.0,0.25,0.192308,1,0.550303,5,881.763309,79.991276,7.641428,0.550303
080303,CUSCO,ANTA,CACHIMAYO,0.0,0.0,0.0,100.0,1.0,0.0,100.0,1.0,5,0,0.0,0.0,,100.0,1.0,0.75,0.576923,2,0.550184,5,819.048981,74.570181,8.957892,0.550184
130201,LA LIBERTAD,ASCOPE,ASCOPE,4.55,0.0455,0.0,100.0,1.0,0.0,100.0,1.0,5,0,0.0,0.0,,100.0,1.0,0.75,0.584798,3,0.549992,5,837.148965,76.838116,8.841347,0.549992
120701,JUNIN,TARMA,TARMA,11.59,0.1159,75.0,25.0,0.25,60.0,40.0,0.4,5,0,0.0,0.0,,100.0,1.0,0.4125,0.32834,2,0.549326,5,885.643922,73.030349,9.228586,0.549326
120129,JUNIN,HUANCAYO,SAN AGUSTIN,0.0,0.0,0.0,100.0,1.0,0.0,100.0,1.0,5,0,0.0,0.0,,100.0,1.0,0.75,0.576923,2,0.548894,5,838.899352,71.856283,9.458372,0.548894
110405,ICA,PALPA,TIBILLO,0.0,0.0,0.0,100.0,1.0,0.0,100.0,1.0,2,3,0.6,0.0,,100.0,1.0,0.9,0.692308,4,0.548857,5,947.903381,75.691742,7.600328,0.548857
240105,TUMBES,TUMBES,SAN JACINTO,17.86,0.1786,0.0,100.0,1.0,0.0,100.0,1.0,5,0,0.0,0.0,,100.0,1.0,0.75,0.607835,4,0.548737,5,889.37458,74.840976,8.228711,0.548737
120901,JUNIN,CHUPACA,CHUPACA,0.0,0.0,0.0,100.0,1.0,0.0,100.0,1.0,5,0,0.0,0.0,,100.0,1.0,0.75,0.576923,2,0.548493,5,870.503323,71.687104,9.507802,0.548493
130808,LA LIBERTAD,PATAZ,PARCOY,0.0,0.0,0.0,100.0,1.0,0.0,100.0,1.0,5,0,0.0,1.0,0.0,100.0,1.0,0.75,0.576923,2,0.548347,5,1085.433075,73.409477,7.761827,0.548347
250105,UCAYALI,CORONEL PORTILLO,YARINACOCHA,21.13,0.2113,0.0,100.0,1.0,0.0,100.0,1.0,5,0,0.0,0.0,,100.0,1.0,0.75,0.613494,4,0.547837,5,905.330407,74.173704,9.401405,0.547837
110503,ICA,PISCO,HUMAY,10.87,0.1087,0.0,100.0,1.0,0.0,100.0,1.0,2,3,0.6,1.0,0.0,100.0,1.0,0.9,0.714884,5,0.547606,5,930.769462,72.898166,8.073067,0.547606
180103,MOQUEGUA,MARISCAL NIETO,CUCHUMBAYA,0.0,0.0,60.0,40.0,0.4,66.67,33.33,0.3333,3,2,0.4,0.0,,100.0,1.0,0.533325,0.41025,2,0.547496,5,991.523777,75.267523,6.599524,0.547496
021014,ANCASH,HUARI,SAN MARCOS,2.16,0.0216,0.0,100.0,1.0,0.0,100.0,1.0,5,0,0.0,0.0,,100.0,1.0,0.75,0.580662,3,0.546601,5,925.936721,75.445421,8.282655,0.546601
170201,MADRE DE DIOS,MANU,MANU,40.74,0.4074,0.0,100.0,1.0,0.0,100.0,1.0,2,3,0.6,0.0,,100.0,1.0,0.9,0.776922,5,0.546307,5,993.375608,74.794488,8.137462,0.546307
120130,JUNIN,HUANCAYO,SAN JERONIMO DE TUNAN,0.0,0.0,0.0,100.0,1.0,0.0,100.0,1.0,5,0,0.0,0.0,,100.0,1.0,0.75,0.576923,2,0.546179,5,841.900108,72.19386,9.620112,0.546179
120430,JUNIN,JAUJA,SAUSA,0.0,0.0,0.0,100.0,1.0,0.0,100.0,1.0,1,4,0.8,0.0,,100.0,1.0,0.95,0.730769,5,0.544322,5,811.003726,74.661405,9.102229,0.544322
151003,LIMA,YAUYOS,ALLAUCA,15.4,0.154,100.0,0.0,0.0,100.0,0.0,0.0,3,2,0.4,0.0,,100.0,1.0,0.35,0.281669,2,0.544152,5,969.094127,77.883755,9.455299,0.544152
120409,JUNIN,JAUJA,HUARIPAMPA,0.0,0.0,0.0,100.0,1.0,100.0,0.0,0.0,4,1,0.2,0.0,,100.0,1.0,0.55,0.423077,2,0.544037,5,884.027231,73.044399,9.046956,0.544037
050110,AYACUCHO,HUAMANGA,SAN JUAN BAUTISTA,0.0,0.0,0.0,100.0,1.0,0.0,100.0,1.0,5,0,0.0,0.0,,100.0,1.0,0.75,0.576923,2,0.543403,5,764.233834,74.578524,9.727501,0.543403
200505,PIURA,PAITA,LA HUACA,0.0,0.0,0.0,100.0,1.0,0.0,100.0,1.0,5,0,0.0,0.0,,100.0,1.0,0.75,0.576923,2,0.542841,5,855.313678,81.138691,7.297645,0.542841
040604,AREQUIPA,CONDESUYOS,CHICHAS,50.0,0.5,0.0,100.0,1.0,0.0,100.0,1.0,2,3,0.6,1.0,0.0,100.0,1.0,0.9,0.796154,5,0.542478,5,949.931417,81.853568,7.368456,0.542478
120421,JUNIN,JAUJA,MUQUIYAUYO,0.0,0.0,0.0,100.0,1.0,0.0,100.0,1.0,5,0,0.0,0.0,,100.0,1.0,0.75,0.576923,2,0.542297,5,858.240832,74.965323,8.483949,0.542297
180102,MOQUEGUA,MARISCAL NIETO,CARUMAS,73.32,0.7332,87.5,12.5,0.125,100.0,0.0,0.0,5,0,0.0,1.0,100.0,0.0,0.0,0.03125,0.029326,1,0.541988,5,940.130454,75.019288,7.323922,0.541988
140105,LAMBAYEQUE,CHICLAYO,JOSE LEONARDO ORTIZ,0.0,0.0,100.0,0.0,0.0,0.0,100.0,1.0,5,0,0.0,0.0,,100.0,1.0,0.5,0.384615,2,0.54157,5,724.657816,80.941783,9.042819,0.54157
150717,LIMA,HUAROCHIRI,SAN BARTOLOME,1.92,0.0192,0.0,100.0,1.0,100.0,0.0,0.0,5,0,0.0,0.0,,100.0,1.0,0.5,0.386831,2,0.541561,5,776.793165,75.155984,9.229871,0.541561
240203,TUMBES,CONTRALMIRANTE VILLAR,CANOAS DE PUNTA SAL,37.5,0.375,0.0,100.0,1.0,0.0,100.0,1.0,5,0,0.0,0.0,,100.0,1.0,0.75,0.641827,4,0.541317,5,1085.516108,72.94325,7.565486,0.541317
120407,JUNIN,JAUJA,EL MANTARO,0.0,0.0,0.0,100.0,1.0,100.0,0.0,0.0,3,2,0.4,0.0,,100.0,1.0,0.6,0.461538,2,0.540671,5,806.635721,74.812216,9.179283,0.540671
140116,LAMBAYEQUE,CHICLAYO,CAYALTI,0.0,0.0,100.0,0.0,0.0,100.0,0.0,0.0,5,0,0.0,0.0,,100.0,1.0,0.25,0.192308,1,0.539649,5,755.68397,81.722959,7.97343,0.539649
220601,SAN MARTIN,MARISCAL CACERES,JUANJUI,15.53,0.1553,0.0,100.0,1.0,0.0,100.0,1.0,5,0,0.0,0.0,,100.0,1.0,0.75,0.603802,4,0.539255,5,1019.419427,71.229337,8.199019,0.539255
120904,JUNIN,CHUPACA,HUACHAC,0.0,0.0,0.0,100.0,1.0,0.0,100.0,1.0,4,1,0.2,0.0,,100.0,1.0,0.8,0.615385,4,0.538633,5,856.905139,73.882842,8.629227,0.538633
240104,TUMBES,TUMBES,PAMPAS DE HOSPITAL,9.52,0.0952,0.0,100.0,1.0,0.0,100.0,1.0,2,3,0.6,1.0,0.0,100.0,1.0,0.9,0.71208,5,0.538619,5,894.646897,74.778774,7.936808,0.538619
110502,ICA,PISCO,HUANCANO,52.27,0.5227,0.0,100.0,1.0,0.0,100.0,1.0,5,0,0.0,0.0,,100.0,1.0,0.75,0.66739,4,0.537268,5,789.68519,73.262785,8.338593,0.537268
040505,AREQUIPA,CAYLLOMA,CAYLLOMA,48.19,0.4819,0.0,100.0,1.0,0.0,100.0,1.0,2,3,0.6,1.0,0.0,100.0,1.0,0.9,0.792395,5,0.537091,5,943.104752,80.242402,7.490214,0.537091
220707,SAN MARTIN,PICOTA,SAN HILARION,3.12,0.0312,0.0,100.0,1.0,0.0,100.0,1.0,5,0,0.0,0.0,,100.0,1.0,0.75,0.582323,3,0.536902,5,1053.485173,75.291253,6.688694,0.536902
140117,LAMBAYEQUE,CHICLAYO,PATAPO,0.0,0.0,100.0,0.0,0.0,100.0,0.0,0.0,3,2,0.4,0.0,,100.0,1.0,0.35,0.269231,1,0.536899,5,796.00362,81.147912,7.829747,0.536899
110504,ICA,PISCO,INDEPENDENCIA,2.27,0.0227,0.0,100.0,1.0,0.0,100.0,1.0,5,0,0.0,1.0,0.0,100.0,1.0,0.75,0.580852,3,0.536858,5,830.472111,74.612722,8.406929,0.536858
110302,ICA,NASCA,CHANGUILLO,26.47,0.2647,50.0,50.0,0.5,33.33,66.67,0.6667,5,0,0.0,0.0,,100.0,1.0,0.541675,0.449761,2,0.535656,5,893.955063,79.754274,7.482468,0.535656
130705,LA LIBERTAD,PACASMAYO,SAN JOSE,0.0,0.0,0.0,100.0,1.0,0.0,100.0,1.0,5,0,0.0,0.0,,100.0,1.0,0.75,0.576923,2,0.535112,4,839.061396,83.238614,6.87565,0.535112
230105,TACNA,TACNA,INCLAN,47.06,0.4706,100.0,0.0,0.0,100.0,0.0,0.0,4,1,0.2,1.0,100.0,0.0,0.0,0.05,0.043892,1,0.535104,4,817.248551,74.478725,8.396238,0.535104
220701,SAN MARTIN,PICOTA,PICOTA,1.16,0.0116,0.0,100.0,1.0,0.0,100.0,1.0,5,0,0.0,0.0,,100.0,1.0,0.75,0.578931,3,0.534837,4,1023.366911,74.722094,7.73046,0.534837
150906,LIMA,OYON,PACHANGARA,10.0,0.1,100.0,0.0,0.0,100.0,0.0,0.0,5,0,0.0,0.0,,100.0,1.0,0.25,0.198077,1,0.534835,4,774.659755,83.408054,8.191496,0.534835
040310,AREQUIPA,CARAVELI,JAQUI,35.48,0.3548,0.0,100.0,1.0,0.0,100.0,1.0,3,2,0.4,1.0,0.0,100.0,1.0,0.85,0.723442,5,0.534558,4,921.83589,81.054851,8.158202,0.534558
130205,LA LIBERTAD,ASCOPE,PAIJAN,0.0,0.0,0.0,100.0,1.0,0.0,100.0,1.0,4,1,0.2,0.0,,100.0,1.0,0.8,0.615385,4,0.534507,4,867.280359,76.796738,7.835495,0.534507
190301,PASCO,OXAPAMPA,OXAPAMPA,17.81,0.1781,0.0,100.0,1.0,0.0,100.0,1.0,5,0,0.0,0.0,,100.0,1.0,0.75,0.607748,4,0.534194,4,942.090295,69.426677,9.054664,0.534194
150610,LIMA,HUARAL,SANTA CRUZ DE ANDAMARCA,31.25,0.3125,100.0,0.0,0.0,100.0,0.0,0.0,0,5,1.0,0.0,,100.0,1.0,0.5,0.420673,2,0.533854,4,712.900475,79.377036,9.824264,0.533854
110205,ICA,CHINCHA,EL CARMEN,0.0,0.0,0.0,100.0,1.0,0.0,100.0,1.0,4,1,0.2,0.0,,100.0,1.0,0.8,0.615385,4,0.533712,4,816.791786,79.336599,8.261682,0.533712
230106,TACNA,TACNA,PACHIA,30.77,0.3077,100.0,0.0,0.0,100.0,0.0,0.0,5,0,0.0,1.0,100.0,0.0,0.0,0.0,0.0,1,0.533543,4,768.945861,76.022301,8.800661,0.533543
050614,AYACUCHO,LUCANAS,SAISA,38.96,0.3896,100.0,0.0,0.0,100.0,0.0,0.0,1,4,0.8,0.0,,100.0,1.0,0.45,0.386612,2,0.532927,4,1010.893243,63.878298,8.556328,0.532927
140107,LAMBAYEQUE,CHICLAYO,LAGUNAS,0.0,0.0,100.0,0.0,0.0,100.0,0.0,0.0,4,1,0.2,1.0,100.0,0.0,0.0,0.05,0.038462,1,0.532831,4,787.130641,80.145577,7.779461,0.532831
040519,AREQUIPA,CAYLLOMA,YANQUE,63.76,0.6376,0.0,100.0,1.0,0.0,100.0,1.0,4,1,0.2,0.0,,100.0,1.0,0.8,0.733095,5,0.532576,4,964.611684,81.349517,6.867251,0.532576
210801,PUNO,MELGAR,AYAVIRI,42.54,0.4254,0.0,100.0,1.0,100.0,0.0,0.0,5,0,0.0,0.0,,100.0,1.0,0.5,0.4337,2,0.532461,4,793.371679,72.399878,8.98148,0.532461
151030,LIMA,YAUYOS,TOMAS,0.0,0.0,100.0,0.0,0.0,100.0,0.0,0.0,5,0,0.0,0.0,,100.0,1.0,0.25,0.192308,1,0.532313,4,801.021152,71.367697,11.170357,0.532313
020507,ANCASH,BOLOGNESI,COLQUIOC,2.63,0.0263,0.0,100.0,1.0,0.0,100.0,1.0,3,2,0.4,1.0,0.0,100.0,1.0,0.85,0.659005,4,0.531955,4,879.484263,71.038282,8.314598,0.531955
021405,ANCASH,OCROS,COCHAS,21.88,0.2188,0.0,100.0,1.0,0.0,100.0,1.0,4,1,0.2,0.0,,100.0,1.0,0.8,0.655778,4,0.531798,4,934.151204,80.246635,6.947208,0.531798
150602,LIMA,HUARAL,ATAVILLOS ALTO,64.86,0.6486,100.0,0.0,0.0,100.0,0.0,0.0,1,4,0.8,0.0,,100.0,1.0,0.45,0.413508,2,0.531689,4,875.772643,77.002058,7.190704,0.531689
021202,ANCASH,HUAYLAS,HUALLANCA,4.35,0.0435,0.0,100.0,1.0,0.0,100.0,1.0,4,1,0.2,0.0,,100.0,1.0,0.8,0.623415,4,0.530765,4,945.800358,77.340065,7.775069,0.530765
170104,MADRE DE DIOS,TAMBOPATA,LABERINTO,21.62,0.2162,0.0,100.0,1.0,0.0,100.0,1.0,5,0,0.0,0.0,,100.0,1.0,0.75,0.614342,4,0.530688,4,928.483313,75.214556,7.418086,0.530688
050104,AYACUCHO,HUAMANGA,CARMEN ALTO,0.0,0.0,0.0,100.0,1.0,0.0,100.0,1.0,5,0,0.0,0.0,,100.0,1.0,0.75,0.576923,2,0.530512,4,806.746945,73.766821,8.941396,0.530512
120804,JUNIN,YAULI,MARCAPOMACOCHA,27.33,0.2733,100.0,0.0,0.0,100.0,0.0,0.0,3,2,0.4,0.0,,100.0,1.0,0.35,0.291305,2,0.530257,4,959.114115,77.372931,7.851958,0.530257
200602,PIURA,SULLANA,BELLAVISTA,0.0,0.0,0.0,100.0,1.0,0.0,100.0,1.0,5,0,0.0,0.0,,100.0,1.0,0.75,0.576923,2,0.530029,4,710.70606,80.792182,8.853977,0.530029
160112,LORETO,MAYNAS,BELEN,17.39,0.1739,7.14,92.86,0.9286,50.0,50.0,0.5,5,0,0.0,0.0,,100.0,1.0,0.60715,0.491404,2,0.529795,4,973.595674,72.414456,8.289282,0.529795
220101,SAN MARTIN,MOYOBAMBA,MOYOBAMBA,6.62,0.0662,0.0,100.0,1.0,0.0,100.0,1.0,5,0,0.0,0.0,,100.0,1.0,0.75,0.588381,3,0.52948,4,952.984823,72.467133,7.757162,0.52948
060502,CAJAMARCA,CONTUMAZA,CHILETE,6.12,0.0612,0.0,100.0,1.0,0.0,100.0,1.0,5,0,0.0,0.0,,100.0,1.0,0.75,0.587515,3,0.52945,4,946.423181,73.660482,7.944989,0.52945
120134,JUNIN,HUANCAYO,SICAYA,0.0,0.0,0.0,100.0,1.0,0.0,100.0,1.0,5,0,0.0,0.0,,100.0,1.0,0.75,0.576923,2,0.528564,4,804.614619,73.425012,8.4809,0.528564
021901,ANCASH,SIHUAS,SIHUAS,0.0,0.0,0.0,100.0,1.0,0.0,100.0,1.0,5,0,0.0,0.0,,100.0,1.0,0.75,0.576923,2,0.528514,4,861.472049,75.339972,9.078155,0.528514
200607,PIURA,SULLANA,QUERECOTILLO,4.55,0.0455,0.0,100.0,1.0,0.0,100.0,1.0,5,0,0.0,0.0,,100.0,1.0,0.75,0.584798,3,0.527881,4,805.190154,80.298463,7.149213,0.527881
221001,SAN MARTIN,TOCACHE,TOCACHE,12.82,0.1282,0.0,100.0,1.0,0.0,100.0,1.0,5,0,0.0,0.0,,100.0,1.0,0.75,0.599112,3,0.527627,4,1027.108167,69.196655,7.764213,0.527627
080103,CUSCO,CUSCO,POROY,0.0,0.0,0.0,100.0,1.0,0.0,100.0,1.0,5,0,0.0,0.0,,100.0,1.0,0.75,0.576923,2,0.527441,4,853.75784,73.004252,7.81664,0.527441
130403,LA LIBERTAD,CHEPEN,PUEBLO NUEVO,15.56,0.1556,0.0,100.0,1.0,0.0,100.0,1.0,5,0,0.0,0.0,,100.0,1.0,0.75,0.603854,4,0.526986,4,860.926733,78.694998,7.105658,0.526986
140115,LAMBAYEQUE,CHICLAYO,SAÑA,0.0,0.0,100.0,0.0,0.0,100.0,0.0,0.0,1,4,0.8,1.0,100.0,0.0,0.0,0.2,0.153846,1,0.526977,4,777.524505,80.685742,7.841573,0.526977
080601,CUSCO,CANCHIS,SICUANI,57.3,0.573,100.0,0.0,0.0,100.0,0.0,0.0,5,0,0.0,0.0,,100.0,1.0,0.25,0.225365,1,0.526564,4,746.736113,76.320215,8.636399,0.526564
220206,SAN MARTIN,BELLAVISTA,SAN RAFAEL,0.0,0.0,0.0,100.0,1.0,0.0,100.0,1.0,3,2,0.4,0.0,,100.0,1.0,0.85,0.653846,4,0.526107,4,1209.72773,71.603381,6.146489,0.526107
090601,HUANCAVELICA,HUAYTARA,HUAYTARA,11.36,0.1136,0.0,100.0,1.0,0.0,100.0,1.0,5,0,0.0,0.0,,100.0,1.0,0.75,0.596585,3,0.525859,4,891.28326,73.821565,8.902807,0.525859
170103,MADRE DE DIOS,TAMBOPATA,LAS PIEDRAS,46.77,0.4677,0.0,100.0,1.0,0.0,100.0,1.0,5,0,0.0,0.0,,100.0,1.0,0.75,0.657871,4,0.525748,4,894.682358,74.038237,8.141897,0.525748
110506,ICA,PISCO,SAN ANDRES,0.0,0.0,0.0,100.0,1.0,0.0,100.0,1.0,5,0,0.0,0.0,,100.0,1.0,0.75,0.576923,2,0.525712,4,731.590353,76.76263,9.628928,0.525712
061309,CAJAMARCA,SANTA CRUZ,SEXI,2.7,0.027,0.0,100.0,1.0,0.0,100.0,1.0,2,3,0.6,0.0,,100.0,1.0,0.9,0.697915,5,0.525203,4,769.859852,75.634722,7.158619,0.525203
020803,ANCASH,CASMA,COMANDANTE NOEL,0.0,0.0,0.0,100.0,1.0,0.0,100.0,1.0,5,0,0.0,0.0,,100.0,1.0,0.75,0.576923,2,0.525175,4,935.819648,77.14627,7.010859,0.525175
040516,AREQUIPA,CAYLLOMA,TAPAY,54.17,0.5417,0.0,100.0,1.0,0.0,100.0,1.0,1,4,0.8,0.0,,100.0,1.0,0.95,0.849527,5,0.525085,4,953.004196,78.952688,7.15939,0.525085
040412,AREQUIPA,CASTILLA,UÑON,46.67,0.4667,0.0,100.0,1.0,0.0,100.0,1.0,5,0,0.0,0.0,,100.0,1.0,0.75,0.657698,4,0.524857,4,783.093933,74.920103,8.861725,0.524857
010601,AMAZONAS,RODRIGUEZ DE MENDOZA,SAN NICOLAS,3.12,0.0312,0.0,100.0,1.0,0.0,100.0,1.0,3,2,0.4,0.0,,100.0,1.0,0.85,0.659966,4,0.524841,4,973.558105,73.637572,7.803145,0.524841
230104,TACNA,TACNA,CIUDAD NUEVA,0.0,0.0,0.0,100.0,1.0,0.0,100.0,1.0,5,0,0.0,0.0,,100.0,1.0,0.75,0.576923,2,0.524735,4,693.961363,77.188483,9.056869,0.524735
211105,PUNO,SAN ROMAN,SAN MIGUEL,0.0,0.0,0.0,100.0,1.0,0.0,100.0,1.0,5,0,0.0,0.0,,100.0,1.0,0.75,0.576923,2,0.522568,4,728.664322,73.875686,8.745563,0.522568
021103,ANCASH,HUARMEY,CULEBRAS,52.63,0.5263,0.0,100.0,1.0,0.0,100.0,1.0,3,2,0.4,0.0,,100.0,1.0,0.85,0.757082,5,0.522405,4,920.50074,78.102842,7.157422,0.522405
150603,LIMA,HUARAL,ATAVILLOS BAJO,13.33,0.1333,100.0,0.0,0.0,100.0,0.0,0.0,0,5,1.0,0.0,,100.0,1.0,0.5,0.399996,2,0.522331,4,725.420709,80.651084,8.693712,0.522331
120906,JUNIN,CHUPACA,SAN JUAN DE ISCOS,0.0,0.0,0.0,100.0,1.0,0.0,100.0,1.0,3,2,0.4,0.0,,100.0,1.0,0.85,0.653846,4,0.522327,4,765.782438,73.452943,8.414793,0.522327
200606,PIURA,SULLANA,MIGUEL CHECA,0.0,0.0,0.0,100.0,1.0,0.0,100.0,1.0,3,2,0.4,1.0,0.0,100.0,1.0,0.85,0.653846,4,0.521489,4,828.509275,81.300001,6.638649,0.521489
230107,TACNA,TACNA,PALCA,52.94,0.5294,100.0,0.0,0.0,100.0,0.0,0.0,5,0,0.0,0.0,,100.0,1.0,0.25,0.22285,1,0.52006,4,784.01202,75.481288,8.89312,0.52006
230404,TACNA,TARATA,ESTIQUE-PAMPA,14.29,0.1429,0.0,100.0,1.0,0.0,100.0,1.0,1,4,0.8,1.0,0.0,100.0,1.0,0.95,0.762097,5,0.519754,4,598.392602,82.214492,8.339182,0.519754
080107,CUSCO,CUSCO,SAYLLA,0.0,0.0,0.0,100.0,1.0,0.0,100.0,1.0,3,2,0.4,0.0,,100.0,1.0,0.85,0.653846,4,0.519685,4,727.116236,77.879334,8.375865,0.519685
050801,AYACUCHO,PAUCAR DEL SARA SARA,PAUSA,0.0,0.0,100.0,0.0,0.0,0.0,100.0,1.0,5,0,0.0,0.0,,100.0,1.0,0.5,0.384615,2,0.519542,4,820.313317,75.495422,8.456507,0.519542
040106,AREQUIPA,AREQUIPA,CHIGUATA,0.0,0.0,0.0,100.0,1.0,0.0,100.0,1.0,5,0,0.0,1.0,0.0,100.0,1.0,0.75,0.576923,2,0.519086,4,714.559468,79.39284,7.936019,0.519086
150732,LIMA,HUAROCHIRI,SURCO,1.75,0.0175,0.0,100.0,1.0,100.0,0.0,0.0,3,2,0.4,1.0,100.0,0.0,0.0,0.35,0.270644,2,0.518585,4,786.398581,70.777751,8.623345,0.518585
040203,AREQUIPA,CAMANA,MARIANO NICOLAS VALCARCEL,22.22,0.2222,0.0,100.0,1.0,0.0,100.0,1.0,5,0,0.0,1.0,0.0,100.0,1.0,0.75,0.615381,4,0.518391,4,674.421445,82.843828,8.692387,0.518391
180208,MOQUEGUA,GENERAL SANCHEZ CERRO,PUQUINA,25.0,0.25,100.0,0.0,0.0,100.0,0.0,0.0,3,2,0.4,1.0,100.0,0.0,0.0,0.1,0.082692,1,0.51831,4,775.638194,77.375831,7.472371,0.51831
220201,SAN MARTIN,BELLAVISTA,BELLAVISTA,3.39,0.0339,0.0,100.0,1.0,0.0,100.0,1.0,5,0,0.0,0.0,,100.0,1.0,0.75,0.58279,3,0.51781,4,1033.061103,69.021459,7.591749,0.51781
220912,SAN MARTIN,SAN MARTIN,SAN ANTONIO,0.0,0.0,0.0,100.0,1.0,0.0,100.0,1.0,3,2,0.4,0.0,,100.0,1.0,0.85,0.653846,4,0.5169,4,980.5783,73.680109,6.812251,0.5169
120412,JUNIN,JAUJA,JULCAN,0.0,0.0,100.0,0.0,0.0,100.0,0.0,0.0,5,0,0.0,0.0,,100.0,1.0,0.25,0.192308,1,0.5168,4,806.636081,71.504677,8.436658,0.5168
120215,JUNIN,CONCEPCION,SANTA ROSA DE OCOPA,0.0,0.0,100.0,0.0,0.0,100.0,0.0,0.0,3,2,0.4,0.0,,100.0,1.0,0.35,0.269231,1,0.516636,4,853.671659,71.325618,7.844207,0.516636
090603,HUANCAVELICA,HUAYTARA,CORDOVA,16.67,0.1667,100.0,0.0,0.0,100.0,0.0,0.0,5,0,0.0,1.0,100.0,0.0,0.0,0.0,0.0,1,0.516413,4,1094.346898,66.651879,7.170752,0.516413
220903,SAN MARTIN,SAN MARTIN,CACATACHI,0.0,0.0,0.0,100.0,1.0,0.0,100.0,1.0,3,2,0.4,0.0,,100.0,1.0,0.85,0.653846,4,0.51617,4,830.960006,74.048555,7.496102,0.51617
010303,AMAZONAS,BONGARA,CHURUJA,11.11,0.1111,0.0,100.0,1.0,0.0,100.0,1.0,5,0,0.0,1.0,0.0,100.0,1.0,0.75,0.596152,3,0.515914,4,950.346361,64.384458,7.398539,0.515914
020501,ANCASH,BOLOGNESI,CHIQUIAN,0.0,0.0,0.0,100.0,1.0,0.0,100.0,1.0,5,0,0.0,0.0,,100.0,1.0,0.75,0.576923,2,0.515532,4,836.747527,71.444407,8.931625,0.515532
151033,LIMA,YAUYOS,VITIS,83.33,0.8333,100.0,0.0,0.0,100.0,0.0,0.0,3,2,0.4,0.0,,100.0,1.0,0.35,0.336536,2,0.515071,4,665.690659,83.788655,9.054435,0.515071
120210,JUNIN,CONCEPCION,MATAHUASI,0.0,0.0,100.0,0.0,0.0,100.0,0.0,0.0,4,1,0.2,0.0,,100.0,1.0,0.3,0.230769,1,0.51501,4,838.172719,70.89081,8.807737,0.51501
220102,SAN MARTIN,MOYOBAMBA,CALZADA,0.0,0.0,0.0,100.0,1.0,0.0,100.0,1.0,5,0,0.0,0.0,,100.0,1.0,0.75,0.576923,2,0.514788,4,1011.292918,74.708827,6.543161,0.514788
120424,JUNIN,JAUJA,PANCAN,0.0,0.0,0.0,100.0,1.0,0.0,100.0,1.0,5,0,0.0,0.0,,100.0,1.0,0.75,0.576923,2,0.514194,4,841.060493,68.29188,8.130468,0.514194
040311,AREQUIPA,CARAVELI,LOMAS,33.33,0.3333,0.0,100.0,1.0,0.0,100.0,1.0,3,2,0.4,1.0,0.0,100.0,1.0,0.85,0.719224,5,0.514029,4,697.806463,82.118979,9.200694,0.514029
200605,PIURA,SULLANA,MARCAVELICA,68.75,0.6875,0.0,100.0,1.0,0.0,100.0,1.0,2,3,0.6,0.0,,100.0,1.0,0.9,0.835096,5,0.51376,4,809.633988,78.786888,7.013678,0.51376
050703,AYACUCHO,PARINACOCHAS,CORONEL CASTAÑEDA,11.11,0.1111,100.0,0.0,0.0,100.0,0.0,0.0,2,3,0.6,0.0,,100.0,1.0,0.4,0.317948,2,0.513623,4,1088.172863,62.056814,9.198175,0.513623
120705,JUNIN,TARMA,LA UNION,11.76,0.1176,0.0,100.0,1.0,0.0,100.0,1.0,5,0,0.0,0.0,,100.0,1.0,0.75,0.597277,3,0.513566,4,720.397926,76.036269,7.801083,0.513566
200502,PIURA,PAITA,AMOTAPE,0.0,0.0,0.0,100.0,1.0,0.0,100.0,1.0,5,0,0.0,0.0,,100.0,1.0,0.75,0.576923,2,0.513413,4,798.250683,80.421014,6.848579,0.513413
120413,JUNIN,JAUJA,LEONOR ORDOÑEZ,0.0,0.0,0.0,100.0,1.0,0.0,100.0,1.0,5,0,0.0,0.0,,100.0,1.0,0.75,0.576923,2,0.51332,4,751.723402,70.286514,8.695357,0.51332
030201,APURIMAC,ANDAHUAYLAS,ANDAHUAYLAS,0.0,0.0,100.0,0.0,0.0,100.0,0.0,0.0,5,0,0.0,0.0,,100.0,1.0,0.25,0.192308,1,0.512789,4,698.043985,75.568185,8.476962,0.512789
100301,HUANUCO,DOS DE MAYO,LA UNION,4.55,0.0455,0.0,100.0,1.0,0.0,100.0,1.0,5,0,0.0,0.0,,100.0,1.0,0.75,0.584798,3,0.512274,4,880.544361,65.070157,9.083482,0.512274
130402,LA LIBERTAD,CHEPEN,PACANGA,0.0,0.0,0.0,100.0,1.0,0.0,100.0,1.0,3,2,0.4,0.0,,100.0,1.0,0.85,0.653846,4,0.511473,4,862.418951,78.606068,6.422343,0.511473
010307,AMAZONAS,BONGARA,JAZAN,0.0,0.0,0.0,100.0,1.0,0.0,100.0,1.0,5,0,0.0,1.0,0.0,100.0,1.0,0.75,0.576923,2,0.511258,4,919.430505,71.692879,7.440274,0.511258
140201,LAMBAYEQUE,FERREÑAFE,FERREÑAFE,0.0,0.0,100.0,0.0,0.0,0.0,100.0,1.0,5,0,0.0,0.0,,100.0,1.0,0.5,0.384615,2,0.511085,4,787.417958,68.871914,9.535932,0.511085
220406,SAN MARTIN,HUALLAGA,TINGO DE SAPOSOA,0.0,0.0,0.0,100.0,1.0,0.0,100.0,1.0,3,2,0.4,0.0,,100.0,1.0,0.85,0.653846,4,0.510924,4,805.603975,79.074347,7.337577,0.510924
120420,JUNIN,JAUJA,MUQUI,0.0,0.0,0.0,100.0,1.0,100.0,0.0,0.0,5,0,0.0,0.0,,100.0,1.0,0.5,0.384615,2,0.510372,4,780.341928,73.881558,8.771793,0.510372
140103,LAMBAYEQUE,CHICLAYO,ETEN,0.0,0.0,100.0,0.0,0.0,0.0,100.0,1.0,5,0,0.0,0.0,,100.0,1.0,0.5,0.384615,2,0.510316,4,657.101484,84.332833,7.614255,0.510316
120117,JUNIN,HUANCAYO,HUALHUAS,0.0,0.0,0.0,100.0,1.0,0.0,100.0,1.0,5,0,0.0,0.0,,100.0,1.0,0.75,0.576923,2,0.51031,4,712.461255,71.524408,9.092332,0.51031
140119,LAMBAYEQUE,CHICLAYO,PUCALA,0.0,0.0,100.0,0.0,0.0,100.0,0.0,0.0,5,0,0.0,1.0,100.0,0.0,0.0,0.0,0.0,1,0.509982,4,640.403817,80.927725,8.599719,0.509982
150704,LIMA,HUAROCHIRI,CARAMPOMA,59.26,0.5926,100.0,0.0,0.0,100.0,0.0,0.0,5,0,0.0,0.0,,100.0,1.0,0.25,0.226496,1,0.509911,4,712.528642,76.163484,7.568213,0.509911
010704,AMAZONAS,UTCUBAMBA,EL MILAGRO,0.0,0.0,0.0,100.0,1.0,0.0,100.0,1.0,5,0,0.0,1.0,0.0,100.0,1.0,0.75,0.576923,2,0.509728,4,1076.127823,72.291255,6.170758,0.509728
090309,HUANCAVELICA,ANGARAES,JULCAMARCA,0.0,0.0,100.0,0.0,0.0,100.0,0.0,0.0,3,2,0.4,1.0,100.0,0.0,0.0,0.1,0.076923,1,0.509657,4,710.414126,72.659201,8.305182,0.509657
120211,JUNIN,CONCEPCION,MITO,0.0,0.0,0.0,100.0,1.0,100.0,0.0,0.0,3,2,0.4,0.0,,100.0,1.0,0.6,0.461538,2,0.509432,4,781.489885,69.800462,8.906553,0.509432
010701,AMAZONAS,UTCUBAMBA,BAGUA GRANDE,0.82,0.0082,0.0,100.0,1.0,0.0,100.0,1.0,4,1,0.2,0.0,,100.0,1.0,0.8,0.616898,4,0.509394,4,883.723553,71.57903,6.917166,0.509394
060808,CAJAMARCA,JAEN,PUCARA,0.0,0.0,0.0,100.0,1.0,0.0,100.0,1.0,5,0,0.0,1.0,0.0,100.0,1.0,0.75,0.576923,2,0.508906,4,903.534762,75.495939,6.743539,0.508906
090509,HUANCAVELICA,CHURCAMPA,SAN PEDRO DE CORIS,0.0,0.0,100.0,0.0,0.0,100.0,0.0,0.0,4,1,0.2,1.0,100.0,0.0,0.0,0.05,0.038462,1,0.507785,4,978.425206,66.14726,7.012217,0.507785
030401,APURIMAC,AYMARAES,CHALHUANCA,22.58,0.2258,0.0,100.0,1.0,100.0,0.0,0.0,5,0,0.0,0.0,,100.0,1.0,0.5,0.410669,2,0.507622,4,783.237739,68.668088,9.169256,0.507622
120428,JUNIN,JAUJA,SAN LORENZO,0.0,0.0,0.0,100.0,1.0,0.0,100.0,1.0,5,0,0.0,0.0,,100.0,1.0,0.75,0.576923,2,0.507016,4,762.340865,73.802062,8.358201,0.507016
051001,AYACUCHO,VICTOR FAJARDO,HUANCAPI,16.5,0.165,0.0,100.0,1.0,0.0,100.0,1.0,3,2,0.4,0.0,,100.0,1.0,0.85,0.686212,4,0.50696,4,718.609573,78.672421,7.775172,0.50696
090606,HUANCAVELICA,HUAYTARA,OCOYO,0.88,0.0088,100.0,0.0,0.0,100.0,0.0,0.0,3,2,0.4,0.0,,100.0,1.0,0.35,0.269942,2,0.506607,4,1215.559779,65.009626,7.248449,0.506607
081211,CUSCO,QUISPICANCHI,OROPESA,0.0,0.0,0.0,100.0,1.0,0.0,100.0,1.0,5,0,0.0,0.0,,100.0,1.0,0.75,0.576923,2,0.506558,4,844.311783,64.793709,8.358129,0.506558
120212,JUNIN,CONCEPCION,NUEVE DE JULIO,0.0,0.0,0.0,100.0,1.0,0.0,100.0,1.0,5,0,0.0,0.0,,100.0,1.0,0.75,0.576923,2,0.506475,4,837.602649,71.136466,8.24845,0.506475
240304,TUMBES,ZARUMILLA,PAPAYAL,0.0,0.0,0.0,100.0,1.0,0.0,100.0,1.0,5,0,0.0,1.0,0.0,100.0,1.0,0.75,0.576923,2,0.506393,4,813.085796,71.096048,7.887329,0.506393
140304,LAMBAYEQUE,LAMBAYEQUE,JAYANCA,0.0,0.0,100.0,0.0,0.0,100.0,0.0,0.0,5,0,0.0,0.0,,100.0,1.0,0.25,0.192308,1,0.505917,4,777.552301,75.208494,7.516302,0.505917
151008,LIMA,YAUYOS,CATAHUASI,4.17,0.0417,100.0,0.0,0.0,100.0,0.0,0.0,2,3,0.6,1.0,100.0,0.0,0.0,0.15,0.116828,1,0.505882,4,745.501648,80.510322,9.566166,0.505882
051005,AYACUCHO,VICTOR FAJARDO,CANARIA,40.0,0.4,100.0,0.0,0.0,100.0,0.0,0.0,5,0,0.0,0.0,,100.0,1.0,0.25,0.215385,1,0.505707,4,788.918057,73.916809,7.220155,0.505707
120601,JUNIN,SATIPO,SATIPO,22.46,0.2246,66.67,33.33,0.3333,0.0,100.0,1.0,5,0,0.0,0.0,,100.0,1.0,0.583325,0.478946,2,0.505554,4,816.746575,71.648348,8.33022,0.505554
040801,AREQUIPA,LA UNION,COTAHUASI,4.17,0.0417,0.0,100.0,1.0,0.0,100.0,1.0,5,0,0.0,0.0,,100.0,1.0,0.75,0.58414,3,0.505489,4,756.225312,78.851348,8.961208,0.505489
220705,SAN MARTIN,PICOTA,PUCACACA,9.09,0.0909,0.0,100.0,1.0,0.0,100.0,1.0,3,2,0.4,0.0,,100.0,1.0,0.85,0.671677,4,0.505409,4,885.659352,75.769142,6.797651,0.505409
131201,LA LIBERTAD,VIRU,VIRU,10.0,0.1,0.0,100.0,1.0,0.0,100.0,1.0,5,0,0.0,1.0,0.0,100.0,1.0,0.75,0.594231,3,0.50514,4,900.900383,77.132854,6.715329,0.50514
040402,AREQUIPA,CASTILLA,ANDAGUA,66.67,0.6667,0.0,100.0,1.0,0.0,100.0,1.0,3,2,0.4,1.0,0.0,100.0,1.0,0.85,0.784622,5,0.504954,4,739.782929,75.517742,7.276301,0.504954
140110,LAMBAYEQUE,CHICLAYO,OYOTUN,0.0,0.0,100.0,0.0,0.0,100.0,0.0,0.0,3,2,0.4,1.0,100.0,0.0,0.0,0.1,0.076923,1,0.504943,4,779.674978,79.350874,6.820894,0.504943
250107,UCAYALI,CORONEL PORTILLO,MANANTAY,16.0,0.16,0.0,100.0,1.0,0.0,100.0,1.0,5,0,0.0,0.0,,100.0,1.0,0.75,0.604615,4,0.504829,4,844.511954,74.268529,8.086097,0.504829
040515,AREQUIPA,CAYLLOMA,SIBAYO,47.22,0.4722,0.0,100.0,1.0,0.0,100.0,1.0,4,1,0.2,1.0,0.0,100.0,1.0,0.8,0.70256,5,0.504201,4,874.783643,81.003764,6.545462,0.504201
200802,PIURA,SECHURA,BELLAVISTA DE LA UNION,0.0,0.0,0.0,100.0,1.0,0.0,100.0,1.0,5,0,0.0,0.0,,100.0,1.0,0.75,0.576923,2,0.503932,4,735.243092,75.180887,8.232306,0.503932
190302,PASCO,OXAPAMPA,CHONTABAMBA,46.34,0.4634,0.0,100.0,1.0,0.0,100.0,1.0,5,0,0.0,0.0,,100.0,1.0,0.75,0.657127,4,0.503856,4,866.307058,72.287596,7.432952,0.503856
200105,PIURA,PIURA,CATACAOS,27.03,0.2703,0.0,100.0,1.0,0.0,100.0,1.0,4,1,0.2,0.0,,100.0,1.0,0.8,0.665286,4,0.503435,4,731.817669,78.143886,7.69862,0.503435
120908,JUNIN,CHUPACA,TRES DE DICIEMBRE,0.0,0.0,0.0,100.0,1.0,0.0,100.0,1.0,3,2,0.4,0.0,,100.0,1.0,0.85,0.653846,4,0.503352,4,710.402349,76.441102,8.66177,0.503352
160201,LORETO,ALTO AMAZONAS,YURIMAGUAS,12.5,0.125,0.0,100.0,1.0,0.0,100.0,1.0,5,0,0.0,0.0,,100.0,1.0,0.75,0.598558,3,0.503318,4,835.287457,73.448017,9.51218,0.503318
180211,MOQUEGUA,GENERAL SANCHEZ CERRO,YUNGA,62.5,0.625,100.0,0.0,0.0,100.0,0.0,0.0,2,3,0.6,0.0,,100.0,1.0,0.4,0.365385,2,0.503148,4,647.035603,77.986593,8.018429,0.503148
200603,PIURA,SULLANA,IGNACIO ESCUDERO,0.0,0.0,0.0,100.0,1.0,0.0,100.0,1.0,4,1,0.2,0.0,,100.0,1.0,0.8,0.615385,4,0.50253,4,792.098711,79.018363,6.446953,0.50253
151016,LIMA,YAUYOS,HUANTAN,62.5,0.625,100.0,0.0,0.0,100.0,0.0,0.0,2,3,0.6,0.0,,100.0,1.0,0.4,0.365385,2,0.502161,4,684.179865,83.819704,8.278256,0.502161
150608,LIMA,HUARAL,PACARAOS,55.56,0.5556,100.0,0.0,0.0,100.0,0.0,0.0,2,3,0.6,0.0,,100.0,1.0,0.4,0.358978,2,0.50088,4,788.337171,82.403505,7.649487,0.50088
220706,SAN MARTIN,PICOTA,SAN CRISTOBAL,0.0,0.0,0.0,100.0,1.0,0.0,100.0,1.0,1,4,0.8,0.0,,100.0,1.0,0.95,0.730769,5,0.50047,4,992.891691,76.114607,6.232775,0.50047
200503,PIURA,PAITA,ARENAL,0.0,0.0,0.0,100.0,1.0,0.0,100.0,1.0,3,2,0.4,0.0,,100.0,1.0,0.85,0.653846,4,0.49947,4,741.74845,82.984865,6.961413,0.49947
030506,APURIMAC,COTABAMBAS,CHALLHUAHUACHO,8.49,0.0849,100.0,0.0,0.0,100.0,0.0,0.0,5,0,0.0,1.0,100.0,0.0,0.0,0.0,0.0,1,0.499164,4,631.002585,75.709627,7.799769,0.499164
021201,ANCASH,HUAYLAS,CARAZ,0.0,0.0,0.0,100.0,1.0,0.0,100.0,1.0,5,0,0.0,0.0,,100.0,1.0,0.75,0.576923,2,0.498427,4,791.681997,79.231974,7.153983,0.498427
190103,PASCO,PASCO,HUARIACA,0.0,0.0,0.0,100.0,1.0,0.0,100.0,1.0,5,0,0.0,0.0,,100.0,1.0,0.75,0.576923,2,0.498129,4,640.618234,73.765486,8.867891,0.498129
090701,HUANCAVELICA,TAYACAJA,PAMPAS,0.0,0.0,100.0,0.0,0.0,100.0,0.0,0.0,5,0,0.0,0.0,,100.0,1.0,0.25,0.192308,1,0.497813,4,646.431859,76.188465,8.220987,0.497813
140307,LAMBAYEQUE,LAMBAYEQUE,MOTUPE,0.0,0.0,100.0,0.0,0.0,100.0,0.0,0.0,5,0,0.0,0.0,,100.0,1.0,0.25,0.192308,1,0.497467,4,761.290821,75.93908,7.695954,0.497467
131202,LA LIBERTAD,VIRU,CHAO,11.54,0.1154,0.0,100.0,1.0,0.0,100.0,1.0,5,0,0.0,1.0,0.0,100.0,1.0,0.75,0.596896,3,0.49715,4,929.971611,77.797597,6.322207,0.49715
200806,PIURA,SECHURA,RINCONADA LLICUAR,0.0,0.0,0.0,100.0,1.0,0.0,100.0,1.0,5,0,0.0,0.0,,100.0,1.0,0.75,0.576923,2,0.496957,4,703.695659,74.167863,7.914655,0.496957
120503,JUNIN,JUNIN,ONDORES,32.92,0.3292,100.0,0.0,0.0,100.0,0.0,0.0,5,0,0.0,0.0,,100.0,1.0,0.25,0.2113,1,0.496938,4,799.242583,67.883571,7.695027,0.496938
200405,PIURA,MORROPON,MORROPON,0.0,0.0,0.0,100.0,1.0,0.0,100.0,1.0,2,3,0.6,0.0,,100.0,1.0,0.9,0.692308,4,0.4969,4,741.317648,75.546454,7.004966,0.4969
050601,AYACUCHO,LUCANAS,PUQUIO,39.7,0.397,100.0,0.0,0.0,100.0,0.0,0.0,3,2,0.4,0.0,,100.0,1.0,0.35,0.301296,2,0.495073,4,730.724609,69.751386,8.507045,0.495073
150301,LIMA,CAJATAMBO,CAJATAMBO,50.81,0.5081,100.0,0.0,0.0,100.0,0.0,0.0,1,4,0.8,0.0,,100.0,1.0,0.45,0.398918,2,0.494912,4,840.931508,70.526062,7.612229,0.494912
180105,MOQUEGUA,MARISCAL NIETO,SAN CRISTOBAL,57.14,0.5714,50.0,50.0,0.5,50.0,50.0,0.5,1,4,0.8,1.0,100.0,0.0,0.0,0.45,0.405492,2,0.493918,4,771.859846,75.261533,6.745139,0.493918
190307,PASCO,OXAPAMPA,VILLA RICA,25.44,0.2544,0.0,100.0,1.0,0.0,100.0,1.0,5,0,0.0,0.0,,100.0,1.0,0.75,0.620954,4,0.493502,4,835.210915,71.169742,7.658019,0.493502
040405,AREQUIPA,CASTILLA,CHILCAYMARCA,20.0,0.2,0.0,100.0,1.0,0.0,100.0,1.0,5,0,0.0,0.0,,100.0,1.0,0.75,0.611538,4,0.49334,4,797.91588,79.434787,7.050961,0.49334
120119,JUNIN,HUANCAYO,HUANCAN,0.0,0.0,0.0,100.0,1.0,0.0,100.0,1.0,4,1,0.2,0.0,,100.0,1.0,0.8,0.615385,4,0.492869,4,690.110684,71.448784,8.536672,0.492869
120408,JUNIN,JAUJA,HUAMALI,0.0,0.0,0.0,100.0,1.0,0.0,100.0,1.0,4,1,0.2,0.0,,100.0,1.0,0.8,0.615385,4,0.492667,4,714.660265,71.261723,8.756732,0.492667
040518,AREQUIPA,CAYLLOMA,TUTI,78.95,0.7895,0.0,100.0,1.0,0.0,100.0,1.0,5,0,0.0,0.0,,100.0,1.0,0.75,0.713567,5,0.491938,4,756.480104,82.50771,6.008008,0.491938
220703,SAN MARTIN,PICOTA,CASPISAPA,8.0,0.08,0.0,100.0,1.0,0.0,100.0,1.0,5,0,0.0,0.0,,100.0,1.0,0.75,0.590769,3,0.491904,4,851.962104,73.9517,6.840488,0.491904
040414,AREQUIPA,CASTILLA,VIRACO,21.95,0.2195,0.0,100.0,1.0,0.0,100.0,1.0,1,4,0.8,0.0,,100.0,1.0,0.95,0.77889,5,0.491623,4,800.122202,75.212939,7.552823,0.491623
090508,HUANCAVELICA,CHURCAMPA,SAN MIGUEL DE MAYOCC,0.0,0.0,0.0,100.0,1.0,100.0,0.0,0.0,5,0,0.0,0.0,,100.0,1.0,0.5,0.384615,2,0.491312,4,754.319953,76.133982,7.834759,0.491312
220103,SAN MARTIN,MOYOBAMBA,HABANA,0.0,0.0,0.0,100.0,1.0,0.0,100.0,1.0,5,0,0.0,0.0,,100.0,1.0,0.75,0.576923,2,0.491185,4,990.310998,74.583504,5.776343,0.491185
010206,AMAZONAS,BAGUA,LA PECA,0.0,0.0,0.0,100.0,1.0,0.0,100.0,1.0,3,2,0.4,1.0,0.0,100.0,1.0,0.85,0.653846,4,0.490584,4,960.8638,71.507116,6.614769,0.490584
050116,AYACUCHO,HUAMANGA,ANDRES AVELINO CACERES DORREGARAY,0.0,0.0,0.0,100.0,1.0,0.0,100.0,1.0,5,0,0.0,0.0,,100.0,1.0,0.75,0.576923,2,0.489944,4,719.554362,67.47987,8.937907,0.489944
010118,AMAZONAS,CHACHAPOYAS,SAN FRANCISCO DE DAGUAS,0.0,0.0,0.0,100.0,1.0,0.0,100.0,1.0,3,2,0.4,1.0,0.0,100.0,1.0,0.85,0.653846,4,0.489706,4,831.258826,71.222684,7.490774,0.489706
010204,AMAZONAS,BAGUA,EL PARCO,0.0,0.0,0.0,100.0,1.0,0.0,100.0,1.0,5,0,0.0,0.0,,100.0,1.0,0.75,0.576923,2,0.489049,4,801.145916,74.333058,6.036484,0.489049
150902,LIMA,OYON,ANDAJES,0.0,0.0,100.0,0.0,0.0,100.0,0.0,0.0,1,4,0.8,0.0,,100.0,1.0,0.45,0.346154,2,0.488913,4,815.373731,82.506176,4.73869,0.488913
090106,HUANCAVELICA,HUANCAVELICA,HUACHOCOLPA,47.14,0.4714,100.0,0.0,0.0,100.0,0.0,0.0,5,0,0.0,1.0,100.0,0.0,0.0,0.0,0.0,1,0.488231,4,965.860218,69.436767,6.587871,0.488231
120501,JUNIN,JUNIN,JUNIN,28.43,0.2843,100.0,0.0,0.0,100.0,0.0,0.0,5,0,0.0,0.0,,100.0,1.0,0.25,0.20871,1,0.488132,4,707.322962,69.772521,8.731602,0.488132
180206,MOQUEGUA,GENERAL SANCHEZ CERRO,LLOQUE,63.89,0.6389,100.0,0.0,0.0,100.0,0.0,0.0,2,3,0.6,0.0,,100.0,1.0,0.4,0.366668,2,0.487905,4,643.896604,82.791694,8.100492,0.487905
180207,MOQUEGUA,GENERAL SANCHEZ CERRO,MATALAQUE,31.71,0.3171,100.0,0.0,0.0,100.0,0.0,0.0,5,0,0.0,0.0,,100.0,1.0,0.25,0.210602,1,0.48763,4,705.350973,79.004719,7.912485,0.48763
180204,MOQUEGUA,GENERAL SANCHEZ CERRO,ICHUÑA,64.75,0.6475,100.0,0.0,0.0,100.0,0.0,0.0,2,3,0.6,1.0,100.0,0.0,0.0,0.15,0.137798,1,0.487331,4,610.346181,78.366906,7.90064,0.487331
060108,CAJAMARCA,CAJAMARCA,LOS BAÑOS DEL INCA,0.0,0.0,0.0,100.0,1.0,0.0,100.0,1.0,5,0,0.0,0.0,,100.0,1.0,0.75,0.576923,2,0.487318,4,776.43199,74.240966,6.624839,0.487318
120121,JUNIN,HUANCAYO,HUAYUCACHI,0.0,0.0,0.0,100.0,1.0,0.0,100.0,1.0,5,0,0.0,0.0,,100.0,1.0,0.75,0.576923,2,0.486901,4,675.919212,71.277586,8.427567,0.486901
021409,ANCASH,OCROS,SAN PEDRO,30.77,0.3077,0.0,100.0,1.0,0.0,100.0,1.0,3,2,0.4,0.0,,100.0,1.0,0.85,0.714203,5,0.486844,4,637.014733,78.183401,7.608332,0.486844
131203,LA LIBERTAD,VIRU,GUADALUPITO,0.0,0.0,0.0,100.0,1.0,0.0,100.0,1.0,3,2,0.4,1.0,0.0,100.0,1.0,0.85,0.653846,4,0.486799,4,840.578823,77.582553,6.150547,0.486799
200506,PIURA,PAITA,TAMARINDO,0.0,0.0,0.0,100.0,1.0,0.0,100.0,1.0,4,1,0.2,1.0,0.0,100.0,1.0,0.8,0.615385,4,0.486528,4,762.259287,81.019801,6.033438,0.486528
200801,PIURA,SECHURA,SECHURA,51.16,0.5116,0.0,100.0,1.0,0.0,100.0,1.0,5,0,0.0,0.0,,100.0,1.0,0.75,0.665469,4,0.486072,4,781.821844,72.15815,7.507596,0.486072
010501,AMAZONAS,LUYA,LAMUD,0.0,0.0,0.0,100.0,1.0,0.0,100.0,1.0,5,0,0.0,0.0,,100.0,1.0,0.75,0.576923,2,0.485915,4,811.135646,71.714044,7.754207,0.485915
020802,ANCASH,CASMA,BUENA VISTA ALTA,0.0,0.0,0.0,100.0,1.0,0.0,100.0,1.0,1,4,0.8,0.0,,100.0,1.0,0.95,0.730769,5,0.485047,4,898.187286,80.992543,5.604524,0.485047
100208,HUANUCO,AMBO,TOMAY KICHWA,0.0,0.0,0.0,100.0,1.0,0.0,100.0,1.0,3,2,0.4,0.0,,100.0,1.0,0.85,0.653846,4,0.485016,4,742.075472,73.056054,7.414682,0.485016
040411,AREQUIPA,CASTILLA,TIPAN,0.0,0.0,0.0,100.0,1.0,0.0,100.0,1.0,5,0,0.0,1.0,0.0,100.0,1.0,0.75,0.576923,2,0.485008,4,632.208457,78.281177,7.856513,0.485008
120402,JUNIN,JAUJA,ACOLLA,0.0,0.0,100.0,0.0,0.0,100.0,0.0,0.0,1,4,0.8,0.0,,100.0,1.0,0.45,0.346154,2,0.484661,4,740.789976,71.7097,7.681609,0.484661
021407,ANCASH,OCROS,LLIPA,5.56,0.0556,0.0,100.0,1.0,0.0,100.0,1.0,2,3,0.6,0.0,,100.0,1.0,0.9,0.703855,5,0.48453,4,549.149824,81.805829,6.935702,0.48453
050619,AYACUCHO,LUCANAS,SANCOS,13.04,0.1304,100.0,0.0,0.0,100.0,0.0,0.0,3,2,0.4,0.0,,100.0,1.0,0.35,0.279763,2,0.484297,4,796.295548,68.783446,7.956802,0.484297
120108,JUNIN,HUANCAYO,CHONGOS ALTO,47.46,0.4746,0.0,100.0,1.0,0.0,100.0,1.0,3,2,0.4,1.0,0.0,100.0,1.0,0.85,0.746941,5,0.483322,4,723.884948,75.243823,6.526658,0.483322
140206,LAMBAYEQUE,FERREÑAFE,PUEBLO NUEVO,0.0,0.0,100.0,0.0,0.0,100.0,0.0,0.0,5,0,0.0,0.0,,100.0,1.0,0.25,0.192308,1,0.483069,4,693.477079,70.96445,8.449211,0.483069
140109,LAMBAYEQUE,CHICLAYO,NUEVA ARICA,0.0,0.0,100.0,0.0,0.0,100.0,0.0,0.0,5,0,0.0,1.0,100.0,0.0,0.0,0.0,0.0,1,0.482887,4,677.085962,81.924595,7.420303,0.482887
010607,AMAZONAS,RODRIGUEZ DE MENDOZA,MARISCAL BENAVIDES,0.0,0.0,0.0,100.0,1.0,0.0,100.0,1.0,5,0,0.0,0.0,,100.0,1.0,0.75,0.576923,2,0.482819,4,866.135997,73.004352,6.391833,0.482819
050616,AYACUCHO,LUCANAS,SAN JUAN,0.0,0.0,100.0,0.0,0.0,0.0,100.0,1.0,2,3,0.6,0.0,,100.0,1.0,0.65,0.5,2,0.48257,4,706.319142,65.80879,8.388994,0.48257
060802,CAJAMARCA,JAEN,BELLAVISTA,0.0,0.0,0.0,100.0,1.0,0.0,100.0,1.0,5,0,0.0,1.0,0.0,100.0,1.0,0.75,0.576923,2,0.482353,4,905.991171,74.68609,5.880567,0.482353
240302,TUMBES,ZARUMILLA,AGUAS VERDES,0.0,0.0,0.0,100.0,1.0,0.0,100.0,1.0,4,1,0.2,0.0,,100.0,1.0,0.8,0.615385,4,0.480955,4,729.161341,73.071762,7.343272,0.480955
220501,SAN MARTIN,LAMAS,LAMAS,4.35,0.0435,0.0,100.0,1.0,0.0,100.0,1.0,3,2,0.4,0.0,,100.0,1.0,0.85,0.662379,4,0.480507,4,828.003503,70.904762,7.073505,0.480507
220809,SAN MARTIN,RIOJA,YURACYACU,0.0,0.0,0.0,100.0,1.0,0.0,100.0,1.0,1,4,0.8,0.0,,100.0,1.0,0.95,0.730769,5,0.479728,4,890.184036,73.576251,6.376549,0.479728
030216,APURIMAC,ANDAHUAYLAS,TALAVERA,0.0,0.0,100.0,0.0,0.0,100.0,0.0,0.0,5,0,0.0,0.0,,100.0,1.0,0.25,0.192308,1,0.479313,4,658.761072,75.371616,7.118817,0.479313
230401,TACNA,TARATA,TARATA,80.56,0.8056,0.0,100.0,1.0,0.0,100.0,1.0,1,4,0.8,0.0,,100.0,1.0,0.95,0.907382,5,0.479144,4,567.944259,77.102696,8.14464,0.479144
220804,SAN MARTIN,RIOJA,NUEVA CAJAMARCA,9.09,0.0909,0.0,100.0,1.0,0.0,100.0,1.0,5,0,0.0,0.0,,100.0,1.0,0.75,0.592656,3,0.478976,4,847.291095,73.437782,6.28528,0.478976
021401,ANCASH,OCROS,OCROS,36.84,0.3684,0.0,100.0,1.0,0.0,100.0,1.0,5,0,0.0,0.0,,100.0,1.0,0.75,0.640685,4,0.47785,4,682.247685,78.54078,7.690764,0.47785
120432,JUNIN,JAUJA,TUNAN MARCA,0.0,0.0,100.0,0.0,0.0,100.0,0.0,0.0,5,0,0.0,0.0,,100.0,1.0,0.25,0.192308,1,0.477757,4,645.287425,75.00045,7.130196,0.477757
080910,CUSCO,LA CONVENCION,PICHARI,13.11,0.1311,100.0,0.0,0.0,100.0,0.0,0.0,5,0,0.0,1.0,100.0,0.0,0.0,0.0,0.0,1,0.477639,4,715.563833,75.769881,7.386781,0.477639
140303,LAMBAYEQUE,LAMBAYEQUE,ILLIMO,0.0,0.0,100.0,0.0,0.0,100.0,0.0,0.0,5,0,0.0,1.0,100.0,0.0,0.0,0.0,0.0,1,0.477044,4,622.172151,76.111275,7.591924,0.477044
090710,HUANCAVELICA,TAYACAJA,ÑAHUIMPUQUIO,0.0,0.0,0.0,100.0,1.0,100.0,0.0,0.0,3,2,0.4,0.0,,100.0,1.0,0.6,0.461538,2,0.476906,4,956.659389,73.058644,4.859243,0.476906
120425,JUNIN,JAUJA,PARCO,0.0,0.0,50.0,50.0,0.5,50.0,50.0,0.5,1,4,0.8,0.0,,100.0,1.0,0.7,0.538462,2,0.476617,4,677.428542,69.189588,7.97487,0.476617
120414,JUNIN,JAUJA,LLOCLLAPAMPA,21.43,0.2143,0.0,100.0,1.0,0.0,100.0,1.0,1,4,0.8,0.0,,100.0,1.0,0.95,0.77775,5,0.476508,4,736.657493,68.665278,7.78927,0.476508
120133,JUNIN,HUANCAYO,SAPALLANGA,0.0,0.0,0.0,100.0,1.0,0.0,100.0,1.0,5,0,0.0,0.0,,100.0,1.0,0.75,0.576923,2,0.475997,4,654.677095,72.235256,7.73435,0.475997
120132,JUNIN,HUANCAYO,SAÑO,20.0,0.2,0.0,100.0,1.0,0.0,100.0,1.0,5,0,0.0,0.0,,100.0,1.0,0.75,0.611538,4,0.475958,4,697.904534,71.174203,6.902458,0.475958
050805,AYACUCHO,PAUCAR DEL SARA SARA,MARCABAMBA,0.0,0.0,100.0,0.0,0.0,100.0,0.0,0.0,0,5,1.0,1.0,100.0,0.0,0.0,0.25,0.192308,1,0.475851,4,718.758035,73.173867,7.424921,0.475851
101007,HUANUCO,LAURICOCHA,SAN MIGUEL DE CAURI,48.45,0.4845,0.0,100.0,1.0,0.0,100.0,1.0,3,2,0.4,1.0,0.0,100.0,1.0,0.85,0.748883,5,0.47583,4,803.381811,69.511223,7.851299,0.47583
040114,AREQUIPA,AREQUIPA,POLOBAYA,2.13,0.0213,0.0,100.0,1.0,0.0,100.0,1.0,3,2,0.4,1.0,0.0,100.0,1.0,0.85,0.658024,4,0.475356,4,706.921232,76.01313,7.981481,0.475356
250301,UCAYALI,PADRE ABAD,PADRE ABAD,31.58,0.3158,0.0,100.0,1.0,0.0,100.0,1.0,5,0,0.0,0.0,,100.0,1.0,0.75,0.631581,4,0.475207,4,761.163286,77.151226,7.086752,0.475207
150702,LIMA,HUAROCHIRI,ANTIOQUIA,0.0,0.0,100.0,0.0,0.0,100.0,0.0,0.0,2,3,0.6,0.0,,100.0,1.0,0.4,0.307692,2,0.474992,4,818.591519,71.831715,5.88923,0.474992
010302,AMAZONAS,BONGARA,CHISQUILLA,18.92,0.1892,0.0,100.0,1.0,0.0,100.0,1.0,3,2,0.4,0.0,,100.0,1.0,0.85,0.690958,4,0.474975,4,797.751145,71.541898,5.450851,0.474975
081303,CUSCO,URUBAMBA,HUAYLLABAMBA,0.0,0.0,100.0,0.0,0.0,100.0,0.0,0.0,5,0,0.0,1.0,100.0,0.0,0.0,0.0,0.0,1,0.474684,4,561.598916,74.7627,8.225739,0.474684
021408,ANCASH,OCROS,SAN CRISTOBAL DE RAJAN,0.0,0.0,0.0,100.0,1.0,0.0,100.0,1.0,3,2,0.4,1.0,0.0,100.0,1.0,0.85,0.653846,4,0.474611,4,692.173705,80.48521,6.441984,0.474611
150607,LIMA,HUARAL,LAMPIAN,2.86,0.0286,100.0,0.0,0.0,100.0,0.0,0.0,3,2,0.4,0.0,,100.0,1.0,0.35,0.271541,2,0.474146,4,565.420418,81.375768,6.91312,0.474146
150305,LIMA,CAJATAMBO,MANAS,17.53,0.1753,100.0,0.0,0.0,100.0,0.0,0.0,5,0,0.0,0.0,,100.0,1.0,0.25,0.202421,1,0.474126,4,734.726678,69.894912,7.868844,0.474126
140108,LAMBAYEQUE,CHICLAYO,MONSEFU,0.0,0.0,100.0,0.0,0.0,100.0,0.0,0.0,5,0,0.0,0.0,,100.0,1.0,0.25,0.192308,1,0.474112,4,585.935671,82.204136,7.357156,0.474112
010112,AMAZONAS,CHACHAPOYAS,MAGDALENA,2.38,0.0238,0.0,100.0,1.0,0.0,100.0,1.0,3,2,0.4,0.0,,100.0,1.0,0.85,0.658515,4,0.47377,4,848.55239,71.622414,6.384657,0.47377
120902,JUNIN,CHUPACA,AHUAC,0.0,0.0,0.0,100.0,1.0,100.0,0.0,0.0,5,0,0.0,0.0,,100.0,1.0,0.5,0.384615,2,0.473665,4,661.451459,70.86243,8.058978,0.473665
120127,JUNIN,HUANCAYO,QUICHUAY,37.5,0.375,0.0,100.0,1.0,0.0,100.0,1.0,5,0,0.0,0.0,,100.0,1.0,0.75,0.641827,4,0.473028,4,711.360828,73.205995,6.435694,0.473028
151014,LIMA,YAUYOS,HUANCAYA,89.19,0.8919,100.0,0.0,0.0,100.0,0.0,0.0,3,2,0.4,0.0,,100.0,1.0,0.35,0.341269,2,0.472777,4,413.234032,84.222796,10.290424,0.472777
140312,LAMBAYEQUE,LAMBAYEQUE,TUCUME,0.0,0.0,100.0,0.0,0.0,100.0,0.0,0.0,5,0,0.0,0.0,,100.0,1.0,0.25,0.192308,1,0.47267,4,681.432685,75.809209,6.724942,0.47267
090605,HUANCAVELICA,HUAYTARA,LARAMARCA,52.17,0.5217,100.0,0.0,0.0,100.0,0.0,0.0,0,5,1.0,0.0,,100.0,1.0,0.5,0.444812,2,0.472349,4,667.234934,71.628704,7.745783,0.472349
160804,LORETO,PUTUMAYO,YAGUAS,93.33,0.9333,0.0,100.0,1.0,0.0,100.0,1.0,3,2,0.4,1.0,0.0,100.0,1.0,0.85,0.836917,5,0.472306,4,1181.878633,76.628272,5.408872,0.472306
040509,AREQUIPA,CAYLLOMA,ICHUPAMPA,50.0,0.5,0.0,100.0,1.0,0.0,100.0,1.0,3,2,0.4,0.0,,100.0,1.0,0.85,0.751923,5,0.47152,4,680.144489,78.211094,5.494598,0.47152
180210,MOQUEGUA,GENERAL SANCHEZ CERRO,UBINAS,59.62,0.5962,100.0,0.0,0.0,100.0,0.0,0.0,5,0,0.0,1.0,100.0,0.0,0.0,0.0,0.0,1,0.470979,4,641.465169,79.593742,6.903915,0.470979
080903,CUSCO,LA CONVENCION,HUAYOPATA,8.7,0.087,100.0,0.0,0.0,100.0,0.0,0.0,5,0,0.0,1.0,100.0,0.0,0.0,0.0,0.0,1,0.470694,4,653.417532,76.794062,7.141255,0.470694
021001,ANCASH,HUARI,HUARI,4.26,0.0426,0.0,100.0,1.0,0.0,100.0,1.0,5,0,0.0,0.0,,100.0,1.0,0.75,0.584296,3,0.470602,4,695.843641,75.173382,7.93194,0.470602
140308,LAMBAYEQUE,LAMBAYEQUE,OLMOS,14.14,0.1414,100.0,0.0,0.0,100.0,0.0,0.0,5,0,0.0,0.0,,100.0,1.0,0.25,0.200465,1,0.470309,4,742.49898,74.911765,6.365443,0.470309
060401,CAJAMARCA,CHOTA,CHOTA,0.0,0.0,0.0,100.0,1.0,0.0,100.0,1.0,5,0,0.0,0.0,,100.0,1.0,0.75,0.576923,2,0.470088,4,756.997154,72.660814,6.163018,0.470088
210709,PUNO,LAMPA,SANTA LUCIA,64.74,0.6474,50.0,50.0,0.5,33.33,66.67,0.6667,4,1,0.2,1.0,100.0,0.0,0.0,0.341675,0.313873,2,0.46986,4,610.391633,78.422899,6.991928,0.46986
061301,CAJAMARCA,SANTA CRUZ,SANTA CRUZ,0.0,0.0,0.0,100.0,1.0,0.0,100.0,1.0,3,2,0.4,0.0,,100.0,1.0,0.85,0.653846,4,0.469791,4,713.668006,71.895095,7.254681,0.469791
040504,AREQUIPA,CAYLLOMA,CALLALLI,74.92,0.7492,0.0,100.0,1.0,0.0,100.0,1.0,3,2,0.4,0.0,,100.0,1.0,0.85,0.800805,5,0.46977,4,746.030997,81.279823,5.826975,0.46977
021402,ANCASH,OCROS,ACAS,22.22,0.2222,0.0,100.0,1.0,0.0,100.0,1.0,5,0,0.0,0.0,,100.0,1.0,0.75,0.615381,4,0.46914,4,514.411598,81.268993,8.07457,0.46914
020907,ANCASH,CORONGO,YUPAN,0.0,0.0,0.0,100.0,1.0,0.0,100.0,1.0,3,2,0.4,0.0,,100.0,1.0,0.85,0.653846,4,0.469109,4,800.537122,74.094735,8.079575,0.469109
200110,PIURA,PIURA,LA UNION,0.0,0.0,0.0,100.0,1.0,0.0,100.0,1.0,5,0,0.0,0.0,,100.0,1.0,0.75,0.576923,2,0.468774,4,672.800358,76.402598,6.714528,0.468774
021012,ANCASH,HUARI,RAHUAPAMPA,0.0,0.0,0.0,100.0,1.0,0.0,100.0,1.0,5,0,0.0,0.0,,100.0,1.0,0.75,0.576923,2,0.468768,4,677.531455,75.77956,8.576283,0.468768
040506,AREQUIPA,CAYLLOMA,COPORAQUE,23.08,0.2308,0.0,100.0,1.0,0.0,100.0,1.0,5,0,0.0,0.0,,100.0,1.0,0.75,0.616869,4,0.468747,4,699.684959,77.734119,6.734476,0.468747
130809,LA LIBERTAD,PATAZ,PATAZ,0.0,0.0,0.0,100.0,1.0,0.0,100.0,1.0,5,0,0.0,1.0,0.0,100.0,1.0,0.75,0.576923,2,0.468629,4,878.265232,72.393478,6.687777,0.468629
040119,AREQUIPA,AREQUIPA,SAN JUAN DE TARUCANI,64.67,0.6467,0.0,100.0,1.0,0.0,100.0,1.0,5,0,0.0,1.0,0.0,100.0,1.0,0.75,0.688852,4,0.468528,4,617.471591,81.837469,6.037752,0.468528
120433,JUNIN,JAUJA,YAULI,25.93,0.2593,100.0,0.0,0.0,100.0,0.0,0.0,2,3,0.6,0.0,,100.0,1.0,0.4,0.331628,2,0.467765,4,692.036309,68.554271,7.474379,0.467765
010203,AMAZONAS,BAGUA,COPALLIN,2.5,0.025,0.0,100.0,1.0,0.0,100.0,1.0,3,2,0.4,1.0,0.0,100.0,1.0,0.85,0.65875,4,0.467245,4,859.41873,74.219152,5.534054,0.467245
080708,CUSCO,CHUMBIVILCAS,VELILLE,7.12,0.0712,100.0,0.0,0.0,100.0,0.0,0.0,3,2,0.4,1.0,100.0,0.0,0.0,0.1,0.078566,1,0.467026,4,760.931663,65.523771,7.074467,0.467026
020602,ANCASH,CARHUAZ,ACOPAMPA,0.0,0.0,0.0,100.0,1.0,0.0,100.0,1.0,3,2,0.4,0.0,,100.0,1.0,0.85,0.653846,4,0.466981,4,608.649905,79.267336,6.514446,0.466981
211210,PUNO,SANDIA,SAN PEDRO DE PUTINA PUNCO,58.67,0.5867,0.0,100.0,1.0,0.0,100.0,1.0,5,0,0.0,0.0,,100.0,1.0,0.75,0.678467,4,0.466905,4,578.191303,79.349655,7.152805,0.466905
050901,AYACUCHO,SUCRE,QUEROBAMBA,0.0,0.0,0.0,100.0,1.0,100.0,0.0,0.0,4,1,0.2,0.0,,100.0,1.0,0.55,0.423077,2,0.466643,4,698.206905,72.787908,7.654943,0.466643
120208,JUNIN,CONCEPCION,MANZANARES,0.0,0.0,0.0,100.0,1.0,0.0,100.0,1.0,4,1,0.2,0.0,,100.0,1.0,0.8,0.615385,4,0.466591,4,538.459761,75.079986,8.904987,0.466591
200504,PIURA,PAITA,COLAN,0.0,0.0,0.0,100.0,1.0,0.0,100.0,1.0,5,0,0.0,0.0,,100.0,1.0,0.75,0.576923,2,0.466561,4,653.30144,82.144677,6.549253,0.466561
061108,CAJAMARCA,SAN MIGUEL,NANCHOC,2.08,0.0208,0.0,100.0,1.0,0.0,100.0,1.0,3,2,0.4,0.0,,100.0,1.0,0.85,0.657926,4,0.466464,4,777.775021,75.485836,6.566856,0.466464
120903,JUNIN,CHUPACA,CHONGOS BAJO,39.47,0.3947,0.0,100.0,1.0,0.0,100.0,1.0,1,4,0.8,0.0,,100.0,1.0,0.95,0.8173,5,0.465817,4,627.366552,71.989947,8.017015,0.465817
021702,ANCASH,RECUAY,CATAC,41.98,0.4198,0.0,100.0,1.0,0.0,100.0,1.0,5,0,0.0,0.0,,100.0,1.0,0.75,0.649581,4,0.46548,4,613.215157,71.108003,8.000202,0.46548
200401,PIURA,MORROPON,CHULUCANAS,1.11,0.0111,0.0,100.0,1.0,0.0,100.0,1.0,5,0,0.0,1.0,0.0,100.0,1.0,0.75,0.578844,3,0.465375,4,701.908826,74.196667,6.596218,0.465375
210706,PUNO,LAMPA,PALCA,35.29,0.3529,100.0,0.0,0.0,100.0,0.0,0.0,1,4,0.8,0.0,,100.0,1.0,0.45,0.382801,2,0.465326,4,566.861795,79.128573,7.353746,0.465326
021701,ANCASH,RECUAY,RECUAY,1.27,0.0127,0.0,100.0,1.0,0.0,100.0,1.0,5,0,0.0,0.0,,100.0,1.0,0.75,0.579121,3,0.464622,4,657.063195,69.282327,7.720871,0.464622
021410,ANCASH,OCROS,SANTIAGO DE CHILCAS,0.0,0.0,0.0,100.0,1.0,0.0,100.0,1.0,4,1,0.2,0.0,,100.0,1.0,0.8,0.615385,4,0.464425,4,669.443886,80.408698,6.430094,0.464425
040403,AREQUIPA,CASTILLA,AYO,0.0,0.0,0.0,100.0,1.0,0.0,100.0,1.0,1,4,0.8,0.0,,100.0,1.0,0.95,0.730769,5,0.464133,4,789.160541,72.565485,7.899842,0.464133
210707,PUNO,LAMPA,PARATIA,53.33,0.5333,100.0,0.0,0.0,100.0,0.0,0.0,2,3,0.6,0.0,,100.0,1.0,0.4,0.35692,2,0.463608,4,564.917345,79.978947,7.139758,0.463608
220709,SAN MARTIN,PICOTA,TINGO DE PONASA,7.61,0.0761,0.0,100.0,1.0,0.0,100.0,1.0,5,0,0.0,0.0,,100.0,1.0,0.75,0.590094,3,0.463327,4,828.868917,77.915953,5.723771,0.463327
040508,AREQUIPA,CAYLLOMA,HUANCA,32.26,0.3226,0.0,100.0,1.0,0.0,100.0,1.0,0,5,1.0,1.0,0.0,100.0,1.0,1.0,0.843677,5,0.463322,4,668.769157,77.531365,6.210723,0.463322
120410,JUNIN,JAUJA,HUERTAS,0.0,0.0,100.0,0.0,0.0,100.0,0.0,0.0,1,4,0.8,0.0,,100.0,1.0,0.45,0.346154,2,0.463146,4,617.812691,70.338386,8.633217,0.463146
211207,PUNO,SANDIA,SAN JUAN DEL ORO,12.0,0.12,0.0,100.0,1.0,0.0,100.0,1.0,5,0,0.0,1.0,0.0,100.0,1.0,0.75,0.597692,3,0.462952,4,570.165525,73.614406,7.774248,0.462952
081201,CUSCO,QUISPICANCHI,URCOS,0.0,0.0,100.0,0.0,0.0,0.0,100.0,1.0,5,0,0.0,0.0,,100.0,1.0,0.5,0.384615,2,0.462918,4,719.102371,65.566579,7.251715,0.462918
150612,LIMA,HUARAL,VEINTISIETE DE NOVIEMBRE,45.16,0.4516,100.0,0.0,0.0,100.0,0.0,0.0,5,0,0.0,0.0,,100.0,1.0,0.25,0.218362,1,0.462771,4,753.631902,79.246675,6.051011,0.462771
120128,JUNIN,HUANCAYO,QUILCAS,55.74,0.5574,0.0,100.0,1.0,0.0,100.0,1.0,5,0,0.0,0.0,,100.0,1.0,0.75,0.673396,4,0.462722,4,653.758343,71.382472,7.246178,0.462722
060301,CAJAMARCA,CELENDIN,CELENDIN,5.41,0.0541,0.0,100.0,1.0,0.0,100.0,1.0,5,0,0.0,0.0,,100.0,1.0,0.75,0.586287,3,0.462643,4,697.178026,68.553065,7.360221,0.462643
050603,AYACUCHO,LUCANAS,CABANA,54.55,0.5455,100.0,0.0,0.0,100.0,0.0,0.0,5,0,0.0,1.0,100.0,0.0,0.0,0.0,0.0,1,0.462482,4,574.125807,71.886796,8.193482,0.462482
120403,JUNIN,JAUJA,APATA,71.03,0.7103,80.0,20.0,0.2,100.0,0.0,0.0,5,0,0.0,1.0,100.0,0.0,0.0,0.05,0.046657,1,0.461935,4,674.40732,69.780541,6.895745,0.461935
030213,APURIMAC,ANDAHUAYLAS,SAN JERONIMO,18.42,0.1842,100.0,0.0,0.0,100.0,0.0,0.0,5,0,0.0,0.0,,100.0,1.0,0.25,0.202935,1,0.461901,4,577.059207,78.591683,6.822215,0.461901
020905,ANCASH,CORONGO,LA PAMPA,0.0,0.0,0.0,100.0,1.0,0.0,100.0,1.0,3,2,0.4,0.0,,100.0,1.0,0.85,0.653846,4,0.461737,4,751.687361,72.544878,6.925729,0.461737
200402,PIURA,MORROPON,BUENOS AIRES,0.0,0.0,0.0,100.0,1.0,0.0,100.0,1.0,3,2,0.4,0.0,,100.0,1.0,0.85,0.653846,4,0.461171,4,701.659112,75.102498,6.354219,0.461171
050610,AYACUCHO,LUCANAS,LLAUTA,37.04,0.3704,100.0,0.0,0.0,100.0,0.0,0.0,5,0,0.0,0.0,,100.0,1.0,0.25,0.213677,1,0.460853,4,732.976327,66.836266,7.098432,0.460853
140309,LAMBAYEQUE,LAMBAYEQUE,PACORA,0.0,0.0,100.0,0.0,0.0,100.0,0.0,0.0,5,0,0.0,1.0,100.0,0.0,0.0,0.0,0.0,1,0.460806,4,651.78344,75.075254,7.368277,0.460806
021710,ANCASH,RECUAY,TICAPAMPA,20.0,0.2,0.0,100.0,1.0,0.0,100.0,1.0,5,0,0.0,0.0,,100.0,1.0,0.75,0.611538,4,0.460804,4,625.340485,70.022616,7.842516,0.460804
020506,ANCASH,BOLOGNESI,CANIS,0.0,0.0,0.0,100.0,1.0,0.0,100.0,1.0,5,0,0.0,0.0,,100.0,1.0,0.75,0.576923,2,0.460564,4,580.354123,71.366148,8.120461,0.460564
210309,PUNO,CARABAYA,SAN GABAN,55.68,0.5568,0.0,100.0,1.0,0.0,100.0,1.0,2,3,0.6,0.0,,100.0,1.0,0.9,0.807951,5,0.460549,4,704.796776,64.713029,7.395117,0.460549
020804,ANCASH,CASMA,YAUTAN,1.3,0.013,0.0,100.0,1.0,0.0,100.0,1.0,2,3,0.6,1.0,0.0,100.0,1.0,0.9,0.695008,5,0.460431,4,695.726022,79.999245,6.100264,0.460431
040517,AREQUIPA,CAYLLOMA,TISCO,75.61,0.7561,0.0,100.0,1.0,0.0,100.0,1.0,0,5,1.0,0.0,,100.0,1.0,1.0,0.943715,5,0.460394,4,672.199185,85.0,5.753502,0.460394
200114,PIURA,PIURA,TAMBO GRANDE,0.0,0.0,0.0,100.0,1.0,0.0,100.0,1.0,5,0,0.0,0.0,,100.0,1.0,0.75,0.576923,2,0.459858,4,729.672083,80.722021,5.653891,0.459858
020201,ANCASH,AIJA,AIJA,8.33,0.0833,0.0,100.0,1.0,0.0,100.0,1.0,5,0,0.0,0.0,,100.0,1.0,0.75,0.59134,3,0.458816,4,699.804467,63.316646,8.836072,0.458816
020610,ANCASH,CARHUAZ,TINCO,0.0,0.0,0.0,100.0,1.0,0.0,100.0,1.0,5,0,0.0,0.0,,100.0,1.0,0.75,0.576923,2,0.458798,4,554.08085,78.553578,6.79823,0.458798
150708,LIMA,HUAROCHIRI,HUANZA,82.35,0.8235,100.0,0.0,0.0,100.0,0.0,0.0,5,0,0.0,0.0,,100.0,1.0,0.25,0.239817,1,0.458454,4,541.036741,75.280441,8.684871,0.458454
040312,AREQUIPA,CARAVELI,QUICACHA,62.86,0.6286,0.0,100.0,1.0,0.0,100.0,1.0,3,2,0.4,0.0,,100.0,1.0,0.85,0.777148,5,0.458186,4,677.654611,84.055316,7.023671,0.458186
150712,LIMA,HUAROCHIRI,LARAOS,60.71,0.6071,100.0,0.0,0.0,100.0,0.0,0.0,5,0,0.0,0.0,,100.0,1.0,0.25,0.227333,1,0.457538,4,531.418429,78.338724,10.055729,0.457538
080401,CUSCO,CALCA,CALCA,32.12,0.3212,100.0,0.0,0.0,100.0,0.0,0.0,5,0,0.0,0.0,,100.0,1.0,0.25,0.210838,1,0.456296,4,649.104522,70.991441,7.768452,0.456296
081203,CUSCO,QUISPICANCHI,CAMANTI,57.41,0.5741,0.0,100.0,1.0,100.0,0.0,0.0,4,1,0.2,1.0,100.0,0.0,0.0,0.3,0.270515,2,0.456269,4,858.410439,57.228144,7.857171,0.456269
050705,AYACUCHO,PARINACOCHAS,PULLO,49.61,0.4961,100.0,0.0,0.0,100.0,0.0,0.0,5,0,0.0,0.0,,100.0,1.0,0.25,0.220929,1,0.455997,4,830.473735,60.404133,7.11779,0.455997
040605,AREQUIPA,CONDESUYOS,IRAY,0.0,0.0,0.0,100.0,1.0,0.0,100.0,1.0,2,3,0.6,0.0,,100.0,1.0,0.9,0.692308,4,0.455971,4,654.293943,75.499091,7.741737,0.455971
140114,LAMBAYEQUE,CHICLAYO,SANTA ROSA,0.0,0.0,0.0,100.0,1.0,0.0,100.0,1.0,3,2,0.4,0.0,,100.0,1.0,0.85,0.653846,4,0.455945,4,558.493912,79.056299,7.078348,0.455945
250304,UCAYALI,PADRE ABAD,NESHUYA,13.79,0.1379,0.0,100.0,1.0,0.0,100.0,1.0,5,0,0.0,0.0,,100.0,1.0,0.75,0.60079,4,0.455819,4,697.907476,82.510539,5.977568,0.455819
160801,LORETO,PUTUMAYO,PUTUMAYO,93.1,0.931,0.0,100.0,1.0,0.0,100.0,1.0,3,2,0.4,1.0,0.0,100.0,1.0,0.85,0.836465,5,0.455787,4,826.392667,75.819172,6.732779,0.455787
120406,JUNIN,JAUJA,CURICACA,0.0,0.0,100.0,0.0,0.0,0.0,100.0,1.0,5,0,0.0,0.0,,100.0,1.0,0.5,0.384615,2,0.454564,4,737.237129,68.734448,7.076811,0.454564
150719,LIMA,HUAROCHIRI,SAN JUAN DE IRIS,50.0,0.5,0.0,100.0,1.0,100.0,0.0,0.0,5,0,0.0,0.0,,100.0,1.0,0.5,0.442308,2,0.454192,4,499.539107,72.030825,8.927997,0.454192
140111,LAMBAYEQUE,CHICLAYO,PICSI,0.0,0.0,100.0,0.0,0.0,100.0,0.0,0.0,5,0,0.0,0.0,,100.0,1.0,0.25,0.192308,1,0.453863,4,507.282971,80.945201,8.047509,0.453863
120423,JUNIN,JAUJA,PACCHA,0.0,0.0,100.0,0.0,0.0,100.0,0.0,0.0,3,2,0.4,0.0,,100.0,1.0,0.35,0.269231,1,0.453776,4,667.773054,70.051218,6.899167,0.453776
160601,LORETO,UCAYALI,CONTAMANA,60.76,0.6076,0.0,100.0,1.0,0.0,100.0,1.0,2,3,0.6,0.0,,100.0,1.0,0.9,0.818502,5,0.453418,4,719.659983,68.375745,8.045093,0.453418
020505,ANCASH,BOLOGNESI,CAJACAY,5.97,0.0597,0.0,100.0,1.0,0.0,100.0,1.0,5,0,0.0,1.0,0.0,100.0,1.0,0.75,0.587256,3,0.453116,4,691.804531,69.606971,7.129251,0.453116
140305,LAMBAYEQUE,LAMBAYEQUE,MOCHUMI,0.0,0.0,100.0,0.0,0.0,100.0,0.0,0.0,5,0,0.0,0.0,,100.0,1.0,0.25,0.192308,1,0.453061,4,623.885696,76.602037,6.835929,0.453061
020508,ANCASH,BOLOGNESI,HUALLANCA,79.44,0.7944,0.0,100.0,1.0,0.0,100.0,1.0,5,0,0.0,1.0,0.0,100.0,1.0,0.75,0.714415,5,0.452876,4,795.01672,69.403855,7.286328,0.452876
060703,CAJAMARCA,HUALGAYOC,HUALGAYOC,1.72,0.0172,0.0,100.0,1.0,0.0,100.0,1.0,5,0,0.0,0.0,,100.0,1.0,0.75,0.5799,3,0.452649,4,710.030534,79.171322,5.161528,0.452649
010702,AMAZONAS,UTCUBAMBA,CAJARURO,2.84,0.0284,0.0,100.0,1.0,0.0,100.0,1.0,5,0,0.0,1.0,0.0,100.0,1.0,0.75,0.581838,3,0.45171,4,870.082331,71.532891,4.909133,0.45171
120502,JUNIN,JUNIN,CARHUAMAYO,38.81,0.3881,0.0,100.0,1.0,0.0,100.0,1.0,5,0,0.0,0.0,,100.0,1.0,0.75,0.644094,4,0.451502,4,617.113302,71.4197,7.581271,0.451502
010301,AMAZONAS,BONGARA,JUMBILLA,9.68,0.0968,0.0,100.0,1.0,0.0,100.0,1.0,3,2,0.4,0.0,,100.0,1.0,0.85,0.672834,4,0.451394,4,759.009687,70.168582,7.620913,0.451394
040503,AREQUIPA,CAYLLOMA,CABANACONDE,41.46,0.4146,0.0,100.0,1.0,0.0,100.0,1.0,2,3,0.6,1.0,0.0,100.0,1.0,0.9,0.778417,5,0.451223,4,562.2933,76.026146,7.284938,0.451223
130110,LA LIBERTAD,TRUJILLO,SIMBAL,5.41,0.0541,0.0,100.0,1.0,0.0,100.0,1.0,5,0,0.0,0.0,,100.0,1.0,0.75,0.586287,3,0.451137,4,681.437172,77.590107,5.940437,0.451137
180203,MOQUEGUA,GENERAL SANCHEZ CERRO,COALAQUE,5.88,0.0588,100.0,0.0,0.0,100.0,0.0,0.0,3,2,0.4,0.0,,100.0,1.0,0.35,0.27398,2,0.450657,4,533.720006,79.529108,7.231121,0.450657
221002,SAN MARTIN,TOCACHE,NUEVO PROGRESO,22.22,0.2222,0.0,100.0,1.0,0.0,100.0,1.0,5,0,0.0,1.0,0.0,100.0,1.0,0.75,0.615381,4,0.450571,4,774.589832,69.546571,6.102777,0.450571
120303,JUNIN,CHANCHAMAYO,PICHANAQUI,21.57,0.2157,64.71,35.29,0.3529,100.0,0.0,0.0,5,0,0.0,0.0,,100.0,1.0,0.338225,0.277009,2,0.45047,4,612.169644,78.211096,6.956855,0.45047
220405,SAN MARTIN,HUALLAGA,SACANCHE,0.0,0.0,0.0,100.0,1.0,0.0,100.0,1.0,3,2,0.4,1.0,0.0,100.0,1.0,0.85,0.653846,4,0.450292,4,749.04117,78.092663,6.301912,0.450292
160501,LORETO,REQUENA,REQUENA,64.58,0.6458,0.0,100.0,1.0,0.0,100.0,1.0,2,3,0.6,0.0,,100.0,1.0,0.9,0.826435,5,0.45008,4,643.296912,73.551778,8.533312,0.45008
040514,AREQUIPA,CAYLLOMA,SAN ANTONIO DE CHUCA,35.9,0.359,0.0,100.0,1.0,0.0,100.0,1.0,3,2,0.4,1.0,0.0,100.0,1.0,0.85,0.724265,5,0.449822,4,620.658468,81.633363,5.774686,0.449822
120112,JUNIN,HUANCAYO,COLCA,0.0,0.0,100.0,0.0,0.0,100.0,0.0,0.0,2,3,0.6,0.0,,100.0,1.0,0.4,0.307692,2,0.449673,4,754.688252,71.86157,6.295893,0.449673
020112,ANCASH,HUARAZ,TARICA,0.0,0.0,0.0,100.0,1.0,0.0,100.0,1.0,5,0,0.0,1.0,0.0,100.0,1.0,0.75,0.576923,2,0.449484,4,641.782521,76.58175,6.12603,0.449484
090201,HUANCAVELICA,ACOBAMBA,ACOBAMBA,0.0,0.0,100.0,0.0,0.0,100.0,0.0,0.0,4,1,0.2,0.0,,100.0,1.0,0.3,0.230769,1,0.44941,4,590.169156,75.139994,7.097958,0.44941
140204,LAMBAYEQUE,FERREÑAFE,MANUEL ANTONIO MESONES MURO,0.0,0.0,100.0,0.0,0.0,100.0,0.0,0.0,3,2,0.4,0.0,,100.0,1.0,0.35,0.269231,1,0.449392,4,683.138535,70.5401,6.659012,0.449392
050401,AYACUCHO,HUANTA,HUANTA,14.1,0.141,100.0,0.0,0.0,100.0,0.0,0.0,5,0,0.0,0.0,,100.0,1.0,0.25,0.200442,1,0.449341,4,554.528815,74.144342,7.465487,0.449341
100604,HUANUCO,LEONCIO PRADO,JOSE CRESPO Y CASTILLO,21.31,0.2131,0.0,100.0,1.0,0.0,100.0,1.0,5,0,0.0,0.0,,100.0,1.0,0.75,0.613806,4,0.448898,4,716.252056,72.322332,6.808039,0.448898
050905,AYACUCHO,SUCRE,HUACAÑA,87.5,0.875,100.0,0.0,0.0,100.0,0.0,0.0,4,1,0.2,0.0,,100.0,1.0,0.3,0.291346,2,0.448875,4,655.875628,73.881523,5.981925,0.448875
220807,SAN MARTIN,RIOJA,SAN FERNANDO,0.0,0.0,0.0,100.0,1.0,0.0,100.0,1.0,3,2,0.4,0.0,,100.0,1.0,0.85,0.653846,4,0.44855,4,799.515964,74.498107,5.620092,0.44855
021301,ANCASH,MARISCAL LUZURIAGA,PISCOBAMBA,0.0,0.0,0.0,100.0,1.0,0.0,100.0,1.0,5,0,0.0,0.0,,100.0,1.0,0.75,0.576923,2,0.448252,4,644.174013,69.452926,7.976641,0.448252
130108,LA LIBERTAD,TRUJILLO,POROTO,13.51,0.1351,0.0,100.0,1.0,0.0,100.0,1.0,3,2,0.4,1.0,0.0,100.0,1.0,0.85,0.680347,4,0.447986,4,655.291838,78.236887,6.220726,0.447986
081202,CUSCO,QUISPICANCHI,ANDAHUAYLILLAS,11.54,0.1154,100.0,0.0,0.0,0.0,100.0,1.0,3,2,0.4,0.0,,100.0,1.0,0.6,0.477517,2,0.447968,4,698.330907,63.308821,7.580798,0.447968
090413,HUANCAVELICA,CASTROVIRREYNA,TICRAPO,7.37,0.0737,100.0,0.0,0.0,100.0,0.0,0.0,3,2,0.4,1.0,100.0,0.0,0.0,0.1,0.078624,1,0.447935,4,705.437717,68.901664,7.89534,0.447935
101004,HUANUCO,LAURICOCHA,QUEROPALCA,60.29,0.6029,0.0,100.0,1.0,0.0,100.0,1.0,2,3,0.6,0.0,,100.0,1.0,0.9,0.817525,5,0.447781,4,599.532307,71.484679,8.565457,0.447781
010115,AMAZONAS,CHACHAPOYAS,MONTEVIDEO,10.0,0.1,0.0,100.0,1.0,0.0,100.0,1.0,4,1,0.2,0.0,,100.0,1.0,0.8,0.633846,4,0.447631,4,737.662341,71.259491,7.351333,0.447631
081208,CUSCO,QUISPICANCHI,LUCRE,5.36,0.0536,100.0,0.0,0.0,100.0,0.0,0.0,5,0,0.0,1.0,100.0,0.0,0.0,0.0,0.0,1,0.447547,4,772.358632,60.131655,7.651721,0.447547
150406,LIMA,CANTA,SAN BUENAVENTURA,6.82,0.0682,0.0,100.0,1.0,100.0,0.0,0.0,0,5,1.0,0.0,,100.0,1.0,0.75,0.588727,3,0.446731,4,490.372793,76.02901,8.478891,0.446731
080301,CUSCO,ANTA,ANTA,0.0,0.0,100.0,0.0,0.0,100.0,0.0,0.0,5,0,0.0,0.0,,100.0,1.0,0.25,0.192308,1,0.446163,4,534.399353,73.215027,7.637017,0.446163
010113,AMAZONAS,CHACHAPOYAS,MARISCAL CASTILLA,0.0,0.0,0.0,100.0,1.0,0.0,100.0,1.0,2,3,0.6,1.0,0.0,100.0,1.0,0.9,0.692308,4,0.446101,4,752.318104,69.295109,6.624356,0.446101
200111,PIURA,PIURA,LAS LOMAS,0.0,0.0,0.0,100.0,1.0,0.0,100.0,1.0,5,0,0.0,1.0,0.0,100.0,1.0,0.75,0.576923,2,0.446036,4,689.778945,78.781386,5.992154,0.446036
210701,PUNO,LAMPA,LAMPA,9.52,0.0952,0.0,100.0,1.0,0.0,100.0,1.0,5,0,0.0,0.0,,100.0,1.0,0.75,0.5934,3,0.445175,4,577.317346,70.988691,7.6347,0.445175
120122,JUNIN,HUANCAYO,INGENIO,31.25,0.3125,0.0,100.0,1.0,0.0,100.0,1.0,5,0,0.0,0.0,,100.0,1.0,0.75,0.63101,4,0.445106,4,655.907381,72.90993,6.160521,0.445106
221003,SAN MARTIN,TOCACHE,POLVORA,8.24,0.0824,0.0,100.0,1.0,0.0,100.0,1.0,5,0,0.0,1.0,0.0,100.0,1.0,0.75,0.591185,3,0.444273,4,784.525279,68.427603,5.92038,0.444273
120422,JUNIN,JAUJA,PACA,0.0,0.0,0.0,100.0,1.0,100.0,0.0,0.0,5,0,0.0,0.0,,100.0,1.0,0.5,0.384615,2,0.444032,4,589.141461,72.700634,6.445356,0.444032
081306,CUSCO,URUBAMBA,OLLANTAYTAMBO,27.56,0.2756,100.0,0.0,0.0,0.0,100.0,1.0,5,0,0.0,0.0,,100.0,1.0,0.5,0.416415,2,0.443691,4,607.596361,73.23232,6.347812,0.443691
220808,SAN MARTIN,RIOJA,YORONGOS,0.0,0.0,0.0,100.0,1.0,0.0,100.0,1.0,3,2,0.4,0.0,,100.0,1.0,0.85,0.653846,4,0.443437,4,786.259794,72.501262,5.37114,0.443437
151015,LIMA,YAUYOS,HUANGASCAR,5.66,0.0566,100.0,0.0,0.0,100.0,0.0,0.0,2,3,0.6,1.0,100.0,0.0,0.0,0.15,0.117344,1,0.443344,4,552.888007,73.328766,8.226568,0.443344
100704,HUANUCO,MARAÑON,LA MORADA,12.5,0.125,0.0,100.0,1.0,0.0,100.0,1.0,3,2,0.4,0.0,,100.0,1.0,0.85,0.678365,4,0.44317,4,790.538084,69.691774,5.74232,0.44317
050621,AYACUCHO,LUCANAS,SANTA LUCIA,57.41,0.5741,0.0,100.0,1.0,100.0,0.0,0.0,3,2,0.4,0.0,,100.0,1.0,0.6,0.541029,2,0.442814,4,722.374483,64.380291,7.28404,0.442814
040113,AREQUIPA,AREQUIPA,POCSI,0.0,0.0,0.0,100.0,1.0,0.0,100.0,1.0,3,2,0.4,1.0,0.0,100.0,1.0,0.85,0.653846,4,0.442697,4,520.597509,76.598064,7.250893,0.442697
151026,LIMA,YAUYOS,SAN JOAQUIN,24.14,0.2414,100.0,0.0,0.0,0.0,100.0,1.0,0,5,1.0,0.0,,100.0,1.0,0.75,0.618704,4,0.441891,4,361.039437,84.218113,9.120827,0.441891
020601,ANCASH,CARHUAZ,CARHUAZ,2.5,0.025,0.0,100.0,1.0,0.0,100.0,1.0,5,0,0.0,0.0,,100.0,1.0,0.75,0.58125,3,0.441798,4,601.90273,76.313927,5.973554,0.441798
200803,PIURA,SECHURA,BERNAL,0.0,0.0,0.0,100.0,1.0,0.0,100.0,1.0,5,0,0.0,0.0,,100.0,1.0,0.75,0.576923,2,0.441738,4,625.163051,72.777522,7.113445,0.441738
250305,UCAYALI,PADRE ABAD,ALEXANDER VON HUMBOLDT,0.0,0.0,0.0,100.0,1.0,0.0,100.0,1.0,1,4,0.8,0.0,,100.0,1.0,0.95,0.730769,5,0.441129,4,662.652379,83.85372,5.690064,0.441129
100201,HUANUCO,AMBO,AMBO,2.25,0.0225,0.0,100.0,1.0,0.0,100.0,1.0,5,0,0.0,0.0,,100.0,1.0,0.75,0.580817,3,0.440957,4,637.400457,71.993869,6.367924,0.440957
061106,CAJAMARCA,SAN MIGUEL,LA FLORIDA,0.0,0.0,0.0,100.0,1.0,0.0,100.0,1.0,5,0,0.0,1.0,0.0,100.0,1.0,0.75,0.576923,2,0.4407,4,690.852757,74.898735,6.196809,0.4407
120213,JUNIN,CONCEPCION,ORCOTUNA,0.0,0.0,0.0,100.0,1.0,0.0,100.0,1.0,5,0,0.0,1.0,100.0,0.0,0.0,0.5,0.384615,2,0.440693,4,507.286572,77.241995,7.529687,0.440693
220401,SAN MARTIN,HUALLAGA,SAPOSOA,35.82,0.3582,0.0,100.0,1.0,0.0,100.0,1.0,5,0,0.0,0.0,,100.0,1.0,0.75,0.638919,4,0.440564,4,674.076543,75.182162,6.602211,0.440564
240202,TUMBES,CONTRALMIRANTE VILLAR,CASITAS,36.67,0.3667,0.0,100.0,1.0,0.0,100.0,1.0,3,2,0.4,1.0,0.0,100.0,1.0,0.85,0.725776,5,0.439931,4,639.577695,72.679791,7.002022,0.439931
060901,CAJAMARCA,SAN IGNACIO,SAN IGNACIO,2.0,0.02,0.0,100.0,1.0,0.0,100.0,1.0,5,0,0.0,0.0,,100.0,1.0,0.75,0.580385,3,0.439181,4,610.208576,75.541743,6.489423,0.439181
211103,PUNO,SAN ROMAN,CABANILLAS,35.0,0.35,50.0,50.0,0.5,50.0,50.0,0.5,5,0,0.0,1.0,100.0,0.0,0.0,0.25,0.2125,1,0.438777,4,506.640767,74.080269,7.48725,0.438777
150709,LIMA,HUAROCHIRI,HUAROCHIRI,31.48,0.3148,100.0,0.0,0.0,100.0,0.0,0.0,0,5,1.0,1.0,100.0,0.0,0.0,0.25,0.210469,1,0.438765,4,467.915876,77.762951,8.810076,0.438765
060201,CAJAMARCA,CAJABAMBA,CAJABAMBA,0.0,0.0,0.0,100.0,1.0,0.0,100.0,1.0,5,0,0.0,0.0,,100.0,1.0,0.75,0.576923,2,0.438436,4,648.08112,76.706224,6.195115,0.438436
210201,PUNO,AZANGARO,AZANGARO,14.81,0.1481,0.0,100.0,1.0,0.0,100.0,1.0,5,0,0.0,0.0,,100.0,1.0,0.75,0.602556,4,0.438409,4,563.541897,66.284084,8.282734,0.438409
090108,HUANCAVELICA,HUANCAVELICA,IZCUCHACA,0.0,0.0,100.0,0.0,0.0,100.0,0.0,0.0,5,0,0.0,1.0,100.0,0.0,0.0,0.0,0.0,1,0.43821,4,559.422982,61.45071,8.519664,0.43821
050613,AYACUCHO,LUCANAS,OTOCA,18.1,0.181,100.0,0.0,0.0,100.0,0.0,0.0,2,3,0.6,1.0,100.0,0.0,0.0,0.15,0.12165,1,0.438142,4,752.873152,68.476192,6.262638,0.438142
190203,PASCO,DANIEL ALCIDES CARRION,GOYLLARISQUIZGA,0.0,0.0,0.0,100.0,1.0,0.0,100.0,1.0,5,0,0.0,1.0,0.0,100.0,1.0,0.75,0.576923,2,0.438059,4,415.423374,74.322639,9.58309,0.438059
050301,AYACUCHO,HUANCA SANCOS,SANCOS,82.29,0.8229,0.0,100.0,1.0,0.0,100.0,1.0,2,3,0.6,0.0,,100.0,1.0,0.9,0.863218,5,0.437809,4,728.107432,72.020355,7.238131,0.437809
220806,SAN MARTIN,RIOJA,POSIC,0.0,0.0,0.0,100.0,1.0,0.0,100.0,1.0,5,0,0.0,0.0,,100.0,1.0,0.75,0.576923,2,0.437396,4,846.78055,76.331702,5.060708,0.437396
220902,SAN MARTIN,SAN MARTIN,ALBERTO LEVEAU,0.0,0.0,0.0,100.0,1.0,0.0,100.0,1.0,1,4,0.8,0.0,,100.0,1.0,0.95,0.730769,5,0.436812,4,674.38397,71.249494,6.625164,0.436812
150405,LIMA,CANTA,LACHAQUI,1.56,0.0156,100.0,0.0,0.0,100.0,0.0,0.0,3,2,0.4,0.0,,100.0,1.0,0.35,0.270491,2,0.436413,4,516.945452,74.225095,7.531915,0.436413
090706,HUANCAVELICA,TAYACAJA,DANIEL HERNANDEZ,0.0,0.0,100.0,0.0,0.0,100.0,0.0,0.0,2,3,0.6,0.0,,100.0,1.0,0.4,0.307692,2,0.436269,4,640.03032,73.718113,5.685319,0.436269
250102,UCAYALI,CORONEL PORTILLO,CAMPOVERDE,13.68,0.1368,0.0,100.0,1.0,0.0,100.0,1.0,5,0,0.0,0.0,,100.0,1.0,0.75,0.6006,4,0.436211,4,655.524299,75.910541,6.899543,0.436211
021104,ANCASH,HUARMEY,HUAYAN,0.0,0.0,0.0,100.0,1.0,0.0,100.0,1.0,0,5,1.0,0.0,,100.0,1.0,1.0,0.769231,5,0.436093,4,616.013886,78.118173,7.186555,0.436093
210109,PUNO,PUNO,MAÑAZO,37.86,0.3786,100.0,0.0,0.0,100.0,0.0,0.0,5,0,0.0,1.0,100.0,0.0,0.0,0.0,0.0,1,0.436076,4,544.940792,71.867165,6.733277,0.436076
051004,AYACUCHO,VICTOR FAJARDO,ASQUIPATA,0.0,0.0,0.0,100.0,1.0,100.0,0.0,0.0,5,0,0.0,0.0,,100.0,1.0,0.5,0.384615,2,0.435937,4,632.408111,75.169821,4.763482,0.435937
061110,CAJAMARCA,SAN MIGUEL,SAN GREGORIO,2.0,0.02,0.0,100.0,1.0,0.0,100.0,1.0,2,3,0.6,1.0,0.0,100.0,1.0,0.9,0.696462,5,0.435679,4,682.95466,74.616559,5.379434,0.435679
050701,AYACUCHO,PARINACOCHAS,CORACORA,63.61,0.6361,100.0,0.0,0.0,100.0,0.0,0.0,5,0,0.0,0.0,,100.0,1.0,0.25,0.229006,1,0.435593,4,668.610526,58.825028,8.219243,0.435593
220302,SAN MARTIN,EL DORADO,AGUA BLANCA,0.0,0.0,0.0,100.0,1.0,0.0,100.0,1.0,3,2,0.4,0.0,,100.0,1.0,0.85,0.653846,4,0.435585,4,886.908171,75.296526,5.090118,0.435585
020504,ANCASH,BOLOGNESI,AQUIA,27.27,0.2727,0.0,100.0,1.0,0.0,100.0,1.0,1,4,0.8,0.0,,100.0,1.0,0.95,0.790553,5,0.434959,4,750.182953,71.47514,6.175503,0.434959
020502,ANCASH,BOLOGNESI,ABELARDO PARDO LEZAMETA,0.0,0.0,0.0,100.0,1.0,0.0,100.0,1.0,2,3,0.6,0.0,,100.0,1.0,0.9,0.692308,4,0.434687,4,532.057114,69.81422,10.17358,0.434687
080608,CUSCO,CANCHIS,TINTA,0.0,0.0,0.0,100.0,1.0,0.0,100.0,1.0,5,0,0.0,0.0,,100.0,1.0,0.75,0.576923,2,0.433717,4,473.534889,75.15065,7.143524,0.433717
020106,ANCASH,HUARAZ,JANGAS,0.0,0.0,0.0,100.0,1.0,0.0,100.0,1.0,5,0,0.0,0.0,,100.0,1.0,0.75,0.576923,2,0.432388,4,563.857243,78.798678,6.088318,0.432388
211209,PUNO,SANDIA,ALTO INAMBARI,54.76,0.5476,0.0,100.0,1.0,0.0,100.0,1.0,2,3,0.6,0.0,,100.0,1.0,0.9,0.80604,5,0.432376,4,558.266899,75.249838,6.020914,0.432376
120136,JUNIN,HUANCAYO,VIQUES,0.0,0.0,0.0,100.0,1.0,0.0,100.0,1.0,5,0,0.0,0.0,,100.0,1.0,0.75,0.576923,2,0.432237,4,513.469196,73.894101,7.14727,0.432237
131006,LA LIBERTAD,SANTIAGO DE CHUCO,QUIRUVILCA,10.2,0.102,0.0,100.0,1.0,0.0,100.0,1.0,4,1,0.2,1.0,0.0,100.0,1.0,0.8,0.634215,4,0.432088,4,662.077707,76.718936,6.269066,0.432088
090412,HUANCAVELICA,CASTROVIRREYNA,TANTARA,11.11,0.1111,100.0,0.0,0.0,100.0,0.0,0.0,3,2,0.4,1.0,100.0,0.0,0.0,0.1,0.079487,1,0.431949,4,581.78295,70.597235,7.899489,0.431949
120304,JUNIN,CHANCHAMAYO,SAN LUIS DE SHUARO,12.5,0.125,75.0,25.0,0.25,50.0,50.0,0.5,5,0,0.0,1.0,100.0,0.0,0.0,0.1875,0.149639,1,0.430932,4,619.36294,74.268983,6.616124,0.430932
190201,PASCO,DANIEL ALCIDES CARRION,YANAHUANCA,34.69,0.3469,0.0,100.0,1.0,0.0,100.0,1.0,5,0,0.0,0.0,,100.0,1.0,0.75,0.636963,4,0.430736,4,475.44535,70.607247,8.48003,0.430736
080309,CUSCO,ANTA,ZURITE,0.0,0.0,100.0,0.0,0.0,0.0,100.0,1.0,5,0,0.0,0.0,,100.0,1.0,0.5,0.384615,2,0.429915,4,462.327897,74.259169,7.366336,0.429915
080902,CUSCO,LA CONVENCION,ECHARATE,28.25,0.2825,100.0,0.0,0.0,100.0,0.0,0.0,5,0,0.0,1.0,100.0,0.0,0.0,0.0,0.0,1,0.429733,4,579.625724,76.159048,6.097265,0.429733
020401,ANCASH,ASUNCION,CHACAS,15.52,0.1552,0.0,100.0,1.0,0.0,100.0,1.0,2,3,0.6,0.0,,100.0,1.0,0.9,0.724542,5,0.429593,4,633.584412,70.825525,6.419234,0.429593
120302,JUNIN,CHANCHAMAYO,PERENE,17.09,0.1709,73.33,26.67,0.2667,44.44,55.56,0.5556,5,0,0.0,0.0,,100.0,1.0,0.455575,0.368409,2,0.429586,4,572.465804,74.5292,6.69766,0.429586
120111,JUNIN,HUANCAYO,CHUPURO,8.33,0.0833,100.0,0.0,0.0,66.67,33.33,0.3333,5,0,0.0,0.0,,100.0,1.0,0.333325,0.262811,1,0.429226,4,503.342934,71.468195,7.390909,0.429226
120604,JUNIN,SATIPO,MAZAMARI,27.27,0.2727,23.53,76.47,0.7647,0.0,100.0,1.0,5,0,0.0,1.0,0.0,100.0,1.0,0.691175,0.575169,2,0.428501,4,514.084283,75.410849,7.293281,0.428501
081207,CUSCO,QUISPICANCHI,HUARO,51.35,0.5135,0.0,100.0,1.0,100.0,0.0,0.0,5,0,0.0,1.0,100.0,0.0,0.0,0.25,0.221933,1,0.428371,4,635.22507,66.431878,7.113361,0.428371
021705,ANCASH,RECUAY,LLACLLIN,0.0,0.0,0.0,100.0,1.0,0.0,100.0,1.0,3,2,0.4,0.0,,100.0,1.0,0.85,0.653846,4,0.428228,4,521.674732,68.749926,7.265243,0.428228
080308,CUSCO,ANTA,PUCYURA,0.0,0.0,0.0,100.0,1.0,0.0,100.0,1.0,5,0,0.0,0.0,,100.0,1.0,0.75,0.576923,2,0.428173,4,519.900486,78.292923,7.011218,0.428173
050604,AYACUCHO,LUCANAS,CARMEN SALCEDO,50.0,0.5,100.0,0.0,0.0,100.0,0.0,0.0,3,2,0.4,1.0,100.0,0.0,0.0,0.1,0.088462,1,0.427601,4,531.034008,73.572165,6.756412,0.427601
100605,HUANUCO,LEONCIO PRADO,LUYANDO,0.0,0.0,0.0,100.0,1.0,0.0,100.0,1.0,3,2,0.4,0.0,,100.0,1.0,0.85,0.653846,4,0.426977,4,602.59629,73.179005,6.353019,0.426977
020513,ANCASH,BOLOGNESI,PACLLON,42.5,0.425,0.0,100.0,1.0,0.0,100.0,1.0,3,2,0.4,0.0,,100.0,1.0,0.85,0.737212,5,0.426941,4,743.834785,72.933887,8.071798,0.426941
040404,AREQUIPA,CASTILLA,CHACHAS,83.74,0.8374,0.0,100.0,1.0,0.0,100.0,1.0,5,0,0.0,0.0,,100.0,1.0,0.75,0.721858,5,0.426815,4,642.398812,79.044236,5.629137,0.426815
030712,APURIMAC,GRAU,VILCABAMBA,0.0,0.0,100.0,0.0,0.0,100.0,0.0,0.0,5,0,0.0,1.0,100.0,0.0,0.0,0.0,0.0,1,0.426524,4,503.057324,61.618066,9.423161,0.426524
020607,ANCASH,CARHUAZ,PARIAHUANCA,0.0,0.0,0.0,100.0,1.0,0.0,100.0,1.0,2,3,0.6,0.0,,100.0,1.0,0.9,0.692308,4,0.426111,4,480.956112,81.041705,5.858702,0.426111
150729,LIMA,HUAROCHIRI,SANTIAGO DE ANCHUCAYA,53.33,0.5333,100.0,0.0,0.0,100.0,0.0,0.0,2,3,0.6,0.0,,100.0,1.0,0.4,0.35692,2,0.426062,4,522.65916,73.844609,7.544762,0.426062
021805,ANCASH,SANTA,MORO,9.46,0.0946,0.0,100.0,1.0,0.0,100.0,1.0,5,0,0.0,0.0,,100.0,1.0,0.75,0.593296,3,0.425985,4,616.649643,77.277446,6.031778,0.425985
090501,HUANCAVELICA,CHURCAMPA,CHURCAMPA,0.0,0.0,0.0,100.0,1.0,0.0,100.0,1.0,3,2,0.4,0.0,,100.0,1.0,0.85,0.653846,4,0.425866,3,594.515208,69.142111,6.278265,0.425866
040510,AREQUIPA,CAYLLOMA,LARI,80.28,0.8028,0.0,100.0,1.0,0.0,100.0,1.0,3,2,0.4,0.0,,100.0,1.0,0.85,0.811318,5,0.425704,3,683.262296,81.034134,5.671805,0.425704
040511,AREQUIPA,CAYLLOMA,LLUTA,50.0,0.5,0.0,100.0,1.0,0.0,100.0,1.0,3,2,0.4,1.0,0.0,100.0,1.0,0.85,0.751923,5,0.425399,3,646.037053,74.266452,6.27488,0.425399
040808,AREQUIPA,LA UNION,SAYLA,0.0,0.0,0.0,100.0,1.0,0.0,100.0,1.0,3,2,0.4,0.0,,100.0,1.0,0.85,0.653846,4,0.425323,3,720.487262,80.417031,7.429194,0.425323
120405,JUNIN,JAUJA,CANCHAYLLO,50.0,0.5,100.0,0.0,0.0,0.0,100.0,1.0,1,4,0.8,0.0,,100.0,1.0,0.7,0.619231,4,0.425123,3,570.062,67.961392,7.80674,0.425123
021601,ANCASH,POMABAMBA,POMABAMBA,25.13,0.2513,0.0,100.0,1.0,0.0,100.0,1.0,5,0,0.0,0.0,,100.0,1.0,0.75,0.620417,4,0.425015,3,565.735057,75.93355,6.544147,0.425015
100904,HUANUCO,PUERTO INCA,TOURNAVISTA,43.18,0.4318,0.0,100.0,1.0,0.0,100.0,1.0,3,2,0.4,0.0,,100.0,1.0,0.85,0.738545,5,0.4245,3,815.363103,72.018932,6.085778,0.4245
040410,AREQUIPA,CASTILLA,PAMPACOLCA,11.46,0.1146,0.0,100.0,1.0,0.0,100.0,1.0,2,3,0.6,0.0,,100.0,1.0,0.9,0.716109,5,0.424237,3,599.258659,73.376659,6.987618,0.424237
220914,SAN MARTIN,SAN MARTIN,SHAPAJA,0.0,0.0,0.0,100.0,1.0,0.0,100.0,1.0,3,2,0.4,1.0,0.0,100.0,1.0,0.85,0.653846,4,0.424207,3,561.735129,73.211318,6.652262,0.424207
100501,HUANUCO,HUAMALIES,LLATA,11.61,0.1161,0.0,100.0,1.0,0.0,100.0,1.0,5,0,0.0,0.0,,100.0,1.0,0.75,0.597017,3,0.424192,3,584.417375,71.142037,6.543172,0.424192
210402,PUNO,CHUCUITO,DESAGUADERO,7.89,0.0789,0.0,100.0,1.0,0.0,100.0,1.0,5,0,0.0,0.0,,100.0,1.0,0.75,0.590579,3,0.424116,3,431.119867,74.287324,8.070404,0.424116
010603,AMAZONAS,RODRIGUEZ DE MENDOZA,COCHAMAL,16.67,0.1667,0.0,100.0,1.0,0.0,100.0,1.0,3,2,0.4,0.0,,100.0,1.0,0.85,0.686545,4,0.424115,3,548.480747,76.155513,6.282086,0.424115
150404,LIMA,CANTA,HUAROS,46.99,0.4699,100.0,0.0,0.0,100.0,0.0,0.0,5,0,0.0,0.0,,100.0,1.0,0.25,0.219417,1,0.424069,3,472.198805,75.996577,7.91694,0.424069
120429,JUNIN,JAUJA,SAN PEDRO DE CHUNAN,0.0,0.0,0.0,100.0,1.0,100.0,0.0,0.0,5,0,0.0,0.0,,100.0,1.0,0.5,0.384615,2,0.423442,3,570.80252,67.936224,7.858708,0.423442
010102,AMAZONAS,CHACHAPOYAS,ASUNCION,0.0,0.0,0.0,100.0,1.0,0.0,100.0,1.0,2,3,0.6,0.0,,100.0,1.0,0.9,0.692308,4,0.423032,3,561.102634,71.364553,6.013571,0.423032
022001,ANCASH,YUNGAY,YUNGAY,0.0,0.0,0.0,100.0,1.0,0.0,100.0,1.0,5,0,0.0,0.0,,100.0,1.0,0.75,0.576923,2,0.422518,3,572.392338,72.007314,6.311615,0.422518
140205,LAMBAYEQUE,FERREÑAFE,PITIPO,2.63,0.0263,100.0,0.0,0.0,100.0,0.0,0.0,3,2,0.4,1.0,100.0,0.0,0.0,0.1,0.07753,1,0.422348,3,654.758036,69.213338,6.076242,0.422348
080802,CUSCO,ESPINAR,CONDOROMA,72.73,0.7273,100.0,0.0,0.0,100.0,0.0,0.0,5,0,0.0,0.0,,100.0,1.0,0.25,0.234267,1,0.422208,3,607.12806,68.536442,6.22841,0.422208
080912,CUSCO,LA CONVENCION,VILLA VIRGEN,36.36,0.3636,100.0,0.0,0.0,100.0,0.0,0.0,2,3,0.6,0.0,,100.0,1.0,0.4,0.341255,2,0.421802,3,608.680218,76.612613,6.027444,0.421802
220105,SAN MARTIN,MOYOBAMBA,SORITOR,24.24,0.2424,0.0,100.0,1.0,0.0,100.0,1.0,5,0,0.0,0.0,,100.0,1.0,0.75,0.618877,4,0.420927,3,689.45386,73.35517,5.548165,0.420927
021703,ANCASH,RECUAY,COTAPARACO,56.36,0.5636,0.0,100.0,1.0,0.0,100.0,1.0,3,2,0.4,1.0,0.0,100.0,1.0,0.85,0.764398,5,0.420817,3,605.59014,68.503789,8.285705,0.420817
101002,HUANUCO,LAURICOCHA,BAÑOS,40.48,0.4048,0.0,100.0,1.0,0.0,100.0,1.0,5,0,0.0,1.0,0.0,100.0,1.0,0.75,0.646985,4,0.420447,3,542.088551,68.261758,7.282866,0.420447
050605,AYACUCHO,LUCANAS,CHAVIÑA,38.33,0.3833,100.0,0.0,0.0,100.0,0.0,0.0,3,2,0.4,0.0,,100.0,1.0,0.35,0.30019,2,0.42024,3,578.825038,71.475532,6.723796,0.42024
150723,LIMA,HUAROCHIRI,SAN MATEO DE OTAO,0.0,0.0,100.0,0.0,0.0,100.0,0.0,0.0,2,3,0.6,0.0,,100.0,1.0,0.4,0.307692,2,0.420072,3,505.574184,69.565389,7.622256,0.420072
120702,JUNIN,TARMA,ACOBAMBA,0.0,0.0,33.33,66.67,0.6667,50.0,50.0,0.5,5,0,0.0,0.0,,100.0,1.0,0.541675,0.416673,2,0.419982,3,489.586568,73.154191,7.228365,0.419982
060411,CAJAMARCA,CHOTA,LLAMA,0.0,0.0,0.0,100.0,1.0,0.0,100.0,1.0,3,2,0.4,1.0,0.0,100.0,1.0,0.85,0.653846,4,0.419871,3,608.815466,71.07711,5.455994,0.419871
160301,LORETO,LORETO,NAUTA,29.35,0.2935,0.0,100.0,1.0,0.0,100.0,1.0,5,0,0.0,0.0,,100.0,1.0,0.75,0.627721,4,0.419285,3,598.433758,71.770121,6.843367,0.419285
030601,APURIMAC,CHINCHEROS,CHINCHEROS,0.0,0.0,100.0,0.0,0.0,100.0,0.0,0.0,5,0,0.0,0.0,,100.0,1.0,0.25,0.192308,1,0.419216,3,564.301369,68.179452,7.127031,0.419216
150707,LIMA,HUAROCHIRI,HUACHUPAMPA,0.0,0.0,100.0,0.0,0.0,100.0,0.0,0.0,4,1,0.2,0.0,,100.0,1.0,0.3,0.230769,1,0.419167,3,431.252741,70.556491,10.201106,0.419167
050902,AYACUCHO,SUCRE,BELEN,0.0,0.0,100.0,0.0,0.0,100.0,0.0,0.0,1,4,0.8,0.0,,100.0,1.0,0.45,0.346154,2,0.419073,3,516.99265,66.926385,7.733716,0.419073
120419,JUNIN,JAUJA,MONOBAMBA,50.0,0.5,100.0,0.0,0.0,100.0,0.0,0.0,3,2,0.4,0.0,,100.0,1.0,0.35,0.309615,2,0.418738,3,580.76133,71.338869,6.203774,0.418738
020301,ANCASH,ANTONIO RAYMONDI,LLAMELLIN,0.0,0.0,0.0,100.0,1.0,0.0,100.0,1.0,5,0,0.0,0.0,,100.0,1.0,0.75,0.576923,2,0.418727,3,503.879106,70.134331,7.528405,0.418727
150903,LIMA,OYON,CAUJUL,16.67,0.1667,100.0,0.0,0.0,100.0,0.0,0.0,5,0,0.0,0.0,,100.0,1.0,0.25,0.201925,1,0.418712,3,478.532246,80.945926,8.311096,0.418712
160701,LORETO,DATEM DEL MARAÑON,BARRANCA,60.34,0.6034,0.0,100.0,1.0,0.0,100.0,1.0,2,3,0.6,0.0,,100.0,1.0,0.9,0.817629,5,0.418707,3,690.528779,72.839091,7.067375,0.418707
021308,ANCASH,MARISCAL LUZURIAGA,MUSGA,0.0,0.0,0.0,100.0,1.0,0.0,100.0,1.0,2,3,0.6,0.0,,100.0,1.0,0.9,0.692308,4,0.418557,3,545.842806,69.599438,7.554553,0.418557
010606,AMAZONAS,RODRIGUEZ DE MENDOZA,LONGAR,3.33,0.0333,0.0,100.0,1.0,0.0,100.0,1.0,0,5,1.0,1.0,0.0,100.0,1.0,1.0,0.776915,5,0.418452,3,691.153199,71.870291,5.968945,0.418452
100609,HUANUCO,LEONCIO PRADO,PUEBLO NUEVO,0.0,0.0,0.0,100.0,1.0,0.0,100.0,1.0,5,0,0.0,0.0,,100.0,1.0,0.75,0.576923,2,0.418417,3,694.645738,72.188056,5.109504,0.418417
080904,CUSCO,LA CONVENCION,MARANURA,1.54,0.0154,100.0,0.0,0.0,100.0,0.0,0.0,5,0,0.0,1.0,100.0,0.0,0.0,0.0,0.0,1,0.418354,3,445.441546,78.60421,7.014702,0.418354
080908,CUSCO,LA CONVENCION,SANTA TERESA,27.45,0.2745,100.0,0.0,0.0,100.0,0.0,0.0,5,0,0.0,1.0,100.0,0.0,0.0,0.0,0.0,1,0.418338,3,507.298977,76.398841,6.559126,0.418338
200804,PIURA,SECHURA,CRISTO NOS VALGA,0.0,0.0,0.0,100.0,1.0,0.0,100.0,1.0,3,2,0.4,1.0,0.0,100.0,1.0,0.85,0.653846,4,0.418056,3,581.538451,71.122849,6.512474,0.418056
220906,SAN MARTIN,SAN MARTIN,EL PORVENIR,25.93,0.2593,0.0,100.0,1.0,0.0,100.0,1.0,5,0,0.0,1.0,0.0,100.0,1.0,0.75,0.621802,4,0.418002,3,820.362576,71.869158,6.099244,0.418002
211206,PUNO,SANDIA,QUIACA,38.1,0.381,0.0,100.0,1.0,0.0,100.0,1.0,2,3,0.6,1.0,0.0,100.0,1.0,0.9,0.771438,5,0.417656,3,490.386557,70.209613,6.558749,0.417656
080405,CUSCO,CALCA,PISAC,0.0,0.0,100.0,0.0,0.0,100.0,0.0,0.0,5,0,0.0,0.0,,100.0,1.0,0.25,0.192308,1,0.416864,3,505.036945,76.749402,6.067768,0.416864
120417,JUNIN,JAUJA,MASMA CHICCHE,20.0,0.2,0.0,100.0,1.0,0.0,100.0,1.0,1,4,0.8,0.0,,100.0,1.0,0.95,0.774615,5,0.416738,3,545.689924,75.448582,4.98537,0.416738
211301,PUNO,YUNGUYO,YUNGUYO,0.0,0.0,0.0,100.0,1.0,0.0,100.0,1.0,5,0,0.0,1.0,0.0,100.0,1.0,0.75,0.576923,2,0.416545,3,475.685053,74.771276,6.399479,0.416545
140302,LAMBAYEQUE,LAMBAYEQUE,CHOCHOPE,0.0,0.0,100.0,0.0,0.0,100.0,0.0,0.0,3,2,0.4,0.0,,100.0,1.0,0.35,0.269231,1,0.416419,3,588.196724,75.425469,5.604992,0.416419
090401,HUANCAVELICA,CASTROVIRREYNA,CASTROVIRREYNA,21.72,0.2172,0.0,100.0,1.0,0.0,100.0,1.0,5,0,0.0,0.0,,100.0,1.0,0.75,0.614515,4,0.416396,3,631.610706,64.527708,7.110606,0.416396
020606,ANCASH,CARHUAZ,MARCARA,0.0,0.0,0.0,100.0,1.0,0.0,100.0,1.0,5,0,0.0,0.0,,100.0,1.0,0.75,0.576923,2,0.416163,3,525.359988,82.135692,4.83283,0.416163
061001,CAJAMARCA,SAN MARCOS,PEDRO GALVEZ,0.0,0.0,0.0,100.0,1.0,0.0,100.0,1.0,5,0,0.0,0.0,,100.0,1.0,0.75,0.576923,2,0.41604,3,617.99089,68.763713,6.107473,0.41604
030303,APURIMAC,ANTABAMBA,HUAQUIRCA,59.38,0.5938,100.0,0.0,0.0,100.0,0.0,0.0,2,3,0.6,0.0,,100.0,1.0,0.4,0.362505,2,0.415805,3,762.481769,59.719098,7.126354,0.415805
050503,AYACUCHO,LA MAR,AYNA,2.27,0.0227,100.0,0.0,0.0,100.0,0.0,0.0,5,0,0.0,0.0,,100.0,1.0,0.25,0.193617,1,0.41563,3,537.03674,73.794651,6.388915,0.41563
151021,LIMA,YAUYOS,MIRAFLORES,68.75,0.6875,100.0,0.0,0.0,100.0,0.0,0.0,5,0,0.0,0.0,,100.0,1.0,0.25,0.231971,1,0.415099,3,953.749016,72.235628,8.627133,0.415099
180202,MOQUEGUA,GENERAL SANCHEZ CERRO,CHOJATA,59.38,0.5938,100.0,0.0,0.0,100.0,0.0,0.0,5,0,0.0,1.0,100.0,0.0,0.0,0.0,0.0,1,0.414899,3,407.6279,83.569473,6.304404,0.414899
040512,AREQUIPA,CAYLLOMA,MACA,26.09,0.2609,0.0,100.0,1.0,0.0,100.0,1.0,3,2,0.4,0.0,,100.0,1.0,0.85,0.705023,5,0.414889,3,447.908595,80.884713,6.932131,0.414889
200109,PIURA,PIURA,LA ARENA,0.0,0.0,0.0,100.0,1.0,0.0,100.0,1.0,1,4,0.8,0.0,,100.0,1.0,0.95,0.730769,5,0.414819,3,602.682638,77.829037,5.286736,0.414819
010108,AMAZONAS,CHACHAPOYAS,HUANCAS,0.0,0.0,0.0,100.0,1.0,0.0,100.0,1.0,0,5,1.0,0.0,,100.0,1.0,1.0,0.769231,5,0.414756,3,525.798289,73.062598,6.147659,0.414756
050806,AYACUCHO,PAUCAR DEL SARA SARA,OYOLO,20.0,0.2,100.0,0.0,0.0,100.0,0.0,0.0,5,0,0.0,1.0,100.0,0.0,0.0,0.0,0.0,1,0.414593,3,611.335726,65.797953,8.342676,0.414593
131101,LA LIBERTAD,GRAN CHIMU,CASCAS,41.03,0.4103,0.0,100.0,1.0,0.0,100.0,1.0,2,3,0.6,0.0,,100.0,1.0,0.9,0.777524,5,0.414495,3,643.677931,73.497943,5.896172,0.414495
150724,LIMA,HUAROCHIRI,SAN PEDRO DE CASTA,0.0,0.0,100.0,0.0,0.0,100.0,0.0,0.0,5,0,0.0,0.0,,100.0,1.0,0.25,0.192308,1,0.414441,3,488.589558,70.856608,7.398151,0.414441
120802,JUNIN,YAULI,CHACAPALPA,34.39,0.3439,0.0,100.0,1.0,0.0,100.0,1.0,1,4,0.8,0.0,,100.0,1.0,0.95,0.806163,5,0.414222,3,574.210085,75.105986,6.409264,0.414222
100901,HUANUCO,PUERTO INCA,PUERTO INCA,71.21,0.7121,0.0,100.0,1.0,0.0,100.0,1.0,3,2,0.4,0.0,,100.0,1.0,0.85,0.793527,5,0.414221,3,715.447358,70.468567,6.414637,0.414221
210401,PUNO,CHUCUITO,JULI,35.86,0.3586,0.0,100.0,1.0,0.0,100.0,1.0,5,0,0.0,0.0,,100.0,1.0,0.75,0.638988,4,0.413855,3,440.156452,72.423658,7.422479,0.413855
021404,ANCASH,OCROS,CARHUAPAMPA,4.76,0.0476,0.0,100.0,1.0,0.0,100.0,1.0,2,3,0.6,0.0,,100.0,1.0,0.9,0.702194,5,0.413811,3,450.24073,79.897749,6.978778,0.413811
021105,ANCASH,HUARMEY,MALVAS,34.15,0.3415,0.0,100.0,1.0,0.0,100.0,1.0,4,1,0.2,0.0,,100.0,1.0,0.8,0.678431,4,0.413808,3,480.502232,76.498507,7.593034,0.413808
120415,JUNIN,JAUJA,MARCO,0.0,0.0,0.0,100.0,1.0,0.0,100.0,1.0,5,0,0.0,0.0,,100.0,1.0,0.75,0.576923,2,0.413335,3,497.333013,72.16198,7.382511,0.413335
190207,PASCO,DANIEL ALCIDES CARRION,TAPUC,0.0,0.0,0.0,100.0,1.0,0.0,100.0,1.0,3,2,0.4,0.0,,100.0,1.0,0.85,0.653846,4,0.412797,3,423.220214,76.52633,7.008568,0.412797
050507,AYACUCHO,LA MAR,SANTA ROSA,10.64,0.1064,100.0,0.0,0.0,100.0,0.0,0.0,5,0,0.0,0.0,,100.0,1.0,0.25,0.198446,1,0.411985,3,584.133567,76.640185,5.705294,0.411985
050408,AYACUCHO,HUANTA,LLOCHEGUA,5.0,0.05,100.0,0.0,0.0,100.0,0.0,0.0,5,0,0.0,0.0,,100.0,1.0,0.25,0.195192,1,0.411874,3,569.577022,73.584489,6.164632,0.411874
230203,TACNA,CANDARAVE,CAMILACA,41.86,0.4186,100.0,0.0,0.0,100.0,0.0,0.0,1,4,0.8,0.0,,100.0,1.0,0.45,0.389624,2,0.410923,3,562.82114,69.721563,6.34335,0.410923
080607,CUSCO,CANCHIS,SAN PEDRO,0.0,0.0,0.0,100.0,1.0,0.0,100.0,1.0,5,0,0.0,0.0,,100.0,1.0,0.75,0.576923,2,0.410746,3,455.908756,72.154772,6.840794,0.410746
061303,CAJAMARCA,SANTA CRUZ,CATACHE,3.45,0.0345,0.0,100.0,1.0,0.0,100.0,1.0,5,0,0.0,0.0,,100.0,1.0,0.75,0.582894,3,0.410741,3,667.717657,70.561336,6.140305,0.410741
100204,HUANUCO,AMBO,CONCHAMARCA,1.33,0.0133,0.0,100.0,1.0,0.0,100.0,1.0,3,2,0.4,0.0,,100.0,1.0,0.85,0.656455,4,0.409976,3,644.352838,75.217546,4.99344,0.409976
130810,LA LIBERTAD,PATAZ,PIAS,0.0,0.0,0.0,100.0,1.0,0.0,100.0,1.0,1,4,0.8,0.0,,100.0,1.0,0.95,0.730769,5,0.409953,3,664.74971,76.957087,5.126637,0.409953
060306,CAJAMARCA,CELENDIN,JOSE GALVEZ,0.0,0.0,0.0,100.0,1.0,0.0,100.0,1.0,5,0,0.0,0.0,,100.0,1.0,0.75,0.576923,2,0.409923,3,557.841044,71.629227,6.11356,0.409923
190208,PASCO,DANIEL ALCIDES CARRION,VILCABAMBA,27.42,0.2742,0.0,100.0,1.0,0.0,100.0,1.0,5,0,0.0,0.0,,100.0,1.0,0.75,0.624381,4,0.409866,3,374.519494,74.181803,7.868248,0.409866
060507,CAJAMARCA,CONTUMAZA,TANTARICA,0.0,0.0,0.0,100.0,1.0,0.0,100.0,1.0,3,2,0.4,1.0,0.0,100.0,1.0,0.85,0.653846,4,0.409561,3,612.941552,69.956197,6.044935,0.409561
120704,JUNIN,TARMA,HUASAHUASI,19.49,0.1949,90.91,9.09,0.0909,80.0,20.0,0.2,4,1,0.2,1.0,100.0,0.0,0.0,0.122725,0.099924,1,0.409431,3,637.159952,74.639789,5.324449,0.409431
030701,APURIMAC,GRAU,CHUQUIBAMBILLA,45.83,0.4583,100.0,0.0,0.0,100.0,0.0,0.0,5,0,0.0,0.0,,100.0,1.0,0.25,0.218748,1,0.408242,3,535.707688,62.162474,7.740376,0.408242
150731,LIMA,HUAROCHIRI,SANTO DOMINGO DE LOS OLLEROS,24.24,0.2424,100.0,0.0,0.0,100.0,0.0,0.0,5,0,0.0,0.0,,100.0,1.0,0.25,0.206292,1,0.40817,3,536.485101,68.280734,7.465059,0.40817
150402,LIMA,CANTA,ARAHUAY,0.0,0.0,100.0,0.0,0.0,100.0,0.0,0.0,5,0,0.0,0.0,,100.0,1.0,0.25,0.192308,1,0.408034,3,477.584212,73.236449,6.367409,0.408034
100317,HUANUCO,DOS DE MAYO,RIPAN,12.0,0.12,0.0,100.0,1.0,0.0,100.0,1.0,5,0,0.0,0.0,,100.0,1.0,0.75,0.597692,3,0.407901,3,547.282817,67.957256,6.589655,0.407901
050809,AYACUCHO,PAUCAR DEL SARA SARA,SAN JOSE DE USHUA,0.0,0.0,100.0,0.0,0.0,100.0,0.0,0.0,5,0,0.0,0.0,,100.0,1.0,0.25,0.192308,1,0.407865,3,603.603617,67.884675,7.841391,0.407865
090111,HUANCAVELICA,HUANCAVELICA,MARISCAL CACERES,0.0,0.0,100.0,0.0,0.0,100.0,0.0,0.0,2,3,0.6,0.0,,100.0,1.0,0.4,0.307692,2,0.407853,3,496.426827,64.782418,6.724972,0.407853
200805,PIURA,SECHURA,VICE,9.09,0.0909,0.0,100.0,1.0,0.0,100.0,1.0,5,0,0.0,0.0,,100.0,1.0,0.75,0.592656,3,0.407832,3,544.340202,72.187821,6.128999,0.407832
140311,LAMBAYEQUE,LAMBAYEQUE,SAN JOSE,0.0,0.0,100.0,0.0,0.0,100.0,0.0,0.0,5,0,0.0,1.0,100.0,0.0,0.0,0.0,0.0,1,0.407636,3,430.549172,75.772549,7.358061,0.407636
010705,AMAZONAS,UTCUBAMBA,JAMALCA,0.0,0.0,0.0,100.0,1.0,0.0,100.0,1.0,5,0,0.0,1.0,0.0,100.0,1.0,0.75,0.576923,2,0.4076,3,678.793778,70.991088,4.844034,0.4076
100316,HUANUCO,DOS DE MAYO,QUIVILLA,0.0,0.0,0.0,100.0,1.0,0.0,100.0,1.0,3,2,0.4,0.0,,100.0,1.0,0.85,0.653846,4,0.407256,3,616.441286,66.919773,6.767816,0.407256
021403,ANCASH,OCROS,CAJAMARQUILLA,33.33,0.3333,0.0,100.0,1.0,0.0,100.0,1.0,3,2,0.4,0.0,,100.0,1.0,0.85,0.719224,5,0.407203,3,407.716821,81.222228,6.692297,0.407203
022006,ANCASH,YUNGAY,RANRAHIRCA,0.0,0.0,0.0,100.0,1.0,0.0,100.0,1.0,5,0,0.0,0.0,,100.0,1.0,0.75,0.576923,2,0.407116,3,584.602424,71.586644,5.597184,0.407116
220205,SAN MARTIN,BELLAVISTA,SAN PABLO,1.22,0.0122,0.0,100.0,1.0,0.0,100.0,1.0,3,2,0.4,1.0,0.0,100.0,1.0,0.85,0.656239,4,0.407101,3,706.970519,72.188462,5.459073,0.407101
021501,ANCASH,PALLASCA,CABANA,7.07,0.0707,0.0,100.0,1.0,0.0,100.0,1.0,5,0,0.0,0.0,,100.0,1.0,0.75,0.58916,3,0.406713,3,627.524899,64.865154,7.308511,0.406713
010706,AMAZONAS,UTCUBAMBA,LONYA GRANDE,1.28,0.0128,0.0,100.0,1.0,0.0,100.0,1.0,5,0,0.0,1.0,0.0,100.0,1.0,0.75,0.579138,3,0.40652,3,673.475341,70.849145,5.68501,0.40652
010604,AMAZONAS,RODRIGUEZ DE MENDOZA,HUAMBO,0.0,0.0,0.0,100.0,1.0,0.0,100.0,1.0,5,0,0.0,1.0,0.0,100.0,1.0,0.75,0.576923,2,0.406388,3,745.488917,71.70568,5.511219,0.406388
210710,PUNO,LAMPA,VILAVILA,85.42,0.8542,100.0,0.0,0.0,100.0,0.0,0.0,5,0,0.0,0.0,,100.0,1.0,0.25,0.241588,1,0.406348,3,328.823782,81.092631,7.894604,0.406348
220404,SAN MARTIN,HUALLAGA,PISCOYACU,27.27,0.2727,0.0,100.0,1.0,0.0,100.0,1.0,3,2,0.4,0.0,,100.0,1.0,0.85,0.707337,5,0.406081,3,600.60535,77.265014,5.34563,0.406081
220507,SAN MARTIN,LAMAS,RUMISAPA,0.0,0.0,0.0,100.0,1.0,0.0,100.0,1.0,5,0,0.0,0.0,,100.0,1.0,0.75,0.576923,2,0.405931,3,644.285929,71.507259,5.297227,0.405931
061102,CAJAMARCA,SAN MIGUEL,BOLIVAR,0.0,0.0,0.0,100.0,1.0,0.0,100.0,1.0,0,5,1.0,0.0,,100.0,1.0,1.0,0.769231,5,0.405919,3,508.13651,76.332986,5.987756,0.405919
090304,HUANCAVELICA,ANGARAES,CCOCHACCASA,0.0,0.0,100.0,0.0,0.0,100.0,0.0,0.0,3,2,0.4,1.0,100.0,0.0,0.0,0.1,0.076923,1,0.405663,3,554.954018,69.450979,6.090903,0.405663
151010,LIMA,YAUYOS,COCHAS,0.0,0.0,100.0,0.0,0.0,0.0,100.0,1.0,0,5,1.0,0.0,,100.0,1.0,0.75,0.576923,2,0.405525,3,326.0149,80.369497,8.97535,0.405525
211203,PUNO,SANDIA,LIMBANI,67.71,0.6771,0.0,100.0,1.0,0.0,100.0,1.0,5,0,0.0,1.0,0.0,100.0,1.0,0.75,0.694113,5,0.405464,3,456.607991,71.114252,6.795263,0.405464
210301,PUNO,CARABAYA,MACUSANI,49.61,0.4961,0.0,100.0,1.0,0.0,100.0,1.0,5,0,0.0,0.0,,100.0,1.0,0.75,0.662787,4,0.405193,3,597.337921,65.497496,6.434003,0.405193
151023,LIMA,YAUYOS,PUTINZA,0.0,0.0,100.0,0.0,0.0,100.0,0.0,0.0,3,2,0.4,0.0,,100.0,1.0,0.35,0.269231,1,0.405038,3,398.892946,73.383878,9.009768,0.405038
220913,SAN MARTIN,SAN MARTIN,SAUCE,0.0,0.0,0.0,100.0,1.0,0.0,100.0,1.0,5,0,0.0,1.0,0.0,100.0,1.0,0.75,0.576923,2,0.404839,3,607.363145,72.825776,6.42552,0.404839
040408,AREQUIPA,CASTILLA,MACHAGUAY,12.5,0.125,0.0,100.0,1.0,0.0,100.0,1.0,3,2,0.4,1.0,0.0,100.0,1.0,0.85,0.678365,4,0.404804,3,563.420454,77.749809,6.881992,0.404804
040507,AREQUIPA,CAYLLOMA,HUAMBO,35.38,0.3538,0.0,100.0,1.0,0.0,100.0,1.0,3,2,0.4,1.0,0.0,100.0,1.0,0.85,0.723245,5,0.404081,3,496.212886,75.916058,6.957973,0.404081
010522,AMAZONAS,LUYA,TINGO,0.0,0.0,0.0,100.0,1.0,0.0,100.0,1.0,3,2,0.4,1.0,0.0,100.0,1.0,0.85,0.653846,4,0.404024,3,739.176493,67.073306,5.754905,0.404024
080307,CUSCO,ANTA,MOLLEPATA,15.45,0.1545,100.0,0.0,0.0,100.0,0.0,0.0,5,0,0.0,1.0,100.0,0.0,0.0,0.0,0.0,1,0.403964,3,568.090166,73.019621,6.233386,0.403964
170202,MADRE DE DIOS,MANU,FITZCARRALD,84.62,0.8462,0.0,100.0,1.0,0.0,100.0,1.0,2,3,0.6,0.0,,100.0,1.0,0.9,0.868057,5,0.403663,3,638.769319,75.549639,6.040391,0.403663
050612,AYACUCHO,LUCANAS,OCAÑA,49.65,0.4965,100.0,0.0,0.0,100.0,0.0,0.0,3,2,0.4,1.0,100.0,0.0,0.0,0.1,0.088381,1,0.403624,3,533.6017,66.990187,7.319471,0.403624
020515,ANCASH,BOLOGNESI,TICLLOS,14.29,0.1429,0.0,100.0,1.0,0.0,100.0,1.0,3,2,0.4,0.0,,100.0,1.0,0.85,0.681877,4,0.403408,3,522.124157,71.707425,6.671226,0.403408
210601,PUNO,HUANCANE,HUANCANE,2.8,0.028,0.0,100.0,1.0,0.0,100.0,1.0,5,0,0.0,0.0,,100.0,1.0,0.75,0.581769,3,0.403221,3,460.521031,69.573444,7.051546,0.403221
220106,SAN MARTIN,MOYOBAMBA,YANTALO,0.0,0.0,0.0,100.0,1.0,0.0,100.0,1.0,3,2,0.4,0.0,,100.0,1.0,0.85,0.653846,4,0.4026,3,602.575833,74.208352,5.340222,0.4026
211306,PUNO,YUNGUYO,TINICACHI,0.0,0.0,0.0,100.0,1.0,100.0,0.0,0.0,2,3,0.6,0.0,,100.0,1.0,0.65,0.5,2,0.402339,3,487.848471,77.74373,5.744211,0.402339
210501,PUNO,EL COLLAO,ILAVE,11.84,0.1184,0.0,100.0,1.0,0.0,100.0,1.0,5,0,0.0,0.0,,100.0,1.0,0.75,0.597415,3,0.40202,3,372.633903,77.800627,7.279852,0.40202
120126,JUNIN,HUANCAYO,PUCARA,0.0,0.0,0.0,100.0,1.0,0.0,100.0,1.0,5,0,0.0,0.0,,100.0,1.0,0.75,0.576923,2,0.40201,3,496.892613,70.87128,6.743488,0.40201
200406,PIURA,MORROPON,SALITRAL,0.0,0.0,0.0,100.0,1.0,0.0,100.0,1.0,5,0,0.0,0.0,,100.0,1.0,0.75,0.576923,2,0.401719,3,548.572457,74.321504,5.400875,0.401719
100313,HUANUCO,DOS DE MAYO,PACHAS,42.65,0.4265,0.0,100.0,1.0,0.0,100.0,1.0,2,3,0.6,0.0,,100.0,1.0,0.9,0.780888,5,0.401358,3,661.40848,66.833081,5.334454,0.401358
220505,SAN MARTIN,LAMAS,CUÑUMBUQUI,10.53,0.1053,0.0,100.0,1.0,0.0,100.0,1.0,3,2,0.4,0.0,,100.0,1.0,0.85,0.674501,4,0.401314,3,557.911825,71.93844,6.003656,0.401314
050201,AYACUCHO,CANGALLO,CANGALLO,0.0,0.0,100.0,0.0,0.0,100.0,0.0,0.0,5,0,0.0,0.0,,100.0,1.0,0.25,0.192308,1,0.401283,3,486.922229,75.566047,6.059351,0.401283
151004,LIMA,YAUYOS,AYAVIRI,28.26,0.2826,100.0,0.0,0.0,100.0,0.0,0.0,2,3,0.6,0.0,,100.0,1.0,0.4,0.333778,2,0.401128,3,375.39503,81.052556,8.476672,0.401128
020205,ANCASH,AIJA,SUCCHA,4.35,0.0435,0.0,100.0,1.0,0.0,100.0,1.0,2,3,0.6,0.0,,100.0,1.0,0.9,0.701342,5,0.40088,3,609.224295,66.108639,6.884361,0.40088
010311,AMAZONAS,BONGARA,VALERA,15.0,0.15,0.0,100.0,1.0,0.0,100.0,1.0,3,2,0.4,1.0,0.0,100.0,1.0,0.85,0.683269,4,0.400635,3,734.635174,67.078114,5.000964,0.400635
150611,LIMA,HUARAL,SUMBILCA,11.54,0.1154,100.0,0.0,0.0,100.0,0.0,0.0,5,0,0.0,0.0,,100.0,1.0,0.25,0.198965,1,0.40037,3,397.740752,81.213738,6.850033,0.40037
080907,CUSCO,LA CONVENCION,KIMBIRI,0.0,0.0,100.0,0.0,0.0,100.0,0.0,0.0,5,0,0.0,0.0,,100.0,1.0,0.25,0.192308,1,0.400052,3,542.396784,73.404817,6.08222,0.400052
090407,HUANCAVELICA,CASTROVIRREYNA,HUACHOS,16.41,0.1641,100.0,0.0,0.0,100.0,0.0,0.0,2,3,0.6,1.0,100.0,0.0,0.0,0.15,0.121065,1,0.399933,3,523.35863,64.820517,7.409777,0.399933
101001,HUANUCO,LAURICOCHA,JESUS,42.86,0.4286,0.0,100.0,1.0,0.0,100.0,1.0,2,3,0.6,0.0,,100.0,1.0,0.9,0.781325,5,0.399863,3,513.464105,70.084148,7.390837,0.399863
020611,ANCASH,CARHUAZ,YUNGAR,0.0,0.0,0.0,100.0,1.0,0.0,100.0,1.0,5,0,0.0,0.0,,100.0,1.0,0.75,0.576923,2,0.39976,3,472.320508,78.70987,5.847528,0.39976
022003,ANCASH,YUNGAY,MANCOS,0.0,0.0,0.0,100.0,1.0,0.0,100.0,1.0,1,4,0.8,0.0,,100.0,1.0,0.95,0.730769,5,0.399435,3,545.026212,73.340253,5.691647,0.399435
210302,PUNO,CARABAYA,AJOYANI,56.93,0.5693,0.0,100.0,1.0,0.0,100.0,1.0,5,0,0.0,0.0,,100.0,1.0,0.75,0.675456,4,0.399412,3,497.737117,70.175534,6.170515,0.399412
020514,ANCASH,BOLOGNESI,SAN MIGUEL DE CORPANQUI,0.0,0.0,0.0,100.0,1.0,0.0,100.0,1.0,2,3,0.6,0.0,,100.0,1.0,0.9,0.692308,4,0.399067,3,393.733613,68.91105,8.316157,0.399067
010110,AMAZONAS,CHACHAPOYAS,LEIMEBAMBA,43.06,0.4306,0.0,100.0,1.0,0.0,100.0,1.0,3,2,0.4,1.0,0.0,100.0,1.0,0.85,0.73831,5,0.398951,3,615.853241,70.299479,6.323528,0.398951
060601,CAJAMARCA,CUTERVO,CUTERVO,0.0,0.0,0.0,100.0,1.0,0.0,100.0,1.0,5,0,0.0,1.0,0.0,100.0,1.0,0.75,0.576923,2,0.398881,3,535.513145,76.277953,5.402568,0.398881
130901,LA LIBERTAD,SANCHEZ CARRION,HUAMACHUCO,1.37,0.0137,0.0,100.0,1.0,0.0,100.0,1.0,5,0,0.0,0.0,,100.0,1.0,0.75,0.579294,3,0.398688,3,527.71202,72.978693,5.605762,0.398688
230205,TACNA,CANDARAVE,HUANUARA,0.0,0.0,0.0,100.0,1.0,0.0,100.0,1.0,2,3,0.6,0.0,,100.0,1.0,0.9,0.692308,4,0.398526,3,422.576909,71.017108,7.864893,0.398526
120609,JUNIN,SATIPO,VIZCATAN DEL ENE,32.35,0.3235,0.0,100.0,1.0,0.0,100.0,1.0,5,0,0.0,0.0,,100.0,1.0,0.75,0.632913,4,0.398199,3,497.968262,77.186662,5.769675,0.398199
150721,LIMA,HUAROCHIRI,SAN LORENZO DE QUINTI,41.49,0.4149,100.0,0.0,0.0,100.0,0.0,0.0,3,2,0.4,1.0,100.0,0.0,0.0,0.1,0.086498,1,0.398189,3,418.469615,75.321764,7.669169,0.398189
061101,CAJAMARCA,SAN MIGUEL,SAN MIGUEL,0.0,0.0,0.0,100.0,1.0,0.0,100.0,1.0,5,0,0.0,0.0,,100.0,1.0,0.75,0.576923,2,0.397965,3,559.163603,73.102471,5.288855,0.397965
040513,AREQUIPA,CAYLLOMA,MADRIGAL,62.07,0.6207,0.0,100.0,1.0,0.0,100.0,1.0,3,2,0.4,1.0,0.0,100.0,1.0,0.85,0.775599,5,0.397578,3,471.573589,80.202459,5.814496,0.397578
090604,HUANCAVELICA,HUAYTARA,HUAYACUNDO ARMA,3.7,0.037,100.0,0.0,0.0,100.0,0.0,0.0,3,2,0.4,0.0,,100.0,1.0,0.35,0.272219,2,0.397437,3,433.083659,69.630877,8.220252,0.397437
160606,LORETO,UCAYALI,VARGAS GUERRA,68.18,0.6818,0.0,100.0,1.0,0.0,100.0,1.0,2,3,0.6,0.0,,100.0,1.0,0.9,0.833912,5,0.397392,3,569.992344,70.544161,6.551972,0.397392
010304,AMAZONAS,BONGARA,COROSHA,0.0,0.0,0.0,100.0,1.0,0.0,100.0,1.0,0,5,1.0,0.0,,100.0,1.0,1.0,0.769231,5,0.395898,3,669.159809,73.303604,4.846239,0.395898
210809,PUNO,MELGAR,UMACHIRI,3.85,0.0385,0.0,100.0,1.0,100.0,0.0,0.0,2,3,0.6,0.0,,100.0,1.0,0.65,0.505775,2,0.395861,3,395.712203,74.318403,7.285995,0.395861
120703,JUNIN,TARMA,HUARICOLCA,21.43,0.2143,100.0,0.0,0.0,100.0,0.0,0.0,1,4,0.8,0.0,,100.0,1.0,0.45,0.368408,2,0.395812,3,501.470115,75.65908,5.534415,0.395812
220805,SAN MARTIN,RIOJA,PARDO MIGUEL,30.19,0.3019,0.0,100.0,1.0,0.0,100.0,1.0,5,0,0.0,1.0,0.0,100.0,1.0,0.75,0.629175,4,0.395409,3,594.092114,74.018144,5.029353,0.395409
050804,AYACUCHO,PAUCAR DEL SARA SARA,LAMPA,15.15,0.1515,100.0,0.0,0.0,100.0,0.0,0.0,1,4,0.8,0.0,,100.0,1.0,0.45,0.361887,2,0.395363,3,402.272065,74.355261,7.756918,0.395363
080805,CUSCO,ESPINAR,PALLPATA,63.11,0.6311,100.0,0.0,0.0,100.0,0.0,0.0,5,0,0.0,0.0,,100.0,1.0,0.25,0.228717,1,0.394736,3,549.022166,66.646821,5.99941,0.394736
100507,HUANUCO,HUAMALIES,MONZON,15.52,0.1552,0.0,100.0,1.0,0.0,100.0,1.0,5,0,0.0,1.0,0.0,100.0,1.0,0.75,0.603785,4,0.39462,3,554.827973,71.733131,5.973792,0.39462
120205,JUNIN,CONCEPCION,COCHAS,11.54,0.1154,0.0,100.0,1.0,0.0,100.0,1.0,5,0,0.0,0.0,,100.0,1.0,0.75,0.596896,3,0.394322,3,622.587533,72.77042,5.074508,0.394322
010509,AMAZONAS,LUYA,LUYA,0.0,0.0,0.0,100.0,1.0,0.0,100.0,1.0,1,4,0.8,0.0,,100.0,1.0,0.95,0.730769,5,0.394117,3,524.053654,74.219803,6.212643,0.394117
081302,CUSCO,URUBAMBA,CHINCHERO,0.0,0.0,100.0,0.0,0.0,100.0,0.0,0.0,5,0,0.0,0.0,,100.0,1.0,0.25,0.192308,1,0.393922,3,361.354041,77.117874,6.957865,0.393922
021706,ANCASH,RECUAY,MARCA,10.64,0.1064,0.0,100.0,1.0,0.0,100.0,1.0,3,2,0.4,1.0,0.0,100.0,1.0,0.85,0.674717,4,0.393558,3,489.856903,67.526514,6.292576,0.393558
060603,CAJAMARCA,CUTERVO,CHOROS,0.0,0.0,0.0,100.0,1.0,0.0,100.0,1.0,5,0,0.0,1.0,0.0,100.0,1.0,0.75,0.576923,2,0.393494,3,656.018017,75.42709,5.012085,0.393494
120416,JUNIN,JAUJA,MASMA,0.0,0.0,0.0,100.0,1.0,100.0,0.0,0.0,3,2,0.4,0.0,,100.0,1.0,0.6,0.461538,2,0.393393,3,461.457171,68.689855,7.531262,0.393393
020902,ANCASH,CORONGO,ACO,0.0,0.0,0.0,100.0,1.0,0.0,100.0,1.0,2,3,0.6,0.0,,100.0,1.0,0.9,0.692308,4,0.393263,3,533.548806,74.019352,5.422524,0.393263
160602,LORETO,UCAYALI,INAHUAYA,50.0,0.5,0.0,100.0,1.0,0.0,100.0,1.0,3,2,0.4,0.0,,100.0,1.0,0.85,0.751923,5,0.392891,3,611.877414,66.388564,6.495708,0.392891
151028,LIMA,YAUYOS,TANTA,54.55,0.5455,100.0,0.0,0.0,100.0,0.0,0.0,3,2,0.4,0.0,,100.0,1.0,0.35,0.31329,2,0.392348,3,385.01132,84.03799,7.16791,0.392348
190202,PASCO,DANIEL ALCIDES CARRION,CHACAYAN,10.0,0.1,0.0,100.0,1.0,0.0,100.0,1.0,5,0,0.0,1.0,0.0,100.0,1.0,0.75,0.594231,3,0.392301,3,374.978092,78.915528,6.727966,0.392301
051009,AYACUCHO,VICTOR FAJARDO,HUANCARAYLLA,31.71,0.3171,100.0,0.0,0.0,100.0,0.0,0.0,5,0,0.0,0.0,,100.0,1.0,0.25,0.210602,1,0.391973,3,510.362755,82.037124,4.633231,0.391973
150304,LIMA,CAJATAMBO,HUANCAPON,0.0,0.0,100.0,0.0,0.0,100.0,0.0,0.0,0,5,1.0,0.0,,100.0,1.0,0.5,0.384615,2,0.39182,3,456.015227,72.149384,6.404714,0.39182
090602,HUANCAVELICA,HUAYTARA,AYAVI,37.5,0.375,100.0,0.0,0.0,100.0,0.0,0.0,5,0,0.0,0.0,,100.0,1.0,0.25,0.213942,1,0.391618,3,509.272653,64.927242,7.756784,0.391618
090408,HUANCAVELICA,CASTROVIRREYNA,HUAMATAMBO,9.62,0.0962,0.0,100.0,1.0,100.0,0.0,0.0,2,3,0.6,0.0,,100.0,1.0,0.65,0.51443,2,0.391447,3,590.064649,57.175287,7.042093,0.391447
120603,JUNIN,SATIPO,LLAYLLA,12.2,0.122,71.43,28.57,0.2857,66.67,33.33,0.3333,5,0,0.0,0.0,,100.0,1.0,0.40475,0.322741,2,0.391309,3,485.498833,72.679194,5.532282,0.391309
120104,JUNIN,HUANCAYO,CARHUACALLANGA,0.0,0.0,0.0,100.0,1.0,0.0,100.0,1.0,5,0,0.0,0.0,,100.0,1.0,0.75,0.576923,2,0.39116,3,340.114545,79.398209,7.353118,0.39116
220905,SAN MARTIN,SAN MARTIN,CHIPURANA,7.14,0.0714,0.0,100.0,1.0,0.0,100.0,1.0,3,2,0.4,0.0,,100.0,1.0,0.85,0.667852,4,0.391011,3,773.924102,67.096702,5.637473,0.391011
010611,AMAZONAS,RODRIGUEZ DE MENDOZA,TOTORA,0.0,0.0,0.0,100.0,1.0,0.0,100.0,1.0,2,3,0.6,0.0,,100.0,1.0,0.9,0.692308,4,0.390801,3,847.182778,68.408874,5.60733,0.390801
030102,APURIMAC,ABANCAY,CHACOCHE,40.0,0.4,100.0,0.0,0.0,100.0,0.0,0.0,3,2,0.4,0.0,,100.0,1.0,0.35,0.301538,2,0.390538,3,498.606986,66.770644,5.931122,0.390538
160304,LORETO,LORETO,TROMPETEROS,71.43,0.7143,0.0,100.0,1.0,0.0,100.0,1.0,4,1,0.2,0.0,,100.0,1.0,0.8,0.747255,5,0.390087,3,719.616498,71.200241,6.227954,0.390087
060812,CAJAMARCA,JAEN,SANTA ROSA,1.23,0.0123,0.0,100.0,1.0,0.0,100.0,1.0,5,0,0.0,1.0,0.0,100.0,1.0,0.75,0.579052,3,0.38975,3,640.851146,74.755829,5.053157,0.38975
190107,PASCO,PASCO,PAUCARTAMBO,31.54,0.3154,0.0,100.0,1.0,0.0,100.0,1.0,5,0,0.0,1.0,0.0,100.0,1.0,0.75,0.631512,4,0.38973,3,388.523072,74.032641,6.892064,0.38973
190204,PASCO,DANIEL ALCIDES CARRION,PAUCAR,1.61,0.0161,0.0,100.0,1.0,0.0,100.0,1.0,1,4,0.8,1.0,0.0,100.0,1.0,0.95,0.734299,5,0.389669,3,417.145396,75.546375,5.954781,0.389669
120607,JUNIN,SATIPO,RIO NEGRO,16.38,0.1638,100.0,0.0,0.0,100.0,0.0,0.0,5,0,0.0,0.0,,100.0,1.0,0.25,0.201758,1,0.389645,3,432.770655,73.529445,6.818498,0.389645
021707,ANCASH,RECUAY,PAMPAS CHICO,20.0,0.2,0.0,100.0,1.0,0.0,100.0,1.0,0,5,1.0,0.0,,100.0,1.0,1.0,0.815385,5,0.389615,3,459.95235,71.509256,6.538244,0.389615
050810,AYACUCHO,PAUCAR DEL SARA SARA,SARA SARA,14.29,0.1429,100.0,0.0,0.0,100.0,0.0,0.0,0,5,1.0,0.0,,100.0,1.0,0.5,0.401104,2,0.389615,3,453.390664,69.330226,6.653943,0.389615
200404,PIURA,MORROPON,LA MATANZA,26.47,0.2647,0.0,100.0,1.0,0.0,100.0,1.0,3,2,0.4,0.0,,100.0,1.0,0.85,0.705768,5,0.389352,3,616.23102,73.691178,4.51391,0.389352
060902,CAJAMARCA,SAN IGNACIO,CHIRINOS,0.0,0.0,0.0,100.0,1.0,0.0,100.0,1.0,5,0,0.0,0.0,,100.0,1.0,0.75,0.576923,2,0.389294,3,537.398697,75.571963,5.313057,0.389294
220702,SAN MARTIN,PICOTA,BUENOS AIRES,34.04,0.3404,0.0,100.0,1.0,0.0,100.0,1.0,1,4,0.8,0.0,,100.0,1.0,0.95,0.805395,5,0.388517,3,588.977729,76.172293,5.247853,0.388517
211205,PUNO,SANDIA,PHARA,86.75,0.8675,0.0,100.0,1.0,0.0,100.0,1.0,4,1,0.2,0.0,,100.0,1.0,0.8,0.775538,5,0.388295,3,428.647319,70.677731,6.392763,0.388295
140306,LAMBAYEQUE,LAMBAYEQUE,MORROPE,0.0,0.0,100.0,0.0,0.0,100.0,0.0,0.0,5,0,0.0,1.0,100.0,0.0,0.0,0.0,0.0,1,0.38798,3,548.2383,75.682224,4.891652,0.38798
250302,UCAYALI,PADRE ABAD,IRAZOLA,25.0,0.25,0.0,100.0,1.0,0.0,100.0,1.0,5,0,0.0,0.0,,100.0,1.0,0.75,0.620192,4,0.387806,3,503.528398,80.048647,5.760507,0.387806
151024,LIMA,YAUYOS,QUINCHES,12.86,0.1286,100.0,0.0,0.0,100.0,0.0,0.0,2,3,0.6,0.0,,100.0,1.0,0.4,0.319563,2,0.387392,3,460.522164,74.450588,7.315896,0.387392
120707,JUNIN,TARMA,PALCAMAYO,13.56,0.1356,100.0,0.0,0.0,100.0,0.0,0.0,2,3,0.6,0.0,,100.0,1.0,0.4,0.320209,2,0.387383,3,422.76652,77.125813,5.673656,0.387383
220803,SAN MARTIN,RIOJA,ELIAS SOPLIN VARGAS,0.0,0.0,0.0,100.0,1.0,0.0,100.0,1.0,5,0,0.0,0.0,,100.0,1.0,0.75,0.576923,2,0.387308,3,597.928745,72.981194,5.037097,0.387308
150807,LIMA,HUAURA,LEONCIO PRADO,11.36,0.1136,100.0,0.0,0.0,100.0,0.0,0.0,3,2,0.4,0.0,,100.0,1.0,0.35,0.278406,2,0.387158,3,443.025293,76.172173,6.375301,0.387158
040306,AREQUIPA,CARAVELI,CAHUACHO,6.25,0.0625,0.0,100.0,1.0,0.0,100.0,1.0,1,4,0.8,0.0,,100.0,1.0,0.95,0.744471,5,0.386963,3,391.056472,83.268344,6.177335,0.386963
120602,JUNIN,SATIPO,COVIRIALI,6.52,0.0652,100.0,0.0,0.0,100.0,0.0,0.0,5,0,0.0,0.0,,100.0,1.0,0.25,0.196069,1,0.386862,3,473.490492,72.986393,6.539492,0.386862
050407,AYACUCHO,HUANTA,SIVIA,26.6,0.266,100.0,0.0,0.0,100.0,0.0,0.0,3,2,0.4,0.0,,100.0,1.0,0.35,0.290715,2,0.386658,3,494.108425,77.009388,5.26395,0.386658
050807,AYACUCHO,PAUCAR DEL SARA SARA,PARARCA,0.0,0.0,0.0,100.0,1.0,100.0,0.0,0.0,2,3,0.6,0.0,,100.0,1.0,0.65,0.5,2,0.386093,3,494.394679,69.784897,6.440781,0.386093
040809,AREQUIPA,LA UNION,TAURIA,26.67,0.2667,0.0,100.0,1.0,0.0,100.0,1.0,2,3,0.6,0.0,,100.0,1.0,0.9,0.747699,5,0.385947,3,344.812501,82.437933,7.899925,0.385947
080407,CUSCO,CALCA,TARAY,0.0,0.0,100.0,0.0,0.0,100.0,0.0,0.0,5,0,0.0,0.0,,100.0,1.0,0.25,0.192308,1,0.385461,3,370.45025,78.887979,5.9427,0.385461
120135,JUNIN,HUANCAYO,SANTO DOMINGO DE ACOBAMBA,7.14,0.0714,100.0,0.0,0.0,100.0,0.0,0.0,2,3,0.6,0.0,,100.0,1.0,0.4,0.314283,2,0.384106,3,437.419133,71.465811,6.898965,0.384106
050602,AYACUCHO,LUCANAS,AUCARA,51.33,0.5133,100.0,0.0,0.0,100.0,0.0,0.0,3,2,0.4,1.0,100.0,0.0,0.0,0.1,0.088768,1,0.383988,3,519.402788,64.544215,6.194715,0.383988
190308,PASCO,OXAPAMPA,CONSTITUCION,10.39,0.1039,0.0,100.0,1.0,0.0,100.0,1.0,5,0,0.0,1.0,0.0,100.0,1.0,0.75,0.594906,3,0.383846,3,551.866358,68.607503,6.223685,0.383846
030602,APURIMAC,CHINCHEROS,ANCO_HUALLO,0.0,0.0,100.0,0.0,0.0,100.0,0.0,0.0,5,0,0.0,1.0,100.0,0.0,0.0,0.0,0.0,1,0.383682,3,434.808003,71.765253,6.202487,0.383682
110114,ICA,ICA,YAUCA DEL ROSARIO,47.62,0.4762,100.0,0.0,0.0,66.67,33.33,0.3333,3,2,0.4,0.0,,100.0,1.0,0.433325,0.380946,2,0.383646,3,413.173359,75.352476,6.895089,0.383646
021802,ANCASH,SANTA,CACERES DEL PERU,26.32,0.2632,0.0,100.0,1.0,0.0,100.0,1.0,2,3,0.6,1.0,0.0,100.0,1.0,0.9,0.746972,5,0.383054,3,553.184444,77.203237,4.988987,0.383054
120431,JUNIN,JAUJA,SINCOS,0.0,0.0,16.67,83.33,0.8333,33.33,66.67,0.6667,5,0,0.0,1.0,100.0,0.0,0.0,0.375,0.288462,2,0.382942,3,405.699365,69.53519,7.605765,0.382942
040803,AREQUIPA,LA UNION,CHARCANA,17.86,0.1786,0.0,100.0,1.0,0.0,100.0,1.0,1,4,0.8,1.0,0.0,100.0,1.0,0.95,0.769924,5,0.382568,3,453.807704,78.560478,6.391572,0.382568
060505,CAJAMARCA,CONTUMAZA,SAN BENITO,7.14,0.0714,0.0,100.0,1.0,0.0,100.0,1.0,3,2,0.4,1.0,0.0,100.0,1.0,0.85,0.667852,4,0.38239,3,572.316965,71.090685,5.318456,0.38239
051003,AYACUCHO,VICTOR FAJARDO,APONGO,75.0,0.75,100.0,0.0,0.0,100.0,0.0,0.0,3,2,0.4,0.0,,100.0,1.0,0.35,0.329808,2,0.3823,3,397.405937,77.386344,5.796402,0.3823
131103,LA LIBERTAD,GRAN CHIMU,MARMOT,40.62,0.4062,0.0,100.0,1.0,0.0,100.0,1.0,1,4,0.8,1.0,0.0,100.0,1.0,0.95,0.819821,5,0.382014,3,630.980344,72.118346,4.840143,0.382014
210303,PUNO,CARABAYA,AYAPATA,23.75,0.2375,0.0,100.0,1.0,0.0,100.0,1.0,5,0,0.0,0.0,,100.0,1.0,0.75,0.618029,4,0.381645,3,481.917614,66.41201,5.847071,0.381645
160401,LORETO,MARISCAL RAMON CASTILLA,RAMON CASTILLA,47.37,0.4737,100.0,0.0,0.0,100.0,0.0,0.0,2,3,0.6,1.0,100.0,0.0,0.0,0.15,0.131782,1,0.381629,3,573.417049,68.877281,6.837698,0.381629
151007,LIMA,YAUYOS,CARANIA,17.39,0.1739,0.0,100.0,1.0,100.0,0.0,0.0,5,0,0.0,0.0,,100.0,1.0,0.5,0.404681,2,0.381522,3,425.382223,83.494874,7.374333,0.381522
211005,PUNO,SAN ANTONIO DE PUTINA,SINA,65.0,0.65,100.0,0.0,0.0,100.0,0.0,0.0,1,4,0.8,0.0,,100.0,1.0,0.45,0.413654,2,0.381313,3,455.627484,66.64828,5.96482,0.381313
130601,LA LIBERTAD,OTUZCO,OTUZCO,8.0,0.08,0.0,100.0,1.0,0.0,100.0,1.0,5,0,0.0,0.0,,100.0,1.0,0.75,0.590769,3,0.380982,3,479.150214,74.447397,5.622574,0.380982
190105,PASCO,PASCO,NINACACA,44.25,0.4425,0.0,100.0,1.0,0.0,100.0,1.0,3,2,0.4,0.0,,100.0,1.0,0.85,0.740644,5,0.380981,3,324.005564,74.265029,7.452078,0.380981
010114,AMAZONAS,CHACHAPOYAS,MOLINOPAMPA,3.23,0.0323,0.0,100.0,1.0,0.0,100.0,1.0,3,2,0.4,1.0,0.0,100.0,1.0,0.85,0.660182,4,0.380907,3,529.848193,70.275664,5.323638,0.380907
200107,PIURA,PIURA,CURA MORI,0.0,0.0,0.0,100.0,1.0,0.0,100.0,1.0,5,0,0.0,0.0,,100.0,1.0,0.75,0.576923,2,0.380878,3,497.970539,75.58814,5.162437,0.380878
120708,JUNIN,TARMA,SAN PEDRO DE CAJAS,42.31,0.4231,100.0,0.0,0.0,100.0,0.0,0.0,4,1,0.2,0.0,,100.0,1.0,0.3,0.260061,1,0.380672,3,408.700342,78.772452,5.920102,0.380672
010514,AMAZONAS,LUYA,PISUQUIA,12.09,0.1209,0.0,100.0,1.0,0.0,100.0,1.0,2,3,0.6,0.0,,100.0,1.0,0.9,0.717418,5,0.380225,3,707.060653,69.004095,4.496977,0.380225
211307,PUNO,YUNGUYO,UNICACHI,0.0,0.0,100.0,0.0,0.0,0.0,100.0,1.0,3,2,0.4,0.0,,100.0,1.0,0.6,0.461538,2,0.379943,3,380.724734,78.662893,5.794977,0.379943
210306,PUNO,CARABAYA,CRUCERO,25.08,0.2508,0.0,100.0,1.0,0.0,100.0,1.0,5,0,0.0,1.0,0.0,100.0,1.0,0.75,0.620331,4,0.379828,3,404.638799,68.845807,6.406956,0.379828
210207,PUNO,AZANGARO,JOSE DOMINGO CHOQUEHUANCA,4.55,0.0455,0.0,100.0,1.0,100.0,0.0,0.0,3,2,0.4,1.0,100.0,0.0,0.0,0.35,0.272906,2,0.379808,3,371.225851,68.480784,7.042927,0.379808
250303,UCAYALI,PADRE ABAD,CURIMANA,30.0,0.3,0.0,100.0,1.0,0.0,100.0,1.0,2,3,0.6,0.0,,100.0,1.0,0.9,0.754615,5,0.379723,3,459.209784,79.565489,6.101994,0.379723
090207,HUANCAVELICA,ACOBAMBA,POMACOCHA,0.0,0.0,100.0,0.0,0.0,100.0,0.0,0.0,3,2,0.4,0.0,,100.0,1.0,0.35,0.269231,1,0.379512,3,430.387134,74.454373,5.730639,0.379512
021008,ANCASH,HUARI,HUANTAR,0.0,0.0,0.0,100.0,1.0,0.0,100.0,1.0,1,4,0.8,0.0,,100.0,1.0,0.95,0.730769,5,0.379487,3,398.980762,76.648045,5.505733,0.379487
100107,HUANUCO,HUANUCO,SAN FRANCISCO DE CAYRAN,19.64,0.1964,0.0,100.0,1.0,0.0,100.0,1.0,5,0,0.0,0.0,,100.0,1.0,0.75,0.610915,4,0.379256,3,456.418264,75.205473,5.133824,0.379256
021505,ANCASH,PALLASCA,HUANDOVAL,3.51,0.0351,0.0,100.0,1.0,0.0,100.0,1.0,3,2,0.4,0.0,,100.0,1.0,0.85,0.660731,4,0.379156,3,560.10124,64.1539,7.109452,0.379156
020604,ANCASH,CARHUAZ,ANTA,0.0,0.0,0.0,100.0,1.0,0.0,100.0,1.0,3,2,0.4,1.0,0.0,100.0,1.0,0.85,0.653846,4,0.379038,3,434.952674,76.494239,5.261195,0.379038
081001,CUSCO,PARURO,PARURO,15.0,0.15,100.0,0.0,0.0,0.0,100.0,1.0,5,0,0.0,0.0,,100.0,1.0,0.5,0.401923,2,0.378819,3,505.63813,64.326777,6.557607,0.378819
020103,ANCASH,HUARAZ,COLCABAMBA,0.0,0.0,0.0,100.0,1.0,0.0,100.0,1.0,0,5,1.0,0.0,,100.0,1.0,1.0,0.769231,5,0.378721,3,453.305042,71.668203,6.959214,0.378721
120706,JUNIN,TARMA,PALCA,1.85,0.0185,0.0,100.0,1.0,0.0,100.0,1.0,2,3,0.6,1.0,0.0,100.0,1.0,0.9,0.69615,5,0.378531,3,485.420452,75.335192,5.362208,0.378531
210806,PUNO,MELGAR,NUÑOA,42.98,0.4298,100.0,0.0,0.0,50.0,50.0,0.5,5,0,0.0,1.0,100.0,0.0,0.0,0.125,0.108552,1,0.378516,3,458.491255,72.657452,5.492259,0.378516
211001,PUNO,SAN ANTONIO DE PUTINA,PUTINA,27.66,0.2766,50.0,50.0,0.5,50.0,50.0,0.5,5,0,0.0,0.0,,100.0,1.0,0.5,0.416531,2,0.378191,3,445.860918,64.385994,6.655876,0.378191
090616,HUANCAVELICA,HUAYTARA,TAMBO,71.23,0.7123,100.0,0.0,0.0,100.0,0.0,0.0,3,2,0.4,0.0,,100.0,1.0,0.35,0.326763,2,0.37819,3,503.07527,61.960628,6.662538,0.37819
220704,SAN MARTIN,PICOTA,PILLUANA,0.0,0.0,0.0,100.0,1.0,0.0,100.0,1.0,3,2,0.4,0.0,,100.0,1.0,0.85,0.653846,4,0.378173,3,465.958898,77.770924,6.742169,0.378173
030104,APURIMAC,ABANCAY,CURAHUASI,11.46,0.1146,100.0,0.0,0.0,100.0,0.0,0.0,5,0,0.0,1.0,100.0,0.0,0.0,0.0,0.0,1,0.377913,3,468.910151,70.274459,5.787059,0.377913
150403,LIMA,CANTA,HUAMANTANGA,24.0,0.24,100.0,0.0,0.0,100.0,0.0,0.0,2,3,0.6,0.0,,100.0,1.0,0.4,0.329846,2,0.377658,3,364.475463,74.434278,7.559871,0.377658
211208,PUNO,SANDIA,YANAHUAYA,47.37,0.4737,0.0,100.0,1.0,0.0,100.0,1.0,5,0,0.0,0.0,,100.0,1.0,0.75,0.65891,4,0.377472,3,420.009194,74.089119,7.279129,0.377472
120202,JUNIN,CONCEPCION,ACO,0.0,0.0,0.0,100.0,1.0,0.0,100.0,1.0,4,1,0.2,0.0,,100.0,1.0,0.8,0.615385,4,0.377311,3,386.630712,74.076015,7.049151,0.377311
151006,LIMA,YAUYOS,CACRA,58.06,0.5806,100.0,0.0,0.0,100.0,0.0,0.0,4,1,0.2,0.0,,100.0,1.0,0.3,0.270965,2,0.377306,3,371.68109,79.523245,6.667397,0.377306
210808,PUNO,MELGAR,SANTA ROSA,26.74,0.2674,66.67,33.33,0.3333,66.67,33.33,0.3333,3,2,0.4,1.0,100.0,0.0,0.0,0.26665,0.22157,1,0.377229,3,378.232437,72.647585,6.618738,0.377229
210502,PUNO,EL COLLAO,CAPAZO,87.5,0.875,100.0,0.0,0.0,100.0,0.0,0.0,3,2,0.4,0.0,,100.0,1.0,0.35,0.339904,2,0.376561,3,389.481563,79.23472,6.771284,0.376561
060609,CAJAMARCA,CUTERVO,SAN JUAN DE CUTERVO,0.0,0.0,0.0,100.0,1.0,0.0,100.0,1.0,2,3,0.6,1.0,0.0,100.0,1.0,0.9,0.692308,4,0.376551,3,598.980022,78.99423,4.560061,0.376551
090505,HUANCAVELICA,CHURCAMPA,LA MERCED,0.0,0.0,0.0,100.0,1.0,0.0,100.0,1.0,4,1,0.2,0.0,,100.0,1.0,0.8,0.615385,4,0.376534,3,388.575865,68.950983,7.076707,0.376534
050611,AYACUCHO,LUCANAS,LUCANAS,42.64,0.4264,100.0,0.0,0.0,100.0,0.0,0.0,5,0,0.0,0.0,,100.0,1.0,0.25,0.216908,1,0.376529,3,529.479147,68.181205,5.607263,0.376529
050620,AYACUCHO,LUCANAS,SANTA ANA DE HUAYCAHUACHO,0.0,0.0,100.0,0.0,0.0,100.0,0.0,0.0,3,2,0.4,0.0,,100.0,1.0,0.35,0.269231,1,0.376519,3,445.810289,69.733106,7.334412,0.376519
050607,AYACUCHO,LUCANAS,HUAC-HUAS,3.14,0.0314,100.0,0.0,0.0,100.0,0.0,0.0,5,0,0.0,0.0,,100.0,1.0,0.25,0.194119,1,0.376414,3,448.485988,67.107161,7.666128,0.376414
060702,CAJAMARCA,HUALGAYOC,CHUGUR,0.0,0.0,0.0,100.0,1.0,0.0,100.0,1.0,2,3,0.6,1.0,0.0,100.0,1.0,0.9,0.692308,4,0.376208,3,434.932366,74.468796,5.608011,0.376208
060415,CAJAMARCA,CHOTA,QUEROCOTO,0.0,0.0,0.0,100.0,1.0,0.0,100.0,1.0,3,2,0.4,1.0,0.0,100.0,1.0,0.85,0.653846,4,0.376094,3,500.758068,69.439407,5.691281,0.376094
131003,LA LIBERTAD,SANTIAGO DE CHUCO,CACHICADAN,13.51,0.1351,0.0,100.0,1.0,0.0,100.0,1.0,5,0,0.0,1.0,0.0,100.0,1.0,0.75,0.600306,4,0.376004,3,417.20548,76.42156,5.97984,0.376004
090705,HUANCAVELICA,TAYACAJA,COLCABAMBA,0.0,0.0,100.0,0.0,0.0,100.0,0.0,0.0,2,3,0.6,0.0,,100.0,1.0,0.4,0.307692,2,0.375844,3,546.553317,69.846493,4.558986,0.375844
150716,LIMA,HUAROCHIRI,SAN ANTONIO,40.91,0.4091,100.0,0.0,0.0,100.0,0.0,0.0,5,0,0.0,0.0,,100.0,1.0,0.25,0.21591,1,0.37559,3,471.375423,70.633059,7.42786,0.37559
021010,ANCASH,HUARI,PAUCAS,25.0,0.25,0.0,100.0,1.0,0.0,100.0,1.0,3,2,0.4,0.0,,100.0,1.0,0.85,0.702885,5,0.375587,3,493.631285,73.851943,6.636563,0.375587
200507,PIURA,PAITA,VICHAYAL,0.0,0.0,0.0,100.0,1.0,0.0,100.0,1.0,2,3,0.6,0.0,,100.0,1.0,0.9,0.692308,4,0.375469,3,421.199153,79.72562,5.479008,0.375469
050911,AYACUCHO,SUCRE,SORAS,61.54,0.6154,100.0,0.0,0.0,100.0,0.0,0.0,5,0,0.0,1.0,100.0,0.0,0.0,0.0,0.0,1,0.375014,3,439.27316,68.678163,7.260982,0.375014
090410,HUANCAVELICA,CASTROVIRREYNA,SAN JUAN,22.73,0.2273,100.0,0.0,0.0,100.0,0.0,0.0,3,2,0.4,0.0,,100.0,1.0,0.35,0.28759,2,0.374977,3,613.197805,57.3458,7.326686,0.374977
120206,JUNIN,CONCEPCION,COMAS,18.75,0.1875,0.0,100.0,1.0,0.0,100.0,1.0,5,0,0.0,1.0,0.0,100.0,1.0,0.75,0.609375,4,0.374191,3,505.886537,72.788079,4.887825,0.374191
090709,HUANCAVELICA,TAYACAJA,HUARIBAMBA,0.0,0.0,100.0,0.0,0.0,100.0,0.0,0.0,5,0,0.0,0.0,,100.0,1.0,0.25,0.192308,1,0.374102,3,540.200969,77.110113,4.200371,0.374102
240303,TUMBES,ZARUMILLA,MATAPALO,11.11,0.1111,0.0,100.0,1.0,0.0,100.0,1.0,5,0,0.0,0.0,,100.0,1.0,0.75,0.596152,3,0.373907,3,491.676676,68.414181,6.68592,0.373907
050707,AYACUCHO,PARINACOCHAS,SAN FRANCISCO DE RAVACAYCO,0.0,0.0,0.0,100.0,1.0,0.0,100.0,1.0,2,3,0.6,0.0,,100.0,1.0,0.9,0.692308,4,0.373587,3,536.237431,59.484648,6.387017,0.373587
150905,LIMA,OYON,NAVAN,13.04,0.1304,100.0,0.0,0.0,100.0,0.0,0.0,1,4,0.8,0.0,,100.0,1.0,0.45,0.359695,2,0.373487,3,366.01162,83.70366,7.46572,0.373487
050903,AYACUCHO,SUCRE,CHALCOS,0.0,0.0,100.0,0.0,0.0,100.0,0.0,0.0,1,4,0.8,0.0,,100.0,1.0,0.45,0.346154,2,0.373474,3,524.092886,75.412072,6.923645,0.373474
220907,SAN MARTIN,SAN MARTIN,HUIMBAYOC,36.84,0.3684,0.0,100.0,1.0,0.0,100.0,1.0,3,2,0.4,0.0,,100.0,1.0,0.85,0.726109,5,0.373284,3,653.993122,71.051421,5.430526,0.373284
040810,AREQUIPA,LA UNION,TOMEPAMPA,0.0,0.0,0.0,100.0,1.0,0.0,100.0,1.0,3,2,0.4,0.0,,100.0,1.0,0.85,0.653846,4,0.37321,3,392.736534,81.951504,6.991881,0.37321
220605,SAN MARTIN,MARISCAL CACERES,PAJARILLO,6.1,0.061,0.0,100.0,1.0,0.0,100.0,1.0,2,3,0.6,0.0,,100.0,1.0,0.9,0.704977,5,0.3728,3,567.341054,73.089211,4.988711,0.3728
061113,CAJAMARCA,SAN MIGUEL,UNION AGUA BLANCA,3.12,0.0312,0.0,100.0,1.0,0.0,100.0,1.0,5,0,0.0,1.0,0.0,100.0,1.0,0.75,0.582323,3,0.372724,3,597.455645,74.348271,4.849507,0.372724
200604,PIURA,SULLANA,LANCONES,36.53,0.3653,0.0,100.0,1.0,0.0,100.0,1.0,5,0,0.0,1.0,0.0,100.0,1.0,0.75,0.640148,4,0.37267,3,555.726342,77.528318,4.468926,0.37267
060305,CAJAMARCA,CELENDIN,JORGE CHAVEZ,5.56,0.0556,0.0,100.0,1.0,0.0,100.0,1.0,5,0,0.0,0.0,,100.0,1.0,0.75,0.586546,3,0.372645,3,455.049088,71.380882,6.443332,0.372645
150726,LIMA,HUAROCHIRI,SANGALLAYA,12.24,0.1224,0.0,100.0,1.0,100.0,0.0,0.0,2,3,0.6,0.0,,100.0,1.0,0.65,0.51836,2,0.37261,3,428.982092,75.569973,6.904357,0.37261
021510,ANCASH,PALLASCA,SANTA ROSA,14.81,0.1481,0.0,100.0,1.0,0.0,100.0,1.0,3,2,0.4,0.0,,100.0,1.0,0.85,0.682897,4,0.372297,3,441.220809,67.455074,6.091369,0.372297
010121,AMAZONAS,CHACHAPOYAS,SONCHE,6.67,0.0667,0.0,100.0,1.0,0.0,100.0,1.0,0,5,1.0,0.0,,100.0,1.0,1.0,0.784623,5,0.372094,3,641.308127,74.253636,4.51231,0.372094
020509,ANCASH,BOLOGNESI,HUASTA,60.75,0.6075,0.0,100.0,1.0,0.0,100.0,1.0,3,2,0.4,0.0,,100.0,1.0,0.85,0.77301,5,0.371872,3,478.058889,69.670515,6.453083,0.371872
080603,CUSCO,CANCHIS,COMBAPATA,35.21,0.3521,0.0,100.0,1.0,100.0,0.0,0.0,5,0,0.0,1.0,100.0,0.0,0.0,0.25,0.212621,1,0.371724,3,385.736058,76.442274,6.007606,0.371724
230408,TACNA,TARATA,TICACO,78.57,0.7857,0.0,100.0,1.0,0.0,100.0,1.0,0,5,1.0,1.0,0.0,100.0,1.0,1.0,0.950546,5,0.37143,3,373.990827,77.247672,6.582742,0.37143
200108,PIURA,PIURA,EL TALLAN,0.0,0.0,0.0,100.0,1.0,0.0,100.0,1.0,4,1,0.2,0.0,,100.0,1.0,0.8,0.615385,4,0.371266,3,511.742133,74.249954,5.229161,0.371266
050409,AYACUCHO,HUANTA,CANAYRE,6.25,0.0625,100.0,0.0,0.0,100.0,0.0,0.0,5,0,0.0,0.0,,100.0,1.0,0.25,0.195913,1,0.371225,3,437.010537,73.472763,5.86133,0.371225
040502,AREQUIPA,CAYLLOMA,ACHOMA,59.26,0.5926,0.0,100.0,1.0,0.0,100.0,1.0,1,4,0.8,0.0,,100.0,1.0,0.95,0.860685,5,0.371171,3,395.265279,78.034012,6.395228,0.371171
100905,HUANUCO,PUERTO INCA,YUYAPICHIS,25.45,0.2545,0.0,100.0,1.0,0.0,100.0,1.0,5,0,0.0,0.0,,100.0,1.0,0.75,0.620971,4,0.370912,3,612.591607,71.897652,5.792917,0.370912
100903,HUANUCO,PUERTO INCA,HONORIA,6.82,0.0682,0.0,100.0,1.0,0.0,100.0,1.0,3,2,0.4,0.0,,100.0,1.0,0.85,0.667224,4,0.370893,3,513.196304,72.541857,5.764426,0.370893
200210,PIURA,AYABACA,SUYO,1.8,0.018,0.0,100.0,1.0,0.0,100.0,1.0,5,0,0.0,1.0,0.0,100.0,1.0,0.75,0.580038,3,0.370803,3,433.848744,70.095722,6.162075,0.370803
050509,AYACUCHO,LA MAR,SAMUGARI,21.43,0.2143,100.0,0.0,0.0,100.0,0.0,0.0,5,0,0.0,0.0,,100.0,1.0,0.25,0.204671,1,0.370171,3,444.892865,82.069852,5.14681,0.370171
160603,LORETO,UCAYALI,PADRE MARQUEZ,70.83,0.7083,0.0,100.0,1.0,0.0,100.0,1.0,5,0,0.0,0.0,,100.0,1.0,0.75,0.699513,5,0.37006,3,487.132384,72.71269,6.562996,0.37006
020503,ANCASH,BOLOGNESI,ANTONIO RAYMONDI,0.0,0.0,0.0,100.0,1.0,0.0,100.0,1.0,2,3,0.6,0.0,,100.0,1.0,0.9,0.692308,4,0.369828,3,401.815422,75.506965,5.770483,0.369828
060805,CAJAMARCA,JAEN,HUABAL,0.0,0.0,0.0,100.0,1.0,0.0,100.0,1.0,3,2,0.4,1.0,0.0,100.0,1.0,0.85,0.653846,4,0.369278,3,552.108315,74.113452,4.271976,0.369278
151017,LIMA,YAUYOS,HUAÑEC,33.33,0.3333,100.0,0.0,0.0,100.0,0.0,0.0,0,5,1.0,0.0,,100.0,1.0,0.5,0.423073,2,0.36917,3,462.007671,70.261057,7.655235,0.36917
200408,PIURA,MORROPON,SANTA CATALINA DE MOSSA,0.0,0.0,0.0,100.0,1.0,0.0,100.0,1.0,2,3,0.6,1.0,0.0,100.0,1.0,0.9,0.692308,4,0.369074,3,502.659861,75.332857,5.738662,0.369074
080604,CUSCO,CANCHIS,MARANGANI,36.14,0.3614,100.0,0.0,0.0,100.0,0.0,0.0,5,0,0.0,0.0,,100.0,1.0,0.25,0.213158,1,0.368807,3,372.120778,76.472835,5.969652,0.368807
030604,APURIMAC,CHINCHEROS,HUACCANA,0.0,0.0,100.0,0.0,0.0,100.0,0.0,0.0,5,0,0.0,1.0,100.0,0.0,0.0,0.0,0.0,1,0.368769,3,387.398364,69.598608,6.12359,0.368769
020901,ANCASH,CORONGO,CORONGO,17.24,0.1724,0.0,100.0,1.0,0.0,100.0,1.0,1,4,0.8,0.0,,100.0,1.0,0.95,0.768565,5,0.368138,3,607.70912,72.117336,6.236158,0.368138
090608,HUANCAVELICA,HUAYTARA,QUERCO,87.8,0.878,100.0,0.0,0.0,100.0,0.0,0.0,1,4,0.8,0.0,,100.0,1.0,0.45,0.437331,2,0.368047,3,424.581651,67.141751,6.653719,0.368047
220301,SAN MARTIN,EL DORADO,SAN JOSE DE SISA,0.0,0.0,0.0,100.0,1.0,0.0,100.0,1.0,2,3,0.6,0.0,,100.0,1.0,0.9,0.692308,4,0.368017,3,546.726603,74.332849,5.245714,0.368017
250106,UCAYALI,CORONEL PORTILLO,NUEVA REQUENA,43.75,0.4375,0.0,100.0,1.0,0.0,100.0,1.0,5,0,0.0,0.0,,100.0,1.0,0.75,0.652644,4,0.367912,3,492.929919,72.027728,6.173645,0.367912
101005,HUANUCO,LAURICOCHA,RONDOS,15.24,0.1524,0.0,100.0,1.0,0.0,100.0,1.0,1,4,0.8,1.0,0.0,100.0,1.0,0.95,0.76418,5,0.367851,3,399.914859,74.364918,6.520447,0.367851
211201,PUNO,SANDIA,SANDIA,28.85,0.2885,0.0,100.0,1.0,0.0,100.0,1.0,5,0,0.0,0.0,,100.0,1.0,0.75,0.626856,4,0.367733,3,400.733196,70.716217,5.879195,0.367733
021502,ANCASH,PALLASCA,BOLOGNESI,0.0,0.0,0.0,100.0,1.0,0.0,100.0,1.0,3,2,0.4,0.0,,100.0,1.0,0.85,0.653846,4,0.367724,3,494.845036,65.295791,6.189084,0.367724
090721,HUANCAVELICA,TAYACAJA,ROBLE,31.58,0.3158,0.0,100.0,1.0,0.0,100.0,1.0,5,0,0.0,0.0,,100.0,1.0,0.75,0.631581,4,0.367639,3,682.062689,60.351638,5.038352,0.367639
020512,ANCASH,BOLOGNESI,MANGAS,6.67,0.0667,0.0,100.0,1.0,0.0,100.0,1.0,3,2,0.4,0.0,,100.0,1.0,0.85,0.66693,4,0.36715,3,381.053237,71.867037,6.715763,0.36715
220504,SAN MARTIN,LAMAS,CAYNARACHI,2.7,0.027,0.0,100.0,1.0,0.0,100.0,1.0,2,3,0.6,1.0,0.0,100.0,1.0,0.9,0.697915,5,0.366578,3,578.641182,70.425175,5.317088,0.366578
120116,JUNIN,HUANCAYO,HUACRAPUQUIO,0.0,0.0,0.0,100.0,1.0,0.0,100.0,1.0,5,0,0.0,0.0,,100.0,1.0,0.75,0.576923,2,0.366542,3,349.570926,76.832824,5.950601,0.366542
030406,APURIMAC,AYMARAES,COTARUSE,32.89,0.3289,100.0,0.0,0.0,100.0,0.0,0.0,1,4,0.8,1.0,100.0,0.0,0.0,0.2,0.169026,1,0.366407,3,485.130473,64.984618,6.514538,0.366407
210505,PUNO,EL COLLAO,CONDURIRI,75.44,0.7544,100.0,0.0,0.0,0.0,100.0,1.0,5,0,0.0,0.0,,100.0,1.0,0.5,0.471662,2,0.365992,3,333.546743,78.475516,5.907286,0.365992
060107,CAJAMARCA,CAJAMARCA,LLACANORA,0.0,0.0,0.0,100.0,1.0,0.0,100.0,1.0,5,0,0.0,1.0,0.0,100.0,1.0,0.75,0.576923,2,0.365887,3,429.704803,77.617363,4.846127,0.365887
021204,ANCASH,HUAYLAS,HUAYLAS,0.0,0.0,0.0,100.0,1.0,0.0,100.0,1.0,3,2,0.4,1.0,0.0,100.0,1.0,0.85,0.653846,4,0.365552,3,451.067282,75.356794,5.838726,0.365552
101106,HUANUCO,YAROWILCA,OBAS,6.67,0.0667,0.0,100.0,1.0,0.0,100.0,1.0,2,3,0.6,0.0,,100.0,1.0,0.9,0.706161,5,0.365259,3,410.989809,73.903711,5.344693,0.365259
030220,APURIMAC,ANDAHUAYLAS,JOSE MARIA ARGUEDAS,0.0,0.0,100.0,0.0,0.0,100.0,0.0,0.0,5,0,0.0,1.0,100.0,0.0,0.0,0.0,0.0,1,0.365098,3,426.304264,80.867039,4.197692,0.365098
010310,AMAZONAS,BONGARA,SHIPASBAMBA,31.25,0.3125,0.0,100.0,1.0,0.0,100.0,1.0,3,2,0.4,0.0,,100.0,1.0,0.85,0.715144,5,0.365002,3,487.565418,72.024128,5.087437,0.365002
160802,LORETO,PUTUMAYO,ROSA PANDURO,100.0,1.0,0.0,100.0,1.0,0.0,100.0,1.0,3,2,0.4,1.0,0.0,100.0,1.0,0.85,0.85,5,0.364987,3,725.605295,78.316935,6.018603,0.364987
020304,ANCASH,ANTONIO RAYMONDI,CHINGAS,0.0,0.0,0.0,100.0,1.0,0.0,100.0,1.0,2,3,0.6,0.0,,100.0,1.0,0.9,0.692308,4,0.364897,3,429.89702,71.669393,6.825976,0.364897
090301,HUANCAVELICA,ANGARAES,LIRCAY,8.33,0.0833,100.0,0.0,0.0,100.0,0.0,0.0,5,0,0.0,0.0,,100.0,1.0,0.25,0.197113,1,0.364878,3,444.639304,72.613862,5.638488,0.364878
211104,PUNO,SAN ROMAN,CARACOTO,0.0,0.0,0.0,100.0,1.0,0.0,100.0,1.0,5,0,0.0,0.0,,100.0,1.0,0.75,0.576923,2,0.364693,3,387.028525,74.390031,5.594162,0.364693
010116,AMAZONAS,CHACHAPOYAS,OLLEROS,0.0,0.0,0.0,100.0,1.0,0.0,100.0,1.0,5,0,0.0,0.0,,100.0,1.0,0.75,0.576923,2,0.364667,3,435.895412,71.93833,5.673707,0.364667
100323,HUANUCO,DOS DE MAYO,YANAS,0.0,0.0,0.0,100.0,1.0,0.0,100.0,1.0,5,0,0.0,0.0,,100.0,1.0,0.75,0.576923,2,0.364656,3,622.315921,69.722054,4.13794,0.364656
220202,SAN MARTIN,BELLAVISTA,ALTO BIAVO,48.28,0.4828,0.0,100.0,1.0,0.0,100.0,1.0,2,3,0.6,0.0,,100.0,1.0,0.9,0.792582,5,0.364569,3,641.800074,74.989769,4.709871,0.364569
021016,ANCASH,HUARI,UCO,0.0,0.0,0.0,100.0,1.0,0.0,100.0,1.0,5,0,0.0,1.0,0.0,100.0,1.0,0.75,0.576923,2,0.364502,3,368.964849,74.641876,6.721999,0.364502
030211,APURIMAC,ANDAHUAYLAS,POMACOCHA,48.0,0.48,100.0,0.0,0.0,100.0,0.0,0.0,5,0,0.0,0.0,,100.0,1.0,0.25,0.22,1,0.364101,3,335.326945,78.404431,5.236412,0.364101
230405,TACNA,TARATA,SITAJARA,0.0,0.0,100.0,0.0,0.0,100.0,0.0,0.0,0,5,1.0,1.0,100.0,0.0,0.0,0.25,0.192308,1,0.363991,3,318.562435,79.235167,7.289928,0.363991
190110,PASCO,PASCO,TICLACAYAN,42.38,0.4238,0.0,100.0,1.0,0.0,100.0,1.0,5,0,0.0,1.0,0.0,100.0,1.0,0.75,0.650273,4,0.363912,3,345.391191,72.711891,6.669799,0.363912
230201,TACNA,CANDARAVE,CANDARAVE,49.56,0.4956,100.0,0.0,0.0,0.0,100.0,1.0,3,2,0.4,0.0,,100.0,1.0,0.6,0.53016,2,0.363263,3,377.358426,69.914944,6.638294,0.363263
061107,CAJAMARCA,SAN MIGUEL,LLAPA,0.0,0.0,0.0,100.0,1.0,0.0,100.0,1.0,2,3,0.6,0.0,,100.0,1.0,0.9,0.692308,4,0.363094,3,477.833417,77.344905,4.592105,0.363094
151013,LIMA,YAUYOS,HUAMPARA,0.0,0.0,100.0,0.0,0.0,100.0,0.0,0.0,1,4,0.8,0.0,,100.0,1.0,0.45,0.346154,2,0.362834,3,476.656457,73.044617,8.168298,0.362834
010703,AMAZONAS,UTCUBAMBA,CUMBA,2.7,0.027,0.0,100.0,1.0,0.0,100.0,1.0,5,0,0.0,1.0,0.0,100.0,1.0,0.75,0.581596,3,0.362661,3,586.971925,70.763342,4.79139,0.362661
021708,ANCASH,RECUAY,PARARIN,19.35,0.1935,0.0,100.0,1.0,0.0,100.0,1.0,3,2,0.4,0.0,,100.0,1.0,0.85,0.691802,4,0.362571,3,397.640625,67.237794,6.622404,0.362571
120909,JUNIN,CHUPACA,YANACANCHA,24.0,0.24,0.0,100.0,1.0,0.0,100.0,1.0,2,3,0.6,0.0,,100.0,1.0,0.9,0.742154,5,0.362346,3,427.976077,71.228074,5.946596,0.362346
010519,AMAZONAS,LUYA,SAN JUAN DE LOPECANCHA,0.0,0.0,0.0,100.0,1.0,0.0,100.0,1.0,2,3,0.6,0.0,,100.0,1.0,0.9,0.692308,4,0.36214,3,586.205954,72.873817,4.099723,0.36214
050303,AYACUCHO,HUANCA SANCOS,SACSAMARCA,73.68,0.7368,100.0,0.0,0.0,100.0,0.0,0.0,2,3,0.6,0.0,,100.0,1.0,0.4,0.375705,2,0.362054,3,433.058181,74.246786,5.409897,0.362054
100113,HUANUCO,HUANUCO,SAN PABLO DE PILLAO,20.97,0.2097,0.0,100.0,1.0,0.0,100.0,1.0,5,0,0.0,0.0,,100.0,1.0,0.75,0.613217,4,0.361509,3,742.603473,79.417089,2.840541,0.361509
050609,AYACUCHO,LUCANAS,LEONCIO PRADO,40.0,0.4,0.0,100.0,1.0,100.0,0.0,0.0,3,2,0.4,0.0,,100.0,1.0,0.6,0.516923,2,0.361236,3,421.063622,63.704659,6.825057,0.361236
081106,CUSCO,PAUCARTAMBO,KOSÑIPATA,27.12,0.2712,100.0,0.0,0.0,100.0,0.0,0.0,2,3,0.6,1.0,100.0,0.0,0.0,0.15,0.124772,1,0.361212,3,454.303625,62.740621,5.981485,0.361212
010202,AMAZONAS,BAGUA,ARAMANGO,15.38,0.1538,0.0,100.0,1.0,0.0,100.0,1.0,2,3,0.6,1.0,0.0,100.0,1.0,0.9,0.724251,5,0.361182,3,535.806154,73.242134,4.9465,0.361182
120809,JUNIN,YAULI,SUITUCANCHA,74.36,0.7436,100.0,0.0,0.0,100.0,0.0,0.0,2,3,0.6,0.0,,100.0,1.0,0.4,0.376332,2,0.361181,3,376.918981,73.346636,7.034722,0.361181
030215,APURIMAC,ANDAHUAYLAS,SANTA MARIA DE CHICMO,0.0,0.0,100.0,0.0,0.0,100.0,0.0,0.0,5,0,0.0,1.0,100.0,0.0,0.0,0.0,0.0,1,0.361028,3,408.180233,75.905536,4.428631,0.361028
050107,AYACUCHO,HUAMANGA,PACAYCASA,0.0,0.0,100.0,0.0,0.0,100.0,0.0,0.0,2,3,0.6,0.0,,100.0,1.0,0.4,0.307692,2,0.360971,3,454.758809,65.314531,6.061298,0.360971
021507,ANCASH,PALLASCA,LLAPO,0.0,0.0,0.0,100.0,1.0,0.0,100.0,1.0,2,3,0.6,0.0,,100.0,1.0,0.9,0.692308,4,0.360741,3,560.134134,67.010859,6.7041,0.360741
100403,HUANUCO,HUACAYBAMBA,COCHABAMBA,50.0,0.5,0.0,100.0,1.0,0.0,100.0,1.0,1,4,0.8,0.0,,100.0,1.0,0.95,0.840385,5,0.36072,3,487.223225,73.153979,5.490404,0.36072
080402,CUSCO,CALCA,COYA,0.0,0.0,100.0,0.0,0.0,100.0,0.0,0.0,5,0,0.0,0.0,,100.0,1.0,0.25,0.192308,1,0.360594,3,369.634649,71.363164,6.177703,0.360594
050404,AYACUCHO,HUANTA,IGUAIN,0.0,0.0,100.0,0.0,0.0,100.0,0.0,0.0,3,2,0.4,0.0,,100.0,1.0,0.35,0.269231,1,0.360496,3,421.135991,76.98716,4.691213,0.360496
200302,PIURA,HUANCABAMBA,CANCHAQUE,3.03,0.0303,0.0,100.0,1.0,0.0,100.0,1.0,5,0,0.0,0.0,,100.0,1.0,0.75,0.582167,3,0.360385,3,415.715414,67.6045,5.93967,0.360385
050302,AYACUCHO,HUANCA SANCOS,CARAPO,21.17,0.2117,100.0,0.0,0.0,100.0,0.0,0.0,1,4,0.8,0.0,,100.0,1.0,0.45,0.368138,2,0.359679,3,395.156864,69.983844,5.645666,0.359679
220403,SAN MARTIN,HUALLAGA,EL ESLABON,31.48,0.3148,0.0,100.0,1.0,0.0,100.0,1.0,3,2,0.4,0.0,,100.0,1.0,0.85,0.715595,5,0.359585,3,449.818438,75.625419,6.046978,0.359585
190304,PASCO,OXAPAMPA,PALCAZU,11.63,0.1163,0.0,100.0,1.0,0.0,100.0,1.0,5,0,0.0,1.0,0.0,100.0,1.0,0.75,0.597052,3,0.359346,3,448.525607,68.20923,6.637732,0.359346
010306,AMAZONAS,BONGARA,FLORIDA,2.08,0.0208,0.0,100.0,1.0,0.0,100.0,1.0,5,0,0.0,1.0,0.0,100.0,1.0,0.75,0.580523,3,0.359324,3,486.655229,71.891337,5.711381,0.359324
130802,LA LIBERTAD,PATAZ,BULDIBUYO,0.0,0.0,0.0,100.0,1.0,0.0,100.0,1.0,2,3,0.6,0.0,,100.0,1.0,0.9,0.692308,4,0.358869,3,520.22185,74.143272,4.899772,0.358869
021406,ANCASH,OCROS,CONGAS,16.67,0.1667,0.0,100.0,1.0,0.0,100.0,1.0,3,2,0.4,0.0,,100.0,1.0,0.85,0.686545,4,0.358769,3,325.32823,76.131762,6.727194,0.358769
030606,APURIMAC,CHINCHEROS,ONGOY,0.0,0.0,100.0,0.0,0.0,100.0,0.0,0.0,5,0,0.0,1.0,100.0,0.0,0.0,0.0,0.0,1,0.358659,3,440.914763,68.046638,4.978148,0.358659
100510,HUANUCO,HUAMALIES,SINGA,12.0,0.12,0.0,100.0,1.0,0.0,100.0,1.0,5,0,0.0,0.0,,100.0,1.0,0.75,0.597692,3,0.358608,3,381.160922,75.583686,4.971522,0.358608
090703,HUANCAVELICA,TAYACAJA,ACRAQUIA,2.94,0.0294,100.0,0.0,0.0,100.0,0.0,0.0,3,2,0.4,0.0,,100.0,1.0,0.35,0.271605,2,0.358396,3,432.860201,72.750471,5.392351,0.358396
120427,JUNIN,JAUJA,RICRAN,30.91,0.3091,0.0,100.0,1.0,100.0,0.0,0.0,1,4,0.8,0.0,,100.0,1.0,0.7,0.588393,3,0.358272,3,478.771897,72.011541,5.203591,0.358272
080704,CUSCO,CHUMBIVILCAS,COLQUEMARCA,3.03,0.0303,100.0,0.0,0.0,100.0,0.0,0.0,2,3,0.6,0.0,,100.0,1.0,0.4,0.310489,2,0.358206,3,495.564827,73.721255,4.370934,0.358206
080806,CUSCO,ESPINAR,PICHIGUA,6.09,0.0609,100.0,0.0,0.0,100.0,0.0,0.0,3,2,0.4,0.0,,100.0,1.0,0.35,0.27415,2,0.35818,3,405.101177,66.627496,5.461563,0.35818
010107,AMAZONAS,CHACHAPOYAS,GRANADA,0.0,0.0,0.0,100.0,1.0,0.0,100.0,1.0,3,2,0.4,1.0,0.0,100.0,1.0,0.85,0.653846,4,0.358001,3,766.805716,66.181836,4.600522,0.358001
030204,APURIMAC,ANDAHUAYLAS,HUANCARAMA,0.0,0.0,100.0,0.0,0.0,100.0,0.0,0.0,5,0,0.0,1.0,100.0,0.0,0.0,0.0,0.0,1,0.357821,3,450.968716,70.811869,4.934941,0.357821
010610,AMAZONAS,RODRIGUEZ DE MENDOZA,SANTA ROSA,0.0,0.0,0.0,100.0,1.0,0.0,100.0,1.0,2,3,0.6,1.0,0.0,100.0,1.0,0.9,0.692308,4,0.357542,3,632.910911,76.170183,4.435462,0.357542
120418,JUNIN,JAUJA,MOLINOS,38.89,0.3889,0.0,100.0,1.0,0.0,100.0,1.0,3,2,0.4,0.0,,100.0,1.0,0.85,0.73013,5,0.357353,3,361.664193,73.353891,6.370749,0.357353
220204,SAN MARTIN,BELLAVISTA,HUALLAGA,29.55,0.2955,0.0,100.0,1.0,0.0,100.0,1.0,3,2,0.4,0.0,,100.0,1.0,0.85,0.71181,5,0.357324,3,551.684578,71.968934,5.075745,0.357324
120606,JUNIN,SATIPO,PANGOA,35.55,0.3555,97.14,2.86,0.0286,100.0,0.0,0.0,5,0,0.0,1.0,100.0,0.0,0.0,0.00715,0.006087,1,0.357082,3,398.354193,73.749325,6.484926,0.357082
030502,APURIMAC,COTABAMBAS,COTABAMBAS,9.21,0.0921,100.0,0.0,0.0,100.0,0.0,0.0,3,2,0.4,1.0,100.0,0.0,0.0,0.1,0.079048,1,0.356865,3,374.92575,70.198753,5.724668,0.356865
060613,CAJAMARCA,CUTERVO,SANTO TOMAS,0.0,0.0,0.0,100.0,1.0,0.0,100.0,1.0,5,0,0.0,0.0,,100.0,1.0,0.75,0.576923,2,0.356592,3,441.771747,75.809893,4.812732,0.356592
010707,AMAZONAS,UTCUBAMBA,YAMON,0.0,0.0,0.0,100.0,1.0,0.0,100.0,1.0,3,2,0.4,0.0,,100.0,1.0,0.85,0.653846,4,0.35625,3,486.208931,70.229506,5.556004,0.35625
100508,HUANUCO,HUAMALIES,PUNCHAO,6.25,0.0625,0.0,100.0,1.0,0.0,100.0,1.0,2,3,0.6,0.0,,100.0,1.0,0.9,0.705288,5,0.355522,3,431.5164,77.328965,5.246197,0.355522
101102,HUANUCO,YAROWILCA,CAHUAC,0.0,0.0,0.0,100.0,1.0,0.0,100.0,1.0,2,3,0.6,0.0,,100.0,1.0,0.9,0.692308,4,0.355398,3,345.721014,74.68449,6.316664,0.355398
021508,ANCASH,PALLASCA,PALLASCA,0.0,0.0,0.0,100.0,1.0,0.0,100.0,1.0,1,4,0.8,1.0,0.0,100.0,1.0,0.95,0.730769,5,0.355183,3,418.000772,67.097758,5.809724,0.355183
190305,PASCO,OXAPAMPA,POZUZO,69.15,0.6915,0.0,100.0,1.0,0.0,100.0,1.0,5,0,0.0,1.0,0.0,100.0,1.0,0.75,0.696606,5,0.354511,3,521.999255,72.249022,5.23963,0.354511
210307,PUNO,CARABAYA,ITUATA,53.29,0.5329,0.0,100.0,1.0,0.0,100.0,1.0,2,3,0.6,0.0,,100.0,1.0,0.9,0.802987,5,0.354483,3,405.796042,65.356539,5.825633,0.354483
100602,HUANUCO,LEONCIO PRADO,DANIEL ALOMIA ROBLES,20.75,0.2075,0.0,100.0,1.0,0.0,100.0,1.0,3,2,0.4,0.0,,100.0,1.0,0.85,0.694548,5,0.354329,3,504.539057,74.371195,4.612991,0.354329
100902,HUANUCO,PUERTO INCA,CODO DEL POZUZO,69.12,0.6912,0.0,100.0,1.0,0.0,100.0,1.0,5,0,0.0,0.0,,100.0,1.0,0.75,0.696554,5,0.354047,3,625.572055,70.998127,4.781382,0.354047
190106,PASCO,PASCO,PALLANCHACRA,0.0,0.0,0.0,100.0,1.0,0.0,100.0,1.0,5,0,0.0,0.0,,100.0,1.0,0.75,0.576923,2,0.353942,3,304.035917,73.285858,7.68103,0.353942
030417,APURIMAC,AYMARAES,YANACA,31.75,0.3175,100.0,0.0,0.0,100.0,0.0,0.0,5,0,0.0,0.0,,100.0,1.0,0.25,0.210625,1,0.353906,3,376.233422,63.664084,6.396089,0.353906
050405,AYACUCHO,HUANTA,LURICOCHA,0.0,0.0,100.0,0.0,0.0,100.0,0.0,0.0,5,0,0.0,0.0,,100.0,1.0,0.25,0.192308,1,0.353696,3,353.138873,75.003935,5.385231,0.353696
151032,LIMA,YAUYOS,VIÑAC,14.29,0.1429,100.0,0.0,0.0,100.0,0.0,0.0,1,4,0.8,0.0,,100.0,1.0,0.45,0.360993,2,0.353468,3,399.931458,78.769818,5.011157,0.353468
030302,APURIMAC,ANTABAMBA,EL ORO,21.43,0.2143,100.0,0.0,0.0,100.0,0.0,0.0,5,0,0.0,0.0,,100.0,1.0,0.25,0.204671,1,0.353465,3,467.754849,50.557694,7.851773,0.353465
021506,ANCASH,PALLASCA,LACABAMBA,0.0,0.0,0.0,100.0,1.0,0.0,100.0,1.0,2,3,0.6,0.0,,100.0,1.0,0.9,0.692308,4,0.352782,3,502.421959,65.848126,6.027031,0.352782
230407,TACNA,TARATA,TARUCACHI,62.5,0.625,0.0,100.0,1.0,0.0,100.0,1.0,1,4,0.8,0.0,,100.0,1.0,0.95,0.867788,5,0.352604,3,269.608385,76.556224,7.504443,0.352604
060501,CAJAMARCA,CONTUMAZA,CONTUMAZA,15.32,0.1532,0.0,100.0,1.0,0.0,100.0,1.0,5,0,0.0,0.0,,100.0,1.0,0.75,0.603438,4,0.352599,3,529.759687,70.150463,5.907581,0.352599
010312,AMAZONAS,BONGARA,YAMBRASBAMBA,18.18,0.1818,0.0,100.0,1.0,0.0,100.0,1.0,5,0,0.0,0.0,,100.0,1.0,0.75,0.608388,4,0.35229,3,540.543266,70.769421,4.955564,0.35229
030504,APURIMAC,COTABAMBAS,HAQUIRA,12.99,0.1299,100.0,0.0,0.0,100.0,0.0,0.0,3,2,0.4,1.0,100.0,0.0,0.0,0.1,0.079921,1,0.352098,3,348.273196,75.791135,5.108446,0.352098
030711,APURIMAC,GRAU,TURPAY,0.0,0.0,100.0,0.0,0.0,100.0,0.0,0.0,5,0,0.0,0.0,,100.0,1.0,0.25,0.192308,1,0.351968,3,400.752252,62.745715,7.098455,0.351968
030407,APURIMAC,AYMARAES,IHUAYLLO,2.44,0.0244,0.0,100.0,1.0,100.0,0.0,0.0,1,4,0.8,0.0,,100.0,1.0,0.7,0.542403,2,0.351943,3,397.875894,63.482311,6.863393,0.351943
061311,CAJAMARCA,SANTA CRUZ,YAUYUCAN,0.0,0.0,0.0,100.0,1.0,0.0,100.0,1.0,2,3,0.6,0.0,,100.0,1.0,0.9,0.692308,4,0.351856,3,440.721169,72.295212,4.986817,0.351856
100606,HUANUCO,LEONCIO PRADO,MARIANO DAMASO BERAUN,15.79,0.1579,0.0,100.0,1.0,0.0,100.0,1.0,4,1,0.2,0.0,,100.0,1.0,0.8,0.644535,4,0.351417,3,505.140235,72.329134,4.884885,0.351417
021009,ANCASH,HUARI,MASIN,2.17,0.0217,0.0,100.0,1.0,0.0,100.0,1.0,3,2,0.4,1.0,0.0,100.0,1.0,0.85,0.658103,4,0.351385,3,524.446171,77.658141,5.839917,0.351385
030709,APURIMAC,GRAU,SAN ANTONIO,0.0,0.0,100.0,0.0,0.0,100.0,0.0,0.0,0,5,1.0,0.0,,100.0,1.0,0.5,0.384615,2,0.351322,3,452.896057,55.668445,8.057957,0.351322
020906,ANCASH,CORONGO,YANAC,0.0,0.0,0.0,100.0,1.0,0.0,100.0,1.0,3,2,0.4,0.0,,100.0,1.0,0.85,0.653846,4,0.350473,3,425.426351,73.817971,5.612459,0.350473
160509,LORETO,REQUENA,TAPICHE,100.0,1.0,0.0,100.0,1.0,0.0,100.0,1.0,0,5,1.0,0.0,,100.0,1.0,1.0,1.0,5,0.350252,3,516.537346,72.884021,5.398528,0.350252
060109,CAJAMARCA,CAJAMARCA,MAGDALENA,9.4,0.094,0.0,100.0,1.0,0.0,100.0,1.0,5,0,0.0,0.0,,100.0,1.0,0.75,0.593192,3,0.349913,2,417.18261,74.394018,4.625295,0.349913
200409,PIURA,MORROPON,SANTO DOMINGO,1.92,0.0192,0.0,100.0,1.0,0.0,100.0,1.0,1,4,0.8,0.0,,100.0,1.0,0.95,0.734978,5,0.349786,2,340.037815,75.280794,5.810543,0.349786
090112,HUANCAVELICA,HUANCAVELICA,MOYA,0.0,0.0,100.0,0.0,0.0,100.0,0.0,0.0,5,0,0.0,1.0,100.0,0.0,0.0,0.0,0.0,1,0.349719,2,548.470992,62.286675,6.858475,0.349719
101006,HUANUCO,LAURICOCHA,SAN FRANCISCO DE ASIS,3.23,0.0323,0.0,100.0,1.0,0.0,100.0,1.0,5,0,0.0,0.0,,100.0,1.0,0.75,0.582513,3,0.349698,2,359.008357,75.069153,5.801597,0.349698
040807,AREQUIPA,LA UNION,QUECHUALLA,30.56,0.3056,0.0,100.0,1.0,0.0,100.0,1.0,3,2,0.4,0.0,,100.0,1.0,0.85,0.713791,5,0.349683,2,483.756395,76.467945,7.025548,0.349683
010506,AMAZONAS,LUYA,INGUILPATA,0.0,0.0,0.0,100.0,1.0,0.0,100.0,1.0,4,1,0.2,1.0,0.0,100.0,1.0,0.8,0.615385,4,0.349613,2,383.757563,73.726804,5.322424,0.349613
211202,PUNO,SANDIA,CUYOCUYO,62.5,0.625,0.0,100.0,1.0,0.0,100.0,1.0,5,0,0.0,0.0,,100.0,1.0,0.75,0.685096,4,0.349524,2,327.47277,75.220402,5.895793,0.349524
050808,AYACUCHO,PAUCAR DEL SARA SARA,SAN JAVIER DE ALPABAMBA,0.0,0.0,0.0,100.0,1.0,100.0,0.0,0.0,3,2,0.4,0.0,,100.0,1.0,0.6,0.461538,2,0.349504,2,390.817593,72.686822,5.751987,0.349504
250202,UCAYALI,ATALAYA,SEPAHUA,40.0,0.4,0.0,100.0,1.0,0.0,100.0,1.0,2,3,0.6,0.0,,100.0,1.0,0.9,0.775385,5,0.349363,2,577.697356,60.108045,7.035719,0.349363
021205,ANCASH,HUAYLAS,MATO,0.0,0.0,0.0,100.0,1.0,0.0,100.0,1.0,3,2,0.4,0.0,,100.0,1.0,0.85,0.653846,4,0.349278,2,434.880724,81.761384,4.627309,0.349278
210106,PUNO,PUNO,CHUCUITO,3.92,0.0392,58.33,41.67,0.4167,50.0,50.0,0.5,5,0,0.0,1.0,100.0,0.0,0.0,0.229175,0.178362,1,0.349278,2,328.218158,69.002458,6.507479,0.349278
220104,SAN MARTIN,MOYOBAMBA,JEPELACIO,15.28,0.1528,0.0,100.0,1.0,0.0,100.0,1.0,5,0,0.0,0.0,,100.0,1.0,0.75,0.603369,4,0.349252,2,457.969668,73.87946,4.584831,0.349252
130304,LA LIBERTAD,BOLIVAR,LONGOTEA,2.33,0.0233,0.0,100.0,1.0,0.0,100.0,1.0,5,0,0.0,0.0,,100.0,1.0,0.75,0.580956,3,0.34925,2,416.692187,77.237916,6.10165,0.34925
080804,CUSCO,ESPINAR,OCORURO,56.5,0.565,100.0,0.0,0.0,100.0,0.0,0.0,5,0,0.0,0.0,,100.0,1.0,0.25,0.224904,1,0.349129,2,419.360687,68.345795,4.984552,0.349129
050608,AYACUCHO,LUCANAS,LARAMATE,52.94,0.5294,100.0,0.0,0.0,100.0,0.0,0.0,4,1,0.2,0.0,,100.0,1.0,0.3,0.26742,1,0.349126,2,400.512325,69.396437,6.789732,0.349126
220911,SAN MARTIN,SAN MARTIN,PAPAPLAYA,16.67,0.1667,0.0,100.0,1.0,0.0,100.0,1.0,2,3,0.6,0.0,,100.0,1.0,0.9,0.72693,5,0.349056,2,575.189202,72.588512,5.817668,0.349056
220802,SAN MARTIN,RIOJA,AWAJUN,5.0,0.05,0.0,100.0,1.0,0.0,100.0,1.0,5,0,0.0,0.0,,100.0,1.0,0.75,0.585577,3,0.349024,2,481.3273,73.803039,5.251594,0.349024
060310,CAJAMARCA,CELENDIN,SUCRE,5.26,0.0526,0.0,100.0,1.0,0.0,100.0,1.0,5,0,0.0,0.0,,100.0,1.0,0.75,0.586027,3,0.348747,2,433.705807,74.092782,4.942991,0.348747
060701,CAJAMARCA,HUALGAYOC,BAMBAMARCA,0.0,0.0,0.0,100.0,1.0,0.0,100.0,1.0,5,0,0.0,1.0,0.0,100.0,1.0,0.75,0.576923,2,0.348487,2,447.165853,76.336775,4.131982,0.348487
250401,UCAYALI,PURUS,PURUS,94.55,0.9455,0.0,100.0,1.0,0.0,100.0,1.0,1,4,0.8,0.0,,100.0,1.0,0.95,0.938052,5,0.348424,2,551.691331,67.273622,7.470126,0.348424
010309,AMAZONAS,BONGARA,SAN CARLOS,18.18,0.1818,0.0,100.0,1.0,0.0,100.0,1.0,2,3,0.6,0.0,,100.0,1.0,0.9,0.730066,5,0.348034,2,431.233928,69.177513,5.636559,0.348034
080201,CUSCO,ACOMAYO,ACOMAYO,4.71,0.0471,100.0,0.0,0.0,0.0,100.0,1.0,5,0,0.0,0.0,,100.0,1.0,0.5,0.39005,2,0.348009,2,487.248694,59.775488,5.493251,0.348009
131002,LA LIBERTAD,SANTIAGO DE CHUCO,ANGASMARCA,0.0,0.0,0.0,100.0,1.0,0.0,100.0,1.0,1,4,0.8,1.0,0.0,100.0,1.0,0.95,0.730769,5,0.347954,2,434.541425,80.939896,5.259777,0.347954
220604,SAN MARTIN,MARISCAL CACERES,PACHIZA,39.06,0.3906,0.0,100.0,1.0,0.0,100.0,1.0,3,2,0.4,0.0,,100.0,1.0,0.85,0.730464,5,0.347931,2,550.620089,72.620947,4.966669,0.347931
090611,HUANCAVELICA,HUAYTARA,SAN FRANCISCO DE SANGAYAICO,38.1,0.381,100.0,0.0,0.0,100.0,0.0,0.0,0,5,1.0,0.0,,100.0,1.0,0.5,0.428577,2,0.347703,2,374.099853,70.630066,5.897257,0.347703
100307,HUANUCO,DOS DE MAYO,CHUQUIS,11.22,0.1122,0.0,100.0,1.0,0.0,100.0,1.0,3,2,0.4,0.0,,100.0,1.0,0.85,0.675855,4,0.347239,2,517.657526,69.632,4.466251,0.347239
010517,AMAZONAS,LUYA,SAN FRANCISCO DEL YESO,10.34,0.1034,0.0,100.0,1.0,0.0,100.0,1.0,5,0,0.0,0.0,,100.0,1.0,0.75,0.594819,3,0.347107,2,686.879131,69.912742,3.923933,0.347107
010523,AMAZONAS,LUYA,TRITA,0.0,0.0,0.0,100.0,1.0,0.0,100.0,1.0,5,0,0.0,0.0,,100.0,1.0,0.75,0.576923,2,0.346581,2,464.230295,76.265398,5.087387,0.346581
160503,LORETO,REQUENA,CAPELO,64.29,0.6429,0.0,100.0,1.0,0.0,100.0,1.0,1,4,0.8,0.0,,100.0,1.0,0.95,0.871713,5,0.34636,2,406.662117,73.245771,6.360888,0.34636
101003,HUANUCO,LAURICOCHA,JIVIA,3.51,0.0351,0.0,100.0,1.0,0.0,100.0,1.0,5,0,0.0,0.0,,100.0,1.0,0.75,0.582998,3,0.346284,2,354.546777,71.84468,7.040532,0.346284
020511,ANCASH,BOLOGNESI,LA PRIMAVERA,7.69,0.0769,0.0,100.0,1.0,0.0,100.0,1.0,3,2,0.4,0.0,,100.0,1.0,0.85,0.66893,4,0.346076,2,287.412406,71.806345,7.274766,0.346076
061112,CAJAMARCA,SAN MIGUEL,TONGOD,0.0,0.0,0.0,100.0,1.0,0.0,100.0,1.0,5,0,0.0,1.0,0.0,100.0,1.0,0.75,0.576923,2,0.345878,2,320.527365,73.958912,5.60229,0.345878
100705,HUANUCO,MARAÑON,SANTA ROSA DE ALTO YANAJANCA,7.69,0.0769,0.0,100.0,1.0,0.0,100.0,1.0,2,3,0.6,1.0,0.0,100.0,1.0,0.9,0.708279,5,0.345833,2,567.656414,64.777534,5.077587,0.345833
080408,CUSCO,CALCA,YANATILE,50.0,0.5,100.0,0.0,0.0,100.0,0.0,0.0,5,0,0.0,1.0,100.0,0.0,0.0,0.0,0.0,1,0.345829,2,367.661841,71.923561,5.5366,0.345829
010104,AMAZONAS,CHACHAPOYAS,CHETO,25.0,0.25,0.0,100.0,1.0,0.0,100.0,1.0,2,3,0.6,0.0,,100.0,1.0,0.9,0.744231,5,0.345746,2,398.663339,77.528252,4.584966,0.345746
160604,LORETO,UCAYALI,PAMPA HERMOSA,80.56,0.8056,0.0,100.0,1.0,0.0,100.0,1.0,2,3,0.6,0.0,,100.0,1.0,0.9,0.859625,5,0.34559,2,502.887742,71.884251,5.680489,0.34559
210702,PUNO,LAMPA,CABANILLA,3.64,0.0364,100.0,0.0,0.0,33.33,66.67,0.6667,5,0,0.0,0.0,,100.0,1.0,0.416675,0.324019,2,0.345523,2,280.164455,77.364912,6.65527,0.345523
060608,CAJAMARCA,CUTERVO,SAN ANDRES DE CUTERVO,7.14,0.0714,0.0,100.0,1.0,0.0,100.0,1.0,2,3,0.6,0.0,,100.0,1.0,0.9,0.707137,5,0.345362,2,376.489275,75.830699,5.488101,0.345362
040804,AREQUIPA,LA UNION,HUAYNACOTAS,76.24,0.7624,0.0,100.0,1.0,0.0,100.0,1.0,3,2,0.4,0.0,,100.0,1.0,0.85,0.803394,5,0.344836,2,378.652374,84.593833,5.136384,0.344836
210803,PUNO,MELGAR,CUPI,27.72,0.2772,100.0,0.0,0.0,100.0,0.0,0.0,5,0,0.0,0.0,,100.0,1.0,0.25,0.2083,1,0.344802,2,277.607901,69.413672,7.561605,0.344802
090311,HUANCAVELICA,ANGARAES,SANTO TOMAS DE PATA,4.76,0.0476,100.0,0.0,0.0,100.0,0.0,0.0,3,2,0.4,0.0,,100.0,1.0,0.35,0.273075,2,0.344695,2,414.363707,70.867349,5.503747,0.344695
010120,AMAZONAS,CHACHAPOYAS,SOLOCO,38.46,0.3846,0.0,100.0,1.0,0.0,100.0,1.0,2,3,0.6,0.0,,100.0,1.0,0.9,0.772186,5,0.344628,2,481.788671,74.397124,4.742332,0.344628
050910,AYACUCHO,SUCRE,SANTIAGO DE PAUCARAY,2.5,0.025,100.0,0.0,0.0,100.0,0.0,0.0,3,2,0.4,0.0,,100.0,1.0,0.35,0.27125,2,0.344391,2,436.964147,68.263612,5.574527,0.344391
200209,PIURA,AYABACA,SICCHEZ,0.0,0.0,0.0,100.0,1.0,0.0,100.0,1.0,5,0,0.0,1.0,0.0,100.0,1.0,0.75,0.576923,2,0.344282,2,463.552208,71.901843,5.574599,0.344282
050802,AYACUCHO,PAUCAR DEL SARA SARA,COLTA,0.0,0.0,100.0,0.0,0.0,100.0,0.0,0.0,2,3,0.6,1.0,100.0,0.0,0.0,0.15,0.115385,1,0.343975,2,377.028611,67.035813,6.802041,0.343975
090717,HUANCAVELICA,TAYACAJA,SURCUBAMBA,0.0,0.0,100.0,0.0,0.0,100.0,0.0,0.0,1,4,0.8,1.0,100.0,0.0,0.0,0.2,0.153846,1,0.3436,2,406.2834,66.340613,4.961316,0.3436
150725,LIMA,HUAROCHIRI,SAN PEDRO DE HUANCAYRE,8.33,0.0833,0.0,100.0,1.0,100.0,0.0,0.0,0,5,1.0,0.0,,100.0,1.0,0.75,0.59134,3,0.343482,2,297.541049,75.061237,7.797867,0.343482
190306,PASCO,OXAPAMPA,PUERTO BERMUDEZ,41.73,0.4173,0.0,100.0,1.0,0.0,100.0,1.0,5,0,0.0,1.0,0.0,100.0,1.0,0.75,0.649148,4,0.343383,2,419.163547,69.607029,6.420427,0.343383
100802,HUANUCO,PACHITEA,CHAGLLA,34.29,0.3429,0.0,100.0,1.0,0.0,100.0,1.0,5,0,0.0,0.0,,100.0,1.0,0.75,0.636271,4,0.343377,2,541.215455,72.046678,4.010338,0.343377
190303,PASCO,OXAPAMPA,HUANCABAMBA,41.57,0.4157,0.0,100.0,1.0,0.0,100.0,1.0,5,0,0.0,1.0,0.0,100.0,1.0,0.75,0.648871,4,0.343007,2,477.385897,71.760792,5.278019,0.343007
080606,CUSCO,CANCHIS,SAN PABLO,16.67,0.1667,0.0,100.0,1.0,0.0,100.0,1.0,5,0,0.0,0.0,,100.0,1.0,0.75,0.605775,4,0.342999,2,334.187525,73.739817,5.348379,0.342999
050907,AYACUCHO,SUCRE,PAICO,4.55,0.0455,100.0,0.0,0.0,100.0,0.0,0.0,5,0,0.0,0.0,,100.0,1.0,0.25,0.194933,1,0.342982,2,452.666672,63.326694,6.337118,0.342982
131104,LA LIBERTAD,GRAN CHIMU,SAYAPULLO,2.13,0.0213,0.0,100.0,1.0,0.0,100.0,1.0,2,3,0.6,1.0,0.0,100.0,1.0,0.9,0.696732,5,0.342687,2,535.935807,75.81813,4.401614,0.342687
051108,AYACUCHO,VILCAS HUAMAN,VISCHONGO,0.0,0.0,100.0,0.0,0.0,100.0,0.0,0.0,3,2,0.4,0.0,,100.0,1.0,0.35,0.269231,1,0.34213,2,391.927602,72.396489,4.840737,0.34213
021209,ANCASH,HUAYLAS,SANTO TORIBIO,35.29,0.3529,0.0,100.0,1.0,0.0,100.0,1.0,1,4,0.8,0.0,,100.0,1.0,0.95,0.808136,5,0.342048,2,348.70905,76.996502,5.551053,0.342048
010117,AMAZONAS,CHACHAPOYAS,QUINJALCA,2.56,0.0256,0.0,100.0,1.0,0.0,100.0,1.0,2,3,0.6,1.0,0.0,100.0,1.0,0.9,0.697625,5,0.341954,2,494.980853,73.322438,3.730425,0.341954
200301,PIURA,HUANCABAMBA,HUANCABAMBA,0.0,0.0,0.0,100.0,1.0,0.0,100.0,1.0,5,0,0.0,0.0,,100.0,1.0,0.75,0.576923,2,0.341904,2,406.319492,65.359631,5.350983,0.341904
061005,CAJAMARCA,SAN MARCOS,ICHOCAN,0.0,0.0,0.0,100.0,1.0,0.0,100.0,1.0,2,3,0.6,0.0,,100.0,1.0,0.9,0.692308,4,0.34179,2,435.900751,68.762219,5.620034,0.34179
010502,AMAZONAS,LUYA,CAMPORREDONDO,2.44,0.0244,0.0,100.0,1.0,0.0,100.0,1.0,3,2,0.4,1.0,0.0,100.0,1.0,0.85,0.658632,4,0.341757,2,517.60686,69.65739,5.610592,0.341757
230403,TACNA,TARATA,ESTIQUE,71.43,0.7143,50.0,50.0,0.5,0.0,100.0,1.0,5,0,0.0,0.0,,100.0,1.0,0.625,0.583793,3,0.341596,2,273.033796,80.475587,6.98145,0.341596
190102,PASCO,PASCO,HUACHON,54.95,0.5495,0.0,100.0,1.0,0.0,100.0,1.0,5,0,0.0,1.0,0.0,100.0,1.0,0.75,0.672029,4,0.341406,2,295.17418,73.815335,6.496463,0.341406
150804,LIMA,HUAURA,CHECRAS,0.0,0.0,100.0,0.0,0.0,100.0,0.0,0.0,3,2,0.4,0.0,,100.0,1.0,0.35,0.269231,1,0.34139,2,423.174426,78.290699,3.403545,0.34139
060110,CAJAMARCA,CAJAMARCA,MATARA,0.0,0.0,0.0,100.0,1.0,0.0,100.0,1.0,5,0,0.0,0.0,,100.0,1.0,0.75,0.576923,2,0.34125,2,493.060373,75.287337,4.396823,0.34125
210115,PUNO,PUNO,VILQUE,0.0,0.0,100.0,0.0,0.0,100.0,0.0,0.0,4,1,0.2,0.0,,100.0,1.0,0.3,0.230769,1,0.341196,2,287.293203,67.837583,6.923463,0.341196
090404,HUANCAVELICA,CASTROVIRREYNA,CAPILLAS,52.51,0.5251,100.0,0.0,0.0,100.0,0.0,0.0,3,2,0.4,0.0,,100.0,1.0,0.35,0.311643,2,0.341117,2,446.735581,59.282312,7.126424,0.341117
190205,PASCO,DANIEL ALCIDES CARRION,SAN PEDRO DE PILLAO,5.71,0.0571,0.0,100.0,1.0,0.0,100.0,1.0,5,0,0.0,0.0,,100.0,1.0,0.75,0.586806,3,0.341064,2,263.110695,73.5113,7.55969,0.341064
100401,HUANUCO,HUACAYBAMBA,HUACAYBAMBA,18.02,0.1802,0.0,100.0,1.0,0.0,100.0,1.0,2,3,0.6,0.0,,100.0,1.0,0.9,0.729734,5,0.341046,2,421.863075,74.117615,5.600459,0.341046
080602,CUSCO,CANCHIS,CHECACUPE,66.29,0.6629,100.0,0.0,0.0,0.0,100.0,1.0,5,0,0.0,0.0,,100.0,1.0,0.5,0.461104,2,0.340911,2,302.53842,74.278279,5.816184,0.340911
030205,APURIMAC,ANDAHUAYLAS,HUANCARAY,3.12,0.0312,100.0,0.0,0.0,100.0,0.0,0.0,5,0,0.0,1.0,100.0,0.0,0.0,0.0,0.0,1,0.340807,2,413.576993,75.230253,4.105695,0.340807
061306,CAJAMARCA,SANTA CRUZ,NINABAMBA,0.0,0.0,0.0,100.0,1.0,0.0,100.0,1.0,3,2,0.4,1.0,0.0,100.0,1.0,0.85,0.653846,4,0.340735,2,371.377402,69.387535,6.210494,0.340735
050203,AYACUCHO,CANGALLO,LOS MOROCHUCOS,0.0,0.0,100.0,0.0,0.0,100.0,0.0,0.0,2,3,0.6,0.0,,100.0,1.0,0.4,0.307692,2,0.34068,2,292.886529,82.165118,5.013679,0.34068
110208,ICA,CHINCHA,SAN JUAN DE YANAC,76.71,0.7671,0.0,100.0,1.0,0.0,100.0,1.0,5,0,0.0,0.0,,100.0,1.0,0.75,0.70969,5,0.340635,2,292.112682,74.073054,7.521722,0.340635
101103,HUANUCO,YAROWILCA,CHACABAMBA,0.0,0.0,0.0,100.0,1.0,0.0,100.0,1.0,5,0,0.0,0.0,,100.0,1.0,0.75,0.576923,2,0.340452,2,270.338213,76.560608,6.195178,0.340452
020904,ANCASH,CORONGO,CUSCA,20.83,0.2083,0.0,100.0,1.0,0.0,100.0,1.0,3,2,0.4,0.0,,100.0,1.0,0.85,0.694705,5,0.340247,2,339.048784,73.785111,5.735442,0.340247
080306,CUSCO,ANTA,LIMATAMBO,6.11,0.0611,100.0,0.0,0.0,100.0,0.0,0.0,4,1,0.2,1.0,100.0,0.0,0.0,0.05,0.039167,1,0.340182,2,394.561125,71.109915,5.376243,0.340182
220510,SAN MARTIN,LAMAS,TABALOSOS,8.7,0.087,0.0,100.0,1.0,0.0,100.0,1.0,5,0,0.0,0.0,,100.0,1.0,0.75,0.591981,3,0.339578,2,426.034243,71.020106,5.08647,0.339578
210404,PUNO,CHUCUITO,KELLUYO,23.53,0.2353,0.0,100.0,1.0,0.0,100.0,1.0,1,4,0.8,0.0,,100.0,1.0,0.95,0.782354,5,0.339543,2,229.369735,75.633127,8.009432,0.339543
090713,HUANCAVELICA,TAYACAJA,QUISHUAR,0.0,0.0,100.0,0.0,0.0,100.0,0.0,0.0,1,4,0.8,0.0,,100.0,1.0,0.45,0.346154,2,0.339496,2,437.316235,78.191386,4.163714,0.339496
080701,CUSCO,CHUMBIVILCAS,SANTO TOMAS,27.12,0.2712,100.0,0.0,0.0,100.0,0.0,0.0,5,0,0.0,0.0,,100.0,1.0,0.25,0.207954,1,0.339324,2,388.712888,67.856769,5.206321,0.339324
160703,LORETO,DATEM DEL MARAÑON,MANSERICHE,67.92,0.6792,0.0,100.0,1.0,0.0,100.0,1.0,2,3,0.6,0.0,,100.0,1.0,0.9,0.833372,5,0.339251,2,482.26181,72.333054,5.828127,0.339251
160104,LORETO,MAYNAS,INDIANA,26.67,0.2667,92.31,7.69,0.0769,100.0,0.0,0.0,2,3,0.6,1.0,100.0,0.0,0.0,0.169225,0.140588,1,0.338709,2,404.409711,76.248661,5.856124,0.338709
010505,AMAZONAS,LUYA,CONILA,47.62,0.4762,0.0,100.0,1.0,0.0,100.0,1.0,3,2,0.4,1.0,0.0,100.0,1.0,0.85,0.747255,5,0.338649,2,372.457006,75.971102,4.670175,0.338649
220508,SAN MARTIN,LAMAS,SAN ROQUE DE CUMBAZA,0.0,0.0,0.0,100.0,1.0,0.0,100.0,1.0,5,0,0.0,0.0,,100.0,1.0,0.75,0.576923,2,0.338603,2,492.445133,72.65789,4.531564,0.338603
090405,HUANCAVELICA,CASTROVIRREYNA,CHUPAMARCA,40.58,0.4058,100.0,0.0,0.0,100.0,0.0,0.0,2,3,0.6,1.0,100.0,0.0,0.0,0.15,0.129432,1,0.338513,2,310.932707,72.185764,6.727571,0.338513
010508,AMAZONAS,LUYA,LONYA CHICO,0.0,0.0,0.0,100.0,1.0,0.0,100.0,1.0,2,3,0.6,0.0,,100.0,1.0,0.9,0.692308,4,0.338262,2,473.300329,73.620438,4.82611,0.338262
150606,LIMA,HUARAL,IHUARI,2.82,0.0282,100.0,0.0,0.0,100.0,0.0,0.0,5,0,0.0,0.0,,100.0,1.0,0.25,0.193935,1,0.338208,2,323.613785,77.084833,5.731382,0.338208
020110,ANCASH,HUARAZ,PARIACOTO,0.0,0.0,0.0,100.0,1.0,0.0,100.0,1.0,5,0,0.0,1.0,0.0,100.0,1.0,0.75,0.576923,2,0.338115,2,368.762329,73.038216,5.289875,0.338115
030603,APURIMAC,CHINCHEROS,COCHARCAS,0.0,0.0,100.0,0.0,0.0,100.0,0.0,0.0,4,1,0.2,1.0,100.0,0.0,0.0,0.05,0.038462,1,0.337762,2,356.768597,71.942277,5.040524,0.337762
060602,CAJAMARCA,CUTERVO,CALLAYUC,0.0,0.0,0.0,100.0,1.0,0.0,100.0,1.0,3,2,0.4,1.0,0.0,100.0,1.0,0.85,0.653846,4,0.337608,2,532.676257,75.945906,3.943688,0.337608
250201,UCAYALI,ATALAYA,RAYMONDI,67.36,0.6736,0.0,100.0,1.0,0.0,100.0,1.0,2,3,0.6,0.0,,100.0,1.0,0.9,0.832209,5,0.337564,2,542.044738,60.435493,6.283041,0.337564
080403,CUSCO,CALCA,LAMAY,3.66,0.0366,100.0,0.0,0.0,100.0,0.0,0.0,5,0,0.0,0.0,,100.0,1.0,0.25,0.194419,1,0.337324,2,338.433853,75.904121,5.114447,0.337324
030106,APURIMAC,ABANCAY,LAMBRAMA,22.37,0.2237,100.0,0.0,0.0,100.0,0.0,0.0,2,3,0.6,1.0,100.0,0.0,0.0,0.15,0.123128,1,0.337006,2,395.041785,70.057249,4.455844,0.337006
210504,PUNO,EL COLLAO,SANTA ROSA,72.41,0.7241,0.0,100.0,1.0,50.0,50.0,0.5,5,0,0.0,1.0,100.0,0.0,0.0,0.375,0.351124,2,0.336724,2,270.840516,79.368965,6.384918,0.336724
030306,APURIMAC,ANTABAMBA,PACHACONAS,72.73,0.7273,100.0,0.0,0.0,100.0,0.0,0.0,5,0,0.0,1.0,100.0,0.0,0.0,0.0,0.0,1,0.336641,2,501.414136,52.399833,7.112484,0.336641
080808,CUSCO,ESPINAR,ALTO PICHIGUA,7.77,0.0777,100.0,0.0,0.0,100.0,0.0,0.0,4,1,0.2,0.0,,100.0,1.0,0.3,0.236148,1,0.336571,2,457.550152,64.75108,4.904043,0.336571
100504,HUANUCO,HUAMALIES,JACAS GRANDE,8.33,0.0833,0.0,100.0,1.0,0.0,100.0,1.0,2,3,0.6,0.0,,100.0,1.0,0.9,0.709608,5,0.336248,2,382.628066,78.110494,4.697073,0.336248
220603,SAN MARTIN,MARISCAL CACERES,HUICUNGO,63.41,0.6341,0.0,100.0,1.0,0.0,100.0,1.0,3,2,0.4,0.0,,100.0,1.0,0.85,0.778227,5,0.335926,2,475.176489,72.827064,5.347618,0.335926
221004,SAN MARTIN,TOCACHE,SHUNTE,42.86,0.4286,0.0,100.0,1.0,0.0,100.0,1.0,3,2,0.4,0.0,,100.0,1.0,0.85,0.737918,5,0.335618,2,485.25588,69.893355,5.231953,0.335618
020701,ANCASH,CARLOS FERMIN FITZCARRALD,SAN LUIS,5.8,0.058,0.0,100.0,1.0,0.0,100.0,1.0,5,0,0.0,0.0,,100.0,1.0,0.75,0.586962,3,0.335288,2,404.059558,74.753618,4.92056,0.335288
160404,LORETO,MARISCAL RAMON CASTILLA,SAN PABLO,59.52,0.5952,100.0,0.0,0.0,100.0,0.0,0.0,2,3,0.6,1.0,100.0,0.0,0.0,0.15,0.135988,1,0.335222,2,529.388467,69.684874,5.287858,0.335222
090402,HUANCAVELICA,CASTROVIRREYNA,ARMA,25.77,0.2577,100.0,0.0,0.0,100.0,0.0,0.0,4,1,0.2,1.0,100.0,0.0,0.0,0.05,0.041435,1,0.335098,2,369.640502,68.895583,6.105182,0.335098
050803,AYACUCHO,PAUCAR DEL SARA SARA,CORCULLA,0.0,0.0,100.0,0.0,0.0,100.0,0.0,0.0,4,1,0.2,0.0,,100.0,1.0,0.3,0.230769,1,0.334916,2,475.104583,65.620822,7.083279,0.334916
080305,CUSCO,ANTA,HUAROCONDO,15.31,0.1531,100.0,0.0,0.0,100.0,0.0,0.0,5,0,0.0,1.0,100.0,0.0,0.0,0.0,0.0,1,0.334837,2,320.875103,78.428462,5.306039,0.334837
060614,CAJAMARCA,CUTERVO,SOCOTA,0.0,0.0,0.0,100.0,1.0,0.0,100.0,1.0,5,0,0.0,0.0,,100.0,1.0,0.75,0.576923,2,0.334465,2,360.151056,75.740255,4.850231,0.334465
020510,ANCASH,BOLOGNESI,HUAYLLACAYAN,6.74,0.0674,0.0,100.0,1.0,0.0,100.0,1.0,5,0,0.0,0.0,,100.0,1.0,0.75,0.588588,3,0.334208,2,285.18211,75.71864,5.775122,0.334208
080504,CUSCO,CANAS,LANGUI,0.0,0.0,100.0,0.0,0.0,100.0,0.0,0.0,4,1,0.2,1.0,100.0,0.0,0.0,0.05,0.038462,1,0.333558,2,324.527022,64.766998,5.693189,0.333558
020109,ANCASH,HUARAZ,PAMPAS GRANDE,5.56,0.0556,0.0,100.0,1.0,0.0,100.0,1.0,3,2,0.4,0.0,,100.0,1.0,0.85,0.664752,4,0.333532,2,310.694931,70.035804,6.488857,0.333532
061201,CAJAMARCA,SAN PABLO,SAN PABLO,0.0,0.0,0.0,100.0,1.0,0.0,100.0,1.0,5,0,0.0,0.0,,100.0,1.0,0.75,0.576923,2,0.333418,2,426.737348,65.701034,5.377079,0.333418
030403,APURIMAC,AYMARAES,CARAYBAMBA,76.92,0.7692,100.0,0.0,0.0,100.0,0.0,0.0,3,2,0.4,0.0,,100.0,1.0,0.35,0.331358,2,0.333377,2,341.029814,65.397956,6.694035,0.333377
021004,ANCASH,HUARI,CHAVIN DE HUANTAR,5.48,0.0548,0.0,100.0,1.0,0.0,100.0,1.0,5,0,0.0,0.0,,100.0,1.0,0.75,0.586408,3,0.333317,2,377.353399,75.717869,4.848324,0.333317
220502,SAN MARTIN,LAMAS,ALONSO DE ALVARADO,5.0,0.05,0.0,100.0,1.0,0.0,100.0,1.0,3,2,0.4,0.0,,100.0,1.0,0.85,0.663654,4,0.333305,2,416.119216,71.412661,4.50523,0.333305
120426,JUNIN,JAUJA,POMACANCHA,23.53,0.2353,100.0,0.0,0.0,100.0,0.0,0.0,1,4,0.8,0.0,,100.0,1.0,0.45,0.370589,2,0.33309,2,463.095539,69.330484,4.926899,0.33309
030412,APURIMAC,AYMARAES,SAÑAYCA,54.55,0.5455,100.0,0.0,0.0,100.0,0.0,0.0,1,4,0.8,0.0,,100.0,1.0,0.45,0.402802,2,0.333049,2,365.696262,67.140605,5.712426,0.333049
100607,HUANUCO,LEONCIO PRADO,PUCAYACU,0.0,0.0,0.0,100.0,1.0,0.0,100.0,1.0,5,0,0.0,0.0,,100.0,1.0,0.75,0.576923,2,0.332751,2,553.211523,70.033232,4.496116,0.332751
051007,AYACUCHO,VICTOR FAJARDO,COLCA,0.0,0.0,100.0,0.0,0.0,100.0,0.0,0.0,5,0,0.0,0.0,,100.0,1.0,0.25,0.192308,1,0.332559,2,355.664935,79.877333,5.471141,0.332559
210708,PUNO,LAMPA,PUCARA,32.2,0.322,50.0,50.0,0.5,75.0,25.0,0.25,4,1,0.2,1.0,100.0,0.0,0.0,0.2375,0.20034,1,0.332186,2,249.290685,76.362073,6.3439,0.332186
050501,AYACUCHO,LA MAR,SAN MIGUEL,3.51,0.0351,100.0,0.0,0.0,100.0,0.0,0.0,5,0,0.0,0.0,,100.0,1.0,0.25,0.194333,1,0.332045,2,317.916103,76.070703,4.851251,0.332045
020302,ANCASH,ANTONIO RAYMONDI,ACZO,0.0,0.0,0.0,100.0,1.0,0.0,100.0,1.0,4,1,0.2,0.0,,100.0,1.0,0.8,0.615385,4,0.331968,2,318.508103,71.490393,6.449102,0.331968
061003,CAJAMARCA,SAN MARCOS,EDUARDO VILLANUEVA,0.0,0.0,0.0,100.0,1.0,0.0,100.0,1.0,3,2,0.4,1.0,0.0,100.0,1.0,0.85,0.653846,4,0.331876,2,484.490916,68.070402,5.113441,0.331876
030108,APURIMAC,ABANCAY,SAN PEDRO DE CACHORA,21.67,0.2167,100.0,0.0,0.0,100.0,0.0,0.0,5,0,0.0,1.0,100.0,0.0,0.0,0.0,0.0,1,0.331681,2,373.558764,71.55121,4.951497,0.331681
120204,JUNIN,CONCEPCION,CHAMBARA,0.0,0.0,0.0,100.0,1.0,0.0,100.0,1.0,2,3,0.6,0.0,,100.0,1.0,0.9,0.692308,4,0.331443,2,297.074196,71.045355,6.831665,0.331443
160502,LORETO,REQUENA,ALTO TAPICHE,86.67,0.8667,0.0,100.0,1.0,0.0,100.0,1.0,2,3,0.6,0.0,,100.0,1.0,0.9,0.872315,5,0.331395,2,431.39479,72.882931,5.412771,0.331395
151027,LIMA,YAUYOS,SAN PEDRO DE PILAS,77.27,0.7727,100.0,0.0,0.0,100.0,0.0,0.0,3,2,0.4,0.0,,100.0,1.0,0.35,0.331641,2,0.331201,2,264.939249,73.042184,6.897284,0.331201
160206,LORETO,ALTO AMAZONAS,LAGUNAS,36.36,0.3636,0.0,100.0,1.0,0.0,100.0,1.0,2,3,0.6,0.0,,100.0,1.0,0.9,0.767825,5,0.331089,2,409.052779,74.473417,5.941859,0.331089
010516,AMAZONAS,LUYA,SAN CRISTOBAL,0.0,0.0,0.0,100.0,1.0,0.0,100.0,1.0,2,3,0.6,0.0,,100.0,1.0,0.9,0.692308,4,0.331047,2,434.232647,72.917446,4.291148,0.331047
200407,PIURA,MORROPON,SAN JUAN DE BIGOTE,0.0,0.0,0.0,100.0,1.0,0.0,100.0,1.0,2,3,0.6,0.0,,100.0,1.0,0.9,0.692308,4,0.33086,2,342.447595,74.762468,4.819032,0.33086
060410,CAJAMARCA,CHOTA,LAJAS,0.0,0.0,0.0,100.0,1.0,0.0,100.0,1.0,3,2,0.4,0.0,,100.0,1.0,0.85,0.653846,4,0.33058,2,402.818978,71.828714,4.316583,0.33058
060903,CAJAMARCA,SAN IGNACIO,HUARANGO,2.06,0.0206,0.0,100.0,1.0,0.0,100.0,1.0,5,0,0.0,1.0,0.0,100.0,1.0,0.75,0.580488,3,0.330543,2,360.349693,74.038886,5.069382,0.330543
160403,LORETO,MARISCAL RAMON CASTILLA,YAVARI,72.13,0.7213,100.0,0.0,0.0,100.0,0.0,0.0,2,3,0.6,0.0,,100.0,1.0,0.4,0.374274,2,0.330381,2,502.997664,69.515402,5.892563,0.330381
051006,AYACUCHO,VICTOR FAJARDO,CAYARA,0.0,0.0,100.0,0.0,0.0,100.0,0.0,0.0,5,0,0.0,0.0,,100.0,1.0,0.25,0.192308,1,0.330134,2,286.529182,77.15155,5.354018,0.330134
030218,APURIMAC,ANDAHUAYLAS,TURPO,0.0,0.0,100.0,0.0,0.0,100.0,0.0,0.0,5,0,0.0,0.0,,100.0,1.0,0.25,0.192308,1,0.32996,2,347.948305,76.613992,4.148959,0.32996
050502,AYACUCHO,LA MAR,ANCO,3.51,0.0351,100.0,0.0,0.0,100.0,0.0,0.0,3,2,0.4,0.0,,100.0,1.0,0.35,0.272066,2,0.329762,2,297.126282,80.339926,5.180462,0.329762
061109,CAJAMARCA,SAN MIGUEL,NIEPOS,11.63,0.1163,0.0,100.0,1.0,0.0,100.0,1.0,3,2,0.4,1.0,0.0,100.0,1.0,0.85,0.676659,4,0.329736,2,346.460653,74.923044,5.741524,0.329736
211102,PUNO,SAN ROMAN,CABANA,0.0,0.0,66.67,33.33,0.3333,50.0,50.0,0.5,3,2,0.4,0.0,,100.0,1.0,0.558325,0.429481,2,0.329506,2,260.560886,72.208745,6.62741,0.329506
060803,CAJAMARCA,JAEN,CHONTALI,10.53,0.1053,0.0,100.0,1.0,0.0,100.0,1.0,3,2,0.4,1.0,0.0,100.0,1.0,0.85,0.674501,4,0.329493,2,366.110204,75.20381,5.301073,0.329493
051101,AYACUCHO,VILCAS HUAMAN,VILCAS HUAMAN,0.0,0.0,100.0,0.0,0.0,100.0,0.0,0.0,4,1,0.2,0.0,,100.0,1.0,0.3,0.230769,1,0.329249,2,418.504091,68.411434,4.66932,0.329249
051010,AYACUCHO,VICTOR FAJARDO,HUAYA,18.16,0.1816,100.0,0.0,0.0,100.0,0.0,0.0,2,3,0.6,0.0,,100.0,1.0,0.4,0.324455,2,0.329174,2,334.228716,77.993803,5.343195,0.329174
061307,CAJAMARCA,SANTA CRUZ,PULAN,0.0,0.0,0.0,100.0,1.0,0.0,100.0,1.0,3,2,0.4,0.0,,100.0,1.0,0.85,0.653846,4,0.329126,2,336.793782,73.403057,5.341483,0.329126
061302,CAJAMARCA,SANTA CRUZ,ANDABAMBA,0.0,0.0,0.0,100.0,1.0,0.0,100.0,1.0,0,5,1.0,1.0,0.0,100.0,1.0,1.0,0.769231,5,0.329024,2,322.179341,73.958527,5.781974,0.329024
210804,PUNO,MELGAR,LLALLI,70.45,0.7045,0.0,100.0,1.0,0.0,100.0,1.0,5,0,0.0,0.0,,100.0,1.0,0.75,0.698856,5,0.328979,2,258.510079,74.100626,6.442175,0.328979
120120,JUNIN,HUANCAYO,HUASICANCHA,8.33,0.0833,0.0,100.0,1.0,0.0,100.0,1.0,1,4,0.8,0.0,,100.0,1.0,0.95,0.749031,5,0.328706,2,308.636015,74.328057,6.388115,0.328706
130301,LA LIBERTAD,BOLIVAR,BOLIVAR,20.65,0.2065,0.0,100.0,1.0,0.0,100.0,1.0,5,0,0.0,0.0,,100.0,1.0,0.75,0.612663,4,0.328581,2,347.059462,76.74338,5.614259,0.328581
220602,SAN MARTIN,MARISCAL CACERES,CAMPANILLA,24.71,0.2471,0.0,100.0,1.0,0.0,100.0,1.0,3,2,0.4,1.0,0.0,100.0,1.0,0.85,0.702316,5,0.328579,2,415.09251,71.61289,5.044723,0.328579
030705,APURIMAC,GRAU,MAMARA,5.88,0.0588,100.0,0.0,0.0,100.0,0.0,0.0,1,4,0.8,1.0,100.0,0.0,0.0,0.2,0.15656,1,0.328507,2,400.672717,59.074289,6.291972,0.328507
051103,AYACUCHO,VILCAS HUAMAN,CARHUANCA,0.0,0.0,0.0,100.0,1.0,0.0,100.0,1.0,0,5,1.0,0.0,,100.0,1.0,1.0,0.769231,5,0.328353,2,434.909623,71.807053,4.987236,0.328353
090718,HUANCAVELICA,TAYACAJA,TINTAY PUNCU,41.07,0.4107,100.0,0.0,0.0,100.0,0.0,0.0,5,0,0.0,0.0,,100.0,1.0,0.25,0.216002,1,0.328338,2,390.332678,67.625314,5.452125,0.328338
151031,LIMA,YAUYOS,TUPE,15.79,0.1579,100.0,0.0,0.0,100.0,0.0,0.0,0,5,1.0,0.0,,100.0,1.0,0.5,0.402835,2,0.328191,2,418.424403,77.030114,6.403348,0.328191
080605,CUSCO,CANCHIS,PITUMARCA,91.23,0.9123,0.0,100.0,1.0,100.0,0.0,0.0,5,0,0.0,1.0,100.0,0.0,0.0,0.25,0.24494,1,0.327983,2,407.912652,74.937268,4.16362,0.327983
210111,PUNO,PUNO,PICHACANI,47.5,0.475,100.0,0.0,0.0,66.67,33.33,0.3333,2,3,0.6,1.0,100.0,0.0,0.0,0.233325,0.205057,1,0.327923,2,293.189887,68.170365,6.085206,0.327923
030408,APURIMAC,AYMARAES,JUSTO APU SAHUARAURA,8.54,0.0854,100.0,0.0,0.0,100.0,0.0,0.0,3,2,0.4,0.0,,100.0,1.0,0.35,0.276128,2,0.32789,2,380.53589,62.330861,5.869547,0.32789
100702,HUANUCO,MARAÑON,CHOLON,21.88,0.2188,0.0,100.0,1.0,0.0,100.0,1.0,2,3,0.6,0.0,,100.0,1.0,0.9,0.737751,5,0.32782,2,428.102816,66.536407,5.354469,0.32782
050706,AYACUCHO,PARINACOCHAS,PUYUSCA,19.35,0.1935,100.0,0.0,0.0,100.0,0.0,0.0,1,4,0.8,0.0,,100.0,1.0,0.45,0.366248,2,0.327814,2,384.972317,60.886831,5.745759,0.327814
220509,SAN MARTIN,LAMAS,SHANAO,0.0,0.0,0.0,100.0,1.0,0.0,100.0,1.0,3,2,0.4,0.0,,100.0,1.0,0.85,0.653846,4,0.327582,2,407.5566,69.687432,4.750253,0.327582
050704,AYACUCHO,PARINACOCHAS,PACAPAUSA,13.56,0.1356,100.0,0.0,0.0,100.0,0.0,0.0,3,2,0.4,1.0,100.0,0.0,0.0,0.1,0.080052,1,0.32754,2,334.773726,61.596033,5.957806,0.32754
010512,AMAZONAS,LUYA,OCALLI,0.0,0.0,0.0,100.0,1.0,0.0,100.0,1.0,5,0,0.0,1.0,0.0,100.0,1.0,0.75,0.576923,2,0.327353,2,468.619198,68.424241,5.440724,0.327353
061103,CAJAMARCA,SAN MIGUEL,CALQUIS,41.67,0.4167,0.0,100.0,1.0,0.0,100.0,1.0,3,2,0.4,1.0,0.0,100.0,1.0,0.85,0.735583,5,0.327142,2,341.27032,73.981032,4.394036,0.327142
050606,AYACUCHO,LUCANAS,CHIPAO,48.81,0.4881,100.0,0.0,0.0,100.0,0.0,0.0,5,0,0.0,1.0,100.0,0.0,0.0,0.0,0.0,1,0.326924,2,366.836244,64.45329,5.761561,0.326924
160505,LORETO,REQUENA,MAQUIA,45.83,0.4583,0.0,100.0,1.0,0.0,100.0,1.0,2,3,0.6,0.0,,100.0,1.0,0.9,0.787493,5,0.326863,2,454.972436,76.814223,5.566842,0.326863
060807,CAJAMARCA,JAEN,POMAHUACA,11.11,0.1111,0.0,100.0,1.0,0.0,100.0,1.0,2,3,0.6,1.0,0.0,100.0,1.0,0.9,0.715382,5,0.32669,2,443.597692,78.929542,4.537458,0.32669
090510,HUANCAVELICA,CHURCAMPA,PACHAMARCA,1.82,0.0182,100.0,0.0,0.0,100.0,0.0,0.0,2,3,0.6,0.0,,100.0,1.0,0.4,0.309372,2,0.326587,2,447.893008,66.982691,4.126754,0.326587
150718,LIMA,HUAROCHIRI,SAN DAMIAN,42.31,0.4231,100.0,0.0,0.0,100.0,0.0,0.0,4,1,0.2,1.0,100.0,0.0,0.0,0.05,0.043343,1,0.326506,2,321.183595,74.637746,6.949248,0.326506
051105,AYACUCHO,VILCAS HUAMAN,HUAMBALPA,0.0,0.0,100.0,0.0,0.0,100.0,0.0,0.0,2,3,0.6,0.0,,100.0,1.0,0.4,0.307692,2,0.326262,2,448.601187,72.271214,4.074914,0.326262
160402,LORETO,MARISCAL RAMON CASTILLA,PEBAS,65.79,0.6579,100.0,0.0,0.0,100.0,0.0,0.0,2,3,0.6,1.0,100.0,0.0,0.0,0.15,0.138158,1,0.326228,2,396.978148,69.528989,5.802489,0.326228
021003,ANCASH,HUARI,CAJAY,2.74,0.0274,0.0,100.0,1.0,0.0,100.0,1.0,3,2,0.4,0.0,,100.0,1.0,0.85,0.659221,4,0.326,2,323.926306,76.267021,4.513633,0.326
050906,AYACUCHO,SUCRE,MORCOLLA,45.76,0.4576,100.0,0.0,0.0,100.0,0.0,0.0,3,2,0.4,0.0,,100.0,1.0,0.35,0.306191,2,0.325651,2,328.16463,69.082793,5.274691,0.325651
100502,HUANUCO,HUAMALIES,ARANCAY,0.0,0.0,0.0,100.0,1.0,0.0,100.0,1.0,5,0,0.0,0.0,,100.0,1.0,0.75,0.576923,2,0.325459,2,468.433997,73.336681,5.288895,0.325459
050702,AYACUCHO,PARINACOCHAS,CHUMPI,28.05,0.2805,100.0,0.0,0.0,100.0,0.0,0.0,5,0,0.0,0.0,,100.0,1.0,0.25,0.20849,1,0.32536,2,433.482389,62.848036,5.902983,0.32536
210308,PUNO,CARABAYA,OLLACHEA,66.67,0.6667,0.0,100.0,1.0,0.0,100.0,1.0,5,0,0.0,0.0,,100.0,1.0,0.75,0.692313,5,0.32491,2,387.318285,68.303124,5.07456,0.32491
220710,SAN MARTIN,PICOTA,TRES UNIDOS,25.58,0.2558,0.0,100.0,1.0,0.0,100.0,1.0,4,1,0.2,0.0,,100.0,1.0,0.8,0.662609,4,0.324905,2,476.437123,72.655266,5.152958,0.324905
080909,CUSCO,LA CONVENCION,VILCABAMBA,40.96,0.4096,100.0,0.0,0.0,100.0,0.0,0.0,3,2,0.4,0.0,,100.0,1.0,0.35,0.302314,2,0.324865,2,300.733557,75.799985,5.638593,0.324865
050105,AYACUCHO,HUAMANGA,CHIARA,10.94,0.1094,100.0,0.0,0.0,100.0,0.0,0.0,5,0,0.0,0.0,,100.0,1.0,0.25,0.198619,1,0.324731,2,386.592398,68.575371,5.125443,0.324731
210102,PUNO,PUNO,ACORA,29.27,0.2927,32.35,67.65,0.6765,30.77,69.23,0.6923,5,0,0.0,1.0,100.0,0.0,0.0,0.3422,0.286345,2,0.324706,2,242.977316,73.246827,6.507337,0.324706
050908,AYACUCHO,SUCRE,SAN PEDRO DE LARCAY,72.41,0.7241,100.0,0.0,0.0,100.0,0.0,0.0,2,3,0.6,0.0,,100.0,1.0,0.4,0.374532,2,0.324531,2,376.418834,74.296688,6.169472,0.324531
040607,AREQUIPA,CONDESUYOS,SALAMANCA,87.23,0.8723,0.0,100.0,1.0,0.0,100.0,1.0,3,2,0.4,1.0,0.0,100.0,1.0,0.85,0.824951,5,0.324432,2,261.274734,80.872351,5.325276,0.324432
010111,AMAZONAS,CHACHAPOYAS,LEVANTO,0.0,0.0,0.0,100.0,1.0,0.0,100.0,1.0,3,2,0.4,0.0,,100.0,1.0,0.85,0.653846,4,0.324295,2,418.124223,76.452349,4.146044,0.324295
210114,PUNO,PUNO,TIQUILLACA,61.11,0.6111,100.0,0.0,0.0,100.0,0.0,0.0,1,4,0.8,1.0,100.0,0.0,0.0,0.2,0.182051,1,0.324165,2,326.30614,67.830143,5.353116,0.324165
010308,AMAZONAS,BONGARA,RECTA,0.0,0.0,0.0,100.0,1.0,0.0,100.0,1.0,0,5,1.0,0.0,,100.0,1.0,1.0,0.769231,5,0.324005,2,473.334345,68.939488,5.410331,0.324005
050904,AYACUCHO,SUCRE,CHILCAYOC,0.0,0.0,100.0,0.0,0.0,100.0,0.0,0.0,2,3,0.6,0.0,,100.0,1.0,0.4,0.307692,2,0.323918,2,376.746584,67.600431,6.303717,0.323918
220506,SAN MARTIN,LAMAS,PINTO RECODO,8.7,0.087,0.0,100.0,1.0,0.0,100.0,1.0,5,0,0.0,0.0,,100.0,1.0,0.75,0.591981,3,0.323243,2,479.843448,71.854722,4.139751,0.323243
021005,ANCASH,HUARI,HUACACHI,16.28,0.1628,0.0,100.0,1.0,0.0,100.0,1.0,3,2,0.4,0.0,,100.0,1.0,0.85,0.68578,4,0.323102,2,352.173758,75.734406,5.354619,0.323102
060906,CAJAMARCA,SAN IGNACIO,SAN JOSE DE LOURDES,7.14,0.0714,0.0,100.0,1.0,0.0,100.0,1.0,5,0,0.0,1.0,0.0,100.0,1.0,0.75,0.589281,3,0.32302,2,359.902432,74.798755,4.699741,0.32302
160103,LORETO,MAYNAS,FERNANDO LORES,36.43,0.3643,0.0,100.0,1.0,0.0,100.0,1.0,2,3,0.6,0.0,,100.0,1.0,0.9,0.76797,5,0.322688,2,349.90137,74.867815,5.975265,0.322688
020111,ANCASH,HUARAZ,PIRA,2.53,0.0253,0.0,100.0,1.0,0.0,100.0,1.0,3,2,0.4,1.0,0.0,100.0,1.0,0.85,0.658809,4,0.322672,2,361.914478,76.121531,4.53412,0.322672
060811,CAJAMARCA,JAEN,SAN JOSE DEL ALTO,19.15,0.1915,0.0,100.0,1.0,0.0,100.0,1.0,3,2,0.4,0.0,,100.0,1.0,0.85,0.69141,4,0.322602,2,344.391513,74.603744,5.145318,0.322602
060806,CAJAMARCA,JAEN,LAS PIRIAS,0.0,0.0,0.0,100.0,1.0,0.0,100.0,1.0,5,0,0.0,1.0,0.0,100.0,1.0,0.75,0.576923,2,0.322475,2,422.575323,78.901732,4.250638,0.322475
080906,CUSCO,LA CONVENCION,QUELLOUNO,22.34,0.2234,100.0,0.0,0.0,100.0,0.0,0.0,3,2,0.4,1.0,100.0,0.0,0.0,0.1,0.082078,1,0.322427,2,270.086973,73.658916,5.808948,0.322427
120106,JUNIN,HUANCAYO,CHICCHE,0.0,0.0,0.0,100.0,1.0,0.0,100.0,1.0,3,2,0.4,0.0,,100.0,1.0,0.85,0.653846,4,0.322327,2,283.90659,71.787719,5.355161,0.322327
020108,ANCASH,HUARAZ,OLLEROS,6.25,0.0625,0.0,100.0,1.0,0.0,100.0,1.0,4,1,0.2,0.0,,100.0,1.0,0.8,0.626923,4,0.322188,2,299.787749,74.495865,5.660975,0.322188
200205,PIURA,AYABACA,MONTERO,2.04,0.0204,0.0,100.0,1.0,0.0,100.0,1.0,1,4,0.8,1.0,0.0,100.0,1.0,0.95,0.735242,5,0.322053,2,338.327742,70.155879,5.256121,0.322053
210805,PUNO,MELGAR,MACARI,6.55,0.0655,88.89,11.11,0.1111,80.0,20.0,0.2,2,3,0.6,0.0,,100.0,1.0,0.477775,0.374741,2,0.321933,2,269.759684,71.741743,6.614301,0.321933
010119,AMAZONAS,CHACHAPOYAS,SAN ISIDRO DE MAINO,5.15,0.0515,0.0,100.0,1.0,0.0,100.0,1.0,5,0,0.0,0.0,,100.0,1.0,0.75,0.585837,3,0.321842,2,426.209374,69.796496,4.739793,0.321842
090110,HUANCAVELICA,HUANCAVELICA,MANTA,36.59,0.3659,100.0,0.0,0.0,100.0,0.0,0.0,4,1,0.2,0.0,,100.0,1.0,0.3,0.256101,1,0.32174,2,328.891277,64.238771,5.944179,0.32174
020104,ANCASH,HUARAZ,HUANCHAY,57.03,0.5703,0.0,100.0,1.0,0.0,100.0,1.0,4,1,0.2,0.0,,100.0,1.0,0.8,0.720671,5,0.321614,2,312.329247,70.435507,5.955877,0.321614
090204,HUANCAVELICA,ACOBAMBA,CAJA,0.0,0.0,100.0,0.0,0.0,100.0,0.0,0.0,3,2,0.4,0.0,,100.0,1.0,0.35,0.269231,1,0.321353,2,326.795955,74.90554,5.338403,0.321353
030405,APURIMAC,AYMARAES,COLCABAMBA,5.71,0.0571,100.0,0.0,0.0,100.0,0.0,0.0,5,0,0.0,0.0,,100.0,1.0,0.25,0.195602,1,0.321298,2,295.269558,68.111203,5.084237,0.321298
130608,LA LIBERTAD,OTUZCO,MACHE,0.0,0.0,0.0,100.0,1.0,0.0,100.0,1.0,5,0,0.0,1.0,0.0,100.0,1.0,0.75,0.576923,2,0.320764,2,312.802169,78.466065,4.688609,0.320764
131001,LA LIBERTAD,SANTIAGO DE CHUCO,SANTIAGO DE CHUCO,15.71,0.1571,0.0,100.0,1.0,0.0,100.0,1.0,5,0,0.0,0.0,,100.0,1.0,0.75,0.604113,4,0.320676,2,324.768883,75.213333,5.318687,0.320676
210110,PUNO,PUNO,PAUCARCOLLA,0.0,0.0,0.0,100.0,1.0,0.0,100.0,1.0,2,3,0.6,0.0,,100.0,1.0,0.9,0.692308,4,0.320403,2,265.955106,69.294263,6.37181,0.320403
020202,ANCASH,AIJA,CORIS,38.46,0.3846,0.0,100.0,1.0,0.0,100.0,1.0,0,5,1.0,0.0,,100.0,1.0,1.0,0.857985,5,0.32037,2,449.088673,63.386334,5.815883,0.32037
060414,CAJAMARCA,CHOTA,PION,0.0,0.0,0.0,100.0,1.0,0.0,100.0,1.0,3,2,0.4,0.0,,100.0,1.0,0.85,0.653846,4,0.320366,2,493.196218,75.35758,5.144573,0.320366
080913,CUSCO,LA CONVENCION,VILLA KINTIARINA,22.22,0.2222,100.0,0.0,0.0,100.0,0.0,0.0,3,2,0.4,0.0,,100.0,1.0,0.35,0.287178,2,0.319907,2,349.121091,72.537714,4.644763,0.319907
090615,HUANCAVELICA,HUAYTARA,SANTO DOMINGO DE CAPILLAS,46.15,0.4615,100.0,0.0,0.0,100.0,0.0,0.0,2,3,0.6,0.0,,100.0,1.0,0.4,0.350292,2,0.319764,2,354.235912,63.268778,6.703929,0.319764
130801,LA LIBERTAD,PATAZ,TAYABAMBA,7.44,0.0744,0.0,100.0,1.0,0.0,100.0,1.0,5,0,0.0,0.0,,100.0,1.0,0.75,0.5898,3,0.319751,2,343.576765,72.758396,5.08935,0.319751
090702,HUANCAVELICA,TAYACAJA,ACOSTAMBO,0.0,0.0,100.0,0.0,0.0,100.0,0.0,0.0,2,3,0.6,0.0,,100.0,1.0,0.4,0.307692,2,0.319751,2,352.63529,73.356009,4.747968,0.319751
021509,ANCASH,PALLASCA,PAMPAS,34.78,0.3478,0.0,100.0,1.0,0.0,100.0,1.0,5,0,0.0,1.0,0.0,100.0,1.0,0.75,0.637119,4,0.31963,2,375.657762,66.553563,5.709213,0.31963
080807,CUSCO,ESPINAR,SUYCKUTAMBO,57.69,0.5769,100.0,0.0,0.0,0.0,100.0,1.0,2,3,0.6,0.0,,100.0,1.0,0.65,0.586535,3,0.319613,2,367.576194,71.720561,3.710144,0.319613
060611,CAJAMARCA,CUTERVO,SANTA CRUZ,1.96,0.0196,0.0,100.0,1.0,0.0,100.0,1.0,5,0,0.0,0.0,,100.0,1.0,0.75,0.580315,3,0.319557,2,332.215444,78.420518,4.673482,0.319557
100610,HUANUCO,LEONCIO PRADO,SANTO DOMINGO DE ANDA,7.14,0.0714,0.0,100.0,1.0,0.0,100.0,1.0,5,0,0.0,0.0,,100.0,1.0,0.75,0.589281,3,0.31951,2,436.664089,72.713594,4.313456,0.31951
160303,LORETO,LORETO,TIGRE,81.63,0.8163,0.0,100.0,1.0,0.0,100.0,1.0,2,3,0.6,0.0,,100.0,1.0,0.9,0.861847,5,0.318947,2,401.496287,71.765105,5.698905,0.318947
030301,APURIMAC,ANTABAMBA,ANTABAMBA,55.22,0.5522,0.0,100.0,1.0,0.0,100.0,1.0,5,0,0.0,0.0,,100.0,1.0,0.75,0.672496,4,0.318791,2,483.437165,54.298792,6.754384,0.318791
060804,CAJAMARCA,JAEN,COLASAY,5.65,0.0565,0.0,100.0,1.0,0.0,100.0,1.0,5,0,0.0,1.0,0.0,100.0,1.0,0.75,0.586702,3,0.318668,2,405.449029,75.570541,4.70861,0.318668
061105,CAJAMARCA,SAN MIGUEL,EL PRADO,0.0,0.0,0.0,100.0,1.0,0.0,100.0,1.0,3,2,0.4,1.0,0.0,100.0,1.0,0.85,0.653846,4,0.318603,2,395.844352,74.172656,4.757607,0.318603
050202,AYACUCHO,CANGALLO,CHUSCHI,22.73,0.2273,100.0,0.0,0.0,100.0,0.0,0.0,5,0,0.0,1.0,100.0,0.0,0.0,0.0,0.0,1,0.31827,2,282.659877,80.254912,5.212632,0.31827
050403,AYACUCHO,HUANTA,HUAMANGUILLA,0.0,0.0,100.0,0.0,0.0,100.0,0.0,0.0,2,3,0.6,1.0,100.0,0.0,0.0,0.15,0.115385,1,0.318212,2,300.268476,77.251505,4.999498,0.318212
100112,HUANUCO,HUANUCO,YACUS,0.0,0.0,0.0,100.0,1.0,0.0,100.0,1.0,2,3,0.6,0.0,,100.0,1.0,0.9,0.692308,4,0.317978,2,312.606413,80.300641,3.959125,0.317978
230206,TACNA,CANDARAVE,QUILAHUANI,0.0,0.0,100.0,0.0,0.0,100.0,0.0,0.0,2,3,0.6,0.0,,100.0,1.0,0.4,0.307692,2,0.317767,2,255.387047,70.060883,7.260141,0.317767
030416,APURIMAC,AYMARAES,TORAYA,0.0,0.0,100.0,0.0,0.0,100.0,0.0,0.0,3,2,0.4,0.0,,100.0,1.0,0.35,0.269231,1,0.317626,2,340.162959,68.957008,4.72107,0.317626
230402,TACNA,TARATA,HEROES ALBARRACIN,13.33,0.1333,100.0,0.0,0.0,100.0,0.0,0.0,1,4,0.8,0.0,,100.0,1.0,0.45,0.359997,2,0.317308,2,185.656441,77.592946,7.683218,0.317308
150809,LIMA,HUAURA,SANTA LEONOR,41.51,0.4151,100.0,0.0,0.0,100.0,0.0,0.0,3,2,0.4,0.0,,100.0,1.0,0.35,0.302758,2,0.317292,2,227.628449,74.712896,7.168882,0.317292
220203,SAN MARTIN,BELLAVISTA,BAJO BIAVO,38.1,0.381,0.0,100.0,1.0,0.0,100.0,1.0,3,2,0.4,1.0,0.0,100.0,1.0,0.85,0.728581,5,0.316965,2,410.121704,73.203118,4.700307,0.316965
160507,LORETO,REQUENA,SAQUENA,41.18,0.4118,0.0,100.0,1.0,0.0,100.0,1.0,1,4,0.8,0.0,,100.0,1.0,0.95,0.821048,5,0.316566,2,388.302455,76.297483,4.808333,0.316566
210406,PUNO,CHUCUITO,POMATA,12.31,0.1231,33.33,66.67,0.6667,25.0,75.0,0.75,5,0,0.0,0.0,,100.0,1.0,0.604175,0.481913,2,0.316509,2,250.787217,72.969641,6.016037,0.316509
150802,LIMA,HUAURA,AMBAR,58.62,0.5862,100.0,0.0,0.0,100.0,0.0,0.0,3,2,0.4,1.0,100.0,0.0,0.0,0.1,0.090451,1,0.316448,2,360.104546,73.508776,4.781829,0.316448
060904,CAJAMARCA,SAN IGNACIO,LA COIPA,0.0,0.0,0.0,100.0,1.0,0.0,100.0,1.0,5,0,0.0,0.0,,100.0,1.0,0.75,0.576923,2,0.316421,2,366.38912,77.940548,4.794796,0.316421
151022,LIMA,YAUYOS,OMAS,12.5,0.125,100.0,0.0,0.0,100.0,0.0,0.0,0,5,1.0,0.0,,100.0,1.0,0.5,0.399038,2,0.316207,2,242.685769,71.976336,7.691742,0.316207
160605,LORETO,UCAYALI,SARAYACU,50.0,0.5,0.0,100.0,1.0,0.0,100.0,1.0,3,2,0.4,0.0,,100.0,1.0,0.85,0.751923,5,0.316128,2,357.395063,70.754026,6.170124,0.316128
100110,HUANUCO,HUANUCO,YARUMAYO,0.0,0.0,0.0,100.0,1.0,0.0,100.0,1.0,3,2,0.4,0.0,,100.0,1.0,0.85,0.653846,4,0.316098,2,335.122627,76.750891,4.242865,0.316098
050111,AYACUCHO,HUAMANGA,SANTIAGO DE PISCHA,0.0,0.0,100.0,0.0,0.0,100.0,0.0,0.0,3,2,0.4,0.0,,100.0,1.0,0.35,0.269231,1,0.315942,2,293.802104,68.352438,5.391013,0.315942
100505,HUANUCO,HUAMALIES,JIRCAN,11.43,0.1143,0.0,100.0,1.0,0.0,100.0,1.0,5,0,0.0,0.0,,100.0,1.0,0.75,0.596706,3,0.315701,2,400.269587,72.506928,4.76453,0.315701
160302,LORETO,LORETO,PARINARI,37.93,0.3793,0.0,100.0,1.0,0.0,100.0,1.0,5,0,0.0,0.0,,100.0,1.0,0.75,0.642571,4,0.315427,2,374.209162,72.529793,5.765008,0.315427
010103,AMAZONAS,CHACHAPOYAS,BALSAS,32.14,0.3214,0.0,100.0,1.0,0.0,100.0,1.0,2,3,0.6,1.0,0.0,100.0,1.0,0.9,0.75906,5,0.315308,2,415.021047,68.594405,5.193542,0.315308
060905,CAJAMARCA,SAN IGNACIO,NAMBALLE,7.69,0.0769,0.0,100.0,1.0,0.0,100.0,1.0,3,2,0.4,1.0,0.0,100.0,1.0,0.85,0.66893,4,0.315148,2,296.159746,73.364492,5.4064,0.315148
021903,ANCASH,SIHUAS,ALFONSO UGARTE,0.0,0.0,0.0,100.0,1.0,0.0,100.0,1.0,2,3,0.6,0.0,,100.0,1.0,0.9,0.692308,4,0.314848,2,318.541799,71.79266,6.768068,0.314848
100701,HUANUCO,MARAÑON,HUACRACHUCO,20.43,0.2043,0.0,100.0,1.0,0.0,100.0,1.0,5,0,0.0,0.0,,100.0,1.0,0.75,0.612283,4,0.314754,2,399.797574,66.759759,4.947836,0.314754
050909,AYACUCHO,SUCRE,SAN SALVADOR DE QUIJE,0.0,0.0,100.0,0.0,0.0,100.0,0.0,0.0,2,3,0.6,0.0,,100.0,1.0,0.4,0.307692,2,0.314342,2,380.763063,65.78222,5.141431,0.314342
090609,HUANCAVELICA,HUAYTARA,QUITO-ARMA,29.41,0.2941,100.0,0.0,0.0,100.0,0.0,0.0,1,4,0.8,0.0,,100.0,1.0,0.45,0.376695,2,0.314285,2,415.005021,64.328488,5.951746,0.314285
100205,HUANUCO,AMBO,HUACAR,4.35,0.0435,0.0,100.0,1.0,0.0,100.0,1.0,2,3,0.6,0.0,,100.0,1.0,0.9,0.701342,5,0.314244,2,324.349137,76.939453,4.22817,0.314244
220305,SAN MARTIN,EL DORADO,SHATOJA,0.0,0.0,0.0,100.0,1.0,0.0,100.0,1.0,5,0,0.0,0.0,,100.0,1.0,0.75,0.576923,2,0.314116,2,372.265573,74.700883,4.806531,0.314116
030208,APURIMAC,ANDAHUAYLAS,PACOBAMBA,4.17,0.0417,100.0,0.0,0.0,100.0,0.0,0.0,5,0,0.0,0.0,,100.0,1.0,0.25,0.194713,1,0.314086,2,293.246483,75.478513,4.392991,0.314086
150706,LIMA,HUAROCHIRI,CUENCA,0.0,0.0,100.0,0.0,0.0,100.0,0.0,0.0,0,5,1.0,0.0,,100.0,1.0,0.5,0.384615,2,0.313482,2,346.172817,73.501575,4.319115,0.313482
100503,HUANUCO,HUAMALIES,CHAVIN DE PARIARCA,0.0,0.0,0.0,100.0,1.0,0.0,100.0,1.0,1,4,0.8,0.0,,100.0,1.0,0.95,0.730769,5,0.313132,2,367.322129,76.757131,4.832407,0.313132
030501,APURIMAC,COTABAMBAS,TAMBOBAMBA,10.14,0.1014,100.0,0.0,0.0,100.0,0.0,0.0,5,0,0.0,0.0,,100.0,1.0,0.25,0.198158,1,0.313037,2,348.581107,67.498035,4.482914,0.313037
020203,ANCASH,AIJA,HUACLLAN,0.0,0.0,0.0,100.0,1.0,0.0,100.0,1.0,3,2,0.4,0.0,,100.0,1.0,0.85,0.653846,4,0.312557,2,388.256459,63.54707,6.787241,0.312557
210211,PUNO,AZANGARO,SAN ANTON,8.24,0.0824,33.33,66.67,0.6667,33.33,66.67,0.6667,3,2,0.4,1.0,100.0,0.0,0.0,0.43335,0.341586,2,0.312381,2,276.868696,68.510072,5.921452,0.312381
050304,AYACUCHO,HUANCA SANCOS,SANTIAGO DE LUCANAMARCA,72.19,0.7219,100.0,0.0,0.0,100.0,0.0,0.0,5,0,0.0,0.0,,100.0,1.0,0.25,0.233956,1,0.312277,2,314.836677,77.541594,5.18823,0.312277
060106,CAJAMARCA,CAJAMARCA,JESUS,0.0,0.0,0.0,100.0,1.0,0.0,100.0,1.0,5,0,0.0,0.0,,100.0,1.0,0.75,0.576923,2,0.312242,2,348.6308,76.126047,4.370614,0.312242
210607,PUNO,HUANCANE,TARACO,0.0,0.0,22.22,77.78,0.7778,25.0,75.0,0.75,3,2,0.4,1.0,100.0,0.0,0.0,0.48195,0.370731,2,0.312014,2,231.991286,74.566431,6.27741,0.312014
060604,CAJAMARCA,CUTERVO,CUJILLO,0.0,0.0,0.0,100.0,1.0,0.0,100.0,1.0,0,5,1.0,0.0,,100.0,1.0,1.0,0.769231,5,0.31197,2,344.826149,74.197699,4.760375,0.31197
120605,JUNIN,SATIPO,PAMPA HERMOSA,22.81,0.2281,0.0,100.0,1.0,0.0,100.0,1.0,5,0,0.0,0.0,,100.0,1.0,0.75,0.616402,4,0.311928,2,313.298232,75.346092,5.453841,0.311928
230406,TACNA,TARATA,SUSAPAYA,92.11,0.9211,100.0,0.0,0.0,100.0,0.0,0.0,1,4,0.8,1.0,100.0,0.0,0.0,0.2,0.196358,1,0.311706,2,223.874149,77.278106,6.468907,0.311706
030410,APURIMAC,AYMARAES,POCOHUANCA,0.0,0.0,100.0,0.0,0.0,100.0,0.0,0.0,3,2,0.4,0.0,,100.0,1.0,0.35,0.269231,1,0.310559,2,295.231973,63.417987,6.336862,0.310559
010608,AMAZONAS,RODRIGUEZ DE MENDOZA,MILPUC,0.0,0.0,0.0,100.0,1.0,0.0,100.0,1.0,2,3,0.6,0.0,,100.0,1.0,0.9,0.692308,4,0.310428,2,509.577825,67.724908,4.691602,0.310428
211302,PUNO,YUNGUYO,ANAPIA,0.0,0.0,100.0,0.0,0.0,100.0,0.0,0.0,4,1,0.2,0.0,,100.0,1.0,0.3,0.230769,1,0.310323,2,220.052721,74.456939,6.759092,0.310323
021804,ANCASH,SANTA,MACATE,24.35,0.2435,0.0,100.0,1.0,0.0,100.0,1.0,2,3,0.6,1.0,0.0,100.0,1.0,0.9,0.742881,5,0.310156,2,289.147022,75.585323,5.561905,0.310156
100103,HUANUCO,HUANUCO,CHINCHAO,31.11,0.3111,0.0,100.0,1.0,0.0,100.0,1.0,2,3,0.6,1.0,0.0,100.0,1.0,0.9,0.756921,5,0.309655,2,378.479493,76.174312,3.774794,0.309655
090409,HUANCAVELICA,CASTROVIRREYNA,MOLLEPAMPA,5.43,0.0543,100.0,0.0,0.0,100.0,0.0,0.0,5,0,0.0,0.0,,100.0,1.0,0.25,0.19544,1,0.309524,2,333.018714,62.880359,6.079454,0.309524
010510,AMAZONAS,LUYA,LUYA VIEJO,0.0,0.0,0.0,100.0,1.0,0.0,100.0,1.0,3,2,0.4,0.0,,100.0,1.0,0.85,0.653846,4,0.309418,2,338.29224,78.161222,4.934037,0.309418
130805,LA LIBERTAD,PATAZ,HUAYLILLAS,17.5,0.175,0.0,100.0,1.0,0.0,100.0,1.0,2,3,0.6,0.0,,100.0,1.0,0.9,0.728654,5,0.309259,2,388.744268,73.965033,5.412213,0.309259
081305,CUSCO,URUBAMBA,MARAS,0.0,0.0,100.0,0.0,0.0,100.0,0.0,0.0,5,0,0.0,1.0,100.0,0.0,0.0,0.0,0.0,1,0.309122,2,274.747947,74.650604,5.263703,0.309122
160508,LORETO,REQUENA,SOPLIN,85.71,0.8571,0.0,100.0,1.0,0.0,100.0,1.0,3,2,0.4,0.0,,100.0,1.0,0.85,0.82197,5,0.309088,2,353.147741,76.282954,5.853063,0.309088
210704,PUNO,LAMPA,NICASIO,3.45,0.0345,0.0,100.0,1.0,0.0,100.0,1.0,3,2,0.4,0.0,,100.0,1.0,0.85,0.660613,4,0.308897,2,197.24204,74.365311,7.020595,0.308897
090714,HUANCAVELICA,TAYACAJA,SALCABAMBA,0.0,0.0,100.0,0.0,0.0,100.0,0.0,0.0,5,0,0.0,0.0,,100.0,1.0,0.25,0.192308,1,0.308783,2,350.166329,72.50944,4.057592,0.308783
021007,ANCASH,HUARI,HUACHIS,1.59,0.0159,0.0,100.0,1.0,0.0,100.0,1.0,3,2,0.4,0.0,,100.0,1.0,0.85,0.656965,4,0.308725,2,299.697716,76.556532,5.413435,0.308725
090305,HUANCAVELICA,ANGARAES,CHINCHO,0.0,0.0,0.0,100.0,1.0,0.0,100.0,1.0,5,0,0.0,0.0,,100.0,1.0,0.75,0.576923,2,0.30865,2,295.05057,71.595074,5.161544,0.30865
100603,HUANUCO,LEONCIO PRADO,HERMILIO VALDIZAN,4.17,0.0417,0.0,100.0,1.0,0.0,100.0,1.0,5,0,0.0,0.0,,100.0,1.0,0.75,0.58414,3,0.308509,2,340.206946,73.29098,4.636255,0.308509
021207,ANCASH,HUAYLAS,PUEBLO LIBRE,8.77,0.0877,0.0,100.0,1.0,0.0,100.0,1.0,5,0,0.0,0.0,,100.0,1.0,0.75,0.592102,3,0.308438,2,430.474703,82.787156,3.239502,0.308438
030708,APURIMAC,GRAU,PROGRESO,9.09,0.0909,100.0,0.0,0.0,100.0,0.0,0.0,3,2,0.4,1.0,100.0,0.0,0.0,0.1,0.079021,1,0.307781,2,290.065909,72.037065,5.154409,0.307781
030402,APURIMAC,AYMARAES,CAPAYA,19.05,0.1905,100.0,0.0,0.0,100.0,0.0,0.0,5,0,0.0,0.0,,100.0,1.0,0.25,0.203298,1,0.30763,2,296.423757,63.027162,7.216159,0.30763
080905,CUSCO,LA CONVENCION,OCOBAMBA,15.29,0.1529,100.0,0.0,0.0,100.0,0.0,0.0,2,3,0.6,0.0,,100.0,1.0,0.4,0.321806,2,0.307545,2,263.057026,70.573737,5.923598,0.307545
090704,HUANCAVELICA,TAYACAJA,AHUAYCHA,0.0,0.0,100.0,0.0,0.0,100.0,0.0,0.0,5,0,0.0,0.0,,100.0,1.0,0.25,0.192308,1,0.307278,2,278.563906,70.239213,5.20707,0.307278
061203,CAJAMARCA,SAN PABLO,SAN LUIS,0.0,0.0,0.0,100.0,1.0,0.0,100.0,1.0,3,2,0.4,0.0,,100.0,1.0,0.85,0.653846,4,0.307105,2,386.883391,66.868041,4.86653,0.307105
090206,HUANCAVELICA,ACOBAMBA,PAUCARA,0.0,0.0,100.0,0.0,0.0,100.0,0.0,0.0,5,0,0.0,1.0,100.0,0.0,0.0,0.0,0.0,1,0.307095,2,243.456037,76.817147,5.215337,0.307095
100322,HUANUCO,DOS DE MAYO,SILLAPATA,2.3,0.023,0.0,100.0,1.0,0.0,100.0,1.0,2,3,0.6,0.0,,100.0,1.0,0.9,0.697085,5,0.306793,2,354.080283,67.943298,4.55263,0.306793
020204,ANCASH,AIJA,LA MERCED,5.26,0.0526,0.0,100.0,1.0,0.0,100.0,1.0,3,2,0.4,0.0,,100.0,1.0,0.85,0.664164,4,0.306779,2,343.684415,63.90826,6.30002,0.306779
090205,HUANCAVELICA,ACOBAMBA,MARCAS,0.0,0.0,100.0,0.0,0.0,100.0,0.0,0.0,5,0,0.0,0.0,,100.0,1.0,0.25,0.192308,1,0.306713,2,305.709872,76.398264,4.65744,0.306713
060615,CAJAMARCA,CUTERVO,TORIBIO CASANOVA,0.0,0.0,0.0,100.0,1.0,0.0,100.0,1.0,3,2,0.4,1.0,0.0,100.0,1.0,0.85,0.653846,4,0.306482,2,390.852636,78.150099,4.912215,0.306482
120207,JUNIN,CONCEPCION,HEROINAS TOLEDO,0.0,0.0,0.0,100.0,1.0,0.0,100.0,1.0,1,4,0.8,0.0,,100.0,1.0,0.95,0.730769,5,0.30584,2,345.928406,71.465489,5.262076,0.30584
040811,AREQUIPA,LA UNION,TORO,35.0,0.35,0.0,100.0,1.0,0.0,100.0,1.0,3,2,0.4,0.0,,100.0,1.0,0.85,0.7225,5,0.305804,2,209.770695,81.208193,6.599283,0.305804
210209,PUNO,AZANGARO,POTONI,22.47,0.2247,0.0,100.0,1.0,0.0,100.0,1.0,5,0,0.0,0.0,,100.0,1.0,0.75,0.615813,4,0.305741,2,271.624245,69.222647,5.772116,0.305741
160511,LORETO,REQUENA,YAQUERANA,89.47,0.8947,0.0,100.0,1.0,0.0,100.0,1.0,3,2,0.4,0.0,,100.0,1.0,0.85,0.829345,5,0.305231,2,260.396259,72.203773,6.557307,0.305231
060418,CAJAMARCA,CHOTA,TOCMOCHE,13.16,0.1316,0.0,100.0,1.0,0.0,100.0,1.0,2,3,0.6,0.0,,100.0,1.0,0.9,0.71964,5,0.304735,2,531.557388,72.323915,4.962144,0.304735
050108,AYACUCHO,HUAMANGA,QUINUA,0.0,0.0,100.0,0.0,0.0,100.0,0.0,0.0,3,2,0.4,0.0,,100.0,1.0,0.35,0.269231,1,0.304726,2,322.252715,64.360394,5.078529,0.304726
021511,ANCASH,PALLASCA,TAUCA,1.54,0.0154,0.0,100.0,1.0,0.0,100.0,1.0,3,2,0.4,1.0,0.0,100.0,1.0,0.85,0.656867,4,0.30378,2,357.592012,68.337738,5.606946,0.30378
021203,ANCASH,HUAYLAS,HUATA,7.84,0.0784,0.0,100.0,1.0,0.0,100.0,1.0,2,3,0.6,0.0,,100.0,1.0,0.9,0.708591,5,0.302875,2,272.359139,77.659093,4.73928,0.302875
080406,CUSCO,CALCA,SAN SALVADOR,6.06,0.0606,100.0,0.0,0.0,100.0,0.0,0.0,4,1,0.2,1.0,100.0,0.0,0.0,0.05,0.039161,1,0.302626,2,305.203703,73.963258,4.44307,0.302626
080911,CUSCO,LA CONVENCION,INKAWASI,38.46,0.3846,0.0,100.0,1.0,0.0,100.0,1.0,2,3,0.6,0.0,,100.0,1.0,0.9,0.772186,5,0.302351,2,250.006344,77.511371,5.313007,0.302351
160803,LORETO,PUTUMAYO,TENIENTE MANUEL CLAVERO,94.59,0.9459,0.0,100.0,1.0,0.0,100.0,1.0,2,3,0.6,1.0,0.0,100.0,1.0,0.9,0.888764,5,0.302336,2,432.59484,76.59624,5.068901,0.302336
220708,SAN MARTIN,PICOTA,SHAMBOYACU,27.66,0.2766,0.0,100.0,1.0,0.0,100.0,1.0,2,3,0.6,0.0,,100.0,1.0,0.9,0.749755,5,0.302137,2,395.432054,77.080216,4.244411,0.302137
080705,CUSCO,CHUMBIVILCAS,LIVITACA,35.62,0.3562,100.0,0.0,0.0,100.0,0.0,0.0,5,0,0.0,1.0,100.0,0.0,0.0,0.0,0.0,1,0.301938,2,347.711943,67.820248,4.325306,0.301938
220304,SAN MARTIN,EL DORADO,SANTA ROSA,2.22,0.0222,0.0,100.0,1.0,0.0,100.0,1.0,2,3,0.6,0.0,,100.0,1.0,0.9,0.696918,5,0.301545,2,340.379738,75.943034,4.504381,0.301545
022004,ANCASH,YUNGAY,MATACOTO,0.0,0.0,0.0,100.0,1.0,0.0,100.0,1.0,3,2,0.4,0.0,,100.0,1.0,0.85,0.653846,4,0.301291,2,280.634491,72.114578,4.768478,0.301291
020402,ANCASH,ASUNCION,ACOCHACA,1.43,0.0143,0.0,100.0,1.0,0.0,100.0,1.0,5,0,0.0,0.0,,100.0,1.0,0.75,0.579398,3,0.301235,2,317.01389,71.936162,4.548375,0.301235
060407,CAJAMARCA,CHOTA,COCHABAMBA,0.0,0.0,0.0,100.0,1.0,0.0,100.0,1.0,5,0,0.0,0.0,,100.0,1.0,0.75,0.576923,2,0.30113,2,327.116525,71.971143,4.057283,0.30113
021305,ANCASH,MARISCAL LUZURIAGA,LLAMA,0.0,0.0,0.0,100.0,1.0,0.0,100.0,1.0,3,2,0.4,0.0,,100.0,1.0,0.85,0.653846,4,0.301125,2,336.256884,69.332728,6.108554,0.301125
021504,ANCASH,PALLASCA,HUACASCHUQUE,0.0,0.0,0.0,100.0,1.0,0.0,100.0,1.0,3,2,0.4,0.0,,100.0,1.0,0.85,0.653846,4,0.300743,2,300.271899,65.575068,5.187931,0.300743
110209,ICA,CHINCHA,SAN PEDRO DE HUACARPANA,22.86,0.2286,0.0,100.0,1.0,0.0,100.0,1.0,5,0,0.0,0.0,,100.0,1.0,0.75,0.616488,4,0.300686,2,186.591173,77.716229,7.120457,0.300686
081002,CUSCO,PARURO,ACCHA,0.0,0.0,100.0,0.0,0.0,100.0,0.0,0.0,4,1,0.2,1.0,100.0,0.0,0.0,0.05,0.038462,1,0.300626,2,344.68977,60.271422,4.775381,0.300626
160506,LORETO,REQUENA,PUINAHUA,30.0,0.3,0.0,100.0,1.0,0.0,100.0,1.0,2,3,0.6,0.0,,100.0,1.0,0.9,0.754615,5,0.300553,2,280.54108,76.327945,5.77207,0.300553
220303,SAN MARTIN,EL DORADO,SAN MARTIN,15.69,0.1569,0.0,100.0,1.0,0.0,100.0,1.0,4,1,0.2,1.0,0.0,100.0,1.0,0.8,0.644351,4,0.300316,2,378.900198,75.098125,4.471952,0.300316
061111,CAJAMARCA,SAN MIGUEL,SAN SILVESTRE DE COCHAN,2.94,0.0294,0.0,100.0,1.0,0.0,100.0,1.0,5,0,0.0,0.0,,100.0,1.0,0.75,0.582012,3,0.300286,2,306.341908,74.745786,4.533345,0.300286
090104,HUANCAVELICA,HUANCAVELICA,CONAYCA,0.0,0.0,0.0,100.0,1.0,0.0,100.0,1.0,5,0,0.0,0.0,,100.0,1.0,0.75,0.576923,2,0.300203,2,265.232026,67.454164,5.701499,0.300203
210901,PUNO,MOHO,MOHO,10.06,0.1006,0.0,100.0,1.0,0.0,100.0,1.0,5,0,0.0,0.0,,100.0,1.0,0.75,0.594335,3,0.300179,2,246.827289,72.054786,5.35961,0.300179
020303,ANCASH,ANTONIO RAYMONDI,CHACCHO,0.0,0.0,0.0,100.0,1.0,0.0,100.0,1.0,5,0,0.0,0.0,,100.0,1.0,0.75,0.576923,2,0.300036,2,292.452211,69.24506,6.038908,0.300036
020903,ANCASH,CORONGO,BAMBAS,14.29,0.1429,0.0,100.0,1.0,0.0,100.0,1.0,2,3,0.6,0.0,,100.0,1.0,0.9,0.721987,5,0.299967,2,289.394076,72.209855,5.344941,0.299967
090607,HUANCAVELICA,HUAYTARA,PILPICHACA,24.66,0.2466,100.0,0.0,0.0,100.0,0.0,0.0,3,2,0.4,1.0,100.0,0.0,0.0,0.1,0.082614,1,0.299795,2,292.688144,72.830033,4.99751,0.299795
010305,AMAZONAS,BONGARA,CUISPES,0.0,0.0,0.0,100.0,1.0,0.0,100.0,1.0,2,3,0.6,0.0,,100.0,1.0,0.9,0.692308,4,0.299445,2,354.42398,67.596904,5.030606,0.299445
210602,PUNO,HUANCANE,COJATA,78.48,0.7848,0.0,100.0,1.0,0.0,100.0,1.0,0,5,1.0,0.0,,100.0,1.0,1.0,0.950338,5,0.299265,2,243.409337,71.290872,6.150441,0.299265
080506,CUSCO,CANAS,PAMPAMARCA,0.0,0.0,0.0,100.0,1.0,0.0,100.0,1.0,2,3,0.6,0.0,,100.0,1.0,0.9,0.692308,4,0.299101,2,274.953767,62.219176,6.097392,0.299101
150720,LIMA,HUAROCHIRI,SAN JUAN DE TANTARANCHE,44.12,0.4412,100.0,0.0,0.0,100.0,0.0,0.0,3,2,0.4,0.0,,100.0,1.0,0.35,0.304866,2,0.298898,2,243.759348,76.052357,7.458311,0.298898
090102,HUANCAVELICA,HUANCAVELICA,ACOBAMBILLA,32.56,0.3256,100.0,0.0,0.0,100.0,0.0,0.0,1,4,0.8,1.0,100.0,0.0,0.0,0.2,0.168874,1,0.298679,2,327.110405,53.944497,6.878822,0.298679
130306,LA LIBERTAD,BOLIVAR,UCUNCHA,0.0,0.0,0.0,100.0,1.0,0.0,100.0,1.0,2,3,0.6,0.0,,100.0,1.0,0.9,0.692308,4,0.298556,2,322.889396,83.729317,5.128515,0.298556
030610,APURIMAC,CHINCHEROS,EL PORVENIR,0.0,0.0,100.0,0.0,0.0,100.0,0.0,0.0,2,3,0.6,0.0,,100.0,1.0,0.4,0.307692,2,0.298503,2,303.564827,68.644164,4.637168,0.298503
021210,ANCASH,HUAYLAS,YURACMARCA,25.58,0.2558,0.0,100.0,1.0,0.0,100.0,1.0,3,2,0.4,0.0,,100.0,1.0,0.85,0.704022,5,0.298149,2,295.874841,77.389528,5.268549,0.298149
010205,AMAZONAS,BAGUA,IMAZA,37.2,0.372,0.0,100.0,1.0,0.0,100.0,1.0,4,1,0.2,1.0,0.0,100.0,1.0,0.8,0.684062,4,0.298089,2,309.139891,73.065863,5.81051,0.298089
081007,CUSCO,PARURO,PACCARITAMBO,0.0,0.0,100.0,0.0,0.0,100.0,0.0,0.0,5,0,0.0,0.0,,100.0,1.0,0.25,0.192308,1,0.298084,2,365.980362,62.914678,3.79139,0.298084
060810,CAJAMARCA,JAEN,SAN FELIPE,3.26,0.0326,0.0,100.0,1.0,0.0,100.0,1.0,5,0,0.0,1.0,0.0,100.0,1.0,0.75,0.582565,3,0.297787,2,297.649618,75.695741,4.767924,0.297787
060416,CAJAMARCA,CHOTA,SAN JUAN DE LICUPIS,12.12,0.1212,0.0,100.0,1.0,0.0,100.0,1.0,2,3,0.6,1.0,0.0,100.0,1.0,0.9,0.71748,5,0.297782,2,257.757318,69.083555,5.643132,0.297782
061304,CAJAMARCA,SANTA CRUZ,CHANCAYBAÑOS,0.0,0.0,0.0,100.0,1.0,0.0,100.0,1.0,5,0,0.0,1.0,0.0,100.0,1.0,0.75,0.576923,2,0.297641,2,304.077793,68.028971,4.855081,0.297641
210206,PUNO,AZANGARO,CHUPA,2.13,0.0213,22.22,77.78,0.7778,25.0,75.0,0.75,5,0,0.0,0.0,,100.0,1.0,0.63195,0.489222,2,0.29756,2,230.102964,66.265048,6.376839,0.29756
030411,APURIMAC,AYMARAES,SAN JUAN DE CHACÑA,0.0,0.0,100.0,0.0,0.0,100.0,0.0,0.0,5,0,0.0,0.0,,100.0,1.0,0.25,0.192308,1,0.297466,2,336.631433,65.081329,4.700393,0.297466
090115,HUANCAVELICA,HUANCAVELICA,PILCHACA,0.0,0.0,100.0,0.0,0.0,100.0,0.0,0.0,3,2,0.4,0.0,,100.0,1.0,0.35,0.269231,1,0.297161,2,356.019545,67.1617,5.414035,0.297161
050109,AYACUCHO,HUAMANGA,SAN JOSE DE TICLLAS,0.0,0.0,100.0,0.0,0.0,100.0,0.0,0.0,5,0,0.0,0.0,,100.0,1.0,0.25,0.192308,1,0.297131,2,324.200809,68.792904,4.059246,0.297131
101108,HUANUCO,YAROWILCA,CHORAS,0.0,0.0,0.0,100.0,1.0,0.0,100.0,1.0,2,3,0.6,0.0,,100.0,1.0,0.9,0.692308,4,0.296899,2,303.338748,73.208672,4.673854,0.296899
151009,LIMA,YAUYOS,CHOCOS,17.5,0.175,100.0,0.0,0.0,100.0,0.0,0.0,2,3,0.6,0.0,,100.0,1.0,0.4,0.323846,2,0.296848,2,229.275565,75.23019,5.446593,0.296848
021905,ANCASH,SIHUAS,CHINGALPO,27.27,0.2727,0.0,100.0,1.0,0.0,100.0,1.0,3,2,0.4,0.0,,100.0,1.0,0.85,0.707337,5,0.296805,2,311.897134,72.564083,5.615908,0.296805
130305,LA LIBERTAD,BOLIVAR,UCHUMARCA,11.76,0.1176,0.0,100.0,1.0,0.0,100.0,1.0,2,3,0.6,1.0,0.0,100.0,1.0,0.9,0.716732,5,0.296758,2,271.474811,78.852766,5.605264,0.296758
060413,CAJAMARCA,CHOTA,PACCHA,0.0,0.0,0.0,100.0,1.0,0.0,100.0,1.0,5,0,0.0,1.0,0.0,100.0,1.0,0.75,0.576923,2,0.296655,2,310.3065,72.950788,4.505905,0.296655
021102,ANCASH,HUARMEY,COCHAPETI,10.2,0.102,0.0,100.0,1.0,0.0,100.0,1.0,2,3,0.6,0.0,,100.0,1.0,0.9,0.713492,5,0.296397,2,203.179087,79.494209,6.427177,0.296397
090707,HUANCAVELICA,TAYACAJA,HUACHOCOLPA,15.38,0.1538,100.0,0.0,0.0,100.0,0.0,0.0,1,4,0.8,1.0,100.0,0.0,0.0,0.2,0.160945,1,0.296219,2,240.803159,66.481201,6.18117,0.296219
030713,APURIMAC,GRAU,VIRUNDO,64.0,0.64,100.0,0.0,0.0,100.0,0.0,0.0,0,5,1.0,0.0,,100.0,1.0,0.5,0.458462,2,0.296128,2,227.59746,75.18052,5.51378,0.296128
060907,CAJAMARCA,SAN IGNACIO,TABACONAS,6.59,0.0659,0.0,100.0,1.0,0.0,100.0,1.0,5,0,0.0,1.0,0.0,100.0,1.0,0.75,0.588329,3,0.29612,2,287.736035,77.884382,4.600192,0.29612
010609,AMAZONAS,RODRIGUEZ DE MENDOZA,OMIA,22.78,0.2278,0.0,100.0,1.0,0.0,100.0,1.0,5,0,0.0,1.0,0.0,100.0,1.0,0.75,0.61635,4,0.2959,2,397.09932,68.501693,4.909909,0.2959
200403,PIURA,MORROPON,CHALACO,0.0,0.0,0.0,100.0,1.0,0.0,100.0,1.0,2,3,0.6,0.0,,100.0,1.0,0.9,0.692308,4,0.295471,2,287.398218,74.974758,4.686773,0.295471
210904,PUNO,MOHO,TILALI,0.0,0.0,100.0,0.0,0.0,100.0,0.0,0.0,2,3,0.6,0.0,,100.0,1.0,0.4,0.307692,2,0.295327,2,193.857692,79.239688,5.52538,0.295327
010109,AMAZONAS,CHACHAPOYAS,LA JALCA,0.0,0.0,0.0,100.0,1.0,0.0,100.0,1.0,1,4,0.8,1.0,0.0,100.0,1.0,0.95,0.730769,5,0.295184,2,305.714701,73.094502,4.641319,0.295184
060202,CAJAMARCA,CAJABAMBA,CACHACHI,2.12,0.0212,0.0,100.0,1.0,0.0,100.0,1.0,3,2,0.4,1.0,0.0,100.0,1.0,0.85,0.658005,4,0.294835,2,361.864369,77.152122,3.777592,0.294835
190206,PASCO,DANIEL ALCIDES CARRION,SANTA ANA DE TUSI,14.81,0.1481,0.0,100.0,1.0,0.0,100.0,1.0,1,4,0.8,1.0,0.0,100.0,1.0,0.95,0.763237,5,0.294734,2,174.824738,69.218439,7.969797,0.294734
160107,LORETO,MAYNAS,NAPO,84.44,0.8444,0.0,100.0,1.0,0.0,100.0,1.0,4,1,0.2,1.0,0.0,100.0,1.0,0.8,0.771274,5,0.294568,2,366.450687,74.04583,5.084094,0.294568
080205,CUSCO,ACOMAYO,POMACANCHI,0.0,0.0,100.0,0.0,0.0,100.0,0.0,0.0,5,0,0.0,1.0,100.0,0.0,0.0,0.0,0.0,1,0.29433,2,309.959062,60.801586,5.195374,0.29433
020603,ANCASH,CARHUAZ,AMASHCA,0.0,0.0,0.0,100.0,1.0,0.0,100.0,1.0,5,0,0.0,0.0,,100.0,1.0,0.75,0.576923,2,0.294082,2,263.475984,82.72675,3.838802,0.294082
010401,AMAZONAS,CONDORCANQUI,NIEVA,34.53,0.3453,0.0,100.0,1.0,0.0,100.0,1.0,2,3,0.6,1.0,0.0,100.0,1.0,0.9,0.764024,5,0.294016,2,331.174367,66.038824,5.834988,0.294016
030609,APURIMAC,CHINCHEROS,ROCCHACC,0.0,0.0,100.0,0.0,0.0,100.0,0.0,0.0,2,3,0.6,0.0,,100.0,1.0,0.4,0.307692,2,0.293967,2,302.368179,69.204756,3.924253,0.293967
150711,LIMA,HUAROCHIRI,LANGA,4.69,0.0469,100.0,0.0,0.0,100.0,0.0,0.0,1,4,0.8,0.0,,100.0,1.0,0.45,0.351024,2,0.293286,2,209.521305,76.032201,6.066692,0.293286
220904,SAN MARTIN,SAN MARTIN,CHAZUTA,21.74,0.2174,0.0,100.0,1.0,0.0,100.0,1.0,5,0,0.0,1.0,0.0,100.0,1.0,0.75,0.61455,4,0.292643,2,288.066472,72.865388,5.325316,0.292643
090312,HUANCAVELICA,ANGARAES,SECCLLA,6.25,0.0625,100.0,0.0,0.0,100.0,0.0,0.0,3,2,0.4,0.0,,100.0,1.0,0.35,0.274279,2,0.292265,2,223.202461,72.813274,5.592228,0.292265
030304,APURIMAC,ANTABAMBA,JUAN ESPINOZA MEDRANO,46.53,0.4653,100.0,0.0,0.0,100.0,0.0,0.0,1,4,0.8,0.0,,100.0,1.0,0.45,0.394473,2,0.292207,2,356.680369,54.579296,5.921433,0.292207
060610,CAJAMARCA,CUTERVO,SAN LUIS DE LUCMA,0.0,0.0,0.0,100.0,1.0,0.0,100.0,1.0,5,0,0.0,0.0,,100.0,1.0,0.75,0.576923,2,0.291987,2,322.745645,77.998386,4.240459,0.291987
030305,APURIMAC,ANTABAMBA,OROPESA,91.18,0.9118,100.0,0.0,0.0,100.0,0.0,0.0,3,2,0.4,1.0,100.0,0.0,0.0,0.1,0.097965,1,0.291759,2,338.593261,57.274261,4.925545,0.291759
200201,PIURA,AYABACA,AYABACA,1.96,0.0196,0.0,100.0,1.0,0.0,100.0,1.0,3,2,0.4,1.0,0.0,100.0,1.0,0.85,0.657691,4,0.291633,2,310.42091,66.902116,5.078885,0.291633
090613,HUANCAVELICA,HUAYTARA,SANTIAGO DE CHOCORVOS,48.79,0.4879,100.0,0.0,0.0,100.0,0.0,0.0,4,1,0.2,1.0,100.0,0.0,0.0,0.05,0.044091,1,0.291464,2,346.752445,63.254767,4.973288,0.291464
160106,LORETO,MAYNAS,MAZAN,59.74,0.5974,14.52,85.48,0.8548,42.86,57.14,0.5714,2,3,0.6,1.0,100.0,0.0,0.0,0.50655,0.459488,2,0.291128,2,320.369449,73.946655,4.965156,0.291128
100506,HUANUCO,HUAMALIES,MIRAFLORES,1.82,0.0182,0.0,100.0,1.0,0.0,100.0,1.0,3,2,0.4,0.0,,100.0,1.0,0.85,0.657416,4,0.291071,2,236.078566,79.741523,4.502002,0.291071
220402,SAN MARTIN,HUALLAGA,ALTO SAPOSOA,54.05,0.5405,0.0,100.0,1.0,0.0,100.0,1.0,5,0,0.0,0.0,,100.0,1.0,0.75,0.670471,4,0.290895,2,303.651049,78.081204,4.577253,0.290895
051002,AYACUCHO,VICTOR FAJARDO,ALCAMENCA,0.0,0.0,100.0,0.0,0.0,100.0,0.0,0.0,5,0,0.0,0.0,,100.0,1.0,0.25,0.192308,1,0.290565,2,226.509698,78.513317,4.813171,0.290565
021006,ANCASH,HUARI,HUACCHIS,3.03,0.0303,0.0,100.0,1.0,0.0,100.0,1.0,2,3,0.6,0.0,,100.0,1.0,0.9,0.698601,5,0.290412,2,313.120498,72.830519,5.924277,0.290412
160510,LORETO,REQUENA,JENARO HERRERA,0.0,0.0,0.0,100.0,1.0,0.0,100.0,1.0,2,3,0.6,0.0,,100.0,1.0,0.9,0.692308,4,0.29032,2,286.533383,75.531128,6.159489,0.29032
030503,APURIMAC,COTABAMBAS,COYLLURQUI,0.0,0.0,100.0,0.0,0.0,100.0,0.0,0.0,5,0,0.0,1.0,100.0,0.0,0.0,0.0,0.0,1,0.290156,2,269.384526,71.322087,4.514973,0.290156
160504,LORETO,REQUENA,EMILIO SAN MARTIN,56.25,0.5625,0.0,100.0,1.0,0.0,100.0,1.0,4,1,0.2,0.0,,100.0,1.0,0.8,0.719231,5,0.289866,2,280.369811,78.134107,5.218483,0.289866
131102,LA LIBERTAD,GRAN CHIMU,LUCMA,0.0,0.0,0.0,100.0,1.0,0.0,100.0,1.0,5,0,0.0,1.0,0.0,100.0,1.0,0.75,0.576923,2,0.289789,2,304.696159,73.350845,4.793628,0.289789
160102,LORETO,MAYNAS,ALTO NANAY,80.0,0.8,0.0,100.0,1.0,0.0,100.0,1.0,2,3,0.6,0.0,,100.0,1.0,0.9,0.858462,5,0.289753,2,350.103735,76.809404,4.245602,0.289753
080803,CUSCO,ESPINAR,COPORAQUE,25.93,0.2593,100.0,0.0,0.0,100.0,0.0,0.0,3,2,0.4,0.0,,100.0,1.0,0.35,0.290174,2,0.28955,2,258.34777,68.537889,4.36228,0.28955
210703,PUNO,LAMPA,CALAPUJA,2.86,0.0286,0.0,100.0,1.0,0.0,100.0,1.0,0,5,1.0,0.0,,100.0,1.0,1.0,0.775831,5,0.28955,2,205.496581,77.569384,5.519428,0.28955
210113,PUNO,PUNO,SAN ANTONIO,60.71,0.6071,100.0,0.0,0.0,100.0,0.0,0.0,3,2,0.4,0.0,,100.0,1.0,0.35,0.318266,2,0.289371,2,201.079295,73.655745,6.323074,0.289371
090303,HUANCAVELICA,ANGARAES,CALLANMARCA,0.0,0.0,100.0,0.0,0.0,100.0,0.0,0.0,3,2,0.4,0.0,,100.0,1.0,0.35,0.269231,1,0.289361,2,245.764894,79.260108,3.689609,0.289361
090614,HUANCAVELICA,HUAYTARA,SANTIAGO DE QUIRAHUARA,16.42,0.1642,100.0,0.0,0.0,100.0,0.0,0.0,3,2,0.4,0.0,,100.0,1.0,0.35,0.282493,2,0.289294,2,217.749156,68.757228,6.241259,0.289294
030505,APURIMAC,COTABAMBAS,MARA,0.0,0.0,100.0,0.0,0.0,100.0,0.0,0.0,3,2,0.4,1.0,100.0,0.0,0.0,0.1,0.076923,1,0.289003,2,248.452691,71.087396,4.396398,0.289003
080703,CUSCO,CHUMBIVILCAS,CHAMACA,4.55,0.0455,100.0,0.0,0.0,100.0,0.0,0.0,5,0,0.0,0.0,,100.0,1.0,0.25,0.194933,1,0.288952,2,255.786335,68.434977,5.042567,0.288952
211003,PUNO,SAN ANTONIO DE PUTINA,PEDRO VILCA APAZA,5.17,0.0517,100.0,0.0,0.0,0.0,100.0,1.0,3,2,0.4,0.0,,100.0,1.0,0.6,0.468697,2,0.288813,2,237.414345,66.794754,5.496052,0.288813
210108,PUNO,PUNO,HUATA,10.81,0.1081,50.0,50.0,0.5,100.0,0.0,0.0,3,2,0.4,1.0,100.0,0.0,0.0,0.225,0.17869,1,0.288675,2,206.720926,70.36925,6.450054,0.288675
090310,HUANCAVELICA,ANGARAES,SAN ANTONIO DE ANTAPARCO,0.0,0.0,100.0,0.0,0.0,0.0,100.0,1.0,5,0,0.0,0.0,,100.0,1.0,0.5,0.384615,2,0.288567,2,159.002285,73.146986,7.697661,0.288567
210112,PUNO,PUNO,PLATERIA,0.0,0.0,41.67,58.33,0.5833,60.0,40.0,0.4,4,1,0.2,0.0,,100.0,1.0,0.545825,0.419865,2,0.288453,2,210.312242,64.205976,7.04879,0.288453
131004,LA LIBERTAD,SANTIAGO DE CHUCO,MOLLEBAMBA,1.85,0.0185,0.0,100.0,1.0,0.0,100.0,1.0,2,3,0.6,0.0,,100.0,1.0,0.9,0.69615,5,0.28841,2,238.847615,76.191303,5.542568,0.28841
080501,CUSCO,CANAS,YANAOCA,1.47,0.0147,100.0,0.0,0.0,100.0,0.0,0.0,5,0,0.0,0.0,,100.0,1.0,0.25,0.193156,1,0.288275,2,271.295565,61.105307,5.70942,0.288275
220511,SAN MARTIN,LAMAS,ZAPATERO,12.0,0.12,0.0,100.0,1.0,0.0,100.0,1.0,5,0,0.0,0.0,,100.0,1.0,0.75,0.597692,3,0.288001,2,294.001486,70.970877,4.577852,0.288001
021011,ANCASH,HUARI,PONTO,0.0,0.0,0.0,100.0,1.0,0.0,100.0,1.0,2,3,0.6,0.0,,100.0,1.0,0.9,0.692308,4,0.287873,2,243.239033,74.023851,5.311571,0.287873
050618,AYACUCHO,LUCANAS,SAN PEDRO DE PALCO,76.28,0.7628,0.0,100.0,1.0,100.0,0.0,0.0,2,3,0.6,0.0,,100.0,1.0,0.65,0.61442,4,0.287748,1,348.870592,66.485016,4.664832,0.287748
211304,PUNO,YUNGUYO,CUTURAPI,0.0,0.0,0.0,100.0,1.0,0.0,100.0,1.0,2,3,0.6,0.0,,100.0,1.0,0.9,0.692308,4,0.287734,1,197.77369,76.222896,5.266239,0.287734
030103,APURIMAC,ABANCAY,CIRCA,28.89,0.2889,100.0,0.0,0.0,100.0,0.0,0.0,3,2,0.4,0.0,,100.0,1.0,0.35,0.292565,2,0.287291,1,251.971846,72.684721,4.651812,0.287291
060112,CAJAMARCA,CAJAMARCA,SAN JUAN,0.0,0.0,0.0,100.0,1.0,0.0,100.0,1.0,3,2,0.4,0.0,,100.0,1.0,0.85,0.653846,4,0.287176,1,312.574545,71.922844,4.470383,0.287176
120907,JUNIN,CHUPACA,SAN JUAN DE JARPA,0.0,0.0,0.0,100.0,1.0,0.0,100.0,1.0,5,0,0.0,0.0,,100.0,1.0,0.75,0.576923,2,0.287166,1,228.801557,75.133519,5.358387,0.287166
021602,ANCASH,POMABAMBA,HUAYLLAN,2.7,0.027,0.0,100.0,1.0,0.0,100.0,1.0,5,0,0.0,0.0,,100.0,1.0,0.75,0.581596,3,0.286936,1,277.132402,76.214845,5.058363,0.286936
080202,CUSCO,ACOMAYO,ACOPIA,0.0,0.0,0.0,100.0,1.0,100.0,0.0,0.0,3,2,0.4,1.0,100.0,0.0,0.0,0.35,0.269231,1,0.286885,1,243.264343,64.192249,5.136072,0.286885
150730,LIMA,HUAROCHIRI,SANTIAGO DE TUNA,11.11,0.1111,100.0,0.0,0.0,100.0,0.0,0.0,5,0,0.0,0.0,,100.0,1.0,0.25,0.198717,1,0.286343,1,223.874415,71.462703,6.503964,0.286343
030206,APURIMAC,ANDAHUAYLAS,HUAYANA,0.0,0.0,100.0,0.0,0.0,100.0,0.0,0.0,2,3,0.6,0.0,,100.0,1.0,0.4,0.307692,2,0.286342,1,214.124509,78.911945,4.946873,0.286342
010605,AMAZONAS,RODRIGUEZ DE MENDOZA,LIMABAMBA,56.0,0.56,0.0,100.0,1.0,0.0,100.0,1.0,1,4,0.8,1.0,0.0,100.0,1.0,0.95,0.853538,5,0.286112,1,314.745272,67.722519,5.201222,0.286112
090114,HUANCAVELICA,HUANCAVELICA,PALCA,2.9,0.029,100.0,0.0,0.0,100.0,0.0,0.0,1,4,0.8,0.0,,100.0,1.0,0.45,0.349165,2,0.28602,1,258.694731,64.766402,5.074836,0.28602
080503,CUSCO,CANAS,KUNTURKANKI,3.03,0.0303,100.0,0.0,0.0,100.0,0.0,0.0,5,0,0.0,1.0,100.0,0.0,0.0,0.0,0.0,1,0.286009,1,274.310248,59.947817,5.464451,0.286009
200207,PIURA,AYABACA,PAIMAS,0.0,0.0,0.0,100.0,1.0,0.0,100.0,1.0,3,2,0.4,1.0,0.0,100.0,1.0,0.85,0.653846,4,0.285888,1,316.855194,69.804924,4.870297,0.285888
250203,UCAYALI,ATALAYA,TAHUANIA,84.51,0.8451,0.0,100.0,1.0,0.0,100.0,1.0,2,3,0.6,0.0,,100.0,1.0,0.9,0.867828,5,0.285862,1,461.517147,64.28093,5.238129,0.285862
210104,PUNO,PUNO,ATUNCOLLA,0.0,0.0,100.0,0.0,0.0,100.0,0.0,0.0,5,0,0.0,0.0,,100.0,1.0,0.25,0.192308,1,0.285467,1,213.964175,68.206528,6.478391,0.285467
080203,CUSCO,ACOMAYO,ACOS,8.2,0.082,100.0,0.0,0.0,100.0,0.0,0.0,3,2,0.4,0.0,,100.0,1.0,0.35,0.275854,2,0.285454,1,341.184574,61.176295,4.625997,0.285454
010513,AMAZONAS,LUYA,OCUMAL,3.12,0.0312,0.0,100.0,1.0,0.0,100.0,1.0,2,3,0.6,1.0,0.0,100.0,1.0,0.9,0.698788,5,0.285337,1,303.391055,68.999299,4.90555,0.285337
210103,PUNO,PUNO,AMANTANI,0.0,0.0,0.0,100.0,1.0,0.0,100.0,1.0,5,0,0.0,0.0,,100.0,1.0,0.75,0.576923,2,0.28485,1,239.22151,76.195598,4.443333,0.28485
081008,CUSCO,PARURO,PILLPINTO,0.0,0.0,100.0,0.0,0.0,100.0,0.0,0.0,1,4,0.8,0.0,,100.0,1.0,0.45,0.346154,2,0.284676,1,288.592284,67.160482,5.361866,0.284676
100404,HUANUCO,HUACAYBAMBA,PINRA,8.0,0.08,0.0,100.0,1.0,0.0,100.0,1.0,2,3,0.6,0.0,,100.0,1.0,0.9,0.708923,5,0.284552,1,245.465879,77.267879,4.50053,0.284552
050511,AYACUCHO,LA MAR,ORONCCOY,44.44,0.4444,0.0,100.0,1.0,0.0,100.0,1.0,5,0,0.0,0.0,,100.0,1.0,0.75,0.653838,4,0.284493,1,225.687873,81.765273,3.954109,0.284493
080207,CUSCO,ACOMAYO,SANGARARA,0.0,0.0,0.0,100.0,1.0,100.0,0.0,0.0,4,1,0.2,1.0,100.0,0.0,0.0,0.3,0.230769,1,0.283973,1,288.490847,60.622023,4.857202,0.283973
030207,APURIMAC,ANDAHUAYLAS,KISHUARA,0.0,0.0,100.0,0.0,0.0,100.0,0.0,0.0,5,0,0.0,1.0,100.0,0.0,0.0,0.0,0.0,1,0.283952,1,243.85288,77.857373,3.928886,0.283952
021910,ANCASH,SIHUAS,SICSIBAMBA,3.7,0.037,0.0,100.0,1.0,0.0,100.0,1.0,2,3,0.6,0.0,,100.0,1.0,0.9,0.699992,5,0.283551,1,261.161897,73.773737,5.251378,0.283551
010511,AMAZONAS,LUYA,MARIA,5.26,0.0526,0.0,100.0,1.0,0.0,100.0,1.0,3,2,0.4,0.0,,100.0,1.0,0.85,0.664164,4,0.282144,1,385.691517,70.278112,5.239921,0.282144
081206,CUSCO,QUISPICANCHI,CUSIPATA,15.22,0.1522,100.0,0.0,0.0,0.0,100.0,1.0,4,1,0.2,0.0,,100.0,1.0,0.55,0.442395,2,0.2818,1,273.626282,61.46222,5.227673,0.2818
131007,LA LIBERTAD,SANTIAGO DE CHUCO,SANTA CRUZ DE CHUCA,0.0,0.0,0.0,100.0,1.0,0.0,100.0,1.0,1,4,0.8,0.0,,100.0,1.0,0.95,0.730769,5,0.281708,1,239.443566,76.464215,4.867964,0.281708
200306,PIURA,HUANCABAMBA,SAN MIGUEL DE EL FAIQUE,8.7,0.087,0.0,100.0,1.0,0.0,100.0,1.0,2,3,0.6,0.0,,100.0,1.0,0.9,0.710377,5,0.281225,1,250.290059,67.51252,5.008149,0.281225
080302,CUSCO,ANTA,ANCAHUASI,0.0,0.0,100.0,0.0,0.0,100.0,0.0,0.0,2,3,0.6,1.0,100.0,0.0,0.0,0.15,0.115385,1,0.281117,1,206.45732,77.111008,5.012239,0.281117
210304,PUNO,CARABAYA,COASA,62.26,0.6226,37.5,62.5,0.625,25.0,75.0,0.75,5,0,0.0,0.0,,100.0,1.0,0.59375,0.542039,2,0.280906,1,254.218228,62.192543,5.452907,0.280906
022008,ANCASH,YUNGAY,YANAMA,1.89,0.0189,0.0,100.0,1.0,0.0,100.0,1.0,5,0,0.0,1.0,0.0,100.0,1.0,0.75,0.580194,3,0.280669,1,263.057418,69.097237,4.903105,0.280669
120608,JUNIN,SATIPO,RIO TAMBO,36.16,0.3616,57.89,42.11,0.4211,54.55,45.45,0.4545,5,0,0.0,0.0,,100.0,1.0,0.4689,0.39982,2,0.280451,1,254.082578,78.557797,5.094068,0.280451
030611,APURIMAC,CHINCHEROS,LOS CHANKAS,5.41,0.0541,0.0,100.0,1.0,0.0,100.0,1.0,5,0,0.0,0.0,,100.0,1.0,0.75,0.586287,3,0.280398,1,213.902356,74.651058,4.803842,0.280398
210203,PUNO,AZANGARO,ARAPA,2.41,0.0241,33.33,66.67,0.6667,50.0,50.0,0.5,2,3,0.6,1.0,100.0,0.0,0.0,0.441675,0.342206,2,0.280226,1,209.011878,67.688571,5.724273,0.280226
090119,HUANCAVELICA,HUANCAVELICA,HUANDO,18.52,0.1852,100.0,0.0,0.0,100.0,0.0,0.0,3,2,0.4,0.0,,100.0,1.0,0.35,0.284189,2,0.280164,1,246.653723,68.87894,4.867314,0.280164
050617,AYACUCHO,LUCANAS,SAN PEDRO,26.51,0.2651,100.0,0.0,0.0,100.0,0.0,0.0,5,0,0.0,0.0,,100.0,1.0,0.25,0.207602,1,0.279845,1,237.058026,71.816198,4.692185,0.279845
050206,AYACUCHO,CANGALLO,TOTOS,13.1,0.131,100.0,0.0,0.0,100.0,0.0,0.0,5,0,0.0,1.0,100.0,0.0,0.0,0.0,0.0,1,0.279804,1,224.293465,76.585546,4.401205,0.279804
101104,HUANUCO,YAROWILCA,APARICIO POMARES,20.97,0.2097,0.0,100.0,1.0,0.0,100.0,1.0,2,3,0.6,0.0,,100.0,1.0,0.9,0.735861,5,0.279604,1,243.350935,74.301473,4.265836,0.279604
130611,LA LIBERTAD,OTUZCO,SALPO,2.17,0.0217,0.0,100.0,1.0,0.0,100.0,1.0,2,3,0.6,1.0,0.0,100.0,1.0,0.9,0.696815,5,0.279128,1,239.258427,74.57203,4.873478,0.279128
060105,CAJAMARCA,CAJAMARCA,ENCAÑADA,4.2,0.042,0.0,100.0,1.0,0.0,100.0,1.0,5,0,0.0,1.0,0.0,100.0,1.0,0.75,0.584192,3,0.278783,1,299.215955,76.630214,3.548077,0.278783
010521,AMAZONAS,LUYA,SANTO TOMAS,11.65,0.1165,0.0,100.0,1.0,0.0,100.0,1.0,2,3,0.6,1.0,0.0,100.0,1.0,0.9,0.716504,5,0.278361,1,306.078896,69.531358,4.895668,0.278361
040406,AREQUIPA,CASTILLA,CHOCO,57.76,0.5776,0.0,100.0,1.0,0.0,100.0,1.0,3,2,0.4,0.0,,100.0,1.0,0.85,0.767145,5,0.278307,1,342.675923,78.830722,4.637459,0.278307
120709,JUNIN,TARMA,TAPO,4.0,0.04,57.14,42.86,0.4286,66.67,33.33,0.3333,1,4,0.8,0.0,,100.0,1.0,0.640475,0.498585,2,0.278301,1,236.263929,76.278318,4.744785,0.278301
021303,ANCASH,MARISCAL LUZURIAGA,ELEAZAR GUZMAN BARRON,0.0,0.0,0.0,100.0,1.0,0.0,100.0,1.0,3,2,0.4,0.0,,100.0,1.0,0.85,0.653846,4,0.278004,1,258.805347,71.630724,4.482781,0.278004
090711,HUANCAVELICA,TAYACAJA,PAZOS,0.0,0.0,100.0,0.0,0.0,100.0,0.0,0.0,1,4,0.8,1.0,100.0,0.0,0.0,0.2,0.153846,1,0.277837,1,215.17787,76.34676,4.776256,0.277837
050504,AYACUCHO,LA MAR,CHILCAS,0.0,0.0,100.0,0.0,0.0,100.0,0.0,0.0,1,4,0.8,0.0,,100.0,1.0,0.45,0.346154,2,0.277632,1,234.61079,78.53167,4.132029,0.277632
060419,CAJAMARCA,CHOTA,CHALAMARCA,0.0,0.0,0.0,100.0,1.0,0.0,100.0,1.0,4,1,0.2,0.0,,100.0,1.0,0.8,0.615385,4,0.277596,1,277.215967,71.678309,4.162327,0.277596
250104,UCAYALI,CORONEL PORTILLO,MASISEA,62.22,0.6222,0.0,100.0,1.0,0.0,100.0,1.0,2,3,0.6,0.0,,100.0,1.0,0.9,0.821534,5,0.277348,1,254.392295,74.834223,5.817839,0.277348
150303,LIMA,CAJATAMBO,GORGOR,14.43,0.1443,100.0,0.0,0.0,100.0,0.0,0.0,3,2,0.4,1.0,100.0,0.0,0.0,0.1,0.080253,1,0.277028,1,249.486179,68.603786,6.847555,0.277028
200203,PIURA,AYABACA,JILILI,0.0,0.0,0.0,100.0,1.0,0.0,100.0,1.0,3,2,0.4,1.0,0.0,100.0,1.0,0.85,0.653846,4,0.276869,1,257.484152,70.809325,4.835601,0.276869
100402,HUANUCO,HUACAYBAMBA,CANCHABAMBA,5.26,0.0526,0.0,100.0,1.0,0.0,100.0,1.0,2,3,0.6,0.0,,100.0,1.0,0.9,0.703232,5,0.276862,1,247.461359,77.621552,4.356993,0.276862
101105,HUANUCO,YAROWILCA,JACAS CHICO,0.0,0.0,0.0,100.0,1.0,0.0,100.0,1.0,5,0,0.0,0.0,,100.0,1.0,0.75,0.576923,2,0.276387,1,231.005803,69.547766,4.77482,0.276387
060606,CAJAMARCA,CUTERVO,PIMPINGOS,0.0,0.0,0.0,100.0,1.0,0.0,100.0,1.0,4,1,0.2,1.0,0.0,100.0,1.0,0.8,0.615385,4,0.276386,1,237.156211,76.846026,4.775044,0.276386
160704,LORETO,DATEM DEL MARAÑON,MORONA,97.47,0.9747,0.0,100.0,1.0,0.0,100.0,1.0,2,3,0.6,0.0,,100.0,1.0,0.9,0.894745,5,0.276382,1,277.517999,76.942308,5.64994,0.276382
030203,APURIMAC,ANDAHUAYLAS,CHIARA,25.0,0.25,100.0,0.0,0.0,100.0,0.0,0.0,3,2,0.4,0.0,,100.0,1.0,0.35,0.289423,2,0.276223,1,239.86983,71.192791,4.247548,0.276223
210807,PUNO,MELGAR,ORURILLO,12.5,0.125,80.0,20.0,0.2,100.0,0.0,0.0,5,0,0.0,1.0,100.0,0.0,0.0,0.05,0.039904,1,0.275876,1,181.268942,73.204675,5.699834,0.275876
021015,ANCASH,HUARI,SAN PEDRO DE CHANA,2.94,0.0294,0.0,100.0,1.0,0.0,100.0,1.0,5,0,0.0,0.0,,100.0,1.0,0.75,0.582012,3,0.27582,1,227.614568,75.373739,6.089982,0.27582
060417,CAJAMARCA,CHOTA,TACABAMBA,0.0,0.0,0.0,100.0,1.0,0.0,100.0,1.0,3,2,0.4,1.0,0.0,100.0,1.0,0.85,0.653846,4,0.275743,1,301.147355,73.326198,3.890952,0.275743
210213,PUNO,AZANGARO,SAN JUAN DE SALINAS,0.0,0.0,40.0,60.0,0.6,100.0,0.0,0.0,3,2,0.4,0.0,,100.0,1.0,0.5,0.384615,2,0.275434,1,222.123193,66.990886,5.718403,0.275434
021503,ANCASH,PALLASCA,CONCHUCOS,34.48,0.3448,0.0,100.0,1.0,0.0,100.0,1.0,2,3,0.6,1.0,0.0,100.0,1.0,0.9,0.76392,5,0.275362,1,291.488182,67.990201,5.264561,0.275362
021013,ANCASH,HUARI,RAPAYAN,18.75,0.1875,0.0,100.0,1.0,0.0,100.0,1.0,5,0,0.0,0.0,,100.0,1.0,0.75,0.609375,4,0.275324,1,255.663408,71.833858,6.256239,0.275324
060406,CAJAMARCA,CHOTA,CHOROPAMPA,4.17,0.0417,0.0,100.0,1.0,0.0,100.0,1.0,5,0,0.0,0.0,,100.0,1.0,0.75,0.58414,3,0.275311,1,239.407182,71.10331,4.862166,0.275311
100206,HUANUCO,AMBO,SAN FRANCISCO,2.63,0.0263,0.0,100.0,1.0,0.0,100.0,1.0,5,0,0.0,0.0,,100.0,1.0,0.75,0.581475,3,0.275184,1,229.759424,75.587101,4.420987,0.275184
010105,AMAZONAS,CHACHAPOYAS,CHILIQUIN,20.93,0.2093,0.0,100.0,1.0,0.0,100.0,1.0,3,2,0.4,0.0,,100.0,1.0,0.85,0.694901,5,0.275038,1,325.930531,72.460151,3.712853,0.275038
100321,HUANUCO,DOS DE MAYO,SHUNQUI,0.0,0.0,0.0,100.0,1.0,0.0,100.0,1.0,3,2,0.4,0.0,,100.0,1.0,0.85,0.653846,4,0.27503,1,300.125235,70.146781,4.284119,0.27503
100105,HUANUCO,HUANUCO,MARGOS,28.26,0.2826,0.0,100.0,1.0,0.0,100.0,1.0,5,0,0.0,1.0,0.0,100.0,1.0,0.75,0.625835,4,0.274908,1,224.160463,78.939992,4.780764,0.274908
100509,HUANUCO,HUAMALIES,PUÑOS,21.05,0.2105,0.0,100.0,1.0,0.0,100.0,1.0,2,3,0.6,0.0,,100.0,1.0,0.9,0.736027,5,0.27457,1,251.039352,77.011896,4.290341,0.27457
060607,CAJAMARCA,CUTERVO,QUEROCOTILLO,2.44,0.0244,0.0,100.0,1.0,0.0,100.0,1.0,3,2,0.4,1.0,0.0,100.0,1.0,0.85,0.658632,4,0.274225,1,233.147975,74.595885,4.343725,0.274225
061204,CAJAMARCA,SAN PABLO,TUMBADEN,23.81,0.2381,0.0,100.0,1.0,0.0,100.0,1.0,2,3,0.6,0.0,,100.0,1.0,0.9,0.741759,5,0.2742,1,340.123882,67.87328,4.027768,0.2742
060605,CAJAMARCA,CUTERVO,LA RAMADA,0.0,0.0,0.0,100.0,1.0,0.0,100.0,1.0,3,2,0.4,1.0,0.0,100.0,1.0,0.85,0.653846,4,0.274088,1,284.650477,76.304083,4.277467,0.274088
061202,CAJAMARCA,SAN PABLO,SAN BERNARDINO,0.0,0.0,0.0,100.0,1.0,0.0,100.0,1.0,3,2,0.4,1.0,0.0,100.0,1.0,0.85,0.653846,4,0.273719,1,336.78785,67.639666,3.726339,0.273719
010520,AMAZONAS,LUYA,SANTA CATALINA,0.0,0.0,0.0,100.0,1.0,0.0,100.0,1.0,2,3,0.6,0.0,,100.0,1.0,0.9,0.692308,4,0.27346,1,367.190597,73.399439,4.240634,0.27346
060503,CAJAMARCA,CONTUMAZA,CUPISNIQUE,3.85,0.0385,0.0,100.0,1.0,0.0,100.0,1.0,2,3,0.6,1.0,0.0,100.0,1.0,0.9,0.700304,5,0.273444,1,262.248908,69.000831,5.076548,0.273444
090720,HUANCAVELICA,TAYACAJA,ANDAYMARCA,0.0,0.0,100.0,0.0,0.0,100.0,0.0,0.0,1,4,0.8,0.0,,100.0,1.0,0.45,0.346154,2,0.2731,1,309.209474,66.511353,4.126044,0.2731
020102,ANCASH,HUARAZ,COCHABAMBA,12.9,0.129,0.0,100.0,1.0,0.0,100.0,1.0,2,3,0.6,0.0,,100.0,1.0,0.9,0.7191,5,0.273068,1,293.69124,69.956257,4.406353,0.273068
030409,APURIMAC,AYMARAES,LUCRE,6.15,0.0615,100.0,0.0,0.0,100.0,0.0,0.0,3,2,0.4,0.0,,100.0,1.0,0.35,0.274198,2,0.272963,1,323.260911,72.754536,3.358261,0.272963
040802,AREQUIPA,LA UNION,ALCA,15.62,0.1562,0.0,100.0,1.0,0.0,100.0,1.0,3,2,0.4,1.0,0.0,100.0,1.0,0.85,0.684485,4,0.272906,1,255.431518,85.0,4.995801,0.272906
130501,LA LIBERTAD,JULCAN,JULCAN,0.0,0.0,0.0,100.0,1.0,0.0,100.0,1.0,5,0,0.0,0.0,,100.0,1.0,0.75,0.576923,2,0.272643,1,259.147827,71.930028,4.175549,0.272643
140310,LAMBAYEQUE,LAMBAYEQUE,SALAS,8.6,0.086,100.0,0.0,0.0,100.0,0.0,0.0,5,0,0.0,1.0,100.0,0.0,0.0,0.0,0.0,1,0.272563,1,226.416752,76.977729,4.674165,0.272563
060111,CAJAMARCA,CAJAMARCA,NAMORA,5.88,0.0588,0.0,100.0,1.0,0.0,100.0,1.0,5,0,0.0,0.0,,100.0,1.0,0.75,0.5871,3,0.272322,1,315.031039,73.925447,3.685502,0.272322
010504,AMAZONAS,LUYA,COLCAMAR,5.0,0.05,0.0,100.0,1.0,0.0,100.0,1.0,2,3,0.6,1.0,0.0,100.0,1.0,0.9,0.702692,5,0.272209,1,309.360688,72.527535,4.592631,0.272209
220503,SAN MARTIN,LAMAS,BARRANQUITA,27.27,0.2727,0.0,100.0,1.0,0.0,100.0,1.0,3,2,0.4,0.0,,100.0,1.0,0.85,0.707337,5,0.272188,1,299.420064,70.640324,5.011233,0.272188
060612,CAJAMARCA,CUTERVO,SANTO DOMINGO DE LA CAPILLA,0.0,0.0,0.0,100.0,1.0,0.0,100.0,1.0,5,0,0.0,1.0,0.0,100.0,1.0,0.75,0.576923,2,0.270983,1,269.175448,81.541409,3.627126,0.270983
120105,JUNIN,HUANCAYO,CHACAPAMPA,5.88,0.0588,0.0,100.0,1.0,0.0,100.0,1.0,0,5,1.0,0.0,,100.0,1.0,1.0,0.7828,5,0.270411,1,197.056474,71.329434,5.607395,0.270411
210208,PUNO,AZANGARO,MUÑANI,35.29,0.3529,100.0,0.0,0.0,50.0,50.0,0.5,5,0,0.0,0.0,,100.0,1.0,0.375,0.319001,2,0.270366,1,192.934444,66.683388,5.485681,0.270366
151025,LIMA,YAUYOS,QUINOCAY,7.5,0.075,100.0,0.0,0.0,100.0,0.0,0.0,0,5,1.0,0.0,,100.0,1.0,0.5,0.393269,2,0.270148,1,157.765598,74.172325,7.2456,0.270148
081210,CUSCO,QUISPICANCHI,OCONGATE,4.81,0.0481,100.0,0.0,0.0,100.0,0.0,0.0,5,0,0.0,1.0,100.0,0.0,0.0,0.0,0.0,1,0.270143,1,281.294823,67.030869,3.690268,0.270143
100207,HUANUCO,AMBO,SAN RAFAEL,17.36,0.1736,0.0,100.0,1.0,0.0,100.0,1.0,5,0,0.0,0.0,,100.0,1.0,0.75,0.606969,4,0.270128,1,263.842693,73.64856,3.986089,0.270128
100109,HUANUCO,HUANUCO,SANTA MARIA DEL VALLE,17.11,0.1711,0.0,100.0,1.0,0.0,100.0,1.0,5,0,0.0,0.0,,100.0,1.0,0.75,0.606537,4,0.270127,1,282.147801,78.996326,3.466742,0.270127
101107,HUANUCO,YAROWILCA,PAMPAMARCA,5.41,0.0541,0.0,100.0,1.0,0.0,100.0,1.0,5,0,0.0,0.0,,100.0,1.0,0.75,0.586287,3,0.2701,1,248.767557,72.938561,4.906579,0.2701
151005,LIMA,YAUYOS,AZANGARO,5.21,0.0521,100.0,0.0,0.0,100.0,0.0,0.0,0,5,1.0,0.0,,100.0,1.0,0.5,0.390627,2,0.269716,1,169.617825,72.175929,7.655004,0.269716
210405,PUNO,CHUCUITO,PISACOMA,77.04,0.7704,100.0,0.0,0.0,100.0,0.0,0.0,5,0,0.0,0.0,,100.0,1.0,0.25,0.236754,1,0.269697,1,149.102367,74.918638,7.028381,0.269697
030404,APURIMAC,AYMARAES,CHAPIMARCA,2.17,0.0217,100.0,0.0,0.0,100.0,0.0,0.0,0,5,1.0,0.0,,100.0,1.0,0.5,0.387119,2,0.26966,1,234.722808,63.86696,4.545555,0.26966
010106,AMAZONAS,CHACHAPOYAS,CHUQUIBAMBA,7.5,0.075,0.0,100.0,1.0,0.0,100.0,1.0,2,3,0.6,1.0,0.0,100.0,1.0,0.9,0.707885,5,0.26927,1,267.387503,67.014161,5.881404,0.26927
030105,APURIMAC,ABANCAY,HUANIPACA,39.08,0.3908,100.0,0.0,0.0,100.0,0.0,0.0,3,2,0.4,1.0,100.0,0.0,0.0,0.1,0.085942,1,0.269267,1,271.664849,69.495019,4.441367,0.269267
020703,ANCASH,CARLOS FERMIN FITZCARRALD,YAUYA,1.43,0.0143,0.0,100.0,1.0,0.0,100.0,1.0,2,3,0.6,0.0,,100.0,1.0,0.9,0.695278,5,0.268745,1,240.438903,74.346813,4.705121,0.268745
050708,AYACUCHO,PARINACOCHAS,UPAHUACHO,43.7,0.437,0.0,100.0,1.0,100.0,0.0,0.0,1,4,0.8,0.0,,100.0,1.0,0.7,0.609054,4,0.268387,1,269.768262,61.138978,4.659269,0.268387
151011,LIMA,YAUYOS,COLONIA,11.27,0.1127,100.0,0.0,0.0,100.0,0.0,0.0,3,2,0.4,0.0,,100.0,1.0,0.35,0.278333,2,0.268037,1,171.395268,68.879693,7.990192,0.268037
160205,LORETO,ALTO AMAZONAS,JEBEROS,92.59,0.9259,0.0,100.0,1.0,0.0,100.0,1.0,1,4,0.8,0.0,,100.0,1.0,0.95,0.933755,5,0.268034,1,409.782024,73.438154,3.846406,0.268034
210603,PUNO,HUANCANE,HUATASANI,4.26,0.0426,100.0,0.0,0.0,100.0,0.0,0.0,2,3,0.6,0.0,,100.0,1.0,0.4,0.311625,2,0.267916,1,156.581571,70.428496,6.881046,0.267916
030608,APURIMAC,CHINCHEROS,RANRACANCHA,0.0,0.0,100.0,0.0,0.0,100.0,0.0,0.0,5,0,0.0,0.0,,100.0,1.0,0.25,0.192308,1,0.267554,1,252.275489,71.163818,3.74789,0.267554
210403,PUNO,CHUCUITO,HUACULLANI,45.68,0.4568,100.0,0.0,0.0,100.0,0.0,0.0,1,4,0.8,1.0,100.0,0.0,0.0,0.2,0.174929,1,0.267191,1,141.651559,73.482928,7.506971,0.267191
090502,HUANCAVELICA,CHURCAMPA,ANCO,0.0,0.0,100.0,0.0,0.0,100.0,0.0,0.0,2,3,0.6,0.0,,100.0,1.0,0.4,0.307692,2,0.266987,1,259.769035,67.319009,3.94718,0.266987
022002,ANCASH,YUNGAY,CASCAPARA,20.0,0.2,0.0,100.0,1.0,0.0,100.0,1.0,3,2,0.4,0.0,,100.0,1.0,0.85,0.693077,5,0.266921,1,388.099058,71.306607,2.842305,0.266921
081009,CUSCO,PARURO,YAURISQUE,0.0,0.0,100.0,0.0,0.0,100.0,0.0,0.0,5,0,0.0,1.0,100.0,0.0,0.0,0.0,0.0,1,0.266864,1,245.851077,63.439824,4.616571,0.266864
030415,APURIMAC,AYMARAES,TINTAY,0.0,0.0,100.0,0.0,0.0,100.0,0.0,0.0,5,0,0.0,1.0,100.0,0.0,0.0,0.0,0.0,1,0.266575,1,244.878061,68.550619,4.479963,0.266575
021906,ANCASH,SIHUAS,HUAYLLABAMBA,7.89,0.0789,0.0,100.0,1.0,0.0,100.0,1.0,1,4,0.8,0.0,,100.0,1.0,0.95,0.748067,5,0.266558,1,209.092509,73.675654,4.871407,0.266558
090103,HUANCAVELICA,HUANCAVELICA,ACORIA,0.56,0.0056,100.0,0.0,0.0,100.0,0.0,0.0,5,0,0.0,1.0,100.0,0.0,0.0,0.0,0.0,1,0.266345,1,247.665248,65.454574,4.41312,0.266345
081212,CUSCO,QUISPICANCHI,QUIQUIJANA,5.32,0.0532,100.0,0.0,0.0,100.0,0.0,0.0,5,0,0.0,1.0,100.0,0.0,0.0,0.0,0.0,1,0.266263,1,251.91362,69.177138,4.064477,0.266263
021002,ANCASH,HUARI,ANRA,0.0,0.0,0.0,100.0,1.0,0.0,100.0,1.0,3,2,0.4,0.0,,100.0,1.0,0.85,0.653846,4,0.266202,1,288.667779,71.92712,5.198812,0.266202
030210,APURIMAC,ANDAHUAYLAS,PAMPACHIRI,67.23,0.6723,100.0,0.0,0.0,100.0,0.0,0.0,2,3,0.6,1.0,100.0,0.0,0.0,0.15,0.138657,1,0.265894,1,231.232907,73.593791,4.963164,0.265894
060409,CAJAMARCA,CHOTA,HUAMBOS,0.0,0.0,0.0,100.0,1.0,0.0,100.0,1.0,1,4,0.8,1.0,0.0,100.0,1.0,0.95,0.730769,5,0.265499,1,299.196626,70.411806,3.652063,0.265499
090503,HUANCAVELICA,CHURCAMPA,CHINCHIHUASI,0.0,0.0,100.0,0.0,0.0,100.0,0.0,0.0,2,3,0.6,0.0,,100.0,1.0,0.4,0.307692,2,0.26489,1,282.303397,61.34931,4.359928,0.26489
051012,AYACUCHO,VICTOR FAJARDO,VILCANCHOS,32.18,0.3218,100.0,0.0,0.0,100.0,0.0,0.0,1,4,0.8,1.0,100.0,0.0,0.0,0.2,0.168698,1,0.264738,1,233.339388,74.116887,4.648449,0.264738
090722,HUANCAVELICA,TAYACAJA,PICHOS,26.83,0.2683,0.0,100.0,1.0,0.0,100.0,1.0,5,0,0.0,0.0,,100.0,1.0,0.75,0.62336,4,0.264377,1,307.157344,76.089829,3.42766,0.264377
061305,CAJAMARCA,SANTA CRUZ,LA ESPERANZA,0.0,0.0,0.0,100.0,1.0,0.0,100.0,1.0,2,3,0.6,0.0,,100.0,1.0,0.9,0.692308,4,0.264097,1,207.753332,70.897421,4.857312,0.264097
030414,APURIMAC,AYMARAES,TAPAIRIHUA,15.52,0.1552,100.0,0.0,0.0,100.0,0.0,0.0,4,1,0.2,1.0,100.0,0.0,0.0,0.05,0.040252,1,0.263865,1,234.527467,65.427196,4.498679,0.263865
090406,HUANCAVELICA,CASTROVIRREYNA,COCAS,2.44,0.0244,100.0,0.0,0.0,100.0,0.0,0.0,2,3,0.6,0.0,,100.0,1.0,0.4,0.309945,2,0.263694,1,243.158485,63.150898,6.074814,0.263694
120203,JUNIN,CONCEPCION,ANDAMARCA,46.15,0.4615,100.0,0.0,0.0,100.0,0.0,0.0,3,2,0.4,0.0,,100.0,1.0,0.35,0.306506,2,0.263475,1,236.380499,74.105501,4.025066,0.263475
051008,AYACUCHO,VICTOR FAJARDO,HUAMANQUIQUIA,0.0,0.0,100.0,0.0,0.0,100.0,0.0,0.0,3,2,0.4,0.0,,100.0,1.0,0.35,0.269231,1,0.26318,1,248.026954,77.335239,4.839612,0.26318
010602,AMAZONAS,RODRIGUEZ DE MENDOZA,CHIRIMOTO,36.36,0.3636,0.0,100.0,1.0,0.0,100.0,1.0,2,3,0.6,0.0,,100.0,1.0,0.9,0.767825,5,0.262898,1,304.04281,67.859451,4.698855,0.262898
010507,AMAZONAS,LUYA,LONGUITA,0.0,0.0,0.0,100.0,1.0,0.0,100.0,1.0,3,2,0.4,0.0,,100.0,1.0,0.85,0.653846,4,0.262888,1,277.16294,71.418825,4.629509,0.262888
090403,HUANCAVELICA,CASTROVIRREYNA,AURAHUA,51.49,0.5149,100.0,0.0,0.0,100.0,0.0,0.0,2,3,0.6,1.0,100.0,0.0,0.0,0.15,0.133208,1,0.262794,1,215.036535,62.680224,6.763301,0.262794
150710,LIMA,HUAROCHIRI,LAHUAYTAMBO,0.0,0.0,100.0,0.0,0.0,100.0,0.0,0.0,1,4,0.8,0.0,,100.0,1.0,0.45,0.346154,2,0.262608,1,172.853999,79.383135,7.015794,0.262608
100804,HUANUCO,PACHITEA,UMARI,0.0,0.0,0.0,100.0,1.0,0.0,100.0,1.0,5,0,0.0,0.0,,100.0,1.0,0.75,0.576923,2,0.26249,1,375.161011,73.4706,3.01307,0.26249
210204,PUNO,AZANGARO,ASILLO,2.5,0.025,86.67,13.33,0.1333,100.0,0.0,0.0,5,0,0.0,1.0,100.0,0.0,0.0,0.033325,0.025827,1,0.262375,1,177.692507,66.47865,6.080442,0.262375
030212,APURIMAC,ANDAHUAYLAS,SAN ANTONIO DE CACHI,1.89,0.0189,100.0,0.0,0.0,100.0,0.0,0.0,2,3,0.6,1.0,100.0,0.0,0.0,0.15,0.116039,1,0.262028,1,209.614773,73.648308,4.181673,0.262028
030107,APURIMAC,ABANCAY,PICHIRHUA,3.92,0.0392,100.0,0.0,0.0,100.0,0.0,0.0,3,2,0.4,0.0,,100.0,1.0,0.35,0.272397,2,0.261716,1,215.623733,69.450457,4.59422,0.261716
090113,HUANCAVELICA,HUANCAVELICA,NUEVO OCCORO,65.54,0.6554,100.0,0.0,0.0,100.0,0.0,0.0,2,3,0.6,0.0,,100.0,1.0,0.4,0.368191,2,0.261549,1,215.270822,65.494671,4.865187,0.261549
210503,PUNO,EL COLLAO,PILCUYO,0.0,0.0,0.0,100.0,1.0,0.0,100.0,1.0,2,3,0.6,1.0,0.0,100.0,1.0,0.9,0.692308,4,0.261364,1,147.536066,79.609061,5.552108,0.261364
090107,HUANCAVELICA,HUANCAVELICA,HUAYLLAHUARA,27.78,0.2778,100.0,0.0,0.0,100.0,0.0,0.0,1,4,0.8,0.0,,100.0,1.0,0.45,0.375002,2,0.261315,1,216.205713,60.785705,5.772494,0.261315
060403,CAJAMARCA,CHOTA,CHADIN,0.0,0.0,0.0,100.0,1.0,0.0,100.0,1.0,1,4,0.8,0.0,,100.0,1.0,0.95,0.730769,5,0.26029,1,213.575691,70.25536,4.483124,0.26029
130303,LA LIBERTAD,BOLIVAR,CONDORMARCA,0.0,0.0,0.0,100.0,1.0,0.0,100.0,1.0,1,4,0.8,0.0,,100.0,1.0,0.95,0.730769,5,0.259556,1,224.44743,78.906752,4.725417,0.259556
090716,HUANCAVELICA,TAYACAJA,SAN MARCOS DE ROCCHAC,0.0,0.0,100.0,0.0,0.0,100.0,0.0,0.0,2,3,0.6,0.0,,100.0,1.0,0.4,0.307692,2,0.259476,1,194.047,74.267152,4.779432,0.259476
060405,CAJAMARCA,CHOTA,CHIMBAN,3.23,0.0323,0.0,100.0,1.0,0.0,100.0,1.0,1,4,0.8,1.0,0.0,100.0,1.0,0.95,0.73785,5,0.258995,1,239.679211,76.091562,4.494478,0.258995
160706,LORETO,DATEM DEL MARAÑON,ANDOAS,82.8,0.828,0.0,100.0,1.0,0.0,100.0,1.0,2,3,0.6,0.0,,100.0,1.0,0.9,0.864277,5,0.25895,1,333.888476,75.78556,4.022219,0.25895
020605,ANCASH,CARHUAZ,ATAQUERO,7.41,0.0741,0.0,100.0,1.0,0.0,100.0,1.0,2,3,0.6,0.0,,100.0,1.0,0.9,0.707698,5,0.258884,1,208.265129,76.843936,4.165467,0.258884
050205,AYACUCHO,CANGALLO,PARAS,27.57,0.2757,100.0,0.0,0.0,100.0,0.0,0.0,3,2,0.4,1.0,100.0,0.0,0.0,0.1,0.083285,1,0.258777,1,219.52973,78.231373,4.069708,0.258777
080706,CUSCO,CHUMBIVILCAS,LLUSCO,41.79,0.4179,100.0,0.0,0.0,100.0,0.0,0.0,5,0,0.0,0.0,,100.0,1.0,0.25,0.216417,1,0.258471,1,252.414747,68.934366,3.595831,0.258471
030607,APURIMAC,CHINCHEROS,URANMARCA,0.0,0.0,100.0,0.0,0.0,100.0,0.0,0.0,2,3,0.6,1.0,100.0,0.0,0.0,0.15,0.115385,1,0.258446,1,187.854809,74.574071,4.562374,0.258446
051011,AYACUCHO,VICTOR FAJARDO,SARHUA,32.43,0.3243,100.0,0.0,0.0,100.0,0.0,0.0,5,0,0.0,0.0,,100.0,1.0,0.25,0.211017,1,0.258401,1,263.429266,81.192716,3.619131,0.258401
030219,APURIMAC,ANDAHUAYLAS,KAQUIABAMBA,0.0,0.0,100.0,0.0,0.0,100.0,0.0,0.0,1,4,0.8,0.0,,100.0,1.0,0.45,0.346154,2,0.257632,1,192.023085,75.903682,4.277602,0.257632
200410,PIURA,MORROPON,YAMANGO,0.0,0.0,0.0,100.0,1.0,0.0,100.0,1.0,2,3,0.6,0.0,,100.0,1.0,0.9,0.692308,4,0.257489,1,206.204257,73.494557,4.258772,0.257489
060204,CAJAMARCA,CAJABAMBA,SITACOCHA,5.33,0.0533,0.0,100.0,1.0,0.0,100.0,1.0,1,4,0.8,1.0,0.0,100.0,1.0,0.95,0.742454,5,0.257408,1,300.975085,79.225896,3.175946,0.257408
060504,CAJAMARCA,CONTUMAZA,GUZMANGO,0.0,0.0,0.0,100.0,1.0,0.0,100.0,1.0,5,0,0.0,1.0,0.0,100.0,1.0,0.75,0.576923,2,0.257317,1,249.44675,73.980321,3.775044,0.257317
100106,HUANUCO,HUANUCO,QUISQUI (KICHKI),3.08,0.0308,0.0,100.0,1.0,0.0,100.0,1.0,3,2,0.4,0.0,,100.0,1.0,0.85,0.659888,4,0.257309,1,239.343569,76.060495,3.925341,0.257309
250103,UCAYALI,CORONEL PORTILLO,IPARIA,70.0,0.7,0.0,100.0,1.0,0.0,100.0,1.0,2,3,0.6,0.0,,100.0,1.0,0.9,0.837692,5,0.25714,1,196.729297,74.958054,6.25038,0.25714
160211,LORETO,ALTO AMAZONAS,TENIENTE CESAR LOPEZ ROJAS,44.12,0.4412,0.0,100.0,1.0,0.0,100.0,1.0,1,4,0.8,0.0,,100.0,1.0,0.95,0.827494,5,0.257097,1,388.611412,73.263167,3.3356,0.257097
160705,LORETO,DATEM DEL MARAÑON,PASTAZA,87.36,0.8736,0.0,100.0,1.0,0.0,100.0,1.0,2,3,0.6,0.0,,100.0,1.0,0.9,0.873748,5,0.256855,1,320.900743,71.62851,4.598015,0.256855
030209,APURIMAC,ANDAHUAYLAS,PACUCHA,0.0,0.0,100.0,0.0,0.0,100.0,0.0,0.0,5,0,0.0,1.0,100.0,0.0,0.0,0.0,0.0,1,0.256704,1,175.364365,77.667281,4.122891,0.256704
050402,AYACUCHO,HUANTA,AYAHUANCO,12.9,0.129,100.0,0.0,0.0,100.0,0.0,0.0,1,4,0.8,0.0,,100.0,1.0,0.45,0.35955,2,0.25659,1,248.913289,68.438182,3.467084,0.25659
020608,ANCASH,CARHUAZ,SAN MIGUEL DE ACO,0.0,0.0,0.0,100.0,1.0,0.0,100.0,1.0,5,0,0.0,0.0,,100.0,1.0,0.75,0.576923,2,0.256267,1,210.927727,82.281473,3.457789,0.256267
211004,PUNO,SAN ANTONIO DE PUTINA,QUILCAPUNCU,51.35,0.5135,50.0,50.0,0.5,50.0,50.0,0.5,1,4,0.8,0.0,,100.0,1.0,0.7,0.621412,4,0.256072,1,178.24702,66.95706,5.652067,0.256072
100511,HUANUCO,HUAMALIES,TANTAMAYO,21.52,0.2152,0.0,100.0,1.0,0.0,100.0,1.0,2,3,0.6,0.0,,100.0,1.0,0.9,0.737003,5,0.256041,1,268.271624,75.721239,4.749027,0.256041
050113,AYACUCHO,HUAMANGA,TAMBILLO,0.0,0.0,100.0,0.0,0.0,100.0,0.0,0.0,5,0,0.0,0.0,,100.0,1.0,0.25,0.192308,1,0.255768,1,219.408433,69.853535,4.494716,0.255768
010518,AMAZONAS,LUYA,SAN JERONIMO,6.45,0.0645,0.0,100.0,1.0,0.0,100.0,1.0,3,2,0.4,0.0,,100.0,1.0,0.85,0.666498,4,0.255735,1,282.154668,72.201272,3.980879,0.255735
151029,LIMA,YAUYOS,TAURIPAMPA,61.7,0.617,100.0,0.0,0.0,100.0,0.0,0.0,5,0,0.0,0.0,,100.0,1.0,0.25,0.227904,1,0.255715,1,161.9796,70.65822,6.04678,0.255715
051106,AYACUCHO,VILCAS HUAMAN,INDEPENDENCIA,0.0,0.0,100.0,0.0,0.0,100.0,0.0,0.0,0,5,1.0,0.0,,100.0,1.0,0.5,0.384615,2,0.255015,1,240.289805,66.577686,4.636842,0.255015
050103,AYACUCHO,HUAMANGA,ACOS VINCHOS,0.0,0.0,100.0,0.0,0.0,100.0,0.0,0.0,5,0,0.0,1.0,100.0,0.0,0.0,0.0,0.0,1,0.255009,1,264.184189,70.443635,3.686775,0.255009
130605,LA LIBERTAD,OTUZCO,HUARANCHAL,0.0,0.0,0.0,100.0,1.0,0.0,100.0,1.0,2,3,0.6,1.0,0.0,100.0,1.0,0.9,0.692308,4,0.254306,1,234.058716,75.259337,4.654225,0.254306
081105,CUSCO,PAUCARTAMBO,HUANCARANI,0.0,0.0,100.0,0.0,0.0,100.0,0.0,0.0,5,0,0.0,1.0,100.0,0.0,0.0,0.0,0.0,1,0.254172,1,210.761974,67.161216,3.933067,0.254172
010503,AMAZONAS,LUYA,COCABAMBA,46.15,0.4615,0.0,100.0,1.0,0.0,100.0,1.0,2,3,0.6,1.0,0.0,100.0,1.0,0.9,0.788158,5,0.254097,1,319.96062,68.554081,4.130832,0.254097
100803,HUANUCO,PACHITEA,MOLINO,12.84,0.1284,0.0,100.0,1.0,0.0,100.0,1.0,5,0,0.0,0.0,,100.0,1.0,0.75,0.599146,4,0.254014,1,320.913238,74.217003,2.946112,0.254014
050204,AYACUCHO,CANGALLO,MARIA PARADO DE BELLIDO,0.0,0.0,100.0,0.0,0.0,100.0,0.0,0.0,3,2,0.4,0.0,,100.0,1.0,0.35,0.269231,1,0.254006,1,188.659008,80.712715,3.969287,0.254006
061310,CAJAMARCA,SANTA CRUZ,UTICYACU,0.0,0.0,0.0,100.0,1.0,0.0,100.0,1.0,2,3,0.6,1.0,0.0,100.0,1.0,0.9,0.692308,4,0.253639,1,283.710291,69.22494,5.267587,0.253639
021206,ANCASH,HUAYLAS,PAMPAROMAS,10.75,0.1075,0.0,100.0,1.0,0.0,100.0,1.0,2,3,0.6,1.0,0.0,100.0,1.0,0.9,0.714635,5,0.253127,1,260.712396,80.030978,3.439782,0.253127
080702,CUSCO,CHUMBIVILCAS,CAPACMARCA,2.13,0.0213,100.0,0.0,0.0,100.0,0.0,0.0,5,0,0.0,0.0,,100.0,1.0,0.25,0.193537,1,0.252972,1,207.466857,68.517651,4.087008,0.252972
061308,CAJAMARCA,SANTA CRUZ,SAUCEPAMPA,0.0,0.0,0.0,100.0,1.0,0.0,100.0,1.0,3,2,0.4,0.0,,100.0,1.0,0.85,0.653846,4,0.252092,1,197.114667,71.159161,4.236536,0.252092
060203,CAJAMARCA,CAJABAMBA,CONDEBAMBA,0.0,0.0,0.0,100.0,1.0,0.0,100.0,1.0,5,0,0.0,1.0,0.0,100.0,1.0,0.75,0.576923,2,0.251798,1,260.395291,79.0412,3.323753,0.251798
010515,AMAZONAS,LUYA,PROVIDENCIA,0.0,0.0,0.0,100.0,1.0,0.0,100.0,1.0,2,3,0.6,0.0,,100.0,1.0,0.9,0.692308,4,0.251746,1,244.203542,71.148164,5.142373,0.251746
090610,HUANCAVELICA,HUAYTARA,SAN ANTONIO DE CUSICANCHA,50.88,0.5088,100.0,0.0,0.0,100.0,0.0,0.0,2,3,0.6,0.0,,100.0,1.0,0.4,0.354658,2,0.251497,1,227.139594,68.589452,4.88552,0.251497
080508,CUSCO,CANAS,TUPAC AMARU,0.0,0.0,100.0,0.0,0.0,100.0,0.0,0.0,3,2,0.4,0.0,,100.0,1.0,0.35,0.269231,1,0.251415,1,212.25681,59.101007,4.469558,0.251415
050102,AYACUCHO,HUAMANGA,ACOCRO,0.0,0.0,100.0,0.0,0.0,100.0,0.0,0.0,4,1,0.2,0.0,,100.0,1.0,0.3,0.230769,1,0.251198,1,203.311196,68.522999,5.313682,0.251198
160210,LORETO,ALTO AMAZONAS,SANTA CRUZ,62.79,0.6279,0.0,100.0,1.0,0.0,100.0,1.0,5,0,0.0,0.0,,100.0,1.0,0.75,0.685598,4,0.250838,1,326.298787,74.402736,4.409104,0.250838
090506,HUANCAVELICA,CHURCAMPA,LOCROJA,0.0,0.0,100.0,0.0,0.0,100.0,0.0,0.0,3,2,0.4,0.0,,100.0,1.0,0.35,0.269231,1,0.24942,1,190.755263,68.881464,4.331588,0.24942
010612,AMAZONAS,RODRIGUEZ DE MENDOZA,VISTA ALEGRE,65.38,0.6538,0.0,100.0,1.0,0.0,100.0,1.0,2,3,0.6,0.0,,100.0,1.0,0.9,0.828097,5,0.249042,1,260.211145,69.482747,4.410196,0.249042
100801,HUANUCO,PACHITEA,PANAO,25.38,0.2538,0.0,100.0,1.0,0.0,100.0,1.0,5,0,0.0,0.0,,100.0,1.0,0.75,0.62085,4,0.24881,1,279.667817,69.007841,3.461547,0.24881
030706,APURIMAC,GRAU,MICAELA BASTIDAS,0.0,0.0,100.0,0.0,0.0,100.0,0.0,0.0,3,2,0.4,0.0,,100.0,1.0,0.35,0.269231,1,0.248528,1,152.351417,61.28941,7.199899,0.248528
210606,PUNO,HUANCANE,ROSASPATA,35.2,0.352,40.0,60.0,0.6,25.0,75.0,0.75,5,0,0.0,1.0,100.0,0.0,0.0,0.3375,0.287031,2,0.247635,1,155.959212,70.168276,5.145,0.247635
021709,ANCASH,RECUAY,TAPACOCHA,5.88,0.0588,0.0,100.0,1.0,0.0,100.0,1.0,3,2,0.4,0.0,,100.0,1.0,0.85,0.66538,4,0.247469,1,229.613146,68.205555,5.696301,0.247469
120411,JUNIN,JAUJA,JANJAILLO,0.0,0.0,0.0,100.0,1.0,100.0,0.0,0.0,5,0,0.0,0.0,,100.0,1.0,0.5,0.384615,2,0.247372,1,174.138498,70.383279,5.096173,0.247372
090507,HUANCAVELICA,CHURCAMPA,PAUCARBAMBA,0.0,0.0,100.0,0.0,0.0,100.0,0.0,0.0,2,3,0.6,1.0,100.0,0.0,0.0,0.15,0.115385,1,0.246933,1,226.428781,62.272143,4.340739,0.246933
081101,CUSCO,PAUCARTAMBO,PAUCARTAMBO,35.5,0.355,0.0,100.0,1.0,0.0,100.0,1.0,5,0,0.0,0.0,,100.0,1.0,0.75,0.638365,4,0.246623,1,285.513026,59.50772,3.991374,0.246623
050406,AYACUCHO,HUANTA,SANTILLANA,0.0,0.0,100.0,0.0,0.0,100.0,0.0,0.0,5,0,0.0,0.0,,100.0,1.0,0.25,0.192308,1,0.246427,1,207.775276,77.039188,3.781613,0.246427
020609,ANCASH,CARHUAZ,SHILLA,0.0,0.0,0.0,100.0,1.0,0.0,100.0,1.0,4,1,0.2,0.0,,100.0,1.0,0.8,0.615385,4,0.246231,1,186.813069,85.0,3.407692,0.246231
081102,CUSCO,PAUCARTAMBO,CAICAY,0.0,0.0,100.0,0.0,0.0,100.0,0.0,0.0,5,0,0.0,0.0,,100.0,1.0,0.25,0.192308,1,0.245333,1,261.77286,63.62241,3.467142,0.245333
021704,ANCASH,RECUAY,HUAYLLAPAMPA,22.78,0.2278,0.0,100.0,1.0,0.0,100.0,1.0,2,3,0.6,0.0,,100.0,1.0,0.9,0.73962,5,0.244992,1,173.213044,70.153785,5.479712,0.244992
061007,CAJAMARCA,SAN MARCOS,JOSE SABOGAL,3.66,0.0366,0.0,100.0,1.0,0.0,100.0,1.0,5,0,0.0,1.0,0.0,100.0,1.0,0.75,0.583258,3,0.244699,1,440.784818,67.687854,2.7446,0.244699
030307,APURIMAC,ANTABAMBA,SABAINO,50.68,0.5068,100.0,0.0,0.0,100.0,0.0,0.0,1,4,0.8,0.0,,100.0,1.0,0.45,0.398783,2,0.24464,1,198.728215,55.387789,5.639928,0.24464
050510,AYACUCHO,LA MAR,ANCHIHUAY,32.14,0.3214,100.0,0.0,0.0,100.0,0.0,0.0,5,0,0.0,0.0,,100.0,1.0,0.25,0.21085,1,0.243634,1,219.748409,82.372316,4.155645,0.243634
130812,LA LIBERTAD,PATAZ,TAURIJA,0.0,0.0,0.0,100.0,1.0,0.0,100.0,1.0,3,2,0.4,0.0,,100.0,1.0,0.85,0.653846,4,0.243495,1,169.032508,76.445957,4.761171,0.243495
060309,CAJAMARCA,CELENDIN,SOROCHUCO,9.09,0.0909,0.0,100.0,1.0,0.0,100.0,1.0,3,2,0.4,1.0,0.0,100.0,1.0,0.85,0.671677,4,0.243054,1,230.891654,73.902702,3.145864,0.243054
021208,ANCASH,HUAYLAS,SANTA CRUZ,4.62,0.0462,0.0,100.0,1.0,0.0,100.0,1.0,2,3,0.6,0.0,,100.0,1.0,0.9,0.701903,5,0.242703,1,210.951384,80.45771,3.613818,0.242703
021902,ANCASH,SIHUAS,ACOBAMBA,0.0,0.0,0.0,100.0,1.0,0.0,100.0,1.0,3,2,0.4,0.0,,100.0,1.0,0.85,0.653846,4,0.242445,1,167.214939,72.435384,5.786466,0.242445
050508,AYACUCHO,LA MAR,TAMBO,3.85,0.0385,100.0,0.0,0.0,100.0,0.0,0.0,5,0,0.0,1.0,100.0,0.0,0.0,0.0,0.0,1,0.242115,1,187.937573,78.609957,3.602766,0.242115
120214,JUNIN,CONCEPCION,SAN JOSE DE QUERO,0.0,0.0,0.0,100.0,1.0,0.0,100.0,1.0,3,2,0.4,0.0,,100.0,1.0,0.85,0.653846,4,0.241515,1,136.806869,73.443162,6.114835,0.241515
030605,APURIMAC,CHINCHEROS,OCOBAMBA,0.0,0.0,100.0,0.0,0.0,100.0,0.0,0.0,5,0,0.0,1.0,100.0,0.0,0.0,0.0,0.0,1,0.24131,1,162.121281,70.834834,4.887115,0.24131
080707,CUSCO,CHUMBIVILCAS,QUIÑOTA,50.0,0.5,100.0,0.0,0.0,100.0,0.0,0.0,5,0,0.0,0.0,,100.0,1.0,0.25,0.221154,1,0.241154,1,212.9084,71.168456,3.905042,0.241154
130813,LA LIBERTAD,PATAZ,URPAY,0.0,0.0,0.0,100.0,1.0,0.0,100.0,1.0,3,2,0.4,0.0,,100.0,1.0,0.85,0.653846,4,0.240555,1,147.565363,76.874566,4.5665,0.240555
050112,AYACUCHO,HUAMANGA,SOCOS,4.26,0.0426,100.0,0.0,0.0,100.0,0.0,0.0,5,0,0.0,0.0,,100.0,1.0,0.25,0.194765,1,0.240548,1,232.836739,71.986593,3.335733,0.240548
030413,APURIMAC,AYMARAES,SORAYA,0.0,0.0,100.0,0.0,0.0,100.0,0.0,0.0,2,3,0.6,0.0,,100.0,1.0,0.4,0.307692,2,0.240485,1,222.769792,57.009306,4.81879,0.240485
060506,CAJAMARCA,CONTUMAZA,SANTA CRUZ DE TOLED,0.0,0.0,0.0,100.0,1.0,0.0,100.0,1.0,2,3,0.6,1.0,0.0,100.0,1.0,0.9,0.692308,4,0.240459,1,195.440532,72.650685,3.835585,0.240459
210605,PUNO,HUANCANE,PUSI,0.0,0.0,66.67,33.33,0.3333,100.0,0.0,0.0,5,0,0.0,1.0,100.0,0.0,0.0,0.083325,0.064096,1,0.239905,1,142.34233,73.667482,5.108033,0.239905
210407,PUNO,CHUCUITO,ZEPITA,1.67,0.0167,5.26,94.74,0.9474,14.29,85.71,0.8571,5,0,0.0,1.0,0.0,100.0,1.0,0.701125,0.542029,2,0.239436,1,132.276466,73.42885,6.018617,0.239436
030214,APURIMAC,ANDAHUAYLAS,SAN MIGUEL DE CHACCRAMPA,0.0,0.0,100.0,0.0,0.0,100.0,0.0,0.0,2,3,0.6,0.0,,100.0,1.0,0.4,0.307692,2,0.23915,1,199.469115,71.044826,3.367956,0.23915
210902,PUNO,MOHO,CONIMA,0.0,0.0,66.67,33.33,0.3333,100.0,0.0,0.0,3,2,0.4,1.0,100.0,0.0,0.0,0.183325,0.141019,1,0.238658,1,120.078839,74.826974,5.820803,0.238658
230202,TACNA,CANDARAVE,CAIRANI,54.17,0.5417,0.0,100.0,1.0,0.0,100.0,1.0,3,2,0.4,0.0,,100.0,1.0,0.85,0.760103,5,0.237514,1,124.114835,72.076327,6.567581,0.237514
051102,AYACUCHO,VILCAS HUAMAN,ACCOMARCA,0.0,0.0,100.0,0.0,0.0,100.0,0.0,0.0,3,2,0.4,0.0,,100.0,1.0,0.35,0.269231,1,0.23724,1,184.112067,73.441605,5.547656,0.23724
090719,HUANCAVELICA,TAYACAJA,QUICHUAS,0.0,0.0,100.0,0.0,0.0,100.0,0.0,0.0,5,0,0.0,0.0,,100.0,1.0,0.25,0.192308,1,0.237127,1,206.767088,67.359072,3.957778,0.237127
210608,PUNO,HUANCANE,VILQUE CHICO,29.45,0.2945,0.0,100.0,1.0,0.0,100.0,1.0,3,2,0.4,1.0,0.0,100.0,1.0,0.85,0.711613,5,0.236472,1,146.983481,70.801133,4.775585,0.236472
090308,HUANCAVELICA,ANGARAES,HUAYLLAY GRANDE,0.0,0.0,100.0,0.0,0.0,100.0,0.0,0.0,1,4,0.8,0.0,,100.0,1.0,0.45,0.346154,2,0.236425,1,214.874988,74.718388,3.711565,0.236425
020702,ANCASH,CARLOS FERMIN FITZCARRALD,SAN NICOLAS,14.29,0.1429,0.0,100.0,1.0,0.0,100.0,1.0,3,2,0.4,0.0,,100.0,1.0,0.85,0.681877,4,0.236362,1,197.774213,76.599752,4.760829,0.236362
080204,CUSCO,ACOMAYO,MOSOC LLACTA,0.0,0.0,100.0,0.0,0.0,0.0,100.0,1.0,5,0,0.0,1.0,100.0,0.0,0.0,0.25,0.192308,1,0.23625,1,182.185505,56.849474,5.743111,0.23625
050615,AYACUCHO,LUCANAS,SAN CRISTOBAL,30.88,0.3088,100.0,0.0,0.0,0.0,100.0,1.0,5,0,0.0,0.0,,100.0,1.0,0.5,0.420246,2,0.236161,1,158.979059,67.248838,4.678487,0.236161
022007,ANCASH,YUNGAY,SHUPLUY,48.15,0.4815,0.0,100.0,1.0,0.0,100.0,1.0,3,2,0.4,0.0,,100.0,1.0,0.85,0.748294,5,0.235867,1,237.914875,69.689585,3.465133,0.235867
130602,LA LIBERTAD,OTUZCO,AGALLPAMPA,0.0,0.0,0.0,100.0,1.0,0.0,100.0,1.0,4,1,0.2,1.0,0.0,100.0,1.0,0.8,0.615385,4,0.23497,1,199.280009,75.209179,3.770674,0.23497
080102,CUSCO,CUSCO,CCORCA,0.0,0.0,100.0,0.0,0.0,100.0,0.0,0.0,4,1,0.2,0.0,,100.0,1.0,0.3,0.230769,1,0.234918,1,213.868382,69.316045,3.22054,0.234918
080206,CUSCO,ACOMAYO,RONDOCAN,30.16,0.3016,100.0,0.0,0.0,100.0,0.0,0.0,5,0,0.0,0.0,,100.0,1.0,0.25,0.209708,1,0.234816,1,282.849768,59.777957,3.664047,0.234816
060102,CAJAMARCA,CAJAMARCA,ASUNCION,1.12,0.0112,0.0,100.0,1.0,0.0,100.0,1.0,2,3,0.6,1.0,0.0,100.0,1.0,0.9,0.694634,5,0.234302,1,203.800071,76.321686,3.494445,0.234302
210105,PUNO,PUNO,CAPACHICA,4.6,0.046,80.0,20.0,0.2,60.0,40.0,0.4,5,0,0.0,1.0,100.0,0.0,0.0,0.15,0.116977,1,0.234084,1,162.17133,70.528989,4.224552,0.234084
130610,LA LIBERTAD,OTUZCO,PARANDAY,12.5,0.125,0.0,100.0,1.0,0.0,100.0,1.0,0,5,1.0,0.0,,100.0,1.0,1.0,0.798077,5,0.233949,1,182.632794,73.86424,3.744507,0.233949
061104,CAJAMARCA,SAN MIGUEL,CATILLUC,19.23,0.1923,0.0,100.0,1.0,0.0,100.0,1.0,1,4,0.8,0.0,,100.0,1.0,0.95,0.772927,5,0.232916,1,169.890675,78.246601,4.620184,0.232916
021908,ANCASH,SIHUAS,RAGASH,58.0,0.58,0.0,100.0,1.0,0.0,100.0,1.0,3,2,0.4,0.0,,100.0,1.0,0.85,0.767615,5,0.232558,1,177.223559,72.643605,4.733231,0.232558
090109,HUANCAVELICA,HUANCAVELICA,LARIA,41.51,0.4151,100.0,0.0,0.0,100.0,0.0,0.0,5,0,0.0,0.0,,100.0,1.0,0.25,0.216256,1,0.232528,1,168.685081,65.943588,5.490536,0.232528
210205,PUNO,AZANGARO,CAMINACA,0.0,0.0,0.0,100.0,1.0,0.0,100.0,1.0,1,4,0.8,0.0,,100.0,1.0,0.95,0.730769,5,0.23245,1,153.162448,70.002617,4.517671,0.23245
090715,HUANCAVELICA,TAYACAJA,SALCAHUASI,0.0,0.0,100.0,0.0,0.0,100.0,0.0,0.0,1,4,0.8,0.0,,100.0,1.0,0.45,0.346154,2,0.232202,1,192.66906,63.606685,4.300198,0.232202
060408,CAJAMARCA,CHOTA,CONCHAN,0.0,0.0,0.0,100.0,1.0,0.0,100.0,1.0,3,2,0.4,1.0,0.0,100.0,1.0,0.85,0.653846,4,0.231964,1,196.264512,71.990709,3.67263,0.231964
100311,HUANUCO,DOS DE MAYO,MARIAS,34.67,0.3467,0.0,100.0,1.0,0.0,100.0,1.0,3,2,0.4,0.0,,100.0,1.0,0.85,0.721853,5,0.231744,1,220.574427,68.276307,3.866108,0.231744
130804,LA LIBERTAD,PATAZ,HUANCASPATA,2.35,0.0235,0.0,100.0,1.0,0.0,100.0,1.0,2,3,0.6,0.0,,100.0,1.0,0.9,0.697188,5,0.231568,1,168.720119,79.973973,4.210183,0.231568
051107,AYACUCHO,VILCAS HUAMAN,SAURAMA,0.0,0.0,100.0,0.0,0.0,0.0,100.0,1.0,5,0,0.0,0.0,,100.0,1.0,0.5,0.384615,2,0.231102,1,152.382446,71.32551,4.826948,0.231102
080404,CUSCO,CALCA,LARES,59.55,0.5955,100.0,0.0,0.0,100.0,0.0,0.0,2,3,0.6,0.0,,100.0,1.0,0.4,0.362662,2,0.231014,1,226.759024,69.70484,3.436337,0.231014
101101,HUANUCO,YAROWILCA,CHAVINILLO,6.52,0.0652,0.0,100.0,1.0,0.0,100.0,1.0,5,0,0.0,0.0,,100.0,1.0,0.75,0.588208,3,0.230691,1,164.540603,70.695622,4.495997,0.230691
210305,PUNO,CARABAYA,CORANI,77.88,0.7788,0.0,100.0,1.0,0.0,100.0,1.0,2,3,0.6,0.0,,100.0,1.0,0.9,0.854058,5,0.230595,1,159.809788,66.505443,4.581776,0.230595
081004,CUSCO,PARURO,COLCHA,0.0,0.0,100.0,0.0,0.0,100.0,0.0,0.0,3,2,0.4,0.0,,100.0,1.0,0.35,0.269231,1,0.230179,1,172.802415,64.33027,4.704967,0.230179
050106,AYACUCHO,HUAMANGA,OCROS,1.09,0.0109,100.0,0.0,0.0,100.0,0.0,0.0,3,2,0.4,0.0,,100.0,1.0,0.35,0.270111,2,0.230128,1,170.116818,69.172621,4.51302,0.230128
090612,HUANCAVELICA,HUAYTARA,SAN ISIDRO,14.29,0.1429,100.0,0.0,0.0,100.0,0.0,0.0,3,2,0.4,0.0,,100.0,1.0,0.35,0.280773,2,0.229882,1,146.329023,62.139996,6.209993,0.229882
030704,APURIMAC,GRAU,HUAYLLATI,0.0,0.0,100.0,0.0,0.0,100.0,0.0,0.0,2,3,0.6,0.0,,100.0,1.0,0.4,0.307692,2,0.229603,1,171.070987,61.652423,4.812828,0.229603
130803,LA LIBERTAD,PATAZ,CHILLIA,0.0,0.0,0.0,100.0,1.0,0.0,100.0,1.0,2,3,0.6,1.0,0.0,100.0,1.0,0.9,0.692308,4,0.229486,1,195.057346,77.374525,3.760021,0.229486
130806,LA LIBERTAD,PATAZ,HUAYO,0.0,0.0,0.0,100.0,1.0,0.0,100.0,1.0,2,3,0.6,0.0,,100.0,1.0,0.9,0.692308,4,0.229113,1,213.810364,71.368698,3.776063,0.229113
020305,ANCASH,ANTONIO RAYMONDI,MIRGAS,0.0,0.0,0.0,100.0,1.0,0.0,100.0,1.0,2,3,0.6,0.0,,100.0,1.0,0.9,0.692308,4,0.228674,1,168.602606,72.97929,4.466537,0.228674
100203,HUANUCO,AMBO,COLPAS,60.81,0.6081,0.0,100.0,1.0,0.0,100.0,1.0,3,2,0.4,0.0,,100.0,1.0,0.85,0.773127,5,0.228659,1,197.200463,77.082703,3.721656,0.228659
200307,PIURA,HUANCABAMBA,SONDOR,0.0,0.0,0.0,100.0,1.0,0.0,100.0,1.0,5,0,0.0,0.0,,100.0,1.0,0.75,0.576923,2,0.228282,1,227.944877,64.815734,4.002084,0.228282
160105,LORETO,MAYNAS,LAS AMAZONAS,43.42,0.4342,85.71,14.29,0.1429,100.0,0.0,0.0,2,3,0.6,1.0,100.0,0.0,0.0,0.185725,0.161475,1,0.226552,1,313.278244,74.975163,2.758952,0.226552
090116,HUANCAVELICA,HUANCAVELICA,VILCA,50.0,0.5,100.0,0.0,0.0,100.0,0.0,0.0,1,4,0.8,0.0,,100.0,1.0,0.45,0.398077,2,0.226237,1,160.24759,61.599401,5.667938,0.226237
100703,HUANUCO,MARAÑON,SAN BUENAVENTURA,26.92,0.2692,0.0,100.0,1.0,0.0,100.0,1.0,2,3,0.6,0.0,,100.0,1.0,0.9,0.748218,5,0.22555,1,233.039093,71.51145,3.390277,0.22555
120504,JUNIN,JUNIN,ULCUMAYO,50.72,0.5072,100.0,0.0,0.0,100.0,0.0,0.0,2,3,0.6,1.0,100.0,0.0,0.0,0.15,0.132942,1,0.225391,1,152.236087,69.32471,4.646588,0.225391
061006,CAJAMARCA,SAN MARCOS,JOSE MANUEL QUIROZ,0.0,0.0,0.0,100.0,1.0,0.0,100.0,1.0,5,0,0.0,0.0,,100.0,1.0,0.75,0.576923,2,0.225231,1,203.525048,74.153094,3.240621,0.225231
130604,LA LIBERTAD,OTUZCO,CHARAT,0.0,0.0,0.0,100.0,1.0,0.0,100.0,1.0,2,3,0.6,1.0,0.0,100.0,1.0,0.9,0.692308,4,0.225093,1,163.153044,75.553641,4.499984,0.225093
061004,CAJAMARCA,SAN MARCOS,GREGORIO PITA,3.33,0.0333,0.0,100.0,1.0,0.0,100.0,1.0,2,3,0.6,1.0,0.0,100.0,1.0,0.9,0.699224,5,0.224822,1,194.530573,71.869407,3.576249,0.224822
021307,ANCASH,MARISCAL LUZURIAGA,LUCMA,6.12,0.0612,0.0,100.0,1.0,0.0,100.0,1.0,3,2,0.4,0.0,,100.0,1.0,0.85,0.665851,4,0.224737,1,158.03559,75.64209,4.405807,0.224737
081003,CUSCO,PARURO,CCAPI,0.0,0.0,100.0,0.0,0.0,100.0,0.0,0.0,2,3,0.6,0.0,,100.0,1.0,0.4,0.307692,2,0.224419,1,206.365431,64.640828,3.809339,0.224419
160305,LORETO,LORETO,URARINAS,80.2,0.802,0.0,100.0,1.0,0.0,100.0,1.0,5,0,0.0,0.0,,100.0,1.0,0.75,0.715731,5,0.224249,1,239.967654,73.042764,4.059271,0.224249
100202,HUANUCO,AMBO,CAYNA,25.18,0.2518,0.0,100.0,1.0,0.0,100.0,1.0,5,0,0.0,1.0,0.0,100.0,1.0,0.75,0.620504,4,0.223944,1,185.138692,76.648329,3.988944,0.223944
200303,PIURA,HUANCABAMBA,EL CARMEN DE LA FRONTERA,34.0,0.34,0.0,100.0,1.0,0.0,100.0,1.0,5,0,0.0,1.0,0.0,100.0,1.0,0.75,0.635769,4,0.223761,1,171.569403,66.22993,4.011363,0.223761
021904,ANCASH,SIHUAS,CASHAPAMPA,0.0,0.0,0.0,100.0,1.0,0.0,100.0,1.0,5,0,0.0,0.0,,100.0,1.0,0.75,0.576923,2,0.223554,1,160.68553,73.458395,4.103256,0.223554
010402,AMAZONAS,CONDORCANQUI,EL CENEPA,79.27,0.7927,0.0,100.0,1.0,0.0,100.0,1.0,2,3,0.6,0.0,,100.0,1.0,0.9,0.856945,5,0.2225,1,166.595367,70.047068,4.913043,0.2225
090208,HUANCAVELICA,ACOBAMBA,ROSARIO,0.0,0.0,100.0,0.0,0.0,100.0,0.0,0.0,4,1,0.2,0.0,,100.0,1.0,0.3,0.230769,1,0.221527,1,150.222009,74.814738,3.771459,0.221527
080304,CUSCO,ANTA,CHINCHAYPUJIO,28.36,0.2836,100.0,0.0,0.0,0.0,100.0,1.0,5,0,0.0,1.0,100.0,0.0,0.0,0.25,0.208669,1,0.221263,1,146.292722,75.433453,4.401912,0.221263
210212,PUNO,AZANGARO,SAN JOSE,11.49,0.1149,50.0,50.0,0.5,50.0,50.0,0.5,5,0,0.0,0.0,,100.0,1.0,0.5,0.397873,2,0.220904,1,134.943574,65.845765,5.494577,0.220904
080505,CUSCO,CANAS,LAYO,13.33,0.1333,100.0,0.0,0.0,100.0,0.0,0.0,5,0,0.0,1.0,100.0,0.0,0.0,0.0,0.0,1,0.220351,1,153.078708,63.218505,5.074878,0.220351
060809,CAJAMARCA,JAEN,SALLIQUE,0.87,0.0087,0.0,100.0,1.0,0.0,100.0,1.0,4,1,0.2,0.0,,100.0,1.0,0.8,0.616991,4,0.21929,1,162.232126,79.259606,3.896409,0.21929
030710,APURIMAC,GRAU,SANTA ROSA,0.0,0.0,100.0,0.0,0.0,100.0,0.0,0.0,5,0,0.0,0.0,,100.0,1.0,0.25,0.192308,1,0.218166,1,149.491311,62.994148,5.464749,0.218166
131008,LA LIBERTAD,SANTIAGO DE CHUCO,SITABAMBA,0.0,0.0,0.0,100.0,1.0,0.0,100.0,1.0,3,2,0.4,0.0,,100.0,1.0,0.85,0.653846,4,0.218143,1,159.214038,80.240767,3.802377,0.218143
130606,LA LIBERTAD,OTUZCO,LA CUESTA,61.54,0.6154,0.0,100.0,1.0,0.0,100.0,1.0,2,3,0.6,0.0,,100.0,1.0,0.9,0.820122,5,0.216577,1,168.237735,73.544191,4.599084,0.216577
090307,HUANCAVELICA,ANGARAES,HUANCA-HUANCA,0.0,0.0,100.0,0.0,0.0,100.0,0.0,0.0,2,3,0.6,0.0,,100.0,1.0,0.4,0.307692,2,0.216265,1,192.612025,73.565513,3.842846,0.216265
090306,HUANCAVELICA,ANGARAES,CONGALLA,0.0,0.0,100.0,0.0,0.0,100.0,0.0,0.0,4,1,0.2,0.0,,100.0,1.0,0.3,0.230769,1,0.216229,1,161.024614,68.505129,4.10955,0.216229
250204,UCAYALI,ATALAYA,YURUA,86.21,0.8621,0.0,100.0,1.0,0.0,100.0,1.0,2,3,0.6,0.0,,100.0,1.0,0.9,0.871359,5,0.216122,1,299.841315,60.844583,4.513879,0.216122
210604,PUNO,HUANCANE,INCHUPALLA,15.74,0.1574,100.0,0.0,0.0,100.0,0.0,0.0,3,2,0.4,0.0,,100.0,1.0,0.35,0.281944,2,0.215945,1,113.346969,71.236893,5.510065,0.215945
100108,HUANUCO,HUANUCO,SAN PEDRO DE CHAULAN,29.75,0.2975,0.0,100.0,1.0,0.0,100.0,1.0,5,0,0.0,1.0,0.0,100.0,1.0,0.75,0.628413,4,0.215152,1,198.899263,79.123039,3.24276,0.215152
060412,CAJAMARCA,CHOTA,MIRACOSTA,17.02,0.1702,0.0,100.0,1.0,0.0,100.0,1.0,3,2,0.4,1.0,0.0,100.0,1.0,0.85,0.687232,4,0.21463,1,158.825996,70.82906,4.080218,0.21463
211204,PUNO,SANDIA,PATAMBUCO,16.67,0.1667,0.0,100.0,1.0,0.0,100.0,1.0,2,3,0.6,0.0,,100.0,1.0,0.9,0.72693,5,0.214608,1,126.3734,73.9111,4.718431,0.214608
130302,LA LIBERTAD,BOLIVAR,BAMBAMARCA,10.0,0.1,0.0,100.0,1.0,0.0,100.0,1.0,1,4,0.8,1.0,0.0,100.0,1.0,0.95,0.752692,5,0.214537,1,184.37733,82.416158,3.770487,0.214537
090723,HUANCAVELICA,TAYACAJA,SANTIAGO DE TUCUMA,0.0,0.0,100.0,0.0,0.0,100.0,0.0,0.0,1,4,0.8,0.0,,100.0,1.0,0.45,0.346154,2,0.214475,1,190.634955,67.647497,3.689085,0.214475
030714,APURIMAC,GRAU,CURASCO,0.0,0.0,100.0,0.0,0.0,100.0,0.0,0.0,2,3,0.6,0.0,,100.0,1.0,0.4,0.307692,2,0.212786,1,147.574227,65.401198,4.485496,0.212786
080507,CUSCO,CANAS,QUEHUE,0.0,0.0,100.0,0.0,0.0,100.0,0.0,0.0,3,2,0.4,0.0,,100.0,1.0,0.35,0.269231,1,0.211899,1,131.977419,65.027722,4.545596,0.211899
200304,PIURA,HUANCABAMBA,HUARMACA,9.69,0.0969,0.0,100.0,1.0,0.0,100.0,1.0,5,0,0.0,0.0,,100.0,1.0,0.75,0.593694,3,0.211758,1,171.623266,65.377567,3.975265,0.211758
060404,CAJAMARCA,CHOTA,CHIGUIRIP,0.0,0.0,0.0,100.0,1.0,0.0,100.0,1.0,4,1,0.2,1.0,0.0,100.0,1.0,0.8,0.615385,4,0.210556,1,168.277663,74.060866,3.510192,0.210556
051104,AYACUCHO,VILCAS HUAMAN,CONCEPCION,13.43,0.1343,100.0,0.0,0.0,100.0,0.0,0.0,5,0,0.0,1.0,100.0,0.0,0.0,0.0,0.0,1,0.208998,1,142.411857,70.071085,4.237398,0.208998
090504,HUANCAVELICA,CHURCAMPA,EL CARMEN,1.92,0.0192,100.0,0.0,0.0,100.0,0.0,0.0,3,2,0.4,0.0,,100.0,1.0,0.35,0.270782,2,0.208963,1,179.795108,61.106673,4.486845,0.208963
061002,CAJAMARCA,SAN MARCOS,CHANCAY,0.0,0.0,0.0,100.0,1.0,0.0,100.0,1.0,5,0,0.0,1.0,0.0,100.0,1.0,0.75,0.576923,2,0.208427,1,156.129642,73.632259,3.444325,0.208427
130903,LA LIBERTAD,SANCHEZ CARRION,COCHORCO,0.0,0.0,0.0,100.0,1.0,0.0,100.0,1.0,1,4,0.8,0.0,,100.0,1.0,0.95,0.730769,5,0.207076,1,197.89838,73.605411,3.113614,0.207076
081205,CUSCO,QUISPICANCHI,CCATCA,0.0,0.0,100.0,0.0,0.0,100.0,0.0,0.0,5,0,0.0,1.0,100.0,0.0,0.0,0.0,0.0,1,0.206934,1,164.027405,70.184291,3.191923,0.206934
130811,LA LIBERTAD,PATAZ,SANTIAGO DE CHALLAS,0.0,0.0,0.0,100.0,1.0,0.0,100.0,1.0,2,3,0.6,0.0,,100.0,1.0,0.9,0.692308,4,0.205702,1,128.509408,78.691904,4.249664,0.205702
160110,LORETO,MAYNAS,TORRES CAUSANA,84.38,0.8438,0.0,100.0,1.0,0.0,100.0,1.0,3,2,0.4,1.0,0.0,100.0,1.0,0.85,0.819361,5,0.205691,1,249.78262,73.896036,3.334991,0.205691
210107,PUNO,PUNO,COATA,1.39,0.0139,75.0,25.0,0.25,50.0,50.0,0.5,5,0,0.0,0.0,,100.0,1.0,0.4375,0.337942,2,0.205478,1,97.616884,72.86727,5.707864,0.205478
081209,CUSCO,QUISPICANCHI,MARCAPATA,85.71,0.8571,0.0,100.0,1.0,100.0,0.0,0.0,5,0,0.0,1.0,100.0,0.0,0.0,0.25,0.241756,1,0.204971,1,194.455198,63.128699,3.843593,0.204971
090302,HUANCAVELICA,ANGARAES,ANCHONGA,0.0,0.0,100.0,0.0,0.0,100.0,0.0,0.0,4,1,0.2,0.0,,100.0,1.0,0.3,0.230769,1,0.204763,1,130.662305,74.359782,3.880681,0.204763
050506,AYACUCHO,LA MAR,LUIS CARRANZA,0.0,0.0,100.0,0.0,0.0,100.0,0.0,0.0,5,0,0.0,0.0,,100.0,1.0,0.25,0.192308,1,0.203487,1,112.099718,79.60442,4.476814,0.203487
021907,ANCASH,SIHUAS,QUICHES,0.0,0.0,0.0,100.0,1.0,0.0,100.0,1.0,2,3,0.6,0.0,,100.0,1.0,0.9,0.692308,4,0.203232,1,104.946024,75.871845,5.013268,0.203232
131005,LA LIBERTAD,SANTIAGO DE CHUCO,MOLLEPATA,0.0,0.0,0.0,100.0,1.0,0.0,100.0,1.0,1,4,0.8,0.0,,100.0,1.0,0.95,0.730769,5,0.202606,1,123.9145,79.084666,4.378887,0.202606
050505,AYACUCHO,LA MAR,CHUNGUI,11.27,0.1127,100.0,0.0,0.0,100.0,0.0,0.0,1,4,0.8,1.0,100.0,0.0,0.0,0.2,0.159048,1,0.20241,1,109.481954,78.40151,4.875842,0.20241
211303,PUNO,YUNGUYO,COPANI,0.0,0.0,0.0,100.0,1.0,0.0,100.0,1.0,3,2,0.4,0.0,,100.0,1.0,0.85,0.653846,4,0.201181,1,101.939668,74.488976,4.894289,0.201181
160202,LORETO,ALTO AMAZONAS,BALSAPUERTO,59.05,0.5905,0.0,100.0,1.0,0.0,100.0,1.0,2,3,0.6,0.0,,100.0,1.0,0.9,0.81495,5,0.199745,1,280.44212,72.831806,2.99535,0.199745
040805,AREQUIPA,LA UNION,PAMPAMARCA,36.54,0.3654,0.0,100.0,1.0,0.0,100.0,1.0,3,2,0.4,0.0,,100.0,1.0,0.85,0.725521,5,0.199385,1,110.658724,85.0,4.251012,0.199385
100104,HUANUCO,HUANUCO,CHURUBAMBA,25.0,0.25,0.0,100.0,1.0,0.0,100.0,1.0,3,2,0.4,0.0,,100.0,1.0,0.85,0.702885,5,0.198576,1,322.565927,77.557144,2.038512,0.198576
050411,AYACUCHO,HUANTA,PUCACOLPA,16.67,0.1667,100.0,0.0,0.0,0.0,100.0,1.0,3,2,0.4,0.0,,100.0,1.0,0.6,0.48462,2,0.198214,1,176.607647,80.510658,2.49989,0.198214
210310,PUNO,CARABAYA,USICAYOS,70.92,0.7092,0.0,100.0,1.0,0.0,100.0,1.0,2,3,0.6,0.0,,100.0,1.0,0.9,0.839603,5,0.198206,1,99.802588,66.903354,5.488607,0.198206
151012,LIMA,YAUYOS,HONGOS,53.85,0.5385,100.0,0.0,0.0,100.0,0.0,0.0,1,4,0.8,0.0,,100.0,1.0,0.45,0.402075,2,0.197668,1,138.426279,75.17755,5.975095,0.197668
090202,HUANCAVELICA,ACOBAMBA,ANDABAMBA,0.0,0.0,100.0,0.0,0.0,100.0,0.0,0.0,4,1,0.2,0.0,,100.0,1.0,0.3,0.230769,1,0.19703,1,119.16938,72.137108,4.403161,0.19703
060304,CAJAMARCA,CELENDIN,HUASMIN,1.14,0.0114,0.0,100.0,1.0,0.0,100.0,1.0,5,0,0.0,1.0,0.0,100.0,1.0,0.75,0.578896,3,0.196968,1,169.35483,72.489695,3.10461,0.196968
200308,PIURA,HUANCABAMBA,SONDORILLO,0.0,0.0,0.0,100.0,1.0,0.0,100.0,1.0,2,3,0.6,0.0,,100.0,1.0,0.9,0.692308,4,0.196958,1,148.029887,66.95466,3.762211,0.196958
060311,CAJAMARCA,CELENDIN,UTCO,0.0,0.0,0.0,100.0,1.0,0.0,100.0,1.0,3,2,0.4,0.0,,100.0,1.0,0.85,0.653846,4,0.196759,1,148.205932,72.713729,3.505345,0.196759
130503,LA LIBERTAD,JULCAN,CARABAMBA,0.0,0.0,0.0,100.0,1.0,0.0,100.0,1.0,1,4,0.8,1.0,0.0,100.0,1.0,0.95,0.730769,5,0.196556,1,140.662605,71.881891,3.781346,0.196556
200305,PIURA,HUANCABAMBA,LALAQUIZ,0.0,0.0,0.0,100.0,1.0,0.0,100.0,1.0,3,2,0.4,0.0,,100.0,1.0,0.85,0.653846,4,0.195988,1,134.397285,64.807215,3.883788,0.195988
150904,LIMA,OYON,COCHAMARCA,35.71,0.3571,100.0,0.0,0.0,100.0,0.0,0.0,5,0,0.0,0.0,,100.0,1.0,0.25,0.21291,1,0.195934,1,90.120337,77.265855,5.270055,0.195934
060312,CAJAMARCA,CELENDIN,LA LIBERTAD DE PALLAN,0.0,0.0,0.0,100.0,1.0,0.0,100.0,1.0,5,0,0.0,1.0,0.0,100.0,1.0,0.75,0.576923,2,0.194576,1,148.756907,72.396779,3.306136,0.194576
210215,PUNO,AZANGARO,TIRAPATA,6.25,0.0625,100.0,0.0,0.0,100.0,0.0,0.0,5,0,0.0,0.0,,100.0,1.0,0.25,0.195913,1,0.194256,1,99.635255,66.276104,5.763273,0.194256
160702,LORETO,DATEM DEL MARAÑON,CAHUAPANAS,72.88,0.7288,0.0,100.0,1.0,0.0,100.0,1.0,3,2,0.4,0.0,,100.0,1.0,0.85,0.796803,5,0.194173,1,187.634833,69.066268,4.771512,0.194173
021306,ANCASH,MARISCAL LUZURIAGA,LLUMPA,0.0,0.0,0.0,100.0,1.0,0.0,100.0,1.0,3,2,0.4,0.0,,100.0,1.0,0.85,0.653846,4,0.193341,1,143.176376,75.274807,3.581661,0.193341
060402,CAJAMARCA,CHOTA,ANGUIA,0.0,0.0,0.0,100.0,1.0,0.0,100.0,1.0,3,2,0.4,1.0,0.0,100.0,1.0,0.85,0.653846,4,0.193132,1,121.799285,72.709182,3.978854,0.193132
130502,LA LIBERTAD,JULCAN,CALAMARCA,0.0,0.0,0.0,100.0,1.0,0.0,100.0,1.0,2,3,0.6,0.0,,100.0,1.0,0.9,0.692308,4,0.192963,1,122.830281,73.378907,3.95223,0.192963
020107,ANCASH,HUARAZ,LA LIBERTAD,0.0,0.0,0.0,100.0,1.0,0.0,100.0,1.0,3,2,0.4,0.0,,100.0,1.0,0.85,0.653846,4,0.192918,1,137.792253,71.183021,4.298604,0.192918
210214,PUNO,AZANGARO,SANTIAGO DE PUPUJA,1.96,0.0196,33.33,66.67,0.6667,25.0,75.0,0.75,3,2,0.4,0.0,,100.0,1.0,0.704175,0.544858,2,0.192209,1,92.357278,68.767663,5.56854,0.192209
060104,CAJAMARCA,CAJAMARCA,COSPAN,18.57,0.1857,0.0,100.0,1.0,0.0,100.0,1.0,2,3,0.6,0.0,,100.0,1.0,0.9,0.730876,5,0.191374,1,156.471701,72.164573,3.65027,0.191374
090117,HUANCAVELICA,HUANCAVELICA,YAULI,0.0,0.0,100.0,0.0,0.0,100.0,0.0,0.0,3,2,0.4,1.0,100.0,0.0,0.0,0.1,0.076923,1,0.190911,1,121.540994,62.770795,4.56775,0.190911
081103,CUSCO,PAUCARTAMBO,CHALLABAMBA,59.81,0.5981,100.0,0.0,0.0,100.0,0.0,0.0,5,0,0.0,0.0,,100.0,1.0,0.25,0.226813,1,0.190753,1,170.571193,59.715596,3.131025,0.190753
060303,CAJAMARCA,CELENDIN,CORTEGANA,0.0,0.0,0.0,100.0,1.0,0.0,100.0,1.0,2,3,0.6,0.0,,100.0,1.0,0.9,0.692308,4,0.190297,1,138.109755,71.013162,3.605837,0.190297
200206,PIURA,AYABACA,PACAIPAMPA,0.0,0.0,0.0,100.0,1.0,0.0,100.0,1.0,2,3,0.6,1.0,0.0,100.0,1.0,0.9,0.692308,4,0.190007,1,177.207026,67.025514,3.089343,0.190007
010403,AMAZONAS,CONDORCANQUI,RIO SANTIAGO,67.57,0.6757,0.0,100.0,1.0,0.0,100.0,1.0,3,2,0.4,0.0,,100.0,1.0,0.85,0.786387,5,0.189785,1,121.653478,64.368744,5.472821,0.189785
150715,LIMA,HUAROCHIRI,SAN ANDRES DE TUPICOCHA,20.0,0.2,100.0,0.0,0.0,100.0,0.0,0.0,3,2,0.4,0.0,,100.0,1.0,0.35,0.285385,2,0.188965,1,90.273339,73.374925,5.704088,0.188965
021302,ANCASH,MARISCAL LUZURIAGA,CASCA,0.0,0.0,0.0,100.0,1.0,0.0,100.0,1.0,5,0,0.0,0.0,,100.0,1.0,0.75,0.576923,2,0.188555,1,103.001282,73.791318,4.535267,0.188555
130614,LA LIBERTAD,OTUZCO,USQUIL,0.0,0.0,0.0,100.0,1.0,0.0,100.0,1.0,3,2,0.4,1.0,0.0,100.0,1.0,0.85,0.653846,4,0.188308,1,147.654297,75.933606,3.260895,0.188308
090511,HUANCAVELICA,CHURCAMPA,COSME,0.0,0.0,100.0,0.0,0.0,100.0,0.0,0.0,3,2,0.4,0.0,,100.0,1.0,0.35,0.269231,1,0.187364,1,135.028847,59.121237,3.728327,0.187364
211305,PUNO,YUNGUYO,OLLARAYA,0.0,0.0,100.0,0.0,0.0,0.0,100.0,1.0,0,5,1.0,0.0,,100.0,1.0,0.75,0.576923,2,0.186455,1,86.598133,78.533909,4.377819,0.186455
021604,ANCASH,POMABAMBA,QUINUABAMBA,2.27,0.0227,0.0,100.0,1.0,0.0,100.0,1.0,5,0,0.0,0.0,,100.0,1.0,0.75,0.580852,3,0.186315,1,182.276189,73.488379,2.485753,0.186315
050114,AYACUCHO,HUAMANGA,VINCHOS,14.67,0.1467,100.0,0.0,0.0,100.0,0.0,0.0,2,3,0.6,1.0,100.0,0.0,0.0,0.15,0.120463,1,0.185978,1,143.52275,69.852501,3.164004,0.185978
120113,JUNIN,HUANCAYO,CULLHUAS,17.65,0.1765,0.0,100.0,1.0,0.0,100.0,1.0,3,2,0.4,0.0,,100.0,1.0,0.85,0.688467,4,0.185466,1,97.828295,75.425432,4.358203,0.185466
120124,JUNIN,HUANCAYO,PARIAHUANCA,3.45,0.0345,0.0,100.0,1.0,0.0,100.0,1.0,3,2,0.4,0.0,,100.0,1.0,0.85,0.660613,4,0.184792,1,97.878276,71.599506,4.343973,0.184792
060308,CAJAMARCA,CELENDIN,OXAMARCA,1.49,0.0149,0.0,100.0,1.0,0.0,100.0,1.0,2,3,0.6,1.0,0.0,100.0,1.0,0.9,0.695402,5,0.1844,1,171.797696,74.001881,3.243098,0.1844
021909,ANCASH,SIHUAS,SAN JUAN,16.67,0.1667,0.0,100.0,1.0,0.0,100.0,1.0,5,0,0.0,0.0,,100.0,1.0,0.75,0.605775,4,0.184332,1,125.482413,75.473103,3.463283,0.184332
040806,AREQUIPA,LA UNION,PUYCA,79.03,0.7903,0.0,100.0,1.0,0.0,100.0,1.0,3,2,0.4,1.0,0.0,100.0,1.0,0.85,0.808867,5,0.183998,1,125.37093,84.004967,3.237623,0.183998
030702,APURIMAC,GRAU,CURPAHUASI,0.0,0.0,100.0,0.0,0.0,100.0,0.0,0.0,5,0,0.0,0.0,,100.0,1.0,0.25,0.192308,1,0.183997,1,108.684241,63.055451,4.589919,0.183997
021304,ANCASH,MARISCAL LUZURIAGA,FIDEL OLIVAS ESCUDERO,5.13,0.0513,0.0,100.0,1.0,0.0,100.0,1.0,1,4,0.8,0.0,,100.0,1.0,0.95,0.742016,5,0.182492,1,121.12425,70.885434,4.101672,0.182492
030703,APURIMAC,GRAU,GAMARRA,1.75,0.0175,100.0,0.0,0.0,100.0,0.0,0.0,2,3,0.6,1.0,100.0,0.0,0.0,0.15,0.11599,1,0.182488,1,111.583061,67.100592,4.014733,0.182488
081006,CUSCO,PARURO,OMACHA,10.53,0.1053,100.0,0.0,0.0,100.0,0.0,0.0,5,0,0.0,0.0,,100.0,1.0,0.25,0.198383,1,0.182197,1,132.441063,64.059191,3.667422,0.182197
130907,LA LIBERTAD,SANCHEZ CARRION,SARIN,5.05,0.0505,0.0,100.0,1.0,0.0,100.0,1.0,5,0,0.0,1.0,0.0,100.0,1.0,0.75,0.585663,3,0.181385,1,142.392338,78.325195,2.86811,0.181385
210210,PUNO,AZANGARO,SAMAN,0.0,0.0,62.5,37.5,0.375,50.0,50.0,0.5,5,0,0.0,0.0,,100.0,1.0,0.46875,0.360577,2,0.181017,1,98.351532,69.268896,4.579825,0.181017
090105,HUANCAVELICA,HUANCAVELICA,CUENCA,2.82,0.0282,100.0,0.0,0.0,100.0,0.0,0.0,2,3,0.6,0.0,,100.0,1.0,0.4,0.310295,2,0.180869,1,109.651745,65.399421,3.969276,0.180869
030202,APURIMAC,ANDAHUAYLAS,ANDARAPA,0.0,0.0,100.0,0.0,0.0,100.0,0.0,0.0,5,0,0.0,1.0,100.0,0.0,0.0,0.0,0.0,1,0.178496,1,85.861331,78.712541,3.776889,0.178496
151020,LIMA,YAUYOS,MADEAN,61.63,0.6163,100.0,0.0,0.0,100.0,0.0,0.0,2,3,0.6,0.0,,100.0,1.0,0.4,0.364582,2,0.178409,1,79.019016,70.009787,6.101631,0.178409
020306,ANCASH,ANTONIO RAYMONDI,SAN JUAN DE RONTOY,4.0,0.04,0.0,100.0,1.0,0.0,100.0,1.0,3,2,0.4,0.0,,100.0,1.0,0.85,0.661692,4,0.177811,1,96.529875,72.709083,4.9664,0.177811
081204,CUSCO,QUISPICANCHI,CCARHUAYO,21.05,0.2105,100.0,0.0,0.0,100.0,0.0,0.0,5,0,0.0,0.0,,100.0,1.0,0.25,0.204452,1,0.176846,1,129.905458,62.555958,3.327041,0.176846
030707,APURIMAC,GRAU,PATAYPAMPA,21.05,0.2105,100.0,0.0,0.0,100.0,0.0,0.0,5,0,0.0,0.0,,100.0,1.0,0.25,0.204452,1,0.175748,1,76.258389,67.741173,5.759749,0.175748
081104,CUSCO,PAUCARTAMBO,COLQUEPATA,0.0,0.0,100.0,0.0,0.0,100.0,0.0,0.0,5,0,0.0,1.0,100.0,0.0,0.0,0.0,0.0,1,0.174745,1,124.741964,66.075256,2.96975,0.174745
130807,LA LIBERTAD,PATAZ,ONGON,61.11,0.6111,0.0,100.0,1.0,0.0,100.0,1.0,2,3,0.6,0.0,,100.0,1.0,0.9,0.819228,5,0.173582,1,103.446646,75.032144,3.92214,0.173582
140202,LAMBAYEQUE,FERREÑAFE,CAÑARIS,14.75,0.1475,100.0,0.0,0.0,100.0,0.0,0.0,5,0,0.0,1.0,100.0,0.0,0.0,0.0,0.0,1,0.171037,1,125.024379,73.506067,3.441205,0.171037
200208,PIURA,AYABACA,SAPILLICA,2.56,0.0256,0.0,100.0,1.0,0.0,100.0,1.0,3,2,0.4,0.0,,100.0,1.0,0.85,0.658868,4,0.170731,1,126.427392,67.500071,3.511949,0.170731
140203,LAMBAYEQUE,FERREÑAFE,INCAHUASI,8.7,0.087,100.0,0.0,0.0,100.0,0.0,0.0,5,0,0.0,1.0,100.0,0.0,0.0,0.0,0.0,1,0.167467,1,90.233606,77.55879,3.89528,0.167467
200202,PIURA,AYABACA,FRIAS,0.0,0.0,0.0,100.0,1.0,0.0,100.0,1.0,2,3,0.6,0.0,,100.0,1.0,0.9,0.692308,4,0.165205,1,105.121967,68.518268,3.56691,0.165205
150808,LIMA,HUAURA,PACCHO,3.85,0.0385,100.0,0.0,0.0,100.0,0.0,0.0,1,4,0.8,0.0,,100.0,1.0,0.45,0.350152,2,0.164058,1,64.542636,78.155517,6.225471,0.164058
151019,LIMA,YAUYOS,LINCHA,51.35,0.5135,100.0,0.0,0.0,100.0,0.0,0.0,3,2,0.4,0.0,,100.0,1.0,0.35,0.310706,2,0.162973,1,74.039707,76.326967,5.465231,0.162973
060307,CAJAMARCA,CELENDIN,MIGUEL IGLESIAS,7.69,0.0769,0.0,100.0,1.0,0.0,100.0,1.0,5,0,0.0,1.0,0.0,100.0,1.0,0.75,0.590233,3,0.160806,1,107.774784,72.452933,3.306515,0.160806
030217,APURIMAC,ANDAHUAYLAS,TUMAY HUARACA,3.92,0.0392,100.0,0.0,0.0,100.0,0.0,0.0,3,2,0.4,0.0,,100.0,1.0,0.35,0.272397,2,0.160154,1,72.820146,75.491216,4.075015,0.160154
130908,LA LIBERTAD,SANCHEZ CARRION,SARTIMBAMBA,0.0,0.0,0.0,100.0,1.0,0.0,100.0,1.0,5,0,0.0,0.0,,100.0,1.0,0.75,0.576923,2,0.15777,1,135.156585,73.349398,2.804184,0.15777
130504,LA LIBERTAD,JULCAN,HUASO,5.0,0.05,0.0,100.0,1.0,0.0,100.0,1.0,2,3,0.6,0.0,,100.0,1.0,0.9,0.702692,5,0.157422,1,94.377394,72.343299,3.587363,0.157422
080502,CUSCO,CANAS,CHECCA,9.7,0.097,100.0,0.0,0.0,100.0,0.0,0.0,2,3,0.6,0.0,,100.0,1.0,0.4,0.316646,2,0.154887,1,79.985334,64.591772,4.54581,0.154887
150302,LIMA,CAJATAMBO,COPA,71.43,0.7143,100.0,0.0,0.0,100.0,0.0,0.0,1,4,0.8,0.0,,100.0,1.0,0.45,0.420331,2,0.153212,1,73.956997,70.721624,5.296305,0.153212
120209,JUNIN,CONCEPCION,MARISCAL CASTILLA,12.0,0.12,100.0,0.0,0.0,100.0,0.0,0.0,2,3,0.6,0.0,,100.0,1.0,0.4,0.318769,2,0.153132,1,66.38368,74.598254,5.342087,0.153132
081005,CUSCO,PARURO,HUANOQUITE,5.0,0.05,100.0,0.0,0.0,100.0,0.0,0.0,5,0,0.0,1.0,100.0,0.0,0.0,0.0,0.0,1,0.149317,1,87.353195,65.023623,3.597235,0.149317
130902,LA LIBERTAD,SANCHEZ CARRION,CHUGAY,0.0,0.0,0.0,100.0,1.0,0.0,100.0,1.0,2,3,0.6,0.0,,100.0,1.0,0.9,0.692308,4,0.149221,1,136.308856,78.927768,2.142335,0.149221
130613,LA LIBERTAD,OTUZCO,SINSICAP,8.7,0.087,0.0,100.0,1.0,0.0,100.0,1.0,2,3,0.6,1.0,0.0,100.0,1.0,0.9,0.710377,5,0.14898,1,102.79958,77.077399,2.785212,0.14898
150713,LIMA,HUAROCHIRI,MARIATANA,15.87,0.1587,100.0,0.0,0.0,100.0,0.0,0.0,1,4,0.8,0.0,,100.0,1.0,0.45,0.362634,2,0.142214,1,69.7657,74.447965,3.713284,0.142214
050410,AYACUCHO,HUANTA,UCHURACCAY,4.08,0.0408,0.0,100.0,1.0,0.0,100.0,1.0,3,2,0.4,0.0,,100.0,1.0,0.85,0.661849,4,0.14193,1,162.559288,77.295851,1.957166,0.14193
130905,LA LIBERTAD,SANCHEZ CARRION,MARCABAL,3.92,0.0392,0.0,100.0,1.0,0.0,100.0,1.0,5,0,0.0,0.0,,100.0,1.0,0.75,0.583708,3,0.140517,1,109.248287,78.513597,2.20823,0.140517
090203,HUANCAVELICA,ACOBAMBA,ANTA,0.0,0.0,100.0,0.0,0.0,100.0,0.0,0.0,2,3,0.6,0.0,,100.0,1.0,0.4,0.307692,2,0.139387,1,71.873587,72.857697,3.199179,0.139387
210903,PUNO,MOHO,HUAYRAPATA,47.5,0.475,0.0,100.0,1.0,0.0,100.0,1.0,5,0,0.0,0.0,,100.0,1.0,0.75,0.659135,4,0.137899,1,57.164276,74.328348,5.045628,0.137899
060302,CAJAMARCA,CELENDIN,CHUMUCH,0.0,0.0,0.0,100.0,1.0,0.0,100.0,1.0,2,3,0.6,1.0,0.0,100.0,1.0,0.9,0.692308,4,0.137596,1,81.17117,74.184446,3.613536,0.137596
022005,ANCASH,YUNGAY,QUILLO,19.77,0.1977,0.0,100.0,1.0,0.0,100.0,1.0,3,2,0.4,1.0,0.0,100.0,1.0,0.85,0.692626,5,0.134123,1,112.70957,73.705924,2.424901,0.134123
021603,ANCASH,POMABAMBA,PAROBAMBA,10.31,0.1031,0.0,100.0,1.0,0.0,100.0,1.0,2,3,0.6,0.0,,100.0,1.0,0.9,0.713721,5,0.128386,1,69.294097,76.22287,3.129459,0.128386
210202,PUNO,AZANGARO,ACHAYA,0.0,0.0,50.0,50.0,0.5,100.0,0.0,0.0,5,0,0.0,0.0,,100.0,1.0,0.375,0.288462,2,0.125083,1,51.073334,66.066733,5.465558,0.125083
130906,LA LIBERTAD,SANCHEZ CARRION,SANAGORAN,0.0,0.0,0.0,100.0,1.0,0.0,100.0,1.0,2,3,0.6,0.0,,100.0,1.0,0.9,0.692308,4,0.124408,1,117.706687,73.724147,2.084016,0.124408
050412,AYACUCHO,HUANTA,CHACA,8.0,0.08,0.0,100.0,1.0,0.0,100.0,1.0,3,2,0.4,0.0,,100.0,1.0,0.85,0.669538,4,0.120244,1,84.603168,81.775044,2.162163,0.120244
130904,LA LIBERTAD,SANCHEZ CARRION,CURGOS,0.0,0.0,0.0,100.0,1.0,0.0,100.0,1.0,5,0,0.0,1.0,0.0,100.0,1.0,0.75,0.576923,2,0.117272,1,62.889443,77.447153,2.913801,0.117272
060103,CAJAMARCA,CAJAMARCA,CHETILLA,0.0,0.0,0.0,100.0,1.0,0.0,100.0,1.0,2,3,0.6,0.0,,100.0,1.0,0.9,0.692308,4,0.116449,1,74.39578,76.229513,2.361249,0.116449
200204,PIURA,AYABACA,LAGUNAS,0.0,0.0,0.0,100.0,1.0,0.0,100.0,1.0,3,2,0.4,1.0,0.0,100.0,1.0,0.85,0.653846,4,0.091195,1,51.826571,67.32878,3.415441,0.091195
