OBJECTID,COD_DPTO,NOM_DPTO,COD_PROV,NOM_PROV,COD_DIST,NOM_DIST,COD_CCPP,NOM_CCPP,IDCCPP,REGION,PROVINCIA,DISTRITO,LOCALIDAD,PROYECTO,ESTADO,COD_ESTADO,NOM_COMISA,CONCATENAR,FUENTE,UBIGEO,XCENT,YCENT,geom_type,geom_lon,geom_lat,coord_match_xcent,coord_match_ycent,geometry_wkt,bbox_min_lon,bbox_min_lat,bbox_max_lon,bbox_max_lat
1.0,03,APURIMAC,0301,ABANCAY,030104,CURAHUASI,0301040001,CURAHUASI,0301040001,APURIMAC,ABANCAY,CURAHUASI,CURAHUASI,[REGIONAL] - [APURIMAC],OPERATIVO,1.0,CPNP SECTORIAL CURAHUASI - ABANCAY,APURIMACABANCAYCURAHUASI,"Ministerio de Transportes y Comunicaciones (MTC). Programa Nacional de Telecomunicaciones (PRONATEL), febrero de 2022",030104,-72.696012,-13.541302,Point,-72.696012,-13.541302,True,True,POINT (-72.696012 -13.541302),-72.696012,-13.541302,-72.696012,-13.541302
2.0,03,APURIMAC,0301,ABANCAY,030104,CURAHUASI,0301040001,CURAHUASI,0301040001,APURIMAC,ABANCAY,CURAHUASI,CURAHUASI,[REGIONAL] - [APURIMAC],OPERATIVO,1.0,CPNP PROT. CARRETERAS CURAHUASI,APURIMACABANCAYCURAHUASI,"Ministerio de Transportes y Comunicaciones (MTC). Programa Nacional de Telecomunicaciones (PRONATEL), febrero de 2022",030104,-72.696012,-13.541302,Point,-72.696012,-13.541302,True,True,POINT (-72.696012 -13.541302),-72.696012,-13.541302,-72.696012,-13.541302
3.0,03,APURIMAC,0301,ABANCAY,030105,HUANIPACA,0301050001,HUANIPACA,0301050001,APURIMAC,ABANCAY,HUANIPACA,HUANIPACA,[REGIONAL] - [APURIMAC],OPERATIVO,1.0,CPNP HUANIPACA,APURIMACABANCAYHUANIPACA,"Ministerio de Transportes y Comunicaciones (MTC). Programa Nacional de Telecomunicaciones (PRONATEL), febrero de 2022",030105,-72.933345,-13.492353,Point,-72.933345,-13.492353,True,True,POINT (-72.933345 -13.492353),-72.933345,-13.492353,-72.933345,-13.492353
4.0,03,APURIMAC,0301,ABANCAY,030106,LAMBRAMA,0301060001,LAMBRAMA,0301060001,APURIMAC,ABANCAY,LAMBRAMA,LAMBRAMA,[REGIONAL] - [APURIMAC],OPERATIVO,1.0,CPNP LAMBRAMA,APURIMACABANCAYLAMBRAMA,"Ministerio de Transportes y Comunicaciones (MTC). Programa Nacional de Telecomunicaciones (PRONATEL), febrero de 2022",030106,-72.769735,-13.870951,Point,-72.769735,-13.870951,True,True,POINT (-72.769735 -13.870951),-72.769735,-13.870951,-72.769735,-13.870951
5.0,03,APURIMAC,0301,ABANCAY,030108,SAN PEDRO DE CACHORA,0301080001,CACHORA,0301080001,APURIMAC,ABANCAY,SAN PEDRO DE CACHORA,CACHORA,[REGIONAL] - [APURIMAC],OPERATIVO,1.0,CPNP CACHORA,APURIMACABANCAYSAN PEDRO DE CACHORA,"Ministerio de Transportes y Comunicaciones (MTC). Programa Nacional de Telecomunicaciones (PRONATEL), febrero de 2022",030108,-72.814146,-13.514032,Point,-72.814146,-13.514032,True,True,POINT (-72.814146 -13.514032),-72.814146,-13.514032,-72.814146,-13.514032
6.0,03,APURIMAC,0302,ANDAHUAYLAS,030202,ANDARAPA,0302020001,ANDARAPA,0302020001,APURIMAC,ANDAHUAYLAS,ANDARAPA,ANDARAPA,[REGIONAL] - [APURIMAC],OPERATIVO,1.0,CPNP ANDARAPA,APURIMACANDAHUAYLASANDARAPA,"Ministerio de Transportes y Comunicaciones (MTC). Programa Nacional de Telecomunicaciones (PRONATEL), febrero de 2022",030202,-73.365812,-13.527969,Point,-73.365812,-13.527969,True,True,POINT (-73.365812 -13.527969),-73.365812,-13.527969,-73.365812,-13.527969
7.0,03,APURIMAC,0302,ANDAHUAYLAS,030204,HUANCARAMA,0302040001,HUANCARAMA,0302040001,APURIMAC,ANDAHUAYLAS,HUANCARAMA,HUANCARAMA,[REGIONAL] - [APURIMAC],OPERATIVO,1.0,CPNP SECTORIAL HUANCARAMA,APURIMACANDAHUAYLASHUANCARAMA,"Ministerio de Transportes y Comunicaciones (MTC). Programa Nacional de Telecomunicaciones (PRONATEL), febrero de 2022",030204,-73.085551,-13.644837,Point,-73.085551,-13.644837,True,True,POINT (-73.085551 -13.644837),-73.085551,-13.644837,-73.085551,-13.644837
8.0,03,APURIMAC,0302,ANDAHUAYLAS,030205,HUANCARAY,0302050001,HUANCARAY,0302050001,APURIMAC,ANDAHUAYLAS,HUANCARAY,HUANCARAY,[REGIONAL] - [APURIMAC],OPERATIVO,1.0,CPNP SECTORIAL HUANCARAY,APURIMACANDAHUAYLASHUANCARAY,"Ministerio de Transportes y Comunicaciones (MTC). Programa Nacional de Telecomunicaciones (PRONATEL), febrero de 2022",030205,-73.527373,-13.757304,Point,-73.527373,-13.757304,True,True,POINT (-73.527373 -13.757304),-73.527373,-13.757304,-73.527373,-13.757304
9.0,03,APURIMAC,0302,ANDAHUAYLAS,030220,JOSE MARIA ARGUEDAS,0302200001,HUANCABAMBA,0302200001,APURIMAC,ANDAHUAYLAS,JOSE MARIA ARGUEDAS,HUANCABAMBA,[REGIONAL] - [APURIMAC],OPERATIVO,1.0,CPNP HUANCABAMBA,APURIMACANDAHUAYLASJOSE MARIA ARGUEDAS,"Ministerio de Transportes y Comunicaciones (MTC). Programa Nacional de Telecomunicaciones (PRONATEL), febrero de 2022",030220,-73.35056,-13.734157,Point,-73.35056,-13.734157,True,True,POINT (-73.35056 -13.734157),-73.35056,-13.734157,-73.35056,-13.734157
10.0,03,APURIMAC,0302,ANDAHUAYLAS,030207,KISHUARA,0302070001,KISHUARA,0302070001,APURIMAC,ANDAHUAYLAS,KISHUARA,KISHUARA,[REGIONAL] - [APURIMAC],OPERATIVO,1.0,CPNP KISHUARA,APURIMACANDAHUAYLASKISHUARA,"Ministerio de Transportes y Comunicaciones (MTC). Programa Nacional de Telecomunicaciones (PRONATEL), febrero de 2022",030207,-73.118732,-13.691173,Point,-73.118732,-13.691173,True,True,POINT (-73.118732 -13.691173),-73.118732,-13.691173,-73.118732,-13.691173
11.0,03,APURIMAC,0302,ANDAHUAYLAS,030209,PACUCHA,0302090001,PACUCHA,0302090001,APURIMAC,ANDAHUAYLAS,PACUCHA,PACUCHA,[REGIONAL] - [APURIMAC],OPERATIVO,1.0,CPNP PACUCHA,APURIMACANDAHUAYLASPACUCHA,"Ministerio de Transportes y Comunicaciones (MTC). Programa Nacional de Telecomunicaciones (PRONATEL), febrero de 2022",030209,-73.344091,-13.609518,Point,-73.344091,-13.609518,True,True,POINT (-73.344091 -13.609518),-73.344091,-13.609518,-73.344091,-13.609518
12.0,03,APURIMAC,0302,ANDAHUAYLAS,030210,PAMPACHIRI,0302100001,PAMPACHIRI,0302100001,APURIMAC,ANDAHUAYLAS,PAMPACHIRI,PAMPACHIRI,[REGIONAL] - [APURIMAC],OPERATIVO,1.0,CPNP PAMPACHIRI,APURIMACANDAHUAYLASPAMPACHIRI,"Ministerio de Transportes y Comunicaciones (MTC). Programa Nacional de Telecomunicaciones (PRONATEL), febrero de 2022",030210,-73.54466,-14.186888,Point,-73.54466,-14.186888,True,True,POINT (-73.54466 -14.186888),-73.54466,-14.186888,-73.54466,-14.186888
13.0,03,APURIMAC,0302,ANDAHUAYLAS,030212,SAN ANTONIO DE CACHI,0302120001,SAN ANTONIO DE CACHI,0302120001,APURIMAC,ANDAHUAYLAS,SAN ANTONIO DE CACHI,SAN ANTONIO DE CACHI,[REGIONAL] - [APURIMAC],OPERATIVO,1.0,CPNP SAN ANTONIO DE CACHI,APURIMACANDAHUAYLASSAN ANTONIO DE CACHI,"Ministerio de Transportes y Comunicaciones (MTC). Programa Nacional de Telecomunicaciones (PRONATEL), febrero de 2022",030212,-73.603196,-13.77293,Point,-73.603196,-13.77293,True,True,POINT (-73.603196 -13.77293),-73.603196,-13.77293,-73.603196,-13.77293
14.0,03,APURIMAC,0302,ANDAHUAYLAS,030215,SANTA MARIA DE CHICMO,0302150001,SANTA MARIA DE CHICMO,0302150001,APURIMAC,ANDAHUAYLAS,SANTA MARIA DE CHICMO,SANTA MARIA DE CHICMO,[REGIONAL] - [APURIMAC],OPERATIVO,1.0,CPNP CHICMO,APURIMACANDAHUAYLASSANTA MARIA DE CHICMO,"Ministerio de Transportes y Comunicaciones (MTC). Programa Nacional de Telecomunicaciones (PRONATEL), febrero de 2022",030215,-73.493988,-13.657418,Point,-73.493988,-13.657418,True,True,POINT (-73.493988 -13.657418),-73.493988,-13.657418,-73.493988,-13.657418
15.0,03,APURIMAC,0303,ANTABAMBA,030305,OROPESA,0303050001,OROPESA,0303050001,APURIMAC,ANTABAMBA,OROPESA,OROPESA,[REGIONAL] - [APURIMAC],OPERATIVO,1.0,CPNP TOTORA OROPESA,APURIMACANTABAMBAOROPESA,"Ministerio de Transportes y Comunicaciones (MTC). Programa Nacional de Telecomunicaciones (PRONATEL), febrero de 2022",030305,-72.563692,-14.260639,Point,-72.563692,-14.260639,True,True,POINT (-72.563692 -14.260639),-72.563692,-14.260639,-72.563692,-14.260639
16.0,03,APURIMAC,0303,ANTABAMBA,030306,PACHACONAS,0303060001,PACHACONAS,0303060001,APURIMAC,ANTABAMBA,PACHACONAS,PACHACONAS,[REGIONAL] - [APURIMAC],OPERATIVO,1.0,CPNP PACHACONAS,APURIMACANTABAMBAPACHACONAS,"Ministerio de Transportes y Comunicaciones (MTC). Programa Nacional de Telecomunicaciones (PRONATEL), febrero de 2022",030306,-73.016351,-14.223387,Point,-73.016351,-14.223387,True,True,POINT (-73.016351 -14.223387),-73.016351,-14.223387,-73.016351,-14.223387
17.0,03,APURIMAC,0304,AYMARAES,030406,COTARUSE,0304060001,COTARUSE,0304060001,APURIMAC,AYMARAES,COTARUSE,COTARUSE,[REGIONAL] - [APURIMAC],OPERATIVO,1.0,CPNP COTARUSE,APURIMACAYMARAESCOTARUSE,"Ministerio de Transportes y Comunicaciones (MTC). Programa Nacional de Telecomunicaciones (PRONATEL), febrero de 2022",030406,-73.204991,-14.415908,Point,-73.204991,-14.415908,True,True,POINT (-73.204991 -14.415908),-73.204991,-14.415908,-73.204991,-14.415908
18.0,03,APURIMAC,0304,AYMARAES,030414,TAPAIRIHUA,0304140001,TAPAIRIHUA,0304140001,APURIMAC,AYMARAES,TAPAIRIHUA,TAPAIRIHUA,[REGIONAL] - [APURIMAC],OPERATIVO,1.0,CPNP TAPAYRIHUA,APURIMACAYMARAESTAPAIRIHUA,"Ministerio de Transportes y Comunicaciones (MTC). Programa Nacional de Telecomunicaciones (PRONATEL), febrero de 2022",030414,-73.140408,-14.141411,Point,-73.140408,-14.141411,True,True,POINT (-73.140408 -14.141411),-73.140408,-14.141411,-73.140408,-14.141411
19.0,03,APURIMAC,0304,AYMARAES,030415,TINTAY,0304150001,TINTAY,0304150001,APURIMAC,AYMARAES,TINTAY,TINTAY,[REGIONAL] - [APURIMAC],OPERATIVO,1.0,CPNP TINTAY,APURIMACAYMARAESTINTAY,"Ministerio de Transportes y Comunicaciones (MTC). Programa Nacional de Telecomunicaciones (PRONATEL), febrero de 2022",030415,-73.185186,-13.959358,Point,-73.185186,-13.959358,True,True,POINT (-73.185186 -13.959358),-73.185186,-13.959358,-73.185186,-13.959358
20.0,03,APURIMAC,0306,CHINCHEROS,030602,ANCO_HUALLO,0306020001,URIPA,0306020001,APURIMAC,CHINCHEROS,ANCO_HUALLO,URIPA,[REGIONAL] - [APURIMAC],OPERATIVO,1.0,CPNP URIPA,APURIMACCHINCHEROSANCO_HUALLO,"Ministerio de Transportes y Comunicaciones (MTC). Programa Nacional de Telecomunicaciones (PRONATEL), febrero de 2022",030602,-73.674286,-13.5296,Point,-73.674286,-13.5296,True,True,POINT (-73.674286 -13.5296),-73.674286,-13.5296,-73.674286,-13.5296
21.0,03,APURIMAC,0306,CHINCHEROS,030603,COCHARCAS,0306030001,COCHARCAS,0306030001,APURIMAC,CHINCHEROS,COCHARCAS,COCHARCAS,[REGIONAL] - [APURIMAC],OPERATIVO,1.0,CPNP COCHARCAS,APURIMACCHINCHEROSCOCHARCAS,"Ministerio de Transportes y Comunicaciones (MTC). Programa Nacional de Telecomunicaciones (PRONATEL), febrero de 2022",030603,-73.741299,-13.610419,Point,-73.741299,-13.610419,True,True,POINT (-73.741299 -13.610419),-73.741299,-13.610419,-73.741299,-13.610419
22.0,03,APURIMAC,0306,CHINCHEROS,030604,HUACCANA,0306040001,HUACCANA,0306040001,APURIMAC,CHINCHEROS,HUACCANA,HUACCANA,[REGIONAL] - [APURIMAC],OPERATIVO,1.0,CPNP HUACCANA,APURIMACCHINCHEROSHUACCANA,"Ministerio de Transportes y Comunicaciones (MTC). Programa Nacional de Telecomunicaciones (PRONATEL), febrero de 2022",030604,-73.689228,-13.388005,Point,-73.689228,-13.388005,True,True,POINT (-73.689228 -13.388005),-73.689228,-13.388005,-73.689228,-13.388005
23.0,03,APURIMAC,0306,CHINCHEROS,030605,OCOBAMBA,0306050001,OCOBAMBA,0306050001,APURIMAC,CHINCHEROS,OCOBAMBA,OCOBAMBA,[REGIONAL] - [APURIMAC],OPERATIVO,1.0,CPNP OCOBAMBA,APURIMACCHINCHEROSOCOBAMBA,"Ministerio de Transportes y Comunicaciones (MTC). Programa Nacional de Telecomunicaciones (PRONATEL), febrero de 2022",030605,-73.560198,-13.482393,Point,-73.560198,-13.482393,True,True,POINT (-73.560198 -13.482393),-73.560198,-13.482393,-73.560198,-13.482393
24.0,03,APURIMAC,0306,CHINCHEROS,030606,ONGOY,0306060001,ONGOY,0306060001,APURIMAC,CHINCHEROS,ONGOY,ONGOY,[REGIONAL] - [APURIMAC],OPERATIVO,1.0,CPNP ONGOY,APURIMACCHINCHEROSONGOY,"Ministerio de Transportes y Comunicaciones (MTC). Programa Nacional de Telecomunicaciones (PRONATEL), febrero de 2022",030606,-73.668305,-13.402907,Point,-73.668305,-13.402907,True,True,POINT (-73.668305 -13.402907),-73.668305,-13.402907,-73.668305,-13.402907
25.0,03,APURIMAC,0306,CHINCHEROS,030607,URANMARCA,0306070001,URANMARCA,0306070001,APURIMAC,CHINCHEROS,URANMARCA,URANMARCA,[REGIONAL] - [APURIMAC],OPERATIVO,1.0,CPNP URANMARCA,APURIMACCHINCHEROSURANMARCA,"Ministerio de Transportes y Comunicaciones (MTC). Programa Nacional de Telecomunicaciones (PRONATEL), febrero de 2022",030607,-73.669314,-13.672239,Point,-73.669314,-13.672239,True,True,POINT (-73.669314 -13.672239),-73.669314,-13.672239,-73.669314,-13.672239
26.0,03,APURIMAC,0305,COTABAMBAS,030506,CHALLHUAHUACHO,0305060001,CHALLHUAHUACHO,0305060001,APURIMAC,COTABAMBAS,CHALLHUAHUACHO,CHALLHUAHUACHO,[REGIONAL] - [APURIMAC],OPERATIVO,1.0,CPNP CHALHUAHUACHO,APURIMACCOTABAMBASCHALLHUAHUACHO,"Ministerio de Transportes y Comunicaciones (MTC). Programa Nacional de Telecomunicaciones (PRONATEL), febrero de 2022",030506,-72.246658,-14.11867,Point,-72.246658,-14.11867,True,True,POINT (-72.246658 -14.11867),-72.246658,-14.11867,-72.246658,-14.11867
27.0,03,APURIMAC,0305,COTABAMBAS,030502,COTABAMBAS,0305020001,COTABAMBAS,0305020001,APURIMAC,COTABAMBAS,COTABAMBAS,COTABAMBAS,[REGIONAL] - [APURIMAC],OPERATIVO,1.0,CPNP COTABAMBAS,APURIMACCOTABAMBASCOTABAMBAS,"Ministerio de Transportes y Comunicaciones (MTC). Programa Nacional de Telecomunicaciones (PRONATEL), febrero de 2022",030502,-72.354924,-13.745566,Point,-72.354924,-13.745566,True,True,POINT (-72.354924 -13.745566),-72.354924,-13.745566,-72.354924,-13.745566
28.0,03,APURIMAC,0305,COTABAMBAS,030503,COYLLURQUI,0305030001,COYLLURQUI,0305030001,APURIMAC,COTABAMBAS,COYLLURQUI,COYLLURQUI,[REGIONAL] - [APURIMAC],OPERATIVO,1.0,CPNP COYLLURQUI,APURIMACCOTABAMBASCOYLLURQUI,"Ministerio de Transportes y Comunicaciones (MTC). Programa Nacional de Telecomunicaciones (PRONATEL), febrero de 2022",030503,-72.432164,-13.837023,Point,-72.432164,-13.837023,True,True,POINT (-72.432164 -13.837023),-72.432164,-13.837023,-72.432164,-13.837023
29.0,03,APURIMAC,0305,COTABAMBAS,030504,HAQUIRA,0305040001,HAQUIRA,0305040001,APURIMAC,COTABAMBAS,HAQUIRA,HAQUIRA,[REGIONAL] - [APURIMAC],OPERATIVO,1.0,CPNP HAQUIRA,APURIMACCOTABAMBASHAQUIRA,"Ministerio de Transportes y Comunicaciones (MTC). Programa Nacional de Telecomunicaciones (PRONATEL), febrero de 2022",030504,-72.188905,-14.214093,Point,-72.188905,-14.214093,True,True,POINT (-72.188905 -14.214093),-72.188905,-14.214093,-72.188905,-14.214093
30.0,03,APURIMAC,0305,COTABAMBAS,030505,MARA,0305050001,MARA,0305050001,APURIMAC,COTABAMBAS,MARA,MARA,[REGIONAL] - [APURIMAC],OPERATIVO,1.0,CPNP MARA,APURIMACCOTABAMBASMARA,"Ministerio de Transportes y Comunicaciones (MTC). Programa Nacional de Telecomunicaciones (PRONATEL), febrero de 2022",030505,-72.10192,-14.086568,Point,-72.10192,-14.086568,True,True,POINT (-72.10192 -14.086568),-72.10192,-14.086568,-72.10192,-14.086568
31.0,03,APURIMAC,0307,GRAU,030703,GAMARRA,0307030001,PALPACACHI,0307030001,APURIMAC,GRAU,GAMARRA,PALPACACHI,[REGIONAL] - [APURIMAC],OPERATIVO,1.0,CPNP MARISCAL GAMARRA – PALPACACHI,APURIMACGRAUGAMARRA,"Ministerio de Transportes y Comunicaciones (MTC). Programa Nacional de Telecomunicaciones (PRONATEL), febrero de 2022",030703,-72.508335,-13.871656,Point,-72.508335,-13.871656,True,True,POINT (-72.508335 -13.871656),-72.508335,-13.871656,-72.508335,-13.871656
32.0,03,APURIMAC,0307,GRAU,030705,MAMARA,0307050001,MAMARA,0307050001,APURIMAC,GRAU,MAMARA,MAMARA,[REGIONAL] - [APURIMAC],OPERATIVO,1.0,CPNP MAMARA,APURIMACGRAUMAMARA,"Ministerio de Transportes y Comunicaciones (MTC). Programa Nacional de Telecomunicaciones (PRONATEL), febrero de 2022",030705,-72.590831,-14.228601,Point,-72.590831,-14.228601,True,True,POINT (-72.590831 -14.228601),-72.590831,-14.228601,-72.590831,-14.228601
33.0,03,APURIMAC,0307,GRAU,030708,PROGRESO,0307080001,PROGRESO,0307080001,APURIMAC,GRAU,PROGRESO,PROGRESO,[REGIONAL] - [APURIMAC],OPERATIVO,1.0,CPNP PROGRESO,APURIMACGRAUPROGRESO,"Ministerio de Transportes y Comunicaciones (MTC). Programa Nacional de Telecomunicaciones (PRONATEL), febrero de 2022",030708,-72.47655,-14.072094,Point,-72.47655,-14.072094,True,True,POINT (-72.47655 -14.072094),-72.47655,-14.072094,-72.47655,-14.072094
34.0,03,APURIMAC,0307,GRAU,030712,VILCABAMBA,0307120001,VILCABAMBA,0307120001,APURIMAC,GRAU,VILCABAMBA,VILCABAMBA,[REGIONAL] - [APURIMAC],OPERATIVO,1.0,CPNP VILCABAMBA,APURIMACGRAUVILCABAMBA,"Ministerio de Transportes y Comunicaciones (MTC). Programa Nacional de Telecomunicaciones (PRONATEL), febrero de 2022",030712,-72.62479,-14.07773,Point,-72.62479,-14.07773,True,True,POINT (-72.62479 -14.07773),-72.62479,-14.07773,-72.62479,-14.07773
35.0,05,AYACUCHO,0501,HUAMANGA,050103,ACOS VINCHOS,0501030001,ACOS VINCHOS,0501030001,AYACUCHO,HUAMANGA,ACOS VINCHOS,ACOS VINCHOS,[REGIONAL] - [AYACUCHO],OPERATIVO,1.0,CPNP ACOS VINCHOS,AYACUCHOHUAMANGAACOS VINCHOS,"Ministerio de Transportes y Comunicaciones (MTC). Programa Nacional de Telecomunicaciones (PRONATEL), febrero de 2022",050103,-74.099996,-13.112992,Point,-74.099996,-13.112992,True,True,POINT (-74.099996 -13.112992),-74.099996,-13.112992,-74.099996,-13.112992
36.0,05,AYACUCHO,0501,HUAMANGA,050114,VINCHOS,0501140001,VINCHOS,0501140001,AYACUCHO,HUAMANGA,VINCHOS,VINCHOS,[REGIONAL] - [AYACUCHO],OPERATIVO,1.0,CPNP VINCHOS,AYACUCHOHUAMANGAVINCHOS,"Ministerio de Transportes y Comunicaciones (MTC). Programa Nacional de Telecomunicaciones (PRONATEL), febrero de 2022",050114,-74.35421,-13.241629,Point,-74.35421,-13.241629,True,True,POINT (-74.35421 -13.241629),-74.35421,-13.241629,-74.35421,-13.241629
37.0,05,AYACUCHO,0502,CANGALLO,050202,CHUSCHI,0502020001,CHUSCHI,0502020001,AYACUCHO,CANGALLO,CHUSCHI,CHUSCHI,[REGIONAL] - [AYACUCHO],OPERATIVO,1.0,CPNP CHUSCHI,AYACUCHOCANGALLOCHUSCHI,"Ministerio de Transportes y Comunicaciones (MTC). Programa Nacional de Telecomunicaciones (PRONATEL), febrero de 2022",050202,-74.351645,-13.585009,Point,-74.351645,-13.585009,True,True,POINT (-74.351645 -13.585009),-74.351645,-13.585009,-74.351645,-13.585009
38.0,05,AYACUCHO,0502,CANGALLO,050205,PARAS,0502050001,PARAS,0502050001,AYACUCHO,CANGALLO,PARAS,PARAS,[REGIONAL] - [AYACUCHO],OPERATIVO,1.0,CPNP PARAS,AYACUCHOCANGALLOPARAS,"Ministerio de Transportes y Comunicaciones (MTC). Programa Nacional de Telecomunicaciones (PRONATEL), febrero de 2022",050205,-74.627756,-13.552536,Point,-74.627756,-13.552536,True,True,POINT (-74.627756 -13.552536),-74.627756,-13.552536,-74.627756,-13.552536
39.0,05,AYACUCHO,0504,HUANTA,050403,HUAMANGUILLA,0504030001,HUAMANGUILLA,0504030001,AYACUCHO,HUANTA,HUAMANGUILLA,HUAMANGUILLA,[REGIONAL] - [AYACUCHO],OPERATIVO,1.0,CPNP HUAMANGUILLA,AYACUCHOHUANTAHUAMANGUILLA,"Ministerio de Transportes y Comunicaciones (MTC). Programa Nacional de Telecomunicaciones (PRONATEL), febrero de 2022",050403,-74.172957,-13.011034,Point,-74.172957,-13.011034,True,True,POINT (-74.172957 -13.011034),-74.172957,-13.011034,-74.172957,-13.011034
40.0,05,AYACUCHO,0505,LA MAR,050508,TAMBO,0505080001,TAMBO,0505080001,AYACUCHO,LA MAR,TAMBO,TAMBO,[REGIONAL] - [AYACUCHO],OPERATIVO,1.0,CPNP PROT. CARRETERAS TAMBO,AYACUCHOLA MARTAMBO,"Ministerio de Transportes y Comunicaciones (MTC). Programa Nacional de Telecomunicaciones (PRONATEL), febrero de 2022",050508,-74.020769,-12.948113,Point,-74.020769,-12.948113,True,True,POINT (-74.020769 -12.948113),-74.020769,-12.948113,-74.020769,-12.948113
41.0,05,AYACUCHO,0506,LUCANAS,050602,AUCARA,0506020001,AUCARA,0506020001,AYACUCHO,LUCANAS,AUCARA,AUCARA,[REGIONAL] - [AYACUCHO],OPERATIVO,1.0,CPNP AUCARA,AYACUCHOLUCANASAUCARA,"Ministerio de Transportes y Comunicaciones (MTC). Programa Nacional de Telecomunicaciones (PRONATEL), febrero de 2022",050602,-73.975241,-14.281124,Point,-73.975241,-14.281124,True,True,POINT (-73.975241 -14.281124),-73.975241,-14.281124,-73.975241,-14.281124
42.0,05,AYACUCHO,0506,LUCANAS,050603,CABANA,0506030001,CABANA,0506030001,AYACUCHO,LUCANAS,CABANA,CABANA,[REGIONAL] - [AYACUCHO],OPERATIVO,1.0,CPNP SECTORIAL CABANA SUR,AYACUCHOLUCANASCABANA,"Ministerio de Transportes y Comunicaciones (MTC). Programa Nacional de Telecomunicaciones (PRONATEL), febrero de 2022",050603,-73.967354,-14.288376,Point,-73.967354,-14.288376,True,True,POINT (-73.967354 -14.288376),-73.967354,-14.288376,-73.967354,-14.288376
43.0,05,AYACUCHO,0506,LUCANAS,050604,CARMEN SALCEDO,0506040001,ANDAMARCA,0506040001,AYACUCHO,LUCANAS,CARMEN SALCEDO,ANDAMARCA,[REGIONAL] - [AYACUCHO],OPERATIVO,1.0,CPNP ANDAMARCA,AYACUCHOLUCANASCARMEN SALCEDO,"Ministerio de Transportes y Comunicaciones (MTC). Programa Nacional de Telecomunicaciones (PRONATEL), febrero de 2022",050604,-73.961976,-14.387806,Point,-73.961976,-14.387806,True,True,POINT (-73.961976 -14.387806),-73.961976,-14.387806,-73.961976,-14.387806
44.0,05,AYACUCHO,0506,LUCANAS,050606,CHIPAO,0506060001,CHIPAO,0506060001,AYACUCHO,LUCANAS,CHIPAO,CHIPAO,[REGIONAL] - [AYACUCHO],OPERATIVO,1.0,CPNP CHIPAO,AYACUCHOLUCANASCHIPAO,"Ministerio de Transportes y Comunicaciones (MTC). Programa Nacional de Telecomunicaciones (PRONATEL), febrero de 2022",050606,-73.876074,-14.365695,Point,-73.876074,-14.365695,True,True,POINT (-73.876074 -14.365695),-73.876074,-14.365695,-73.876074,-14.365695
45.0,05,AYACUCHO,0506,LUCANAS,050613,OTOCA,0506130001,OTOCA,0506130001,AYACUCHO,LUCANAS,OTOCA,OTOCA,[REGIONAL] - [AYACUCHO],OPERATIVO,1.0,CPNP OTOCA,AYACUCHOLUCANASOTOCA,"Ministerio de Transportes y Comunicaciones (MTC). Programa Nacional de Telecomunicaciones (PRONATEL), febrero de 2022",050613,-74.68674,-14.49007,Point,-74.68674,-14.49007,True,True,POINT (-74.68674 -14.49007),-74.68674,-14.49007,-74.68674,-14.49007
46.0,05,AYACUCHO,0511,VILCAS HUAMAN,051104,CONCEPCION,0511040001,CONCEPCION,0511040001,AYACUCHO,VILCAS HUAMAN,CONCEPCION,CONCEPCION,[REGIONAL] - [AYACUCHO],OPERATIVO,1.0,CPNP CONCEPCION,AYACUCHOVILCAS HUAMANCONCEPCION,"Ministerio de Transportes y Comunicaciones (MTC). Programa Nacional de Telecomunicaciones (PRONATEL), febrero de 2022",051104,-73.875192,-13.532406,Point,-73.875192,-13.532406,True,True,POINT (-73.875192 -13.532406),-73.875192,-13.532406,-73.875192,-13.532406
47.0,05,AYACUCHO,0508,PAUCAR DEL SARA SARA,050806,OYOLO,0508060001,OYOLO,0508060001,AYACUCHO,PAUCAR DEL SARA SARA,OYOLO,OYOLO,[REGIONAL] - [AYACUCHO],OPERATIVO,1.0,CPNP OYOLO,AYACUCHOPAUCAR DEL SARA SARAOYOLO,"Ministerio de Transportes y Comunicaciones (MTC). Programa Nacional de Telecomunicaciones (PRONATEL), febrero de 2022",050806,-73.185236,-15.179924,Point,-73.185236,-15.179924,True,True,POINT (-73.185236 -15.179924),-73.185236,-15.179924,-73.185236,-15.179924
48.0,05,AYACUCHO,0502,CANGALLO,050206,TOTOS,0502060001,TOTOS,0502060001,AYACUCHO,CANGALLO,TOTOS,TOTOS,[REGIONAL] - [AYACUCHO],OPERATIVO,1.0,CPNP TOTOS,AYACUCHOCANGALLOTOTOS,"Ministerio de Transportes y Comunicaciones (MTC). Programa Nacional de Telecomunicaciones (PRONATEL), febrero de 2022",050206,-74.522805,-13.567619,Point,-74.522805,-13.567619,True,True,POINT (-74.522805 -13.567619),-74.522805,-13.567619,-74.522805,-13.567619
49.0,05,AYACUCHO,0505,LA MAR,050505,CHUNGUI,0505050001,CHUNGUI,0505050001,AYACUCHO,LA MAR,CHUNGUI,CHUNGUI,[REGIONAL] - [AYACUCHO],OPERATIVO,1.0,CPNP CHUNGUI,AYACUCHOLA MARCHUNGUI,"Ministerio de Transportes y Comunicaciones (MTC). Programa Nacional de Telecomunicaciones (PRONATEL), febrero de 2022",050505,-73.621602,-13.222303,Point,-73.621602,-13.222303,True,True,POINT (-73.621602 -13.222303),-73.621602,-13.222303,-73.621602,-13.222303
50.0,05,AYACUCHO,0507,PARINACOCHAS,050704,PACAPAUSA,0507040001,PACAPAUSA,0507040001,AYACUCHO,PARINACOCHAS,PACAPAUSA,PACAPAUSA,[REGIONAL] - [AYACUCHO],OPERATIVO,1.0,CPNP PACAPAUSA,AYACUCHOPARINACOCHASPACAPAUSA,"Ministerio de Transportes y Comunicaciones (MTC). Programa Nacional de Telecomunicaciones (PRONATEL), febrero de 2022",050704,-73.36776,-14.950191,Point,-73.36776,-14.950191,True,True,POINT (-73.36776 -14.950191),-73.36776,-14.950191,-73.36776,-14.950191
51.0,05,AYACUCHO,0508,PAUCAR DEL SARA SARA,050802,COLTA,0508020001,COLTA,0508020001,AYACUCHO,PAUCAR DEL SARA SARA,COLTA,COLTA,[REGIONAL] - [AYACUCHO],OPERATIVO,1.0,CPNP COLTA,AYACUCHOPAUCAR DEL SARA SARACOLTA,"Ministerio de Transportes y Comunicaciones (MTC). Programa Nacional de Telecomunicaciones (PRONATEL), febrero de 2022",050802,-73.294015,-15.162911,Point,-73.294015,-15.162911,True,True,POINT (-73.294015 -15.162911),-73.294015,-15.162911,-73.294015,-15.162911
52.0,05,AYACUCHO,0509,SUCRE,050911,SORAS,0509110001,SORAS,0509110001,AYACUCHO,SUCRE,SORAS,SORAS,[REGIONAL] - [AYACUCHO],OPERATIVO,1.0,CPNP SORAS,AYACUCHOSUCRESORAS,"Ministerio de Transportes y Comunicaciones (MTC). Programa Nacional de Telecomunicaciones (PRONATEL), febrero de 2022",050911,-73.60444,-14.114442,Point,-73.60444,-14.114442,True,True,POINT (-73.60444 -14.114442),-73.60444,-14.114442,-73.60444,-14.114442
53.0,05,AYACUCHO,0510,VICTOR FAJARDO,051012,VILCANCHOS,0510120001,VILCANCHOS,0510120001,AYACUCHO,VICTOR FAJARDO,VILCANCHOS,VILCANCHOS,[REGIONAL] - [AYACUCHO],OPERATIVO,1.0,CPNP VILCANCHOS,AYACUCHOVICTOR FAJARDOVILCANCHOS,"Ministerio de Transportes y Comunicaciones (MTC). Programa Nacional de Telecomunicaciones (PRONATEL), febrero de 2022",051012,-74.532431,-13.611386,Point,-74.532431,-13.611386,True,True,POINT (-74.532431 -13.611386),-74.532431,-13.611386,-74.532431,-13.611386
54.0,05,AYACUCHO,0506,LUCANAS,050612,OCAÑA,0506120001,OCAÑA,0506120001,AYACUCHO,LUCANAS,OCAÑA,OCAÑA,[REGIONAL] - [AYACUCHO],OPERATIVO,1.0,CPNP OCAÑA,AYACUCHOLUCANASOCAÑA,"Ministerio de Transportes y Comunicaciones (MTC). Programa Nacional de Telecomunicaciones (PRONATEL), febrero de 2022",050612,-74.822739,-14.398926,Point,-74.822739,-14.398926,True,True,POINT (-74.822739 -14.398926),-74.822739,-14.398926,-74.822739,-14.398926
55.0,05,AYACUCHO,0508,PAUCAR DEL SARA SARA,050805,MARCABAMBA,0508050001,MARCABAMBA,0508050001,AYACUCHO,PAUCAR DEL SARA SARA,MARCABAMBA,MARCABAMBA,[REGIONAL] - [AYACUCHO],OPERATIVO,1.0,CPNP MARCABAMBA,AYACUCHOPAUCAR DEL SARA SARAMARCABAMBA,"Ministerio de Transportes y Comunicaciones (MTC). Programa Nacional de Telecomunicaciones (PRONATEL), febrero de 2022",050805,-73.341537,-15.149826,Point,-73.341537,-15.149826,True,True,POINT (-73.341537 -15.149826),-73.341537,-15.149826,-73.341537,-15.149826
56.0,08,CUSCO,0802,ACOMAYO,080202,ACOPIA,0802020001,ACOPIA,0802020001,CUSCO,ACOMAYO,ACOPIA,ACOPIA,[REGIONAL] - [CUSCO],OPERATIVO,1.0,CPNP RURAL ACOPIA,CUSCOACOMAYOACOPIA,"Ministerio de Transportes y Comunicaciones (MTC). Programa Nacional de Telecomunicaciones (PRONATEL), febrero de 2022",080202,-71.493222,-14.057496,Point,-71.493222,-14.057496,True,True,POINT (-71.493222 -14.057496),-71.493222,-14.057496,-71.493222,-14.057496
57.0,08,CUSCO,0802,ACOMAYO,080204,MOSOC LLACTA,0802040001,MOSOC LLACTA,0802040001,CUSCO,ACOMAYO,MOSOC LLACTA,MOSOC LLACTA,[REGIONAL] - [CUSCO],OPERATIVO,1.0,CPNP RURAL MOSOCLLACTA,CUSCOACOMAYOMOSOC LLACTA,"Ministerio de Transportes y Comunicaciones (MTC). Programa Nacional de Telecomunicaciones (PRONATEL), febrero de 2022",080204,-71.473022,-14.120322,Point,-71.473022,-14.120322,True,True,POINT (-71.473022 -14.120322),-71.473022,-14.120322,-71.473022,-14.120322
58.0,08,CUSCO,0802,ACOMAYO,080205,POMACANCHI,0802050001,POMACANCHI,0802050001,CUSCO,ACOMAYO,POMACANCHI,POMACANCHI,[REGIONAL] - [CUSCO],OPERATIVO,1.0,CPNP RURAL POMACANCHI,CUSCOACOMAYOPOMACANCHI,"Ministerio de Transportes y Comunicaciones (MTC). Programa Nacional de Telecomunicaciones (PRONATEL), febrero de 2022",080205,-71.574296,-14.033659,Point,-71.574296,-14.033659,True,True,POINT (-71.574296 -14.033659),-71.574296,-14.033659,-71.574296,-14.033659
59.0,08,CUSCO,0802,ACOMAYO,080207,SANGARARA,0802070001,SANGARARA,0802070001,CUSCO,ACOMAYO,SANGARARA,SANGARARA,[REGIONAL] - [CUSCO],OPERATIVO,1.0,CPNP RURAL SANGARARA,CUSCOACOMAYOSANGARARA,"Ministerio de Transportes y Comunicaciones (MTC). Programa Nacional de Telecomunicaciones (PRONATEL), febrero de 2022",080207,-71.603284,-13.947351,Point,-71.603284,-13.947351,True,True,POINT (-71.603284 -13.947351),-71.603284,-13.947351,-71.603284,-13.947351
60.0,08,CUSCO,0803,ANTA,080302,ANCAHUASI,0803020001,ANCAHUASI,0803020001,CUSCO,ANTA,ANCAHUASI,ANCAHUASI,[REGIONAL] - [CUSCO],OPERATIVO,1.0,CPNP RURAL ANCAHUASI,CUSCOANTAANCAHUASI,"Ministerio de Transportes y Comunicaciones (MTC). Programa Nacional de Telecomunicaciones (PRONATEL), febrero de 2022",080302,-72.300922,-13.457221,Point,-72.300922,-13.457221,True,True,POINT (-72.300922 -13.457221),-72.300922,-13.457221,-72.300922,-13.457221
61.0,08,CUSCO,0803,ANTA,080304,CHINCHAYPUJIO,0803040001,CHINCHAYPUJIO,0803040001,CUSCO,ANTA,CHINCHAYPUJIO,CHINCHAYPUJIO,[REGIONAL] - [CUSCO],OPERATIVO,1.0,CPNP RURAL DE CHINCHAYPUCYO,CUSCOANTACHINCHAYPUJIO,"Ministerio de Transportes y Comunicaciones (MTC). Programa Nacional de Telecomunicaciones (PRONATEL), febrero de 2022",080304,-72.232965,-13.629684,Point,-72.232965,-13.629684,True,True,POINT (-72.232965 -13.629684),-72.232965,-13.629684,-72.232965,-13.629684
62.0,08,CUSCO,0803,ANTA,080305,HUAROCONDO,0803050001,HUAROCONDO,0803050001,CUSCO,ANTA,HUAROCONDO,HUAROCONDO,[REGIONAL] - [CUSCO],OPERATIVO,1.0,CPNP RURAL HUAROCONDO,CUSCOANTAHUAROCONDO,"Ministerio de Transportes y Comunicaciones (MTC). Programa Nacional de Telecomunicaciones (PRONATEL), febrero de 2022",080305,-72.207598,-13.415781,Point,-72.207598,-13.415781,True,True,POINT (-72.207598 -13.415781),-72.207598,-13.415781,-72.207598,-13.415781
63.0,08,CUSCO,0803,ANTA,080306,LIMATAMBO,0803060001,LIMATAMBO,0803060001,CUSCO,ANTA,LIMATAMBO,LIMATAMBO,[REGIONAL] - [CUSCO],OPERATIVO,1.0,CPNP RURAL LIMATAMBO,CUSCOANTALIMATAMBO,"Ministerio de Transportes y Comunicaciones (MTC). Programa Nacional de Telecomunicaciones (PRONATEL), febrero de 2022",080306,-72.442896,-13.479624,Point,-72.442896,-13.479624,True,True,POINT (-72.442896 -13.479624),-72.442896,-13.479624,-72.442896,-13.479624
64.0,08,CUSCO,0803,ANTA,080307,MOLLEPATA,0803070001,MOLLEPATA,0803070001,CUSCO,ANTA,MOLLEPATA,MOLLEPATA,[REGIONAL] - [CUSCO],OPERATIVO,1.0,CPNP RURAL MOLLEPATA,CUSCOANTAMOLLEPATA,"Ministerio de Transportes y Comunicaciones (MTC). Programa Nacional de Telecomunicaciones (PRONATEL), febrero de 2022",080307,-72.527768,-13.509053,Point,-72.527768,-13.509053,True,True,POINT (-72.527768 -13.509053),-72.527768,-13.509053,-72.527768,-13.509053
65.0,08,CUSCO,0804,CALCA,080406,SAN SALVADOR,0804060001,SAN SALVADOR,0804060001,CUSCO,CALCA,SAN SALVADOR,SAN SALVADOR,[REGIONAL] - [CUSCO],OPERATIVO,1.0,CPNP RURAL SAN SALVADOR,CUSCOCALCASAN SALVADOR,"Ministerio de Transportes y Comunicaciones (MTC). Programa Nacional de Telecomunicaciones (PRONATEL), febrero de 2022",080406,-71.778617,-13.49196,Point,-71.778617,-13.49196,True,True,POINT (-71.778617 -13.49196),-71.778617,-13.49196,-71.778617,-13.49196
66.0,08,CUSCO,0804,CALCA,080408,YANATILE,0804080001,QUEBRADA HONDA,0804080001,CUSCO,CALCA,YANATILE,QUEBRADA HONDA,[REGIONAL] - [CUSCO],OPERATIVO,1.0,CPNP LA QUEBRADA,CUSCOCALCAYANATILE,"Ministerio de Transportes y Comunicaciones (MTC). Programa Nacional de Telecomunicaciones (PRONATEL), febrero de 2022",080408,-72.277103,-12.681647,Point,-72.277103,-12.681647,True,True,POINT (-72.277103 -12.681647),-72.277103,-12.681647,-72.277103,-12.681647
67.0,08,CUSCO,0805,CANAS,080503,KUNTURKANKI,0805030001,EL DESCANSO,0805030001,CUSCO,CANAS,KUNTURKANKI,EL DESCANSO,[REGIONAL] - [CUSCO],OPERATIVO,1.0,CPNP RURAL DESCANSO,CUSCOCANASKUNTURKANKI,"Ministerio de Transportes y Comunicaciones (MTC). Programa Nacional de Telecomunicaciones (PRONATEL), febrero de 2022",080503,-71.30694,-14.534601,Point,-71.30694,-14.534601,True,True,POINT (-71.30694 -14.534601),-71.30694,-14.534601,-71.30694,-14.534601
68.0,08,CUSCO,0805,CANAS,080504,LANGUI,0805040001,LANGUI,0805040001,CUSCO,CANAS,LANGUI,LANGUI,[REGIONAL] - [CUSCO],OPERATIVO,1.0,CPNP RURAL LANGUI,CUSCOCANASLANGUI,"Ministerio de Transportes y Comunicaciones (MTC). Programa Nacional de Telecomunicaciones (PRONATEL), febrero de 2022",080504,-71.272809,-14.432276,Point,-71.272809,-14.432276,True,True,POINT (-71.272809 -14.432276),-71.272809,-14.432276,-71.272809,-14.432276
69.0,08,CUSCO,0805,CANAS,080505,LAYO,0805050001,LAYO,0805050001,CUSCO,CANAS,LAYO,LAYO,[REGIONAL] - [CUSCO],OPERATIVO,1.0,CPNP RURAL LAYO,CUSCOCANASLAYO,"Ministerio de Transportes y Comunicaciones (MTC). Programa Nacional de Telecomunicaciones (PRONATEL), febrero de 2022",080505,-71.155441,-14.494142,Point,-71.155441,-14.494142,True,True,POINT (-71.155441 -14.494142),-71.155441,-14.494142,-71.155441,-14.494142
70.0,08,CUSCO,0806,CANCHIS,080603,COMBAPATA,0806030001,COMBAPATA,0806030001,CUSCO,CANCHIS,COMBAPATA,COMBAPATA,[REGIONAL] - [CUSCO],OPERATIVO,1.0,CPNP RURAL COMBAPATA,CUSCOCANCHISCOMBAPATA,"Ministerio de Transportes y Comunicaciones (MTC). Programa Nacional de Telecomunicaciones (PRONATEL), febrero de 2022",080603,-71.429895,-14.101921,Point,-71.429895,-14.101921,True,True,POINT (-71.429895 -14.101921),-71.429895,-14.101921,-71.429895,-14.101921
71.0,08,CUSCO,0806,CANCHIS,080605,PITUMARCA,0806050001,PITUMARCA,0806050001,CUSCO,CANCHIS,PITUMARCA,PITUMARCA,[REGIONAL] - [CUSCO],OPERATIVO,1.0,CPNP RURAL PITUMARCA,CUSCOCANCHISPITUMARCA,"Ministerio de Transportes y Comunicaciones (MTC). Programa Nacional de Telecomunicaciones (PRONATEL), febrero de 2022",080605,-71.417496,-13.98021,Point,-71.417496,-13.98021,True,True,POINT (-71.417496 -13.98021),-71.417496,-13.98021,-71.417496,-13.98021
72.0,08,CUSCO,0807,CHUMBIVILCAS,080705,LIVITACA,0807050001,LIVITACA,0807050001,CUSCO,CHUMBIVILCAS,LIVITACA,LIVITACA,[REGIONAL] - [CUSCO],OPERATIVO,1.0,CPNP RURAL LIVITACA,CUSCOCHUMBIVILCASLIVITACA,"Ministerio de Transportes y Comunicaciones (MTC). Programa Nacional de Telecomunicaciones (PRONATEL), febrero de 2022",080705,-71.689695,-14.312898,Point,-71.689695,-14.312898,True,True,POINT (-71.689695 -14.312898),-71.689695,-14.312898,-71.689695,-14.312898
73.0,08,CUSCO,0807,CHUMBIVILCAS,080708,VELILLE,0807080001,VELILLE,0807080001,CUSCO,CHUMBIVILCAS,VELILLE,VELILLE,[REGIONAL] - [CUSCO],OPERATIVO,1.0,CPNP RURAL VELILLE,CUSCOCHUMBIVILCASVELILLE,"Ministerio de Transportes y Comunicaciones (MTC). Programa Nacional de Telecomunicaciones (PRONATEL), febrero de 2022",080708,-71.881024,-14.508628,Point,-71.881024,-14.508628,True,True,POINT (-71.881024 -14.508628),-71.881024,-14.508628,-71.881024,-14.508628
74.0,08,CUSCO,0809,LA CONVENCION,080902,ECHARATE,0809020001,ECHARATE,0809020001,CUSCO,LA CONVENCION,ECHARATE,ECHARATE,[REGIONAL] - [CUSCO],OPERATIVO,1.0,CPNP RURAL ECHARATE,CUSCOLA CONVENCIONECHARATE,"Ministerio de Transportes y Comunicaciones (MTC). Programa Nacional de Telecomunicaciones (PRONATEL), febrero de 2022",080902,-72.576019,-12.767999,Point,-72.576019,-12.767999,True,True,POINT (-72.576019 -12.767999),-72.576019,-12.767999,-72.576019,-12.767999
75.0,08,CUSCO,0809,LA CONVENCION,080902,ECHARATE,0809020120,KITENI,0809020120,CUSCO,LA CONVENCION,ECHARATE,KITENI,[REGIONAL] - [CUSCO],OPERATIVO,1.0,CPNP RURAL KITENI,CUSCOLA CONVENCIONECHARATE,"Ministerio de Transportes y Comunicaciones (MTC). Programa Nacional de Telecomunicaciones (PRONATEL), febrero de 2022",080902,-73.048189,-12.648001,Point,-73.048189,-12.648001,True,True,POINT (-73.048189 -12.648001),-73.048189,-12.648001,-73.048189,-12.648001
76.0,08,CUSCO,0809,LA CONVENCION,080902,ECHARATE,0809020172,PALMA REAL,0809020172,CUSCO,LA CONVENCION,ECHARATE,PALMA REAL,[REGIONAL] - [CUSCO],OPERATIVO,1.0,CPNP RURAL PALMA REAL,CUSCOLA CONVENCIONECHARATE,"Ministerio de Transportes y Comunicaciones (MTC). Programa Nacional de Telecomunicaciones (PRONATEL), febrero de 2022",080902,-72.691777,-12.626712,Point,-72.691777,-12.626712,True,True,POINT (-72.691777 -12.626712),-72.691777,-12.626712,-72.691777,-12.626712
77.0,08,CUSCO,0809,LA CONVENCION,080903,HUAYOPATA,0809030001,HUYRO,0809030001,CUSCO,LA CONVENCION,HUAYOPATA,HUYRO,[REGIONAL] - [CUSCO],OPERATIVO,1.0,CPNP RURAL HUYRO,CUSCOLA CONVENCIONHUAYOPATA,"Ministerio de Transportes y Comunicaciones (MTC). Programa Nacional de Telecomunicaciones (PRONATEL), febrero de 2022",080903,-72.554519,-13.004681,Point,-72.554519,-13.004681,True,True,POINT (-72.554519 -13.004681),-72.554519,-13.004681,-72.554519,-13.004681
78.0,08,CUSCO,0809,LA CONVENCION,080904,MARANURA,0809040001,MARANURA,0809040001,CUSCO,LA CONVENCION,MARANURA,MARANURA,[REGIONAL] - [CUSCO],OPERATIVO,1.0,CPNP MARANURA,CUSCOLA CONVENCIONMARANURA,"Ministerio de Transportes y Comunicaciones (MTC). Programa Nacional de Telecomunicaciones (PRONATEL), febrero de 2022",080904,-72.664722,-12.962797,Point,-72.664722,-12.962797,True,True,POINT (-72.664722 -12.962797),-72.664722,-12.962797,-72.664722,-12.962797
79.0,08,CUSCO,0809,LA CONVENCION,080904,MARANURA,0809040048,SANTA MARIA LA NUEVA,0809040048,CUSCO,LA CONVENCION,MARANURA,SANTA MARIA LA NUEVA,[REGIONAL] - [CUSCO],OPERATIVO,1.0,CPNP SANTA MARIA LA NUEVA,CUSCOLA CONVENCIONMARANURA,"Ministerio de Transportes y Comunicaciones (MTC). Programa Nacional de Telecomunicaciones (PRONATEL), febrero de 2022",080904,-72.633773,-13.007119,Point,-72.633773,-13.007119,True,True,POINT (-72.633773 -13.007119),-72.633773,-13.007119,-72.633773,-13.007119
80.0,08,CUSCO,0809,LA CONVENCION,080910,PICHARI,0809100001,PICHARI,0809100001,CUSCO,LA CONVENCION,PICHARI,PICHARI,[REGIONAL] - [CUSCO],OPERATIVO,1.0,CPNP PICHARI,CUSCOLA CONVENCIONPICHARI,"Ministerio de Transportes y Comunicaciones (MTC). Programa Nacional de Telecomunicaciones (PRONATEL), febrero de 2022",080910,-73.829029,-12.519574,Point,-73.829029,-12.519574,True,True,POINT (-73.829029 -12.519574),-73.829029,-12.519574,-73.829029,-12.519574
81.0,08,CUSCO,0809,LA CONVENCION,080906,QUELLOUNO,0809060001,QUELLOUNO,0809060001,CUSCO,LA CONVENCION,QUELLOUNO,QUELLOUNO,[REGIONAL] - [CUSCO],OPERATIVO,1.0,CPNP RURAL QUELLOUNO,CUSCOLA CONVENCIONQUELLOUNO,"Ministerio de Transportes y Comunicaciones (MTC). Programa Nacional de Telecomunicaciones (PRONATEL), febrero de 2022",080906,-72.557207,-12.636743,Point,-72.557207,-12.636743,True,True,POINT (-72.557207 -12.636743),-72.557207,-12.636743,-72.557207,-12.636743
82.0,08,CUSCO,0809,LA CONVENCION,080901,SANTA ANA,0809010016,HUAYANAI BAJO,0809010016,CUSCO,LA CONVENCION,SANTA ANA,HUAYANAI BAJO,[REGIONAL] - [CUSCO],OPERATIVO,1.0,CPNP HUAYANAY,CUSCOLA CONVENCIONSANTA ANA,"Ministerio de Transportes y Comunicaciones (MTC). Programa Nacional de Telecomunicaciones (PRONATEL), febrero de 2022",080901,-72.653386,-12.809999,Point,-72.653386,-12.809999,True,True,POINT (-72.653386 -12.809999),-72.653386,-12.809999,-72.653386,-12.809999
83.0,08,CUSCO,0809,LA CONVENCION,080901,SANTA ANA,0809010040,PAVAYOC ALTO,0809010040,CUSCO,LA CONVENCION,SANTA ANA,PAVAYOC ALTO,[REGIONAL] - [CUSCO],OPERATIVO,1.0,CPNP PAVAYOC,CUSCOLA CONVENCIONSANTA ANA,"Ministerio de Transportes y Comunicaciones (MTC). Programa Nacional de Telecomunicaciones (PRONATEL), febrero de 2022",080901,-72.679579,-12.85126,Point,-72.679579,-12.85126,True,True,POINT (-72.679579 -12.85126),-72.679579,-12.85126,-72.679579,-12.85126
84.0,08,CUSCO,0809,LA CONVENCION,080908,SANTA TERESA,0809080001,SANTA TERESA,0809080001,CUSCO,LA CONVENCION,SANTA TERESA,SANTA TERESA,[REGIONAL] - [CUSCO],OPERATIVO,1.0,CPNP SANTA TERESA,CUSCOLA CONVENCIONSANTA TERESA,"Ministerio de Transportes y Comunicaciones (MTC). Programa Nacional de Telecomunicaciones (PRONATEL), febrero de 2022",080908,-72.593938,-13.130419,Point,-72.593938,-13.130419,True,True,POINT (-72.593938 -13.130419),-72.593938,-13.130419,-72.593938,-13.130419
85.0,08,CUSCO,0810,PARURO,081002,ACCHA,0810020001,ACCHA,0810020001,CUSCO,PARURO,ACCHA,ACCHA,[REGIONAL] - [CUSCO],OPERATIVO,1.0,CPNP RURAL ACCHA,CUSCOPARUROACCHA,"Ministerio de Transportes y Comunicaciones (MTC). Programa Nacional de Telecomunicaciones (PRONATEL), febrero de 2022",081002,-71.831292,-13.971179,Point,-71.831292,-13.971179,True,True,POINT (-71.831292 -13.971179),-71.831292,-13.971179,-71.831292,-13.971179
86.0,08,CUSCO,0810,PARURO,081005,HUANOQUITE,0810050001,HUANOQUITE,0810050001,CUSCO,PARURO,HUANOQUITE,HUANOQUITE,[REGIONAL] - [CUSCO],OPERATIVO,1.0,CPNP RURAL HUANOQUITE,CUSCOPARUROHUANOQUITE,"Ministerio de Transportes y Comunicaciones (MTC). Programa Nacional de Telecomunicaciones (PRONATEL), febrero de 2022",081005,-72.017937,-13.681905,Point,-72.017937,-13.681905,True,True,POINT (-72.017937 -13.681905),-72.017937,-13.681905,-72.017937,-13.681905
87.0,08,CUSCO,0810,PARURO,081009,YAURISQUE,0810090001,YAURISQUE,0810090001,CUSCO,PARURO,YAURISQUE,YAURISQUE,[REGIONAL] - [CUSCO],OPERATIVO,1.0,CPNP RURAL YAURISQUI,CUSCOPARUROYAURISQUE,"Ministerio de Transportes y Comunicaciones (MTC). Programa Nacional de Telecomunicaciones (PRONATEL), febrero de 2022",081009,-71.920623,-13.66528,Point,-71.920623,-13.66528,True,True,POINT (-71.920623 -13.66528),-71.920623,-13.66528,-71.920623,-13.66528
88.0,08,CUSCO,0811,PAUCARTAMBO,081104,COLQUEPATA,0811040001,COLQUEPATA,0811040001,CUSCO,PAUCARTAMBO,COLQUEPATA,COLQUEPATA,[REGIONAL] - [CUSCO],OPERATIVO,1.0,CPNP RURAL COLQUEPATA,CUSCOPAUCARTAMBOCOLQUEPATA,"Ministerio de Transportes y Comunicaciones (MTC). Programa Nacional de Telecomunicaciones (PRONATEL), febrero de 2022",081104,-71.673549,-13.360219,Point,-71.673549,-13.360219,True,True,POINT (-71.673549 -13.360219),-71.673549,-13.360219,-71.673549,-13.360219
89.0,08,CUSCO,0811,PAUCARTAMBO,081105,HUANCARANI,0811050001,HUANCARANI,0811050001,CUSCO,PAUCARTAMBO,HUANCARANI,HUANCARANI,[REGIONAL] - [CUSCO],OPERATIVO,1.0,CPNP RURAL HUANCARANI,CUSCOPAUCARTAMBOHUANCARANI,"Ministerio de Transportes y Comunicaciones (MTC). Programa Nacional de Telecomunicaciones (PRONATEL), febrero de 2022",081105,-71.65446,-13.503237,Point,-71.65446,-13.503237,True,True,POINT (-71.65446 -13.503237),-71.65446,-13.503237,-71.65446,-13.503237
90.0,08,CUSCO,0811,PAUCARTAMBO,081106,KOSÑIPATA,0811060001,PILLCOPATA,0811060001,CUSCO,PAUCARTAMBO,KOSÑIPATA,PILLCOPATA,[REGIONAL] - [CUSCO],OPERATIVO,1.0,CPNP PILLCOPATA,CUSCOPAUCARTAMBOKOSÑIPATA,"Ministerio de Transportes y Comunicaciones (MTC). Programa Nacional de Telecomunicaciones (PRONATEL), febrero de 2022",081106,-71.403467,-12.909442,Point,-71.403467,-12.909442,True,True,POINT (-71.403467 -12.909442),-71.403467,-12.909442,-71.403467,-12.909442
91.0,08,CUSCO,0812,QUISPICANCHI,081203,CAMANTI,0812030001,QUINCE MIL,0812030001,CUSCO,QUISPICANCHI,CAMANTI,QUINCE MIL,[REGIONAL] - [CUSCO],OPERATIVO,1.0,CPNP RURAL QUINCEMIL,CUSCOQUISPICANCHICAMANTI,"Ministerio de Transportes y Comunicaciones (MTC). Programa Nacional de Telecomunicaciones (PRONATEL), febrero de 2022",081203,-70.754382,-13.231402,Point,-70.754382,-13.231402,True,True,POINT (-70.754382 -13.231402),-70.754382,-13.231402,-70.754382,-13.231402
92.0,08,CUSCO,0812,QUISPICANCHI,081205,CCATCA,0812050001,CCATCA,0812050001,CUSCO,QUISPICANCHI,CCATCA,CCATCA,[REGIONAL] - [CUSCO],OPERATIVO,1.0,CPNP RURAL CCATCA,CUSCOQUISPICANCHICCATCA,"Ministerio de Transportes y Comunicaciones (MTC). Programa Nacional de Telecomunicaciones (PRONATEL), febrero de 2022",081205,-71.563534,-13.605384,Point,-71.563534,-13.605384,True,True,POINT (-71.563534 -13.605384),-71.563534,-13.605384,-71.563534,-13.605384
93.0,08,CUSCO,0812,QUISPICANCHI,081207,HUARO,0812070001,HUARO,0812070001,CUSCO,QUISPICANCHI,HUARO,HUARO,[REGIONAL] - [CUSCO],OPERATIVO,1.0,CPNP RURAL HUARO,CUSCOQUISPICANCHIHUARO,"Ministerio de Transportes y Comunicaciones (MTC). Programa Nacional de Telecomunicaciones (PRONATEL), febrero de 2022",081207,-71.640335,-13.690401,Point,-71.640335,-13.690401,True,True,POINT (-71.640335 -13.690401),-71.640335,-13.690401,-71.640335,-13.690401
94.0,08,CUSCO,0812,QUISPICANCHI,081208,LUCRE,0812080001,LUCRE,0812080001,CUSCO,QUISPICANCHI,LUCRE,LUCRE,[REGIONAL] - [CUSCO],OPERATIVO,1.0,CPNP RURAL LUCRE,CUSCOQUISPICANCHILUCRE,"Ministerio de Transportes y Comunicaciones (MTC). Programa Nacional de Telecomunicaciones (PRONATEL), febrero de 2022",081208,-71.736716,-13.633799,Point,-71.736716,-13.633799,True,True,POINT (-71.736716 -13.633799),-71.736716,-13.633799,-71.736716,-13.633799
95.0,08,CUSCO,0812,QUISPICANCHI,081209,MARCAPATA,0812090001,MARCAPATA,0812090001,CUSCO,QUISPICANCHI,MARCAPATA,MARCAPATA,[REGIONAL] - [CUSCO],OPERATIVO,1.0,CPNP RURAL MARCAPATA,CUSCOQUISPICANCHIMARCAPATA,"Ministerio de Transportes y Comunicaciones (MTC). Programa Nacional de Telecomunicaciones (PRONATEL), febrero de 2022",081209,-70.974976,-13.591782,Point,-70.974976,-13.591782,True,True,POINT (-70.974976 -13.591782),-70.974976,-13.591782,-70.974976,-13.591782
96.0,08,CUSCO,0812,QUISPICANCHI,081210,OCONGATE,0812100001,OCONGATE,0812100001,CUSCO,QUISPICANCHI,OCONGATE,OCONGATE,[REGIONAL] - [CUSCO],OPERATIVO,1.0,CPNP RURAL OCONGATE,CUSCOQUISPICANCHIOCONGATE,"Ministerio de Transportes y Comunicaciones (MTC). Programa Nacional de Telecomunicaciones (PRONATEL), febrero de 2022",081210,-71.388298,-13.626757,Point,-71.388298,-13.626757,True,True,POINT (-71.388298 -13.626757),-71.388298,-13.626757,-71.388298,-13.626757
97.0,08,CUSCO,0812,QUISPICANCHI,081212,QUIQUIJANA,0812120001,QUIQUIJANA,0812120001,CUSCO,QUISPICANCHI,QUIQUIJANA,QUIQUIJANA,[REGIONAL] - [CUSCO],OPERATIVO,1.0,CPNP RURAL QUIQUIJANA,CUSCOQUISPICANCHIQUIQUIJANA,"Ministerio de Transportes y Comunicaciones (MTC). Programa Nacional de Telecomunicaciones (PRONATEL), febrero de 2022",081212,-71.542484,-13.82249,Point,-71.542484,-13.82249,True,True,POINT (-71.542484 -13.82249),-71.542484,-13.82249,-71.542484,-13.82249
98.0,08,CUSCO,0813,URUBAMBA,081303,HUAYLLABAMBA,0813030001,HUAYLLABAMBA,0813030001,CUSCO,URUBAMBA,HUAYLLABAMBA,HUAYLLABAMBA,[REGIONAL] - [CUSCO],OPERATIVO,1.0,CPNP RURAL HUAYLLABAMBA,CUSCOURUBAMBAHUAYLLABAMBA,"Ministerio de Transportes y Comunicaciones (MTC). Programa Nacional de Telecomunicaciones (PRONATEL), febrero de 2022",081303,-72.06513,-13.337997,Point,-72.06513,-13.337997,True,True,POINT (-72.06513 -13.337997),-72.06513,-13.337997,-72.06513,-13.337997
99.0,08,CUSCO,0813,URUBAMBA,081305,MARAS,0813050001,MARAS,0813050001,CUSCO,URUBAMBA,MARAS,MARAS,[REGIONAL] - [CUSCO],OPERATIVO,1.0,CPNP MARAS,CUSCOURUBAMBAMARAS,"Ministerio de Transportes y Comunicaciones (MTC). Programa Nacional de Telecomunicaciones (PRONATEL), febrero de 2022",081305,-72.156383,-13.332617,Point,-72.156383,-13.332617,True,True,POINT (-72.156383 -13.332617),-72.156383,-13.332617,-72.156383,-13.332617
100.0,09,HUANCAVELICA,0901,HUANCAVELICA,090102,ACOBAMBILLA,0901020001,ACOBAMBILLA,0901020001,HUANCAVELICA,HUANCAVELICA,ACOBAMBILLA,ACOBAMBILLA,[REGIONAL] - [HUANCAVELICA],OPERATIVO,1.0,CPNP ACOBAMBILLA,HUANCAVELICAHUANCAVELICAACOBAMBILLA,"Ministerio de Transportes y Comunicaciones (MTC). Programa Nacional de Telecomunicaciones (PRONATEL), febrero de 2022",090102,-75.324275,-12.664524,Point,-75.324275,-12.664524,True,True,POINT (-75.324275 -12.664524),-75.324275,-12.664524,-75.324275,-12.664524
101.0,09,HUANCAVELICA,0901,HUANCAVELICA,090103,ACORIA,0901030001,ACORIA,0901030001,HUANCAVELICA,HUANCAVELICA,ACORIA,ACORIA,[REGIONAL] - [HUANCAVELICA],OPERATIVO,1.0,CPNP ACORIA,HUANCAVELICAHUANCAVELICAACORIA,"Ministerio de Transportes y Comunicaciones (MTC). Programa Nacional de Telecomunicaciones (PRONATEL), febrero de 2022",090103,-74.861699,-12.642584,Point,-74.861699,-12.642584,True,True,POINT (-74.861699 -12.642584),-74.861699,-12.642584,-74.861699,-12.642584
102.0,09,HUANCAVELICA,0904,CASTROVIRREYNA,090402,ARMA,0904020001,ARMA,0904020001,HUANCAVELICA,CASTROVIRREYNA,ARMA,ARMA,[REGIONAL] - [HUANCAVELICA],OPERATIVO,1.0,CPNP VILLA DE ARMA,HUANCAVELICACASTROVIRREYNAARMA,"Ministerio de Transportes y Comunicaciones (MTC). Programa Nacional de Telecomunicaciones (PRONATEL), febrero de 2022",090402,-75.541868,-13.12629,Point,-75.541868,-13.12629,True,True,POINT (-75.541868 -13.12629),-75.541868,-13.12629,-75.541868,-13.12629
103.0,09,HUANCAVELICA,0904,CASTROVIRREYNA,090403,AURAHUA,0904030001,AURAHUA,0904030001,HUANCAVELICA,CASTROVIRREYNA,AURAHUA,AURAHUA,[REGIONAL] - [HUANCAVELICA],OPERATIVO,1.0,CPNP AURAHUA,HUANCAVELICACASTROVIRREYNAAURAHUA,"Ministerio de Transportes y Comunicaciones (MTC). Programa Nacional de Telecomunicaciones (PRONATEL), febrero de 2022",090403,-75.570292,-13.034794,Point,-75.570292,-13.034794,True,True,POINT (-75.570292 -13.034794),-75.570292,-13.034794,-75.570292,-13.034794
104.0,09,HUANCAVELICA,0903,ANGARAES,090304,CCOCHACCASA,0903040001,CCOCHACCASA,0903040001,HUANCAVELICA,ANGARAES,CCOCHACCASA,CCOCHACCASA,[REGIONAL] - [HUANCAVELICA],OPERATIVO,1.0,CPNP CCOCHACCASA,HUANCAVELICAANGARAESCCOCHACCASA,"Ministerio de Transportes y Comunicaciones (MTC). Programa Nacional de Telecomunicaciones (PRONATEL), febrero de 2022",090304,-74.770234,-12.925349,Point,-74.770234,-12.925349,True,True,POINT (-74.770234 -12.925349),-74.770234,-12.925349,-74.770234,-12.925349
105.0,09,HUANCAVELICA,0904,CASTROVIRREYNA,090405,CHUPAMARCA,0904050001,CHUPAMARCA,0904050001,HUANCAVELICA,CASTROVIRREYNA,CHUPAMARCA,CHUPAMARCA,[REGIONAL] - [HUANCAVELICA],OPERATIVO,1.0,CPNP CHUPAMARCA,HUANCAVELICACASTROVIRREYNACHUPAMARCA,"Ministerio de Transportes y Comunicaciones (MTC). Programa Nacional de Telecomunicaciones (PRONATEL), febrero de 2022",090405,-75.608463,-13.037143,Point,-75.608463,-13.037143,True,True,POINT (-75.608463 -13.037143),-75.608463,-13.037143,-75.608463,-13.037143
106.0,09,HUANCAVELICA,0906,HUAYTARA,090603,CORDOVA,0906030001,CORDOVA,0906030001,HUANCAVELICA,HUAYTARA,CORDOVA,CORDOVA,[REGIONAL] - [HUANCAVELICA],OPERATIVO,1.0,CPNP CORDOVA,HUANCAVELICAHUAYTARACORDOVA,"Ministerio de Transportes y Comunicaciones (MTC). Programa Nacional de Telecomunicaciones (PRONATEL), febrero de 2022",090603,-75.185037,-14.040764,Point,-75.185037,-14.040764,True,True,POINT (-75.185037 -14.040764),-75.185037,-14.040764,-75.185037,-14.040764
107.0,09,HUANCAVELICA,0905,CHURCAMPA,090509,SAN PEDRO DE CORIS,0905090027,EXPANSION,0905090027,HUANCAVELICA,CHURCAMPA,SAN PEDRO DE CORIS,EXPANSION,[REGIONAL] - [HUANCAVELICA],OPERATIVO,1.0,CPNP COBRIZA - SAN PEDRO DE CORIS,HUANCAVELICACHURCAMPASAN PEDRO DE CORIS,"Ministerio de Transportes y Comunicaciones (MTC). Programa Nacional de Telecomunicaciones (PRONATEL), febrero de 2022",090509,-74.368686,-12.597206,Point,-74.368686,-12.597206,True,True,POINT (-74.368686 -12.597206),-74.368686,-12.597206,-74.368686,-12.597206
108.0,09,HUANCAVELICA,0901,HUANCAVELICA,090106,HUACHOCOLPA,0901060001,HUACHOCOLPA,0901060001,HUANCAVELICA,HUANCAVELICA,HUACHOCOLPA,HUACHOCOLPA,[REGIONAL] - [HUANCAVELICA],OPERATIVO,1.0,CPNP HUACHOCOLPA,HUANCAVELICAHUANCAVELICAHUACHOCOLPA,"Ministerio de Transportes y Comunicaciones (MTC). Programa Nacional de Telecomunicaciones (PRONATEL), febrero de 2022",090106,-74.946819,-13.031873,Point,-74.946819,-13.031873,True,True,POINT (-74.946819 -13.031873),-74.946819,-13.031873,-74.946819,-13.031873
109.0,09,HUANCAVELICA,0904,CASTROVIRREYNA,090407,HUACHOS,0904070001,HUACHOS,0904070001,HUANCAVELICA,CASTROVIRREYNA,HUACHOS,HUACHOS,[REGIONAL] - [HUANCAVELICA],OPERATIVO,1.0,CPNP HUACHOS,HUANCAVELICACASTROVIRREYNAHUACHOS,"Ministerio de Transportes y Comunicaciones (MTC). Programa Nacional de Telecomunicaciones (PRONATEL), febrero de 2022",090407,-75.533874,-13.219833,Point,-75.533874,-13.219833,True,True,POINT (-75.533874 -13.219833),-75.533874,-13.219833,-75.533874,-13.219833
110.0,09,HUANCAVELICA,0907,TAYACAJA,090707,HUACHOCOLPA,0901070001,HUACHOCOLPA,0901070001,HUANCAVELICA,TAYACAJA,HUACHOCOLPA,HUACHOCOLPA,[REGIONAL] - [HUANCAVELICA],OPERATIVO,1.0,CPNP HUACHOCOLPA,HUANCAVELICATAYACAJAHUACHOCOLPA,"Ministerio de Transportes y Comunicaciones (MTC). Programa Nacional de Telecomunicaciones (PRONATEL), febrero de 2022",090707,-75.178432,-12.409254,Point,-75.178432,-12.409254,True,True,POINT (-75.178432 -12.409254),-75.178432,-12.409254,-75.178432,-12.409254
111.0,09,HUANCAVELICA,0901,HUANCAVELICA,090108,IZCUCHACA,0901080001,IZCUCHACA,0901080001,HUANCAVELICA,HUANCAVELICA,IZCUCHACA,IZCUCHACA,[REGIONAL] - [HUANCAVELICA],OPERATIVO,1.0,CPNP IZCUCHACA,HUANCAVELICAHUANCAVELICAIZCUCHACA,"Ministerio de Transportes y Comunicaciones (MTC). Programa Nacional de Telecomunicaciones (PRONATEL), febrero de 2022",090108,-74.997854,-12.500073,Point,-74.997854,-12.500073,True,True,POINT (-74.997854 -12.500073),-74.997854,-12.500073,-74.997854,-12.500073
112.0,09,HUANCAVELICA,0903,ANGARAES,090309,JULCAMARCA,0903090001,JULCAMARCA,0903090001,HUANCAVELICA,ANGARAES,JULCAMARCA,JULCAMARCA,[REGIONAL] - [HUANCAVELICA],OPERATIVO,1.0,CPNP JULCAMARCA,HUANCAVELICAANGARAESJULCAMARCA,"Ministerio de Transportes y Comunicaciones (MTC). Programa Nacional de Telecomunicaciones (PRONATEL), febrero de 2022",090309,-74.44453,-13.014818,Point,-74.44453,-13.014818,True,True,POINT (-74.44453 -13.014818),-74.44453,-13.014818,-74.44453,-13.014818
113.0,09,HUANCAVELICA,0901,HUANCAVELICA,090112,MOYA,0901120001,MOYA,0901120001,HUANCAVELICA,HUANCAVELICA,MOYA,MOYA,[REGIONAL] - [HUANCAVELICA],OPERATIVO,1.0,CPNP MOYA,HUANCAVELICAHUANCAVELICAMOYA,"Ministerio de Transportes y Comunicaciones (MTC). Programa Nacional de Telecomunicaciones (PRONATEL), febrero de 2022",090112,-75.153929,-12.423372,Point,-75.153929,-12.423372,True,True,POINT (-75.153929 -12.423372),-75.153929,-12.423372,-75.153929,-12.423372
114.0,09,HUANCAVELICA,0902,ACOBAMBA,090206,PAUCARA,0902060001,PAUCARA,0902060001,HUANCAVELICA,ACOBAMBA,PAUCARA,PAUCARA,[REGIONAL] - [HUANCAVELICA],OPERATIVO,1.0,CPNP PAUCARA,HUANCAVELICAACOBAMBAPAUCARA,"Ministerio de Transportes y Comunicaciones (MTC). Programa Nacional de Telecomunicaciones (PRONATEL), febrero de 2022",090206,-74.666334,-12.729635,Point,-74.666334,-12.729635,True,True,POINT (-74.666334 -12.729635),-74.666334,-12.729635,-74.666334,-12.729635
115.0,09,HUANCAVELICA,0905,CHURCAMPA,090507,PAUCARBAMBA,0905070001,PAUCARBAMBA,0905070001,HUANCAVELICA,CHURCAMPA,PAUCARBAMBA,PAUCARBAMBA,[REGIONAL] - [HUANCAVELICA],OPERATIVO,1.0,CPNP PAUCARBAMBA,HUANCAVELICACHURCAMPAPAUCARBAMBA,"Ministerio de Transportes y Comunicaciones (MTC). Programa Nacional de Telecomunicaciones (PRONATEL), febrero de 2022",090507,-74.531914,-12.553803,Point,-74.531914,-12.553803,True,True,POINT (-74.531914 -12.553803),-74.531914,-12.553803,-74.531914,-12.553803
116.0,09,HUANCAVELICA,0907,TAYACAJA,090711,PAZOS,0907110001,PAZOS,0907110001,HUANCAVELICA,TAYACAJA,PAZOS,PAZOS,[REGIONAL] - [HUANCAVELICA],OPERATIVO,1.0,CPNP PAZOS,HUANCAVELICATAYACAJAPAZOS,"Ministerio de Transportes y Comunicaciones (MTC). Programa Nacional de Telecomunicaciones (PRONATEL), febrero de 2022",090711,-75.070431,-12.259311,Point,-75.070431,-12.259311,True,True,POINT (-75.070431 -12.259311),-75.070431,-12.259311,-75.070431,-12.259311
117.0,09,HUANCAVELICA,0906,HUAYTARA,090607,PILPICHACA,0906070001,PILPICHACA,0906070001,HUANCAVELICA,HUAYTARA,PILPICHACA,PILPICHACA,[REGIONAL] - [HUANCAVELICA],OPERATIVO,1.0,CPNP PILPICHACA,HUANCAVELICAHUAYTARAPILPICHACA,"Ministerio de Transportes y Comunicaciones (MTC). Programa Nacional de Telecomunicaciones (PRONATEL), febrero de 2022",090607,-74.977294,-13.330362,Point,-74.977294,-13.330362,True,True,POINT (-74.977294 -13.330362),-74.977294,-13.330362,-74.977294,-13.330362
118.0,09,HUANCAVELICA,0906,HUAYTARA,090613,SANTIAGO DE CHOCORVOS,0906130001,SANTIAGO DE CHOCORVOS,0906130001,HUANCAVELICA,HUAYTARA,SANTIAGO DE CHOCORVOS,SANTIAGO DE CHOCORVOS,[REGIONAL] - [HUANCAVELICA],OPERATIVO,1.0,CPNP SANTIAGO CHOCORVOS,HUANCAVELICAHUAYTARASANTIAGO DE CHOCORVOS,"Ministerio de Transportes y Comunicaciones (MTC). Programa Nacional de Telecomunicaciones (PRONATEL), febrero de 2022",090613,-75.257533,-13.8254,Point,-75.257533,-13.8254,True,True,POINT (-75.257533 -13.8254),-75.257533,-13.8254,-75.257533,-13.8254
119.0,09,HUANCAVELICA,0907,TAYACAJA,090717,SURCUBAMBA,0907170001,SURCUBAMBA,0907170001,HUANCAVELICA,TAYACAJA,SURCUBAMBA,SURCUBAMBA,[REGIONAL] - [HUANCAVELICA],OPERATIVO,1.0,CPNP SURCUBAMBA,HUANCAVELICATAYACAJASURCUBAMBA,"Ministerio de Transportes y Comunicaciones (MTC). Programa Nacional de Telecomunicaciones (PRONATEL), febrero de 2022",090717,-74.63045,-12.11649,Point,-74.63045,-12.11649,True,True,POINT (-74.63045 -12.11649),-74.63045,-12.11649,-74.63045,-12.11649
120.0,09,HUANCAVELICA,0904,CASTROVIRREYNA,090412,TANTARA,0904120001,TANTARA,0904120001,HUANCAVELICA,CASTROVIRREYNA,TANTARA,TANTARA,[REGIONAL] - [HUANCAVELICA],OPERATIVO,1.0,CPNP TANTARA,HUANCAVELICACASTROVIRREYNATANTARA,"Ministerio de Transportes y Comunicaciones (MTC). Programa Nacional de Telecomunicaciones (PRONATEL), febrero de 2022",090412,-75.644784,-13.074124,Point,-75.644784,-13.074124,True,True,POINT (-75.644784 -13.074124),-75.644784,-13.074124,-75.644784,-13.074124
121.0,09,HUANCAVELICA,0904,CASTROVIRREYNA,090413,TICRAPO,0904130001,TICRAPO,0904130001,HUANCAVELICA,CASTROVIRREYNA,TICRAPO,TICRAPO,[REGIONAL] - [HUANCAVELICA],OPERATIVO,1.0,CPNP TICRAPO,HUANCAVELICACASTROVIRREYNATICRAPO,"Ministerio de Transportes y Comunicaciones (MTC). Programa Nacional de Telecomunicaciones (PRONATEL), febrero de 2022",090413,-75.432585,-13.382605,Point,-75.432585,-13.382605,True,True,POINT (-75.432585 -13.382605),-75.432585,-13.382605,-75.432585,-13.382605
122.0,09,HUANCAVELICA,0901,HUANCAVELICA,090117,YAULI,0901170001,YAULI,0901170001,HUANCAVELICA,HUANCAVELICA,YAULI,YAULI,[REGIONAL] - [HUANCAVELICA],OPERATIVO,1.0,CPNP YAULI,HUANCAVELICAHUANCAVELICAYAULI,"Ministerio de Transportes y Comunicaciones (MTC). Programa Nacional de Telecomunicaciones (PRONATEL), febrero de 2022",090117,-74.850821,-12.769126,Point,-74.850821,-12.769126,True,True,POINT (-74.850821 -12.769126),-74.850821,-12.769126,-74.850821,-12.769126
123.0,14,LAMBAYEQUE,1402,FERREÑAFE,140205,PITIPO,1402050027,BATAN GRANDE,1402050027,LAMBAYEQUE,FERREÑAFE,PITIPO,BATAN GRANDE,[REGIONAL] - [LAMBAYEQUE],OPERATIVO,1.0,BATAN GRANDE,LAMBAYEQUEFERREÑAFEPITIPO,"Ministerio de Transportes y Comunicaciones (MTC). Programa Nacional de Telecomunicaciones (PRONATEL), febrero de 2022",140205,-79.652722,-6.482943,Point,-79.652722,-6.482943,True,True,POINT (-79.652722 -6.482943),-79.652722,-6.482943,-79.652722,-6.482943
124.0,14,LAMBAYEQUE,1402,FERREÑAFE,140202,CAÑARIS,1402020001,CAÑARIS,1402020001,LAMBAYEQUE,FERREÑAFE,CAÑARIS,CAÑARIS,[REGIONAL] - [LAMBAYEQUE],OPERATIVO,1.0,CPNP CAÑARIS,LAMBAYEQUEFERREÑAFECAÑARIS,"Ministerio de Transportes y Comunicaciones (MTC). Programa Nacional de Telecomunicaciones (PRONATEL), febrero de 2022",140202,-79.2653,-6.046144,Point,-79.2653,-6.046144,True,True,POINT (-79.2653 -6.046144),-79.2653,-6.046144,-79.2653,-6.046144
125.0,14,LAMBAYEQUE,1403,LAMBAYEQUE,140306,MORROPE,1403060025,CRUZ DEL MEDANO,1403060025,LAMBAYEQUE,LAMBAYEQUE,MORROPE,CRUZ DEL MEDANO,[REGIONAL] - [LAMBAYEQUE],OPERATIVO,1.0,CPNP CRUZ DEL MEDANO,LAMBAYEQUELAMBAYEQUEMORROPE,"Ministerio de Transportes y Comunicaciones (MTC). Programa Nacional de Telecomunicaciones (PRONATEL), febrero de 2022",140306,-79.959087,-6.513396,Point,-79.959087,-6.513396,True,True,POINT (-79.959087 -6.513396),-79.959087,-6.513396,-79.959087,-6.513396
126.0,14,LAMBAYEQUE,1403,LAMBAYEQUE,140303,ILLIMO,1403030001,ILLIMO,1403030001,LAMBAYEQUE,LAMBAYEQUE,ILLIMO,ILLIMO,[REGIONAL] - [LAMBAYEQUE],OPERATIVO,1.0,COMISARIA ILLIMO,LAMBAYEQUELAMBAYEQUEILLIMO,"Ministerio de Transportes y Comunicaciones (MTC). Programa Nacional de Telecomunicaciones (PRONATEL), febrero de 2022",140303,-79.854745,-6.474015,Point,-79.854745,-6.474015,True,True,POINT (-79.854745 -6.474015),-79.854745,-6.474015,-79.854745,-6.474015
127.0,14,LAMBAYEQUE,1402,FERREÑAFE,140203,INCAHUASI,1402030001,INCAHUASI,1402030001,LAMBAYEQUE,FERREÑAFE,INCAHUASI,INCAHUASI,[REGIONAL] - [LAMBAYEQUE],OPERATIVO,1.0,CPNP INCAHUASI,LAMBAYEQUEFERREÑAFEINCAHUASI,"Ministerio de Transportes y Comunicaciones (MTC). Programa Nacional de Telecomunicaciones (PRONATEL), febrero de 2022",140203,-79.316986,-6.235413,Point,-79.316986,-6.235413,True,True,POINT (-79.316986 -6.235413),-79.316986,-6.235413,-79.316986,-6.235413
128.0,14,LAMBAYEQUE,1401,CHICLAYO,140107,LAGUNAS,1401070001,MOCUPE,1401070001,LAMBAYEQUE,CHICLAYO,LAGUNAS,MOCUPE,[REGIONAL] - [LAMBAYEQUE],OPERATIVO,1.0,COMISARIA MOCUPE,LAMBAYEQUECHICLAYOLAGUNAS,"Ministerio de Transportes y Comunicaciones (MTC). Programa Nacional de Telecomunicaciones (PRONATEL), febrero de 2022",140107,-79.622672,-6.99107,Point,-79.622672,-6.99107,True,True,POINT (-79.622672 -6.99107),-79.622672,-6.99107,-79.622672,-6.99107
129.0,14,LAMBAYEQUE,1403,LAMBAYEQUE,140306,MORROPE,1403060001,MORROPE,1403060001,LAMBAYEQUE,LAMBAYEQUE,MORROPE,MORROPE,[REGIONAL] - [LAMBAYEQUE],OPERATIVO,1.0,CPNP MORROPE,LAMBAYEQUELAMBAYEQUEMORROPE,"Ministerio de Transportes y Comunicaciones (MTC). Programa Nacional de Telecomunicaciones (PRONATEL), febrero de 2022",140306,-80.015643,-6.540254,Point,-80.015643,-6.540254,True,True,POINT (-80.015643 -6.540254),-80.015643,-6.540254,-80.015643,-6.540254
130.0,14,LAMBAYEQUE,1403,LAMBAYEQUE,140306,MORROPE,1403060001,MORROPE,1403060001,LAMBAYEQUE,LAMBAYEQUE,MORROPE,MORROPE,[REGIONAL] - [LAMBAYEQUE],OPERATIVO,1.0,CPNP PROT. CARRETERAS MORROPE,LAMBAYEQUELAMBAYEQUEMORROPE,"Ministerio de Transportes y Comunicaciones (MTC). Programa Nacional de Telecomunicaciones (PRONATEL), febrero de 2022",140306,-80.015643,-6.540254,Point,-80.015643,-6.540254,True,True,POINT (-80.015643 -6.540254),-80.015643,-6.540254,-80.015643,-6.540254
131.0,14,LAMBAYEQUE,1401,CHICLAYO,140109,NUEVA ARICA,1401090001,NUEVA ARICA,1401090001,LAMBAYEQUE,CHICLAYO,NUEVA ARICA,NUEVA ARICA,[REGIONAL] - [LAMBAYEQUE],OPERATIVO,1.0,CPNP NUEVA ARICA,LAMBAYEQUECHICLAYONUEVA ARICA,"Ministerio de Transportes y Comunicaciones (MTC). Programa Nacional de Telecomunicaciones (PRONATEL), febrero de 2022",140109,-79.343589,-6.874189,Point,-79.343589,-6.874189,True,True,POINT (-79.343589 -6.874189),-79.343589,-6.874189,-79.343589,-6.874189
132.0,14,LAMBAYEQUE,1401,CHICLAYO,140110,OYOTUN,1401100001,OYOTUN,1401100001,LAMBAYEQUE,CHICLAYO,OYOTUN,OYOTUN,[REGIONAL] - [LAMBAYEQUE],OPERATIVO,1.0,CPNP OYOTUN,LAMBAYEQUECHICLAYOOYOTUN,"Ministerio de Transportes y Comunicaciones (MTC). Programa Nacional de Telecomunicaciones (PRONATEL), febrero de 2022",140110,-79.306302,-6.85434,Point,-79.306302,-6.85434,True,True,POINT (-79.306302 -6.85434),-79.306302,-6.85434,-79.306302,-6.85434
133.0,14,LAMBAYEQUE,1403,LAMBAYEQUE,140309,PACORA,1403090001,PACORA,1403090001,LAMBAYEQUE,LAMBAYEQUE,PACORA,PACORA,[REGIONAL] - [LAMBAYEQUE],OPERATIVO,1.0,CPNP PACORA,LAMBAYEQUELAMBAYEQUEPACORA,"Ministerio de Transportes y Comunicaciones (MTC). Programa Nacional de Telecomunicaciones (PRONATEL), febrero de 2022",140309,-79.838773,-6.42857,Point,-79.838773,-6.42857,True,True,POINT (-79.838773 -6.42857),-79.838773,-6.42857,-79.838773,-6.42857
134.0,14,LAMBAYEQUE,1403,LAMBAYEQUE,140310,SALAS,1403100027,PENACHI,1403100027,LAMBAYEQUE,LAMBAYEQUE,SALAS,PENACHI,[REGIONAL] - [LAMBAYEQUE],OPERATIVO,1.0,CPNP PENACHI,LAMBAYEQUELAMBAYEQUESALAS,"Ministerio de Transportes y Comunicaciones (MTC). Programa Nacional de Telecomunicaciones (PRONATEL), febrero de 2022",140310,-79.474061,-6.167917,Point,-79.474061,-6.167917,True,True,POINT (-79.474061 -6.167917),-79.474061,-6.167917,-79.474061,-6.167917
135.0,14,LAMBAYEQUE,1401,CHICLAYO,140119,PUCALA,1401190001,PUCALA,1401190001,LAMBAYEQUE,CHICLAYO,PUCALA,PUCALA,[REGIONAL] - [LAMBAYEQUE],OPERATIVO,1.0,PNP COMISERIA PUCALA,LAMBAYEQUECHICLAYOPUCALA,"Ministerio de Transportes y Comunicaciones (MTC). Programa Nacional de Telecomunicaciones (PRONATEL), febrero de 2022",140119,-79.612126,-6.781856,Point,-79.612126,-6.781856,True,True,POINT (-79.612126 -6.781856),-79.612126,-6.781856,-79.612126,-6.781856
136.0,14,LAMBAYEQUE,1403,LAMBAYEQUE,140310,SALAS,1403100001,SALAS,1403100001,LAMBAYEQUE,LAMBAYEQUE,SALAS,SALAS,[REGIONAL] - [LAMBAYEQUE],OPERATIVO,1.0,CPNP SALAS,LAMBAYEQUELAMBAYEQUESALAS,"Ministerio de Transportes y Comunicaciones (MTC). Programa Nacional de Telecomunicaciones (PRONATEL), febrero de 2022",140310,-79.607147,-6.274634,Point,-79.607147,-6.274634,True,True,POINT (-79.607147 -6.274634),-79.607147,-6.274634,-79.607147,-6.274634
137.0,14,LAMBAYEQUE,1401,CHICLAYO,140115,SAÑA,1401150002,SALTUR,1401150002,LAMBAYEQUE,CHICLAYO,SAÑA,SALTUR,[REGIONAL] - [LAMBAYEQUE],OPERATIVO,1.0,COMISARIA SALTUR,LAMBAYEQUECHICLAYOSAÑA,"Ministerio de Transportes y Comunicaciones (MTC). Programa Nacional de Telecomunicaciones (PRONATEL), febrero de 2022",140115,-79.638629,-6.811927,Point,-79.638629,-6.811927,True,True,POINT (-79.638629 -6.811927),-79.638629,-6.811927,-79.638629,-6.811927
138.0,14,LAMBAYEQUE,1403,LAMBAYEQUE,140311,SAN JOSE,1403110001,SAN JOSE,1403110001,LAMBAYEQUE,LAMBAYEQUE,SAN JOSE,SAN JOSE,[REGIONAL] - [LAMBAYEQUE],OPERATIVO,1.0,CPNP SAN JOSE,LAMBAYEQUELAMBAYEQUESAN JOSE,"Ministerio de Transportes y Comunicaciones (MTC). Programa Nacional de Telecomunicaciones (PRONATEL), febrero de 2022",140311,-79.968047,-6.769369,Point,-79.968047,-6.769369,True,True,POINT (-79.968047 -6.769369),-79.968047,-6.769369,-79.968047,-6.769369
139.0,14,LAMBAYEQUE,1401,CHICLAYO,140115,SAÑA,1401150001,SAÑA,1401150001,LAMBAYEQUE,CHICLAYO,SAÑA,SAÑA,[REGIONAL] - [LAMBAYEQUE],OPERATIVO,1.0,SAÑA,LAMBAYEQUECHICLAYOSAÑA,"Ministerio de Transportes y Comunicaciones (MTC). Programa Nacional de Telecomunicaciones (PRONATEL), febrero de 2022",140115,-79.583239,-6.918033,Point,-79.583239,-6.918033,True,True,POINT (-79.583239 -6.918033),-79.583239,-6.918033,-79.583239,-6.918033
140.0,14,LAMBAYEQUE,1402,FERREÑAFE,140203,INCAHUASI,1402030114,UYURPAMPA,1402030114,LAMBAYEQUE,FERREÑAFE,INCAHUASI,UYURPAMPA,[REGIONAL] - [LAMBAYEQUE],OPERATIVO,1.0,COMISARIA PNP UYURPAMPA,LAMBAYEQUEFERREÑAFEINCAHUASI,"Ministerio de Transportes y Comunicaciones (MTC). Programa Nacional de Telecomunicaciones (PRONATEL), febrero de 2022",140203,-79.364597,-6.220404,Point,-79.364597,-6.220404,True,True,POINT (-79.364597 -6.220404),-79.364597,-6.220404,-79.364597,-6.220404
141.0,01,AMAZONAS,0102,BAGUA,010202,ARAMANGO,0102020001,ARAMANGO,0102020001,AMAZONAS,BAGUA,ARAMANGO,ARAMANGO,[REGIONAL][AMAZONAS],NO OPERATIVO,2.0,CPNP RURAL ARAMANGO,AMAZONASBAGUAARAMANGO,"Ministerio de Transportes y Comunicaciones (MTC). Programa Nacional de Telecomunicaciones (PRONATEL), febrero de 2022",010202,-78.437784,-5.416407,Point,-78.437784,-5.416407,True,True,POINT (-78.437784 -5.416407),-78.437784,-5.416407,-78.437784,-5.416407
142.0,01,AMAZONAS,0102,BAGUA,010202,ARAMANGO,0102020033,EL MUYO (C.P.L.),0102020033,AMAZONAS,BAGUA,ARAMANGO,EL MUYO (C.P.L.),[REGIONAL][AMAZONAS],NO OPERATIVO,2.0,CPNP RURAL EL MUYO,AMAZONASBAGUAARAMANGO,"Ministerio de Transportes y Comunicaciones (MTC). Programa Nacional de Telecomunicaciones (PRONATEL), febrero de 2022",010202,-78.45299,-5.422545,Point,-78.45299,-5.422545,True,True,POINT (-78.45299 -5.422545),-78.45299,-5.422545,-78.45299,-5.422545
143.0,01,AMAZONAS,0102,BAGUA,010203,COPALLIN,0102030001,COPALLIN,0102030001,AMAZONAS,BAGUA,COPALLIN,COPALLIN,[REGIONAL][AMAZONAS],NO OPERATIVO,2.0,CPNP RURAL COPALLIN,AMAZONASBAGUACOPALLIN,"Ministerio de Transportes y Comunicaciones (MTC). Programa Nacional de Telecomunicaciones (PRONATEL), febrero de 2022",010203,-78.423097,-5.675129,Point,-78.423097,-5.675129,True,True,POINT (-78.423097 -5.675129),-78.423097,-5.675129,-78.423097,-5.675129
144.0,01,AMAZONAS,0102,BAGUA,010205,IMAZA,0102050001,CHIRIACO,0102050001,AMAZONAS,BAGUA,IMAZA,CHIRIACO,[REGIONAL][AMAZONAS],NO OPERATIVO,2.0,CPNP RURAL CHIRIACO,AMAZONASBAGUAIMAZA,"Ministerio de Transportes y Comunicaciones (MTC). Programa Nacional de Telecomunicaciones (PRONATEL), febrero de 2022",010205,-78.288897,-5.163699,Point,-78.288897,-5.163699,True,True,POINT (-78.288897 -5.163699),-78.288897,-5.163699,-78.288897,-5.163699
145.0,01,AMAZONAS,0102,BAGUA,010206,LA PECA,0102060001,LA PECA,0102060001,AMAZONAS,BAGUA,LA PECA,LA PECA,[REGIONAL][AMAZONAS],NO OPERATIVO,2.0,CPNP RURAL LA PECA,AMAZONASBAGUALA PECA,"Ministerio de Transportes y Comunicaciones (MTC). Programa Nacional de Telecomunicaciones (PRONATEL), febrero de 2022",010206,-78.436949,-5.611815,Point,-78.436949,-5.611815,True,True,POINT (-78.436949 -5.611815),-78.436949,-5.611815,-78.436949,-5.611815
146.0,01,AMAZONAS,0103,BONGARA,010303,CHURUJA,0103030001,CHURUJA,0103030001,AMAZONAS,BONGARA,CHURUJA,CHURUJA,[REGIONAL][AMAZONAS],NO OPERATIVO,2.0,CPNP RURAL CHURUJA,AMAZONASBONGARACHURUJA,"Ministerio de Transportes y Comunicaciones (MTC). Programa Nacional de Telecomunicaciones (PRONATEL), febrero de 2022",010303,-77.952067,-6.019369,Point,-77.952067,-6.019369,True,True,POINT (-77.952067 -6.019369),-77.952067,-6.019369,-77.952067,-6.019369
147.0,01,AMAZONAS,0103,BONGARA,010306,FLORIDA,0103060001,FLORIDA (POMACOCHAS),0103060001,AMAZONAS,BONGARA,FLORIDA,FLORIDA (POMACOCHAS),[REGIONAL][AMAZONAS],NO OPERATIVO,2.0,CPNP RURAL POMACOCHAS,AMAZONASBONGARAFLORIDA,"Ministerio de Transportes y Comunicaciones (MTC). Programa Nacional de Telecomunicaciones (PRONATEL), febrero de 2022",010306,-77.96953,-5.826143,Point,-77.96953,-5.826143,True,True,POINT (-77.96953 -5.826143),-77.96953,-5.826143,-77.96953,-5.826143
148.0,01,AMAZONAS,0103,BONGARA,010306,FLORIDA,0103060001,FLORIDA (POMACOCHAS),0103060001,AMAZONAS,BONGARA,FLORIDA,FLORIDA (POMACOCHAS),[REGIONAL][AMAZONAS],NO OPERATIVO,2.0,CPNP PROT. DE CARRETERAS POMACOCHAS,AMAZONASBONGARAFLORIDA,"Ministerio de Transportes y Comunicaciones (MTC). Programa Nacional de Telecomunicaciones (PRONATEL), febrero de 2022",010306,-77.96953,-5.826143,Point,-77.96953,-5.826143,True,True,POINT (-77.96953 -5.826143),-77.96953,-5.826143,-77.96953,-5.826143
149.0,01,AMAZONAS,0103,BONGARA,010307,JAZAN,0103070001,PEDRO RUIZ GALLO,0103070001,AMAZONAS,BONGARA,JAZAN,PEDRO RUIZ GALLO,[REGIONAL][AMAZONAS],NO OPERATIVO,2.0,CPNP SECTORIAL BONGORA JAZAN,AMAZONASBONGARAJAZAN,"Ministerio de Transportes y Comunicaciones (MTC). Programa Nacional de Telecomunicaciones (PRONATEL), febrero de 2022",010307,-77.977098,-5.941387,Point,-77.977098,-5.941387,True,True,POINT (-77.977098 -5.941387),-77.977098,-5.941387,-77.977098,-5.941387
150.0,01,AMAZONAS,0103,BONGARA,010307,JAZAN,0103070001,PEDRO RUIZ GALLO,0103070001,AMAZONAS,BONGARA,JAZAN,PEDRO RUIZ GALLO,[REGIONAL][AMAZONAS],NO OPERATIVO,2.0,CPNP PROT. DE CARRETERAS PEDRO RUIZ GALLO,AMAZONASBONGARAJAZAN,"Ministerio de Transportes y Comunicaciones (MTC). Programa Nacional de Telecomunicaciones (PRONATEL), febrero de 2022",010307,-77.977098,-5.941387,Point,-77.977098,-5.941387,True,True,POINT (-77.977098 -5.941387),-77.977098,-5.941387,-77.977098,-5.941387
151.0,01,AMAZONAS,0103,BONGARA,010311,VALERA,0103110001,VALERA (SAN PABLO),0103110001,AMAZONAS,BONGARA,VALERA,VALERA (SAN PABLO),[REGIONAL][AMAZONAS],NO OPERATIVO,2.0,CPNP RURAL SAN PABLO DE VALERA,AMAZONASBONGARAVALERA,"Ministerio de Transportes y Comunicaciones (MTC). Programa Nacional de Telecomunicaciones (PRONATEL), febrero de 2022",010311,-77.919249,-6.042758,Point,-77.919249,-6.042758,True,True,POINT (-77.919249 -6.042758),-77.919249,-6.042758,-77.919249,-6.042758
152.0,01,AMAZONAS,0101,CHACHAPOYAS,010103,BALSAS,0101030009,CHACANTO,0101030009,AMAZONAS,CHACHAPOYAS,BALSAS,CHACANTO,[REGIONAL][AMAZONAS],NO OPERATIVO,2.0,CPNP RURAL BALZAS,AMAZONASCHACHAPOYASBALSAS,"Ministerio de Transportes y Comunicaciones (MTC). Programa Nacional de Telecomunicaciones (PRONATEL), febrero de 2022",010103,-78.029188,-6.844718,Point,-78.029188,-6.844718,True,True,POINT (-78.029188 -6.844718),-78.029188,-6.844718,-78.029188,-6.844718
153.0,01,AMAZONAS,0101,CHACHAPOYAS,010101,CHACHAPOYAS,0101010002,CACLIC,0101010002,AMAZONAS,CHACHAPOYAS,CHACHAPOYAS,CACLIC,[REGIONAL][AMAZONAS],NO OPERATIVO,2.0,CPNP PROT. DE CARRETERAS CHACHAPOYAS,AMAZONASCHACHAPOYASCHACHAPOYAS,"Ministerio de Transportes y Comunicaciones (MTC). Programa Nacional de Telecomunicaciones (PRONATEL), febrero de 2022",010101,-77.901933,-6.200755,Point,-77.901933,-6.200755,True,True,POINT (-77.901933 -6.200755),-77.901933,-6.200755,-77.901933,-6.200755
154.0,01,AMAZONAS,0101,CHACHAPOYAS,010106,CHUQUIBAMBA,0101060001,CHUQUIBAMBA,0101060001,AMAZONAS,CHACHAPOYAS,CHUQUIBAMBA,CHUQUIBAMBA,[REGIONAL][AMAZONAS],NO OPERATIVO,2.0,CPNP RURAL CHUQUIBAMBA,AMAZONASCHACHAPOYASCHUQUIBAMBA,"Ministerio de Transportes y Comunicaciones (MTC). Programa Nacional de Telecomunicaciones (PRONATEL), febrero de 2022",010106,-77.854214,-6.935124,Point,-77.854214,-6.935124,True,True,POINT (-77.854214 -6.935124),-77.854214,-6.935124,-77.854214,-6.935124
155.0,01,AMAZONAS,0101,CHACHAPOYAS,010107,GRANADA,0101070001,GRANADA,0101070001,AMAZONAS,CHACHAPOYAS,GRANADA,GRANADA,[REGIONAL][AMAZONAS],NO OPERATIVO,2.0,CPNP RURAL GRANADA,AMAZONASCHACHAPOYASGRANADA,"Ministerio de Transportes y Comunicaciones (MTC). Programa Nacional de Telecomunicaciones (PRONATEL), febrero de 2022",010107,-77.628708,-6.106506,Point,-77.628708,-6.106506,True,True,POINT (-77.628708 -6.106506),-77.628708,-6.106506,-77.628708,-6.106506
156.0,01,AMAZONAS,0101,CHACHAPOYAS,010109,LA JALCA,0101090001,LA JALCA,0101090001,AMAZONAS,CHACHAPOYAS,LA JALCA,LA JALCA,[REGIONAL][AMAZONAS],NO OPERATIVO,2.0,CPNP RURAL JALCA GRANDE,AMAZONASCHACHAPOYASLA JALCA,"Ministerio de Transportes y Comunicaciones (MTC). Programa Nacional de Telecomunicaciones (PRONATEL), febrero de 2022",010109,-77.81498,-6.484611,Point,-77.81498,-6.484611,True,True,POINT (-77.81498 -6.484611),-77.81498,-6.484611,-77.81498,-6.484611
157.0,01,AMAZONAS,0101,CHACHAPOYAS,010110,LEIMEBAMBA,0101100001,LEIMEBAMBA,0101100001,AMAZONAS,CHACHAPOYAS,LEIMEBAMBA,LEIMEBAMBA,[REGIONAL][AMAZONAS],NO OPERATIVO,2.0,CPNP RURAL LEYMEBAMBA,AMAZONASCHACHAPOYASLEIMEBAMBA,"Ministerio de Transportes y Comunicaciones (MTC). Programa Nacional de Telecomunicaciones (PRONATEL), febrero de 2022",010110,-77.803869,-6.707573,Point,-77.803869,-6.707573,True,True,POINT (-77.803869 -6.707573),-77.803869,-6.707573,-77.803869,-6.707573
158.0,01,AMAZONAS,0101,CHACHAPOYAS,010113,MARISCAL CASTILLA,0101130001,DURAZNOPAMPA,0101130001,AMAZONAS,CHACHAPOYAS,MARISCAL CASTILLA,DURAZNOPAMPA,[REGIONAL][AMAZONAS],NO OPERATIVO,2.0,CPNP RURAL DURAZNOPAMPA,AMAZONASCHACHAPOYASMARISCAL CASTILLA,"Ministerio de Transportes y Comunicaciones (MTC). Programa Nacional de Telecomunicaciones (PRONATEL), febrero de 2022",010113,-77.808689,-6.594523,Point,-77.808689,-6.594523,True,True,POINT (-77.808689 -6.594523),-77.808689,-6.594523,-77.808689,-6.594523
159.0,01,AMAZONAS,0101,CHACHAPOYAS,010114,MOLINOPAMPA,0101140001,MOLINOPAMPA,0101140001,AMAZONAS,CHACHAPOYAS,MOLINOPAMPA,MOLINOPAMPA,[REGIONAL][AMAZONAS],NO OPERATIVO,2.0,CPNP RURAL MOLINOPAMPA,AMAZONASCHACHAPOYASMOLINOPAMPA,"Ministerio de Transportes y Comunicaciones (MTC). Programa Nacional de Telecomunicaciones (PRONATEL), febrero de 2022",010114,-77.66909,-6.209216,Point,-77.66909,-6.209216,True,True,POINT (-77.66909 -6.209216),-77.66909,-6.209216,-77.66909,-6.209216
160.0,01,AMAZONAS,0101,CHACHAPOYAS,010117,QUINJALCA,0101170001,QUINJALCA,0101170001,AMAZONAS,CHACHAPOYAS,QUINJALCA,QUINJALCA,[REGIONAL][AMAZONAS],NO OPERATIVO,2.0,CPNP RURAL QUINJALCA,AMAZONASCHACHAPOYASQUINJALCA,"Ministerio de Transportes y Comunicaciones (MTC). Programa Nacional de Telecomunicaciones (PRONATEL), febrero de 2022",010117,-77.67853,-6.091437,Point,-77.67853,-6.091437,True,True,POINT (-77.67853 -6.091437),-77.67853,-6.091437,-77.67853,-6.091437
161.0,01,AMAZONAS,0101,CHACHAPOYAS,010118,SAN FRANCISCO DE DAGUAS,0101180002,PIPUS,0101180002,AMAZONAS,CHACHAPOYAS,SAN FRANCISCO DE DAGUAS,PIPUS,[REGIONAL][AMAZONAS],NO OPERATIVO,2.0,CPNP RURAL SAN FCO DE DAGUAS PIPUS,AMAZONASCHACHAPOYASSAN FRANCISCO DE DAGUAS,"Ministerio de Transportes y Comunicaciones (MTC). Programa Nacional de Telecomunicaciones (PRONATEL), febrero de 2022",010118,-77.731139,-6.225132,Point,-77.731139,-6.225132,True,True,POINT (-77.731139 -6.225132),-77.731139,-6.225132,-77.731139,-6.225132
162.0,01,AMAZONAS,0104,CONDORCANQUI,010401,NIEVA,0104010001,SANTA MARIA DE NIEVA,0104010001,AMAZONAS,CONDORCANQUI,NIEVA,SANTA MARIA DE NIEVA,[REGIONAL][AMAZONAS],NO OPERATIVO,2.0,CPNP SECTORIAL CONDORCANQUI SANTA MARIA DE NIEVA,AMAZONASCONDORCANQUINIEVA,"Ministerio de Transportes y Comunicaciones (MTC). Programa Nacional de Telecomunicaciones (PRONATEL), febrero de 2022",010401,-77.864505,-4.592158,Point,-77.864505,-4.592158,True,True,POINT (-77.864505 -4.592158),-77.864505,-4.592158,-77.864505,-4.592158
163.0,01,AMAZONAS,0105,LUYA,010502,CAMPORREDONDO,0105020001,CAMPORREDONDO,0105020001,AMAZONAS,LUYA,CAMPORREDONDO,CAMPORREDONDO,[REGIONAL][AMAZONAS],NO OPERATIVO,2.0,CPNP RURAL CAMPO REDONDO,AMAZONASLUYACAMPORREDONDO,"Ministerio de Transportes y Comunicaciones (MTC). Programa Nacional de Telecomunicaciones (PRONATEL), febrero de 2022",010502,-78.319973,-6.2134,Point,-78.319973,-6.2134,True,True,POINT (-78.319973 -6.2134),-78.319973,-6.2134,-78.319973,-6.2134
164.0,01,AMAZONAS,0105,LUYA,010503,COCABAMBA,0105030001,COCABAMBA,0105030001,AMAZONAS,LUYA,COCABAMBA,COCABAMBA,[REGIONAL][AMAZONAS],NO OPERATIVO,2.0,CPNP RURAL COCABAMBA,AMAZONASLUYACOCABAMBA,"Ministerio de Transportes y Comunicaciones (MTC). Programa Nacional de Telecomunicaciones (PRONATEL), febrero de 2022",010503,-78.005095,-6.614161,Point,-78.005095,-6.614161,True,True,POINT (-78.005095 -6.614161),-78.005095,-6.614161,-78.005095,-6.614161
165.0,01,AMAZONAS,0105,LUYA,010504,COLCAMAR,0105040001,COLCAMAR,0105040001,AMAZONAS,LUYA,COLCAMAR,COLCAMAR,[REGIONAL][AMAZONAS],NO OPERATIVO,2.0,CPNP RURAL COLCAMAR,AMAZONASLUYACOLCAMAR,"Ministerio de Transportes y Comunicaciones (MTC). Programa Nacional de Telecomunicaciones (PRONATEL), febrero de 2022",010504,-77.973123,-6.299348,Point,-77.973123,-6.299348,True,True,POINT (-77.973123 -6.299348),-77.973123,-6.299348,-77.973123,-6.299348
166.0,01,AMAZONAS,0105,LUYA,010505,CONILA,0105050001,COHECHAN,0105050001,AMAZONAS,LUYA,CONILA,COHECHAN,[REGIONAL][AMAZONAS],NO OPERATIVO,2.0,CPNP RURAL COHECHAN,AMAZONASLUYACONILA,"Ministerio de Transportes y Comunicaciones (MTC). Programa Nacional de Telecomunicaciones (PRONATEL), febrero de 2022",010505,-78.083531,-6.17402,Point,-78.083531,-6.17402,True,True,POINT (-78.083531 -6.17402),-78.083531,-6.17402,-78.083531,-6.17402
167.0,01,AMAZONAS,0105,LUYA,010506,INGUILPATA,0105060001,INGUILPATA,0105060001,AMAZONAS,LUYA,INGUILPATA,INGUILPATA,[REGIONAL][AMAZONAS],NO OPERATIVO,2.0,CPNP RURAL INGUILPATA,AMAZONASLUYAINGUILPATA,"Ministerio de Transportes y Comunicaciones (MTC). Programa Nacional de Telecomunicaciones (PRONATEL), febrero de 2022",010506,-77.954012,-6.239446,Point,-77.954012,-6.239446,True,True,POINT (-77.954012 -6.239446),-77.954012,-6.239446,-77.954012,-6.239446
168.0,01,AMAZONAS,0105,LUYA,010512,OCALLI,0105120001,OCALLI,0105120001,AMAZONAS,LUYA,OCALLI,OCALLI,[REGIONAL][AMAZONAS],NO OPERATIVO,2.0,CPNP RURAL OCALLI,AMAZONASLUYAOCALLI,"Ministerio de Transportes y Comunicaciones (MTC). Programa Nacional de Telecomunicaciones (PRONATEL), febrero de 2022",010512,-78.266386,-6.235261,Point,-78.266386,-6.235261,True,True,POINT (-78.266386 -6.235261),-78.266386,-6.235261,-78.266386,-6.235261
169.0,01,AMAZONAS,0105,LUYA,010513,OCUMAL,0105130001,COLLONCE,0105130001,AMAZONAS,LUYA,OCUMAL,COLLONCE,[REGIONAL][AMAZONAS],NO OPERATIVO,2.0,CPNP RURAL COLLONCE,AMAZONASLUYAOCUMAL,"Ministerio de Transportes y Comunicaciones (MTC). Programa Nacional de Telecomunicaciones (PRONATEL), febrero de 2022",010513,-78.21087,-6.282451,Point,-78.21087,-6.282451,True,True,POINT (-78.21087 -6.282451),-78.21087,-6.282451,-78.21087,-6.282451
170.0,01,AMAZONAS,0105,LUYA,010521,SANTO TOMAS,0105210001,SANTO TOMAS,0105210001,AMAZONAS,LUYA,SANTO TOMAS,SANTO TOMAS,[REGIONAL][AMAZONAS],NO OPERATIVO,2.0,CPNP RURAL SANTO TOMAS,AMAZONASLUYASANTO TOMAS,"Ministerio de Transportes y Comunicaciones (MTC). Programa Nacional de Telecomunicaciones (PRONATEL), febrero de 2022",010521,-77.865723,-6.572391,Point,-77.865723,-6.572391,True,True,POINT (-77.865723 -6.572391),-77.865723,-6.572391,-77.865723,-6.572391
171.0,01,AMAZONAS,0105,LUYA,010522,TINGO,0105220001,TINGO,0105220001,AMAZONAS,LUYA,TINGO,TINGO,[REGIONAL][AMAZONAS],NO OPERATIVO,2.0,CPNP RURAL TINGO,AMAZONASLUYATINGO,"Ministerio de Transportes y Comunicaciones (MTC). Programa Nacional de Telecomunicaciones (PRONATEL), febrero de 2022",010522,-77.90577,-6.379795,Point,-77.90577,-6.379795,True,True,POINT (-77.90577 -6.379795),-77.90577,-6.379795,-77.90577,-6.379795
172.0,01,AMAZONAS,0106,RODRIGUEZ DE MENDOZA,010604,HUAMBO,0106040001,HUAMBO,0106040001,AMAZONAS,RODRIGUEZ DE MENDOZA,HUAMBO,HUAMBO,[REGIONAL][AMAZONAS],NO OPERATIVO,2.0,CPNP RURAL HUAMBO,AMAZONASRODRIGUEZ DE MENDOZAHUAMBO,"Ministerio de Transportes y Comunicaciones (MTC). Programa Nacional de Telecomunicaciones (PRONATEL), febrero de 2022",010604,-77.536572,-6.431118,Point,-77.536572,-6.431118,True,True,POINT (-77.536572 -6.431118),-77.536572,-6.431118,-77.536572,-6.431118
173.0,01,AMAZONAS,0106,RODRIGUEZ DE MENDOZA,010605,LIMABAMBA,0106050001,LIMABAMBA,0106050001,AMAZONAS,RODRIGUEZ DE MENDOZA,LIMABAMBA,LIMABAMBA,[REGIONAL][AMAZONAS],NO OPERATIVO,2.0,CPNP RURAL LIMABAMBA,AMAZONASRODRIGUEZ DE MENDOZALIMABAMBA,"Ministerio de Transportes y Comunicaciones (MTC). Programa Nacional de Telecomunicaciones (PRONATEL), febrero de 2022",010605,-77.498871,-6.497949,Point,-77.498871,-6.497949,True,True,POINT (-77.498871 -6.497949),-77.498871,-6.497949,-77.498871,-6.497949
174.0,01,AMAZONAS,0106,RODRIGUEZ DE MENDOZA,010606,LONGAR,0106060001,LONGAR,0106060001,AMAZONAS,RODRIGUEZ DE MENDOZA,LONGAR,LONGAR,[REGIONAL][AMAZONAS],NO OPERATIVO,2.0,CPNP RURAL LONGAR,AMAZONASRODRIGUEZ DE MENDOZALONGAR,"Ministerio de Transportes y Comunicaciones (MTC). Programa Nacional de Telecomunicaciones (PRONATEL), febrero de 2022",010606,-77.546635,-6.385949,Point,-77.546635,-6.385949,True,True,POINT (-77.546635 -6.385949),-77.546635,-6.385949,-77.546635,-6.385949
175.0,01,AMAZONAS,0106,RODRIGUEZ DE MENDOZA,010609,OMIA,0106090001,OMIA,0106090001,AMAZONAS,RODRIGUEZ DE MENDOZA,OMIA,OMIA,[REGIONAL][AMAZONAS],NO OPERATIVO,2.0,CPNP RURAL OMIA,AMAZONASRODRIGUEZ DE MENDOZAOMIA,"Ministerio de Transportes y Comunicaciones (MTC). Programa Nacional de Telecomunicaciones (PRONATEL), febrero de 2022",010609,-77.395623,-6.467849,Point,-77.395623,-6.467849,True,True,POINT (-77.395623 -6.467849),-77.395623,-6.467849,-77.395623,-6.467849
176.0,01,AMAZONAS,0106,RODRIGUEZ DE MENDOZA,010610,SANTA ROSA,0106100001,SANTA ROSA DE HUAYABAMBA,0106100001,AMAZONAS,RODRIGUEZ DE MENDOZA,SANTA ROSA,SANTA ROSA DE HUAYABAMBA,[REGIONAL][AMAZONAS],NO OPERATIVO,2.0,CPNP RURAL SANTA ROSA,AMAZONASRODRIGUEZ DE MENDOZASANTA ROSA,"Ministerio de Transportes y Comunicaciones (MTC). Programa Nacional de Telecomunicaciones (PRONATEL), febrero de 2022",010610,-77.455179,-6.453479,Point,-77.455179,-6.453479,True,True,POINT (-77.455179 -6.453479),-77.455179,-6.453479,-77.455179,-6.453479
177.0,01,AMAZONAS,0107,UTCUBAMBA,010702,CAJARURO,0107020001,CAJARURO,0107020001,AMAZONAS,UTCUBAMBA,CAJARURO,CAJARURO,[REGIONAL][AMAZONAS],NO OPERATIVO,2.0,CPNP RURAL CAJARURO,AMAZONASUTCUBAMBACAJARURO,"Ministerio de Transportes y Comunicaciones (MTC). Programa Nacional de Telecomunicaciones (PRONATEL), febrero de 2022",010702,-78.426563,-5.73636,Point,-78.426563,-5.73636,True,True,POINT (-78.426563 -5.73636),-78.426563,-5.73636,-78.426563,-5.73636
178.0,01,AMAZONAS,0107,UTCUBAMBA,010703,CUMBA,0107030001,CUMBA,0107030001,AMAZONAS,UTCUBAMBA,CUMBA,CUMBA,[REGIONAL][AMAZONAS],NO OPERATIVO,2.0,CPNP RURAL CUMBA,AMAZONASUTCUBAMBACUMBA,"Ministerio de Transportes y Comunicaciones (MTC). Programa Nacional de Telecomunicaciones (PRONATEL), febrero de 2022",010703,-78.663625,-5.935589,Point,-78.663625,-5.935589,True,True,POINT (-78.663625 -5.935589),-78.663625,-5.935589,-78.663625,-5.935589
179.0,01,AMAZONAS,0107,UTCUBAMBA,010704,EL MILAGRO,0107040001,EL MILAGRO,0107040001,AMAZONAS,UTCUBAMBA,EL MILAGRO,EL MILAGRO,[REGIONAL][AMAZONAS],NO OPERATIVO,2.0,CPNP RURAL EL MILAGRO,AMAZONASUTCUBAMBAEL MILAGRO,"Ministerio de Transportes y Comunicaciones (MTC). Programa Nacional de Telecomunicaciones (PRONATEL), febrero de 2022",010704,-78.558337,-5.637664,Point,-78.558337,-5.637664,True,True,POINT (-78.558337 -5.637664),-78.558337,-5.637664,-78.558337,-5.637664
180.0,01,AMAZONAS,0107,UTCUBAMBA,010705,JAMALCA,0107050001,JAMALCA,0107050001,AMAZONAS,UTCUBAMBA,JAMALCA,JAMALCA,[REGIONAL][AMAZONAS],NO OPERATIVO,2.0,CPNP RURAL JAMALCA,AMAZONASUTCUBAMBAJAMALCA,"Ministerio de Transportes y Comunicaciones (MTC). Programa Nacional de Telecomunicaciones (PRONATEL), febrero de 2022",010705,-78.237685,-5.894163,Point,-78.237685,-5.894163,True,True,POINT (-78.237685 -5.894163),-78.237685,-5.894163,-78.237685,-5.894163
181.0,01,AMAZONAS,0107,UTCUBAMBA,010705,JAMALCA,0107050003,PUERTO NARANJITOS,0107050003,AMAZONAS,UTCUBAMBA,JAMALCA,PUERTO NARANJITOS,[REGIONAL][AMAZONAS],NO OPERATIVO,2.0,CPNP RURAL NARANJITOS,AMAZONASUTCUBAMBAJAMALCA,"Ministerio de Transportes y Comunicaciones (MTC). Programa Nacional de Telecomunicaciones (PRONATEL), febrero de 2022",010705,-78.275662,-5.82154,Point,-78.275662,-5.82154,True,True,POINT (-78.275662 -5.82154),-78.275662,-5.82154,-78.275662,-5.82154
182.0,01,AMAZONAS,0107,UTCUBAMBA,010706,LONYA GRANDE,0107060001,LONYA GRANDE,0107060001,AMAZONAS,UTCUBAMBA,LONYA GRANDE,LONYA GRANDE,[REGIONAL][AMAZONAS],NO OPERATIVO,2.0,CPNP RURAL LONYA GRANDE,AMAZONASUTCUBAMBALONYA GRANDE,"Ministerio de Transportes y Comunicaciones (MTC). Programa Nacional de Telecomunicaciones (PRONATEL), febrero de 2022",010706,-78.422516,-6.096373,Point,-78.422516,-6.096373,True,True,POINT (-78.422516 -6.096373),-78.422516,-6.096373,-78.422516,-6.096373
183.0,02,ANCASH,0205,BOLOGNESI,020505,CAJACAY,0205050001,CAJACAY,0205050001,ANCASH,BOLOGNESI,CAJACAY,CAJACAY,[REGIONAL][ANCASH],NO OPERATIVO,2.0,CPNP RURAL CAJACAY,ANCASHBOLOGNESICAJACAY,"Ministerio de Transportes y Comunicaciones (MTC). Programa Nacional de Telecomunicaciones (PRONATEL), febrero de 2022",020505,-77.439654,-10.155261,Point,-77.439654,-10.155261,True,True,POINT (-77.439654 -10.155261),-77.439654,-10.155261,-77.439654,-10.155261
184.0,02,ANCASH,0205,BOLOGNESI,020505,CAJACAY,0205050001,CAJACAY,0205050001,ANCASH,BOLOGNESI,CAJACAY,CAJACAY,[REGIONAL][ANCASH],NO OPERATIVO,2.0,CPNP PROT. DE CARRETERAS CAJACAY,ANCASHBOLOGNESICAJACAY,"Ministerio de Transportes y Comunicaciones (MTC). Programa Nacional de Telecomunicaciones (PRONATEL), febrero de 2022",020505,-77.439654,-10.155261,Point,-77.439654,-10.155261,True,True,POINT (-77.439654 -10.155261),-77.439654,-10.155261,-77.439654,-10.155261
185.0,02,ANCASH,0205,BOLOGNESI,020507,COLQUIOC,0205070001,CHASQUITAMBO,0205070001,ANCASH,BOLOGNESI,COLQUIOC,CHASQUITAMBO,[REGIONAL][ANCASH],NO OPERATIVO,2.0,CPNP RURAL CHASQUITAMBO,ANCASHBOLOGNESICOLQUIOC,"Ministerio de Transportes y Comunicaciones (MTC). Programa Nacional de Telecomunicaciones (PRONATEL), febrero de 2022",020507,-77.615255,-10.312294,Point,-77.615255,-10.312294,True,True,POINT (-77.615255 -10.312294),-77.615255,-10.312294,-77.615255,-10.312294
186.0,02,ANCASH,0205,BOLOGNESI,020507,COLQUIOC,0205070001,CHASQUITAMBO,0205070001,ANCASH,BOLOGNESI,COLQUIOC,CHASQUITAMBO,[REGIONAL][ANCASH],NO OPERATIVO,2.0,CPNP PROT. DE CARRETERAS CHASQUITAMBO,ANCASHBOLOGNESICOLQUIOC,"Ministerio de Transportes y Comunicaciones (MTC). Programa Nacional de Telecomunicaciones (PRONATEL), febrero de 2022",020507,-77.615255,-10.312294,Point,-77.615255,-10.312294,True,True,POINT (-77.615255 -10.312294),-77.615255,-10.312294,-77.615255,-10.312294
187.0,02,ANCASH,0205,BOLOGNESI,020508,HUALLANCA,0205080001,HUALLANCA,0205080001,ANCASH,BOLOGNESI,HUALLANCA,HUALLANCA,[REGIONAL][ANCASH],NO OPERATIVO,2.0,CPNP RURAL HUALLANCA CHURCOS,ANCASHBOLOGNESIHUALLANCA,"Ministerio de Transportes y Comunicaciones (MTC). Programa Nacional de Telecomunicaciones (PRONATEL), febrero de 2022",020508,-76.941805,-9.89946,Point,-76.941805,-9.89946,True,True,POINT (-76.941805 -9.89946),-76.941805,-9.89946,-76.941805,-9.89946
188.0,02,ANCASH,0206,CARHUAZ,020604,ANTA,0206040001,ANTA,0206040001,ANCASH,CARHUAZ,ANTA,ANTA,[REGIONAL][ANCASH],NO OPERATIVO,2.0,CPNP RURAL ANTA,ANCASHCARHUAZANTA,"Ministerio de Transportes y Comunicaciones (MTC). Programa Nacional de Telecomunicaciones (PRONATEL), febrero de 2022",020604,-77.598772,-9.357815,Point,-77.598772,-9.357815,True,True,POINT (-77.598772 -9.357815),-77.598772,-9.357815,-77.598772,-9.357815
189.0,02,ANCASH,0208,CASMA,020804,YAUTAN,0208040001,YAUTAN,0208040001,ANCASH,CASMA,YAUTAN,YAUTAN,[REGIONAL][ANCASH],NO OPERATIVO,2.0,CPNP RURAL YAUTAN,ANCASHCASMAYAUTAN,"Ministerio de Transportes y Comunicaciones (MTC). Programa Nacional de Telecomunicaciones (PRONATEL), febrero de 2022",020804,-77.996492,-9.51135,Point,-77.996492,-9.51135,True,True,POINT (-77.996492 -9.51135),-77.996492,-9.51135,-77.996492,-9.51135
190.0,02,ANCASH,0201,HUARAZ,020110,PARIACOTO,0201100001,PARIACOTO,0201100001,ANCASH,HUARAZ,PARIACOTO,PARIACOTO,[REGIONAL][ANCASH],NO OPERATIVO,2.0,CPNP RURAL PARIACOTO,ANCASHHUARAZPARIACOTO,"Ministerio de Transportes y Comunicaciones (MTC). Programa Nacional de Telecomunicaciones (PRONATEL), febrero de 2022",020110,-77.890498,-9.559474,Point,-77.890498,-9.559474,True,True,POINT (-77.890498 -9.559474),-77.890498,-9.559474,-77.890498,-9.559474
191.0,02,ANCASH,0201,HUARAZ,020111,PIRA,0201110001,PIRA,0201110001,ANCASH,HUARAZ,PIRA,PIRA,[REGIONAL][ANCASH],NO OPERATIVO,2.0,CPNP RURAL PIRA,ANCASHHUARAZPIRA,"Ministerio de Transportes y Comunicaciones (MTC). Programa Nacional de Telecomunicaciones (PRONATEL), febrero de 2022",020111,-77.707133,-9.581045,Point,-77.707133,-9.581045,True,True,POINT (-77.707133 -9.581045),-77.707133,-9.581045,-77.707133,-9.581045
192.0,02,ANCASH,0201,HUARAZ,020112,TARICA,0201120001,TARICA,0201120001,ANCASH,HUARAZ,TARICA,TARICA,[REGIONAL][ANCASH],NO OPERATIVO,2.0,CPNP RURAL TARICA,ANCASHHUARAZTARICA,"Ministerio de Transportes y Comunicaciones (MTC). Programa Nacional de Telecomunicaciones (PRONATEL), febrero de 2022",020112,-77.575046,-9.393583,Point,-77.575046,-9.393583,True,True,POINT (-77.575046 -9.393583),-77.575046,-9.393583,-77.575046,-9.393583
193.0,02,ANCASH,0201,HUARAZ,020112,TARICA,0201120001,TARICA,0201120001,ANCASH,HUARAZ,TARICA,TARICA,[REGIONAL][ANCASH],NO OPERATIVO,2.0,CPNP PROT. DE CARRETERAS TARICA,ANCASHHUARAZTARICA,"Ministerio de Transportes y Comunicaciones (MTC). Programa Nacional de Telecomunicaciones (PRONATEL), febrero de 2022",020112,-77.575046,-9.393583,Point,-77.575046,-9.393583,True,True,POINT (-77.575046 -9.393583),-77.575046,-9.393583,-77.575046,-9.393583
194.0,02,ANCASH,0210,HUARI,021009,MASIN,0210090027,HUAYTUNA,0210090027,ANCASH,HUARI,MASIN,HUAYTUNA,[REGIONAL][ANCASH],NO OPERATIVO,2.0,CPNP RURAL HUAYTUNA,ANCASHHUARIMASIN,"Ministerio de Transportes y Comunicaciones (MTC). Programa Nacional de Telecomunicaciones (PRONATEL), febrero de 2022",021009,-77.081418,-9.359442,Point,-77.081418,-9.359442,True,True,POINT (-77.081418 -9.359442),-77.081418,-9.359442,-77.081418,-9.359442
195.0,02,ANCASH,0210,HUARI,021016,UCO,0210160001,UCO,0210160001,ANCASH,HUARI,UCO,UCO,[REGIONAL][ANCASH],NO OPERATIVO,2.0,CPNP RURAL UCO,ANCASHHUARIUCO,"Ministerio de Transportes y Comunicaciones (MTC). Programa Nacional de Telecomunicaciones (PRONATEL), febrero de 2022",021016,-76.928221,-9.188396,Point,-76.928221,-9.188396,True,True,POINT (-76.928221 -9.188396),-76.928221,-9.188396,-76.928221,-9.188396
196.0,02,ANCASH,0212,HUAYLAS,021204,HUAYLAS,0212040001,HUAYLAS,0212040001,ANCASH,HUAYLAS,HUAYLAS,HUAYLAS,[REGIONAL][ANCASH],NO OPERATIVO,2.0,CPNP RURAL HUAYLAS,ANCASHHUAYLASHUAYLAS,"Ministerio de Transportes y Comunicaciones (MTC). Programa Nacional de Telecomunicaciones (PRONATEL), febrero de 2022",021204,-77.892725,-8.87239,Point,-77.892725,-8.87239,True,True,POINT (-77.892725 -8.87239),-77.892725,-8.87239,-77.892725,-8.87239
197.0,02,ANCASH,0212,HUAYLAS,021206,PAMPAROMAS,0212060001,PAMPAROMAS,0212060001,ANCASH,HUAYLAS,PAMPAROMAS,PAMPAROMAS,[REGIONAL][ANCASH],NO OPERATIVO,2.0,CPNP RURAL PAMPAROMAS,ANCASHHUAYLASPAMPAROMAS,"Ministerio de Transportes y Comunicaciones (MTC). Programa Nacional de Telecomunicaciones (PRONATEL), febrero de 2022",021206,-77.981745,-9.073325,Point,-77.981745,-9.073325,True,True,POINT (-77.981745 -9.073325),-77.981745,-9.073325,-77.981745,-9.073325
198.0,02,ANCASH,0214,OCROS,021408,SAN CRISTOBAL DE RAJAN,0214080001,RAJAN,0214080001,ANCASH,OCROS,SAN CRISTOBAL DE RAJAN,RAJAN,[REGIONAL][ANCASH],NO OPERATIVO,2.0,CPNP RURAL RAJAN,ANCASHOCROSSAN CRISTOBAL DE RAJAN,"Ministerio de Transportes y Comunicaciones (MTC). Programa Nacional de Telecomunicaciones (PRONATEL), febrero de 2022",021408,-77.219318,-10.386849,Point,-77.219318,-10.386849,True,True,POINT (-77.219318 -10.386849),-77.219318,-10.386849,-77.219318,-10.386849
199.0,02,ANCASH,0215,PALLASCA,021503,CONCHUCOS,0215030001,CONCHUCOS,0215030001,ANCASH,PALLASCA,CONCHUCOS,CONCHUCOS,[REGIONAL][ANCASH],NO OPERATIVO,2.0,CPNP RURAL CONCHUCOS,ANCASHPALLASCACONCHUCOS,"Ministerio de Transportes y Comunicaciones (MTC). Programa Nacional de Telecomunicaciones (PRONATEL), febrero de 2022",021503,-77.852708,-8.268549,Point,-77.852708,-8.268549,True,True,POINT (-77.852708 -8.268549),-77.852708,-8.268549,-77.852708,-8.268549
200.0,02,ANCASH,0215,PALLASCA,021508,PALLASCA,0215080001,PALLASCA,0215080001,ANCASH,PALLASCA,PALLASCA,PALLASCA,[REGIONAL][ANCASH],NO OPERATIVO,2.0,CPNP RURAL PALLASCA,ANCASHPALLASCAPALLASCA,"Ministerio de Transportes y Comunicaciones (MTC). Programa Nacional de Telecomunicaciones (PRONATEL), febrero de 2022",021508,-77.999376,-8.25302,Point,-77.999376,-8.25302,True,True,POINT (-77.999376 -8.25302),-77.999376,-8.25302,-77.999376,-8.25302
201.0,02,ANCASH,0215,PALLASCA,021509,PAMPAS,0215090001,PAMPAS,0215090001,ANCASH,PALLASCA,PAMPAS,PAMPAS,[REGIONAL][ANCASH],NO OPERATIVO,2.0,CPNP RURAL PAMPAS,ANCASHPALLASCAPAMPAS,"Ministerio de Transportes y Comunicaciones (MTC). Programa Nacional de Telecomunicaciones (PRONATEL), febrero de 2022",021509,-77.895932,-8.19519,Point,-77.895932,-8.19519,True,True,POINT (-77.895932 -8.19519),-77.895932,-8.19519,-77.895932,-8.19519
202.0,02,ANCASH,0215,PALLASCA,021511,TAUCA,0215110001,TAUCA,0215110001,ANCASH,PALLASCA,TAUCA,TAUCA,[REGIONAL][ANCASH],NO OPERATIVO,2.0,CPNP RURAL TAUCA,ANCASHPALLASCATAUCA,"Ministerio de Transportes y Comunicaciones (MTC). Programa Nacional de Telecomunicaciones (PRONATEL), febrero de 2022",021511,-78.037698,-8.470242,Point,-78.037698,-8.470242,True,True,POINT (-78.037698 -8.470242),-78.037698,-8.470242,-78.037698,-8.470242
203.0,02,ANCASH,0217,RECUAY,021703,COTAPARACO,0217030001,COTAPARACO,0217030001,ANCASH,RECUAY,COTAPARACO,COTAPARACO,[REGIONAL][ANCASH],NO OPERATIVO,2.0,CPNP RURAL COTAPARACO,ANCASHRECUAYCOTAPARACO,"Ministerio de Transportes y Comunicaciones (MTC). Programa Nacional de Telecomunicaciones (PRONATEL), febrero de 2022",021703,-77.588065,-9.993449,Point,-77.588065,-9.993449,True,True,POINT (-77.588065 -9.993449),-77.588065,-9.993449,-77.588065,-9.993449
204.0,02,ANCASH,0217,RECUAY,021706,MARCA,0217060001,MARCA,0217060001,ANCASH,RECUAY,MARCA,MARCA,[REGIONAL][ANCASH],NO OPERATIVO,2.0,CPNP RURAL MARCA,ANCASHRECUAYMARCA,"Ministerio de Transportes y Comunicaciones (MTC). Programa Nacional de Telecomunicaciones (PRONATEL), febrero de 2022",021706,-77.474336,-10.089063,Point,-77.474336,-10.089063,True,True,POINT (-77.474336 -10.089063),-77.474336,-10.089063,-77.474336,-10.089063
205.0,02,ANCASH,0218,SANTA,021802,CACERES DEL PERU,0218020001,JIMBE,0218020001,ANCASH,SANTA,CACERES DEL PERU,JIMBE,[REGIONAL][ANCASH],NO OPERATIVO,2.0,CPNP RURAL JIMBE,ANCASHSANTACACERES DEL PERU,"Ministerio de Transportes y Comunicaciones (MTC). Programa Nacional de Telecomunicaciones (PRONATEL), febrero de 2022",021802,-78.138084,-9.01315,Point,-78.138084,-9.01315,True,True,POINT (-78.138084 -9.01315),-78.138084,-9.01315,-78.138084,-9.01315
206.0,02,ANCASH,0218,SANTA,021801,CHIMBOTE,0218010006,RINCONADA,0218010006,ANCASH,SANTA,CHIMBOTE,RINCONADA,[REGIONAL][ANCASH],NO OPERATIVO,2.0,CPNP RURAL RINCONADA,ANCASHSANTACHIMBOTE,"Ministerio de Transportes y Comunicaciones (MTC). Programa Nacional de Telecomunicaciones (PRONATEL), febrero de 2022",021801,-78.56501,-8.89304,Point,-78.56501,-8.89304,True,True,POINT (-78.56501 -8.89304),-78.56501,-8.89304,-78.56501,-8.89304
207.0,02,ANCASH,0218,SANTA,021801,CHIMBOTE,0218010036,TAMBO REAL NUEVO,0218010036,ANCASH,SANTA,CHIMBOTE,TAMBO REAL NUEVO,[REGIONAL][ANCASH],NO OPERATIVO,2.0,CPNP RURAL TAMBO REAL NUEVO,ANCASHSANTACHIMBOTE,"Ministerio de Transportes y Comunicaciones (MTC). Programa Nacional de Telecomunicaciones (PRONATEL), febrero de 2022",021801,-78.585335,-8.964507,Point,-78.585335,-8.964507,True,True,POINT (-78.585335 -8.964507),-78.585335,-8.964507,-78.585335,-8.964507
208.0,02,ANCASH,0218,SANTA,021804,MACATE,0218040001,MACATE,0218040001,ANCASH,SANTA,MACATE,MACATE,[REGIONAL][ANCASH],NO OPERATIVO,2.0,CPNP RURAL MACATE,ANCASHSANTAMACATE,"Ministerio de Transportes y Comunicaciones (MTC). Programa Nacional de Telecomunicaciones (PRONATEL), febrero de 2022",021804,-78.061424,-8.760264,Point,-78.061424,-8.760264,True,True,POINT (-78.061424 -8.760264),-78.061424,-8.760264,-78.061424,-8.760264
209.0,02,ANCASH,0220,YUNGAY,022005,QUILLO,0220050001,QUILLO,0220050001,ANCASH,YUNGAY,QUILLO,QUILLO,[REGIONAL][ANCASH],NO OPERATIVO,2.0,CPNP RURAL QUILLO,ANCASHYUNGAYQUILLO,"Ministerio de Transportes y Comunicaciones (MTC). Programa Nacional de Telecomunicaciones (PRONATEL), febrero de 2022",022005,-78.041801,-9.328639,Point,-78.041801,-9.328639,True,True,POINT (-78.041801 -9.328639),-78.041801,-9.328639,-78.041801,-9.328639
210.0,02,ANCASH,0220,YUNGAY,022008,YANAMA,0220080001,YANAMA,0220080001,ANCASH,YUNGAY,YANAMA,YANAMA,[REGIONAL][ANCASH],NO OPERATIVO,2.0,CPNP RURAL YANAMA,ANCASHYUNGAYYANAMA,"Ministerio de Transportes y Comunicaciones (MTC). Programa Nacional de Telecomunicaciones (PRONATEL), febrero de 2022",022008,-77.470862,-9.020688,Point,-77.470862,-9.020688,True,True,POINT (-77.470862 -9.020688),-77.470862,-9.020688,-77.470862,-9.020688
211.0,04,AREQUIPA,0401,AREQUIPA,040106,CHIGUATA,0401060001,CHIGUATA,0401060001,AREQUIPA,AREQUIPA,CHIGUATA,CHIGUATA,[REGIONAL][AREQUIPA],NO OPERATIVO,2.0,CPNP RURAL CHIHUATA,AREQUIPAAREQUIPACHIGUATA,"Ministerio de Transportes y Comunicaciones (MTC). Programa Nacional de Telecomunicaciones (PRONATEL), febrero de 2022",040106,-71.391682,-16.403523,Point,-71.391682,-16.403523,True,True,POINT (-71.391682 -16.403523),-71.391682,-16.403523,-71.391682,-16.403523
212.0,04,AREQUIPA,0401,AREQUIPA,040108,LA JOYA,0401080042,ASENTAMIENTO VI SAN CAMILO,0401080042,AREQUIPA,AREQUIPA,LA JOYA,ASENTAMIENTO VI SAN CAMILO,[REGIONAL][AREQUIPA],NO OPERATIVO,2.0,CPNP SAN CAMILO,AREQUIPAAREQUIPALA JOYA,"Ministerio de Transportes y Comunicaciones (MTC). Programa Nacional de Telecomunicaciones (PRONATEL), febrero de 2022",040108,-71.885489,-16.686037,Point,-71.885489,-16.686037,True,True,POINT (-71.885489 -16.686037),-71.885489,-16.686037,-71.885489,-16.686037
213.0,04,AREQUIPA,0401,AREQUIPA,040108,LA JOYA,0401080019,PROGRESO 48 (LA REPARTICION),0401080019,AREQUIPA,AREQUIPA,LA JOYA,PROGRESO 48 (LA REPARTICION),[REGIONAL][AREQUIPA],NO OPERATIVO,2.0,CPNP PROT. DE CARRETERAS REPARTICION,AREQUIPAAREQUIPALA JOYA,"Ministerio de Transportes y Comunicaciones (MTC). Programa Nacional de Telecomunicaciones (PRONATEL), febrero de 2022",040108,-71.780715,-16.529786,Point,-71.780715,-16.529786,True,True,POINT (-71.780715 -16.529786),-71.780715,-16.529786,-71.780715,-16.529786
214.0,04,AREQUIPA,0401,AREQUIPA,040108,LA JOYA,0401080066,SAN ISIDRO,0401080066,AREQUIPA,AREQUIPA,LA JOYA,SAN ISIDRO,[REGIONAL][AREQUIPA],NO OPERATIVO,2.0,CPNP SAN ISIDRO,AREQUIPAAREQUIPALA JOYA,"Ministerio de Transportes y Comunicaciones (MTC). Programa Nacional de Telecomunicaciones (PRONATEL), febrero de 2022",040108,-71.910499,-16.58487,Point,-71.910499,-16.58487,True,True,POINT (-71.910499 -16.58487),-71.910499,-16.58487,-71.910499,-16.58487
215.0,04,AREQUIPA,0401,AREQUIPA,040108,LA JOYA,0401080022,SAN JOSE,0401080022,AREQUIPA,AREQUIPA,LA JOYA,SAN JOSE,[REGIONAL][AREQUIPA],NO OPERATIVO,2.0,CPNP SAN JOSE,AREQUIPAAREQUIPALA JOYA,"Ministerio de Transportes y Comunicaciones (MTC). Programa Nacional de Telecomunicaciones (PRONATEL), febrero de 2022",040108,-71.838334,-16.579028,Point,-71.838334,-16.579028,True,True,POINT (-71.838334 -16.579028),-71.838334,-16.579028,-71.838334,-16.579028
216.0,04,AREQUIPA,0401,AREQUIPA,040111,MOLLEBAYA,0401110001,MOLLEBAYA,0401110001,AREQUIPA,AREQUIPA,MOLLEBAYA,MOLLEBAYA,[REGIONAL][AREQUIPA],NO OPERATIVO,2.0,CPNP RURAL MOLLEBAYA,AREQUIPAAREQUIPAMOLLEBAYA,"Ministerio de Transportes y Comunicaciones (MTC). Programa Nacional de Telecomunicaciones (PRONATEL), febrero de 2022",040111,-71.466815,-16.487218,Point,-71.466815,-16.487218,True,True,POINT (-71.466815 -16.487218),-71.466815,-16.487218,-71.466815,-16.487218
217.0,04,AREQUIPA,0401,AREQUIPA,040113,POCSI,0401130001,POCSI,0401130001,AREQUIPA,AREQUIPA,POCSI,POCSI,[REGIONAL][AREQUIPA],NO OPERATIVO,2.0,CPNP RURAL POCSI,AREQUIPAAREQUIPAPOCSI,"Ministerio de Transportes y Comunicaciones (MTC). Programa Nacional de Telecomunicaciones (PRONATEL), febrero de 2022",040113,-71.389802,-16.517753,Point,-71.389802,-16.517753,True,True,POINT (-71.389802 -16.517753),-71.389802,-16.517753,-71.389802,-16.517753
218.0,04,AREQUIPA,0401,AREQUIPA,040114,POLOBAYA,0401140001,POLOBAYA GRANDE,0401140001,AREQUIPA,AREQUIPA,POLOBAYA,POLOBAYA GRANDE,[REGIONAL][AREQUIPA],NO OPERATIVO,2.0,CPNP RURAL POLOBAYA,AREQUIPAAREQUIPAPOLOBAYA,"Ministerio de Transportes y Comunicaciones (MTC). Programa Nacional de Telecomunicaciones (PRONATEL), febrero de 2022",040114,-71.368339,-16.565834,Point,-71.368339,-16.565834,True,True,POINT (-71.368339 -16.565834),-71.368339,-16.565834,-71.368339,-16.565834
219.0,04,AREQUIPA,0401,AREQUIPA,040118,SAN JUAN DE SIGUAS,0401180001,TAMBILLO,0401180001,AREQUIPA,AREQUIPA,SAN JUAN DE SIGUAS,TAMBILLO,[REGIONAL][AREQUIPA],NO OPERATIVO,2.0,CPNP TAMBILLO,AREQUIPAAREQUIPASAN JUAN DE SIGUAS,"Ministerio de Transportes y Comunicaciones (MTC). Programa Nacional de Telecomunicaciones (PRONATEL), febrero de 2022",040118,-72.127234,-16.348889,Point,-72.127234,-16.348889,True,True,POINT (-72.127234 -16.348889),-72.127234,-16.348889,-72.127234,-16.348889
220.0,04,AREQUIPA,0401,AREQUIPA,040119,SAN JUAN DE TARUCANI,0401190001,TARUCANI,0401190001,AREQUIPA,AREQUIPA,SAN JUAN DE TARUCANI,TARUCANI,[REGIONAL][AREQUIPA],NO OPERATIVO,2.0,CPNP SAN JUAN DE TARUCANI,AREQUIPAAREQUIPASAN JUAN DE TARUCANI,"Ministerio de Transportes y Comunicaciones (MTC). Programa Nacional de Telecomunicaciones (PRONATEL), febrero de 2022",040119,-71.061896,-16.183721,Point,-71.061896,-16.183721,True,True,POINT (-71.061896 -16.183721),-71.061896,-16.183721,-71.061896,-16.183721
221.0,04,AREQUIPA,0401,AREQUIPA,040125,VITOR,0401250023,SOTILLO,0401250023,AREQUIPA,AREQUIPA,VITOR,SOTILLO,[REGIONAL][AREQUIPA],NO OPERATIVO,2.0,CPNP SOTILLO,AREQUIPAAREQUIPAVITOR,"Ministerio de Transportes y Comunicaciones (MTC). Programa Nacional de Telecomunicaciones (PRONATEL), febrero de 2022",040125,-71.923938,-16.468978,Point,-71.923938,-16.468978,True,True,POINT (-71.923938 -16.468978),-71.923938,-16.468978,-71.923938,-16.468978
222.0,04,AREQUIPA,0401,AREQUIPA,040127,YARABAMBA,0401270001,YARABAMBA,0401270001,AREQUIPA,AREQUIPA,YARABAMBA,YARABAMBA,[REGIONAL][AREQUIPA],NO OPERATIVO,2.0,CPNP RURAL YARABAMBA,AREQUIPAAREQUIPAYARABAMBA,"Ministerio de Transportes y Comunicaciones (MTC). Programa Nacional de Telecomunicaciones (PRONATEL), febrero de 2022",040127,-71.475563,-16.546739,Point,-71.475563,-16.546739,True,True,POINT (-71.475563 -16.546739),-71.475563,-16.546739,-71.475563,-16.546739
223.0,04,AREQUIPA,0401,AREQUIPA,040128,YURA,0401280002,CONO NORTE,0401280002,AREQUIPA,AREQUIPA,YURA,CONO NORTE,[REGIONAL][AREQUIPA],NO OPERATIVO,2.0,CPNP CIUDAD DE DIOS,AREQUIPAAREQUIPAYURA,"Ministerio de Transportes y Comunicaciones (MTC). Programa Nacional de Telecomunicaciones (PRONATEL), febrero de 2022",040128,-71.62892,-16.293369,Point,-71.62892,-16.293369,True,True,POINT (-71.62892 -16.293369),-71.62892,-16.293369,-71.62892,-16.293369
224.0,04,AREQUIPA,0402,CAMANA,040202,JOSE MARIA QUIMPER,0402020001,EL CARDO,0402020001,AREQUIPA,CAMANA,JOSE MARIA QUIMPER,EL CARDO,[REGIONAL][AREQUIPA],NO OPERATIVO,2.0,CPNP RURAL EL CARDO,AREQUIPACAMANAJOSE MARIA QUIMPER,"Ministerio de Transportes y Comunicaciones (MTC). Programa Nacional de Telecomunicaciones (PRONATEL), febrero de 2022",040202,-72.727097,-16.602068,Point,-72.727097,-16.602068,True,True,POINT (-72.727097 -16.602068),-72.727097,-16.602068,-72.727097,-16.602068
225.0,04,AREQUIPA,0402,CAMANA,040202,JOSE MARIA QUIMPER,0402020007,HUACAPUY,0402020007,AREQUIPA,CAMANA,JOSE MARIA QUIMPER,HUACAPUY,[REGIONAL][AREQUIPA],NO OPERATIVO,2.0,CPNP RURAL HUACAPUY,AREQUIPACAMANAJOSE MARIA QUIMPER,"Ministerio de Transportes y Comunicaciones (MTC). Programa Nacional de Telecomunicaciones (PRONATEL), febrero de 2022",040202,-72.749819,-16.601757,Point,-72.749819,-16.601757,True,True,POINT (-72.749819 -16.601757),-72.749819,-16.601757,-72.749819,-16.601757
226.0,04,AREQUIPA,0402,CAMANA,040203,MARIANO NICOLAS VALCARCEL,0402030001,URASQUI,0402030001,AREQUIPA,CAMANA,MARIANO NICOLAS VALCARCEL,URASQUI,[REGIONAL][AREQUIPA],NO OPERATIVO,2.0,PAR URASQUI,AREQUIPACAMANAMARIANO NICOLAS VALCARCEL,"Ministerio de Transportes y Comunicaciones (MTC). Programa Nacional de Telecomunicaciones (PRONATEL), febrero de 2022",040203,-73.174352,-16.031375,Point,-73.174352,-16.031375,True,True,POINT (-73.174352 -16.031375),-73.174352,-16.031375,-73.174352,-16.031375
227.0,04,AREQUIPA,0402,CAMANA,040204,MARISCAL CACERES,0402040009,PUCCHUN,0402040009,AREQUIPA,CAMANA,MARISCAL CACERES,PUCCHUN,[REGIONAL][AREQUIPA],NO OPERATIVO,2.0,CPNP RURAL PUCCHUN,AREQUIPACAMANAMARISCAL CACERES,"Ministerio de Transportes y Comunicaciones (MTC). Programa Nacional de Telecomunicaciones (PRONATEL), febrero de 2022",040204,-72.774292,-16.598552,Point,-72.774292,-16.598552,True,True,POINT (-72.774292 -16.598552),-72.774292,-16.598552,-72.774292,-16.598552
228.0,04,AREQUIPA,0402,CAMANA,040204,MARISCAL CACERES,0402040001,SAN JOSE,0402040001,AREQUIPA,CAMANA,MARISCAL CACERES,SAN JOSE,[REGIONAL][AREQUIPA],NO OPERATIVO,2.0,CPNP RURAL SAN JOSE,AREQUIPACAMANAMARISCAL CACERES,"Ministerio de Transportes y Comunicaciones (MTC). Programa Nacional de Telecomunicaciones (PRONATEL), febrero de 2022",040204,-72.736132,-16.619763,Point,-72.736132,-16.619763,True,True,POINT (-72.736132 -16.619763),-72.736132,-16.619763,-72.736132,-16.619763
229.0,04,AREQUIPA,0402,CAMANA,040205,NICOLAS DE PIEROLA,0402050001,SAN GREGORIO,0402050001,AREQUIPA,CAMANA,NICOLAS DE PIEROLA,SAN GREGORIO,[REGIONAL][AREQUIPA],NO OPERATIVO,2.0,CPNP RURAL SAN GREGORIO,AREQUIPACAMANANICOLAS DE PIEROLA,"Ministerio de Transportes y Comunicaciones (MTC). Programa Nacional de Telecomunicaciones (PRONATEL), febrero de 2022",040205,-72.715877,-16.573138,Point,-72.715877,-16.573138,True,True,POINT (-72.715877 -16.573138),-72.715877,-16.573138,-72.715877,-16.573138
230.0,04,AREQUIPA,0402,CAMANA,040206,OCOÑA,0402060012,LA PLANCHADA,0402060012,AREQUIPA,CAMANA,OCOÑA,LA PLANCHADA,[REGIONAL][AREQUIPA],NO OPERATIVO,2.0,PAR LA PLANCHADA,AREQUIPACAMANAOCOÑA,"Ministerio de Transportes y Comunicaciones (MTC). Programa Nacional de Telecomunicaciones (PRONATEL), febrero de 2022",040206,-73.223247,-16.400138,Point,-73.223247,-16.400138,True,True,POINT (-73.223247 -16.400138),-73.223247,-16.400138,-73.223247,-16.400138
231.0,04,AREQUIPA,0402,CAMANA,040207,QUILCA,0402070001,QUILCA,0402070001,AREQUIPA,CAMANA,QUILCA,QUILCA,[REGIONAL][AREQUIPA],NO OPERATIVO,2.0,CPNP RURAL QUILCA,AREQUIPACAMANAQUILCA,"Ministerio de Transportes y Comunicaciones (MTC). Programa Nacional de Telecomunicaciones (PRONATEL), febrero de 2022",040207,-72.425624,-16.716978,Point,-72.425624,-16.716978,True,True,POINT (-72.425624 -16.716978),-72.425624,-16.716978,-72.425624,-16.716978
232.0,04,AREQUIPA,0402,CAMANA,040208,SAMUEL PASTOR,0402080008,HABITAT LA PAMPA,0402080008,AREQUIPA,CAMANA,SAMUEL PASTOR,HABITAT LA PAMPA,[REGIONAL][AREQUIPA],NO OPERATIVO,2.0,PAR VILLA DON JORGE,AREQUIPACAMANASAMUEL PASTOR,"Ministerio de Transportes y Comunicaciones (MTC). Programa Nacional de Telecomunicaciones (PRONATEL), febrero de 2022",040208,-72.682836,-16.619355,Point,-72.682836,-16.619355,True,True,POINT (-72.682836 -16.619355),-72.682836,-16.619355,-72.682836,-16.619355
233.0,04,AREQUIPA,0402,CAMANA,040208,SAMUEL PASTOR,0402080019,LA PUNTA,0402080019,AREQUIPA,CAMANA,SAMUEL PASTOR,LA PUNTA,[REGIONAL][AREQUIPA],NO OPERATIVO,2.0,PAR LA PUNTA,AREQUIPACAMANASAMUEL PASTOR,"Ministerio de Transportes y Comunicaciones (MTC). Programa Nacional de Telecomunicaciones (PRONATEL), febrero de 2022",040208,-72.685131,-16.651971,Point,-72.685131,-16.651971,True,True,POINT (-72.685131 -16.651971),-72.685131,-16.651971,-72.685131,-16.651971
234.0,04,AREQUIPA,0403,CARAVELI,040308,CHAPARRA,0403080001,ACHANIZO,0403080001,AREQUIPA,CARAVELI,CHAPARRA,ACHANIZO,[REGIONAL][AREQUIPA],NO OPERATIVO,2.0,CPNP RURAL ACHANIZO,AREQUIPACARAVELICHAPARRA,"Ministerio de Transportes y Comunicaciones (MTC). Programa Nacional de Telecomunicaciones (PRONATEL), febrero de 2022",040308,-73.966924,-15.805174,Point,-73.966924,-15.805174,True,True,POINT (-73.966924 -15.805174),-73.966924,-15.805174,-73.966924,-15.805174
235.0,04,AREQUIPA,0403,CARAVELI,040308,CHAPARRA,0403080008,PUEBLO VIEJO (CHAPARRA),0403080008,AREQUIPA,CARAVELI,CHAPARRA,PUEBLO VIEJO (CHAPARRA),[REGIONAL][AREQUIPA],NO OPERATIVO,2.0,PAR CHAPARRA,AREQUIPACARAVELICHAPARRA,"Ministerio de Transportes y Comunicaciones (MTC). Programa Nacional de Telecomunicaciones (PRONATEL), febrero de 2022",040308,-73.862856,-15.738624,Point,-73.862856,-15.738624,True,True,POINT (-73.862856 -15.738624),-73.862856,-15.738624,-73.862856,-15.738624
236.0,04,AREQUIPA,0403,CARAVELI,040309,HUANUHUANU,0403090001,TOCOTA,0403090001,AREQUIPA,CARAVELI,HUANUHUANU,TOCOTA,[REGIONAL][AREQUIPA],NO OPERATIVO,2.0,PAR HUANUHUANU,AREQUIPACARAVELIHUANUHUANU,"Ministerio de Transportes y Comunicaciones (MTC). Programa Nacional de Telecomunicaciones (PRONATEL), febrero de 2022",040309,-74.091527,-15.658806,Point,-74.091527,-15.658806,True,True,POINT (-74.091527 -15.658806),-74.091527,-15.658806,-74.091527,-15.658806
237.0,04,AREQUIPA,0403,CARAVELI,040310,JAQUI,0403100001,JAQUI,0403100001,AREQUIPA,CARAVELI,JAQUI,JAQUI,[REGIONAL][AREQUIPA],NO OPERATIVO,2.0,CPNP RURAL JAQUI,AREQUIPACARAVELIJAQUI,"Ministerio de Transportes y Comunicaciones (MTC). Programa Nacional de Telecomunicaciones (PRONATEL), febrero de 2022",040310,-74.443529,-15.479098,Point,-74.443529,-15.479098,True,True,POINT (-74.443529 -15.479098),-74.443529,-15.479098,-74.443529,-15.479098
238.0,04,AREQUIPA,0403,CARAVELI,040311,LOMAS,0403110001,LOMAS,0403110001,AREQUIPA,CARAVELI,LOMAS,LOMAS,[REGIONAL][AREQUIPA],NO OPERATIVO,2.0,CPNP RURAL LOMAS,AREQUIPACARAVELILOMAS,"Ministerio de Transportes y Comunicaciones (MTC). Programa Nacional de Telecomunicaciones (PRONATEL), febrero de 2022",040311,-74.851362,-15.569707,Point,-74.851362,-15.569707,True,True,POINT (-74.851362 -15.569707),-74.851362,-15.569707,-74.851362,-15.569707
239.0,04,AREQUIPA,0403,CARAVELI,040313,YAUCA,0403130001,YAUCA,0403130001,AREQUIPA,CARAVELI,YAUCA,YAUCA,[REGIONAL][AREQUIPA],NO OPERATIVO,2.0,CPNP RURAL YAUCA,AREQUIPACARAVELIYAUCA,"Ministerio de Transportes y Comunicaciones (MTC). Programa Nacional de Telecomunicaciones (PRONATEL), febrero de 2022",040313,-74.527325,-15.661938,Point,-74.527325,-15.661938,True,True,POINT (-74.527325 -15.661938),-74.527325,-15.661938,-74.527325,-15.661938
240.0,04,AREQUIPA,0403,CARAVELI,040313,YAUCA,0403130001,YAUCA,0403130001,AREQUIPA,CARAVELI,YAUCA,YAUCA,[REGIONAL][AREQUIPA],NO OPERATIVO,2.0,CPNP PROT. DE CARRETERAS DE YAUCA,AREQUIPACARAVELIYAUCA,"Ministerio de Transportes y Comunicaciones (MTC). Programa Nacional de Telecomunicaciones (PRONATEL), febrero de 2022",040313,-74.527325,-15.661938,Point,-74.527325,-15.661938,True,True,POINT (-74.527325 -15.661938),-74.527325,-15.661938,-74.527325,-15.661938
241.0,04,AREQUIPA,0404,CASTILLA,040402,ANDAGUA,0404020001,ANDAGUA,0404020001,AREQUIPA,CASTILLA,ANDAGUA,ANDAGUA,[REGIONAL][AREQUIPA],NO OPERATIVO,2.0,CPNP RURAL ANDAGUA,AREQUIPACASTILLAANDAGUA,"Ministerio de Transportes y Comunicaciones (MTC). Programa Nacional de Telecomunicaciones (PRONATEL), febrero de 2022",040402,-72.356139,-15.498798,Point,-72.356139,-15.498798,True,True,POINT (-72.356139 -15.498798),-72.356139,-15.498798,-72.356139,-15.498798
242.0,04,AREQUIPA,0404,CASTILLA,040407,HUANCARQUI,0404070001,HUANCARQUI,0404070001,AREQUIPA,CASTILLA,HUANCARQUI,HUANCARQUI,[REGIONAL][AREQUIPA],NO OPERATIVO,2.0,PAR HUANCARQUI,AREQUIPACASTILLAHUANCARQUI,"Ministerio de Transportes y Comunicaciones (MTC). Programa Nacional de Telecomunicaciones (PRONATEL), febrero de 2022",040407,-72.472207,-16.096115,Point,-72.472207,-16.096115,True,True,POINT (-72.472207 -16.096115),-72.472207,-16.096115,-72.472207,-16.096115
243.0,04,AREQUIPA,0404,CASTILLA,040408,MACHAGUAY,0404080001,MACHAGUAY,0404080001,AREQUIPA,CASTILLA,MACHAGUAY,MACHAGUAY,[REGIONAL][AREQUIPA],NO OPERATIVO,2.0,CPNP RURAL MACHAHUAY,AREQUIPACASTILLAMACHAGUAY,"Ministerio de Transportes y Comunicaciones (MTC). Programa Nacional de Telecomunicaciones (PRONATEL), febrero de 2022",040408,-72.506183,-15.650319,Point,-72.506183,-15.650319,True,True,POINT (-72.506183 -15.650319),-72.506183,-15.650319,-72.506183,-15.650319
244.0,04,AREQUIPA,0404,CASTILLA,040411,TIPAN,0404110001,TIPAN,0404110001,AREQUIPA,CASTILLA,TIPAN,TIPAN,[REGIONAL][AREQUIPA],NO OPERATIVO,2.0,PAR TIPAN,AREQUIPACASTILLATIPAN,"Ministerio de Transportes y Comunicaciones (MTC). Programa Nacional de Telecomunicaciones (PRONATEL), febrero de 2022",040411,-72.502028,-15.723014,Point,-72.502028,-15.723014,True,True,POINT (-72.502028 -15.723014),-72.502028,-15.723014,-72.502028,-15.723014
245.0,04,AREQUIPA,0405,CAYLLOMA,040503,CABANACONDE,0405030001,CABANACONDE,0405030001,AREQUIPA,CAYLLOMA,CABANACONDE,CABANACONDE,[REGIONAL][AREQUIPA],NO OPERATIVO,2.0,CPNP RURAL CABANACONDE,AREQUIPACAYLLOMACABANACONDE,"Ministerio de Transportes y Comunicaciones (MTC). Programa Nacional de Telecomunicaciones (PRONATEL), febrero de 2022",040503,-71.981842,-15.62006,Point,-71.981842,-15.62006,True,True,POINT (-71.981842 -15.62006),-71.981842,-15.62006,-71.981842,-15.62006
246.0,04,AREQUIPA,0405,CAYLLOMA,040505,CAYLLOMA,0405050001,CAYLLOMA,0405050001,AREQUIPA,CAYLLOMA,CAYLLOMA,CAYLLOMA,[REGIONAL][AREQUIPA],NO OPERATIVO,2.0,CPNP RURAL CAYLLOMA,AREQUIPACAYLLOMACAYLLOMA,"Ministerio de Transportes y Comunicaciones (MTC). Programa Nacional de Telecomunicaciones (PRONATEL), febrero de 2022",040505,-71.773337,-15.188963,Point,-71.773337,-15.188963,True,True,POINT (-71.773337 -15.188963),-71.773337,-15.188963,-71.773337,-15.188963
247.0,04,AREQUIPA,0405,CAYLLOMA,040507,HUAMBO,0405070001,HUAMBO,0405070001,AREQUIPA,CAYLLOMA,HUAMBO,HUAMBO,[REGIONAL][AREQUIPA],NO OPERATIVO,2.0,CPNP RURAL HUAMBO,AREQUIPACAYLLOMAHUAMBO,"Ministerio de Transportes y Comunicaciones (MTC). Programa Nacional de Telecomunicaciones (PRONATEL), febrero de 2022",040507,-72.109768,-15.729401,Point,-72.109768,-15.729401,True,True,POINT (-72.109768 -15.729401),-72.109768,-15.729401,-72.109768,-15.729401
248.0,04,AREQUIPA,0405,CAYLLOMA,040508,HUANCA,0405080001,HUANCA,0405080001,AREQUIPA,CAYLLOMA,HUANCA,HUANCA,[REGIONAL][AREQUIPA],NO OPERATIVO,2.0,CPNP RURAL HUANCA,AREQUIPACAYLLOMAHUANCA,"Ministerio de Transportes y Comunicaciones (MTC). Programa Nacional de Telecomunicaciones (PRONATEL), febrero de 2022",040508,-71.878154,-16.033531,Point,-71.878154,-16.033531,True,True,POINT (-71.878154 -16.033531),-71.878154,-16.033531,-71.878154,-16.033531
249.0,04,AREQUIPA,0405,CAYLLOMA,040511,LLUTA,0405110001,LLUTA,0405110001,AREQUIPA,CAYLLOMA,LLUTA,LLUTA,[REGIONAL][AREQUIPA],NO OPERATIVO,2.0,PAR LLUTA,AREQUIPACAYLLOMALLUTA,"Ministerio de Transportes y Comunicaciones (MTC). Programa Nacional de Telecomunicaciones (PRONATEL), febrero de 2022",040511,-72.013836,-16.015592,Point,-72.013836,-16.015592,True,True,POINT (-72.013836 -16.015592),-72.013836,-16.015592,-72.013836,-16.015592
250.0,04,AREQUIPA,0405,CAYLLOMA,040513,MADRIGAL,0405130001,MADRIGAL,0405130001,AREQUIPA,CAYLLOMA,MADRIGAL,MADRIGAL,[REGIONAL][AREQUIPA],NO OPERATIVO,2.0,CPNP RURAL MINAS MADRIGAL,AREQUIPACAYLLOMAMADRIGAL,"Ministerio de Transportes y Comunicaciones (MTC). Programa Nacional de Telecomunicaciones (PRONATEL), febrero de 2022",040513,-71.807406,-15.608281,Point,-71.807406,-15.608281,True,True,POINT (-71.807406 -15.608281),-71.807406,-15.608281,-71.807406,-15.608281
251.0,04,AREQUIPA,0405,CAYLLOMA,040520,MAJES,0405200014,B2,0405200014,AREQUIPA,CAYLLOMA,MAJES,B2,[REGIONAL][AREQUIPA],NO OPERATIVO,2.0,PAR BELLO HORIZONTE,AREQUIPACAYLLOMAMAJES,"Ministerio de Transportes y Comunicaciones (MTC). Programa Nacional de Telecomunicaciones (PRONATEL), febrero de 2022",040520,-72.257572,-16.336021,Point,-72.257572,-16.336021,True,True,POINT (-72.257572 -16.336021),-72.257572,-16.336021,-72.257572,-16.336021
252.0,04,AREQUIPA,0405,CAYLLOMA,040520,MAJES,0405200022,SAN JUAN EL ALTO,0405200022,AREQUIPA,CAYLLOMA,MAJES,SAN JUAN EL ALTO,[REGIONAL][AREQUIPA],NO OPERATIVO,2.0,PAR SAN JUAN EL ALTO,AREQUIPACAYLLOMAMAJES,"Ministerio de Transportes y Comunicaciones (MTC). Programa Nacional de Telecomunicaciones (PRONATEL), febrero de 2022",040520,-72.163328,-16.368303,Point,-72.163328,-16.368303,True,True,POINT (-72.163328 -16.368303),-72.163328,-16.368303,-72.163328,-16.368303
253.0,04,AREQUIPA,0405,CAYLLOMA,040520,MAJES,0405200029,SANTA MARIA DE LA COLINA,0405200029,AREQUIPA,CAYLLOMA,MAJES,SANTA MARIA DE LA COLINA,[REGIONAL][AREQUIPA],NO OPERATIVO,2.0,PAR SANTA MARIA LA COLINA,AREQUIPACAYLLOMAMAJES,"Ministerio de Transportes y Comunicaciones (MTC). Programa Nacional de Telecomunicaciones (PRONATEL), febrero de 2022",040520,-72.174966,-16.341529,Point,-72.174966,-16.341529,True,True,POINT (-72.174966 -16.341529),-72.174966,-16.341529,-72.174966,-16.341529
254.0,04,AREQUIPA,0405,CAYLLOMA,040514,SAN ANTONIO DE CHUCA,0405140001,IMATA,0405140001,AREQUIPA,CAYLLOMA,SAN ANTONIO DE CHUCA,IMATA,[REGIONAL][AREQUIPA],NO OPERATIVO,2.0,CPNP RURAL SAN ANTONIO DE CHUCA IMATA,AREQUIPACAYLLOMASAN ANTONIO DE CHUCA,"Ministerio de Transportes y Comunicaciones (MTC). Programa Nacional de Telecomunicaciones (PRONATEL), febrero de 2022",040514,-71.090454,-15.838878,Point,-71.090454,-15.838878,True,True,POINT (-71.090454 -15.838878),-71.090454,-15.838878,-71.090454,-15.838878
255.0,04,AREQUIPA,0405,CAYLLOMA,040515,SIBAYO,0405150001,SIBAYO,0405150001,AREQUIPA,CAYLLOMA,SIBAYO,SIBAYO,[REGIONAL][AREQUIPA],NO OPERATIVO,2.0,CPNP RURAL SIBAYO,AREQUIPACAYLLOMASIBAYO,"Ministerio de Transportes y Comunicaciones (MTC). Programa Nacional de Telecomunicaciones (PRONATEL), febrero de 2022",040515,-71.457044,-15.486031,Point,-71.457044,-15.486031,True,True,POINT (-71.457044 -15.486031),-71.457044,-15.486031,-71.457044,-15.486031
256.0,04,AREQUIPA,0406,CONDESUYOS,040602,ANDARAY,0406020001,ANDARAY,0406020001,AREQUIPA,CONDESUYOS,ANDARAY,ANDARAY,[REGIONAL][AREQUIPA],NO OPERATIVO,2.0,CPNP RURAL ANDARAY,AREQUIPACONDESUYOSANDARAY,"Ministerio de Transportes y Comunicaciones (MTC). Programa Nacional de Telecomunicaciones (PRONATEL), febrero de 2022",040602,-72.86073,-15.79719,Point,-72.86073,-15.79719,True,True,POINT (-72.86073 -15.79719),-72.86073,-15.79719,-72.86073,-15.79719
257.0,04,AREQUIPA,0406,CONDESUYOS,040603,CAYARANI,0406030001,CAYARANI,0406030001,AREQUIPA,CONDESUYOS,CAYARANI,CAYARANI,[REGIONAL][AREQUIPA],NO OPERATIVO,2.0,PAR CAYARANI,AREQUIPACONDESUYOSCAYARANI,"Ministerio de Transportes y Comunicaciones (MTC). Programa Nacional de Telecomunicaciones (PRONATEL), febrero de 2022",040603,-72.021904,-14.671899,Point,-72.021904,-14.671899,True,True,POINT (-72.021904 -14.671899),-72.021904,-14.671899,-72.021904,-14.671899
258.0,04,AREQUIPA,0406,CONDESUYOS,040604,CHICHAS,0406040001,CHICHAS,0406040001,AREQUIPA,CONDESUYOS,CHICHAS,CHICHAS,[REGIONAL][AREQUIPA],NO OPERATIVO,2.0,PAR CHICHAS,AREQUIPACONDESUYOSCHICHAS,"Ministerio de Transportes y Comunicaciones (MTC). Programa Nacional de Telecomunicaciones (PRONATEL), febrero de 2022",040604,-72.918492,-15.547737,Point,-72.918492,-15.547737,True,True,POINT (-72.918492 -15.547737),-72.918492,-15.547737,-72.918492,-15.547737
259.0,04,AREQUIPA,0406,CONDESUYOS,040606,RIO GRANDE,0406060001,IQUIPI,0406060001,AREQUIPA,CONDESUYOS,RIO GRANDE,IQUIPI,[REGIONAL][AREQUIPA],NO OPERATIVO,2.0,CPNP RURAL MINAS OCOÑA,AREQUIPACONDESUYOSRIO GRANDE,"Ministerio de Transportes y Comunicaciones (MTC). Programa Nacional de Telecomunicaciones (PRONATEL), febrero de 2022",040606,-73.131238,-15.939926,Point,-73.131238,-15.939926,True,True,POINT (-73.131238 -15.939926),-73.131238,-15.939926,-73.131238,-15.939926
260.0,04,AREQUIPA,0406,CONDESUYOS,040607,SALAMANCA,0406070001,SALAMANCA,0406070001,AREQUIPA,CONDESUYOS,SALAMANCA,SALAMANCA,[REGIONAL][AREQUIPA],NO OPERATIVO,2.0,CPNP RURAL SALAMANCA,AREQUIPACONDESUYOSSALAMANCA,"Ministerio de Transportes y Comunicaciones (MTC). Programa Nacional de Telecomunicaciones (PRONATEL), febrero de 2022",040607,-72.83434,-15.504528,Point,-72.83434,-15.504528,True,True,POINT (-72.83434 -15.504528),-72.83434,-15.504528,-72.83434,-15.504528
261.0,04,AREQUIPA,0408,LA UNION,040802,ALCA,0408020001,ALCA,0408020001,AREQUIPA,LA UNION,ALCA,ALCA,[REGIONAL][AREQUIPA],NO OPERATIVO,2.0,CPNP RURAL ALCA,AREQUIPALA UNIONALCA,"Ministerio de Transportes y Comunicaciones (MTC). Programa Nacional de Telecomunicaciones (PRONATEL), febrero de 2022",040802,-72.765105,-15.134213,Point,-72.765105,-15.134213,True,True,POINT (-72.765105 -15.134213),-72.765105,-15.134213,-72.765105,-15.134213
262.0,04,AREQUIPA,0408,LA UNION,040803,CHARCANA,0408030001,CHARCANA,0408030001,AREQUIPA,LA UNION,CHARCANA,CHARCANA,[REGIONAL][AREQUIPA],NO OPERATIVO,2.0,CPNP RURAL CHARCANA,AREQUIPALA UNIONCHARCANA,"Ministerio de Transportes y Comunicaciones (MTC). Programa Nacional de Telecomunicaciones (PRONATEL), febrero de 2022",040803,-73.070596,-15.240569,Point,-73.070596,-15.240569,True,True,POINT (-73.070596 -15.240569),-73.070596,-15.240569,-73.070596,-15.240569
263.0,04,AREQUIPA,0408,LA UNION,040806,PUYCA,0408060001,PUYCA,0408060001,AREQUIPA,LA UNION,PUYCA,PUYCA,[REGIONAL][AREQUIPA],NO OPERATIVO,2.0,PAR PUYCA,AREQUIPALA UNIONPUYCA,"Ministerio de Transportes y Comunicaciones (MTC). Programa Nacional de Telecomunicaciones (PRONATEL), febrero de 2022",040806,-72.691667,-15.059148,Point,-72.691667,-15.059148,True,True,POINT (-72.691667 -15.059148),-72.691667,-15.059148,-72.691667,-15.059148
264.0,06,CAJAMARCA,0602,CAJABAMBA,060202,CACHACHI,0602020127,ARAQUEDA,0602020127,CAJAMARCA,CAJABAMBA,CACHACHI,ARAQUEDA,[REGIONAL][CAJAMARCA],NO OPERATIVO,2.0,COMISARIA RURAL P.N.P ARAQUEDA,CAJAMARCACAJABAMBACACHACHI,"Ministerio de Transportes y Comunicaciones (MTC). Programa Nacional de Telecomunicaciones (PRONATEL), febrero de 2022",060202,-78.182735,-7.655912,Point,-78.182735,-7.655912,True,True,POINT (-78.182735 -7.655912),-78.182735,-7.655912,-78.182735,-7.655912
265.0,06,CAJAMARCA,0602,CAJABAMBA,060202,CACHACHI,0602020001,CACHACHI,0602020001,CAJAMARCA,CAJABAMBA,CACHACHI,CACHACHI,[REGIONAL][CAJAMARCA],NO OPERATIVO,2.0,COMISARIA RURAL CACHACHI,CAJAMARCACAJABAMBACACHACHI,"Ministerio de Transportes y Comunicaciones (MTC). Programa Nacional de Telecomunicaciones (PRONATEL), febrero de 2022",060202,-78.26895,-7.448932,Point,-78.26895,-7.448932,True,True,POINT (-78.26895 -7.448932),-78.26895,-7.448932,-78.26895,-7.448932
266.0,06,CAJAMARCA,0602,CAJABAMBA,060202,CACHACHI,0602020105,CHUQUIBAMBA,0602020105,CAJAMARCA,CAJABAMBA,CACHACHI,CHUQUIBAMBA,[REGIONAL][CAJAMARCA],NO OPERATIVO,2.0,COMISARIA RURAL PNP CHUQUIBAMBA,CAJAMARCACAJABAMBACACHACHI,"Ministerio de Transportes y Comunicaciones (MTC). Programa Nacional de Telecomunicaciones (PRONATEL), febrero de 2022",060202,-78.143217,-7.635093,Point,-78.143217,-7.635093,True,True,POINT (-78.143217 -7.635093),-78.143217,-7.635093,-78.143217,-7.635093
267.0,06,CAJAMARCA,0602,CAJABAMBA,060203,CONDEBAMBA,0602030002,EL HUAYO,0602030002,CAJAMARCA,CAJABAMBA,CONDEBAMBA,EL HUAYO,[REGIONAL][CAJAMARCA],NO OPERATIVO,2.0,PAR EL HUAYO,CAJAMARCACAJABAMBACONDEBAMBA,"Ministerio de Transportes y Comunicaciones (MTC). Programa Nacional de Telecomunicaciones (PRONATEL), febrero de 2022",060203,-78.118937,-7.47554,Point,-78.118937,-7.47554,True,True,POINT (-78.118937 -7.47554),-78.118937,-7.47554,-78.118937,-7.47554
268.0,06,CAJAMARCA,0602,CAJABAMBA,060204,SITACOCHA,0602040001,LLUCHUBAMBA,0602040001,CAJAMARCA,CAJABAMBA,SITACOCHA,LLUCHUBAMBA,[REGIONAL][CAJAMARCA],NO OPERATIVO,2.0,COMISARIA RURAL PNP LLUCHUBAMBA,CAJAMARCACAJABAMBASITACOCHA,"Ministerio de Transportes y Comunicaciones (MTC). Programa Nacional de Telecomunicaciones (PRONATEL), febrero de 2022",060204,-77.96955,-7.519572,Point,-77.96955,-7.519572,True,True,POINT (-77.96955 -7.519572),-77.96955,-7.519572,-77.96955,-7.519572
269.0,06,CAJAMARCA,0601,CAJAMARCA,060102,ASUNCION,0601020001,ASUNCION,0601020001,CAJAMARCA,CAJAMARCA,ASUNCION,ASUNCION,[REGIONAL][CAJAMARCA],NO OPERATIVO,2.0,COMISARIA ASUNCION,CAJAMARCACAJAMARCAASUNCION,"Ministerio de Transportes y Comunicaciones (MTC). Programa Nacional de Telecomunicaciones (PRONATEL), febrero de 2022",060102,-78.518545,-7.324708,Point,-78.518545,-7.324708,True,True,POINT (-78.518545 -7.324708),-78.518545,-7.324708,-78.518545,-7.324708
270.0,06,CAJAMARCA,0601,CAJAMARCA,060101,CAJAMARCA,0601010023,PORCON ALTO,0601010023,CAJAMARCA,CAJAMARCA,CAJAMARCA,PORCON ALTO,[REGIONAL][CAJAMARCA],NO OPERATIVO,2.0,PUESTO DE AUXILIO RAPIDO PORCON ALTO,CAJAMARCACAJAMARCACAJAMARCA,"Ministerio de Transportes y Comunicaciones (MTC). Programa Nacional de Telecomunicaciones (PRONATEL), febrero de 2022",060101,-78.597873,-7.071265,Point,-78.597873,-7.071265,True,True,POINT (-78.597873 -7.071265),-78.597873,-7.071265,-78.597873,-7.071265
271.0,06,CAJAMARCA,0601,CAJAMARCA,060105,ENCAÑADA,0601050001,ENCAÑADA,0601050001,CAJAMARCA,CAJAMARCA,ENCAÑADA,ENCAÑADA,[REGIONAL][CAJAMARCA],NO OPERATIVO,2.0,COMISARIA PNP ENCAÃ±ADA,CAJAMARCACAJAMARCAENCAÑADA,"Ministerio de Transportes y Comunicaciones (MTC). Programa Nacional de Telecomunicaciones (PRONATEL), febrero de 2022",060105,-78.344459,-7.086934,Point,-78.344459,-7.086934,True,True,POINT (-78.344459 -7.086934),-78.344459,-7.086934,-78.344459,-7.086934
272.0,06,CAJAMARCA,0601,CAJAMARCA,060105,ENCAÑADA,0601050009,SANTIAGO DE CHANTA ALTA,0601050009,CAJAMARCA,CAJAMARCA,ENCAÑADA,SANTIAGO DE CHANTA ALTA,[REGIONAL][CAJAMARCA],NO OPERATIVO,2.0,COMISARIA PNP CHANTA ALTA,CAJAMARCACAJAMARCAENCAÑADA,"Ministerio de Transportes y Comunicaciones (MTC). Programa Nacional de Telecomunicaciones (PRONATEL), febrero de 2022",060105,-78.480077,-6.862965,Point,-78.480077,-6.862965,True,True,POINT (-78.480077 -6.862965),-78.480077,-6.862965,-78.480077,-6.862965
273.0,06,CAJAMARCA,0601,CAJAMARCA,060107,LLACANORA,0601070001,LLACANORA,0601070001,CAJAMARCA,CAJAMARCA,LLACANORA,LLACANORA,[REGIONAL][CAJAMARCA],NO OPERATIVO,2.0,PUESTO DE AUXILIO RAPIDO LLACANORA,CAJAMARCACAJAMARCALLACANORA,"Ministerio de Transportes y Comunicaciones (MTC). Programa Nacional de Telecomunicaciones (PRONATEL), febrero de 2022",060107,-78.426533,-7.193728,Point,-78.426533,-7.193728,True,True,POINT (-78.426533 -7.193728),-78.426533,-7.193728,-78.426533,-7.193728
274.0,06,CAJAMARCA,0603,CELENDIN,060302,CHUMUCH,0603020001,CHUMUCH,0603020001,CAJAMARCA,CELENDIN,CHUMUCH,CHUMUCH,[REGIONAL][CAJAMARCA],NO OPERATIVO,2.0,COMISARIA RURAL PNP CHUMUCH,CAJAMARCACELENDINCHUMUCH,"Ministerio de Transportes y Comunicaciones (MTC). Programa Nacional de Telecomunicaciones (PRONATEL), febrero de 2022",060302,-78.200345,-6.602678,Point,-78.200345,-6.602678,True,True,POINT (-78.200345 -6.602678),-78.200345,-6.602678,-78.200345,-6.602678
275.0,06,CAJAMARCA,0603,CELENDIN,060304,HUASMIN,0603040001,HUASMIN,0603040001,CAJAMARCA,CELENDIN,HUASMIN,HUASMIN,[REGIONAL][CAJAMARCA],NO OPERATIVO,2.0,COMISARIA RURAL PNP HUASMIN,CAJAMARCACELENDINHUASMIN,"Ministerio de Transportes y Comunicaciones (MTC). Programa Nacional de Telecomunicaciones (PRONATEL), febrero de 2022",060304,-78.244836,-6.83758,Point,-78.244836,-6.83758,True,True,POINT (-78.244836 -6.83758),-78.244836,-6.83758,-78.244836,-6.83758
276.0,06,CAJAMARCA,0603,CELENDIN,060312,LA LIBERTAD DE PALLAN,0603120001,LA LIBERTAD DE PALLAN,0603120001,CAJAMARCA,CELENDIN,LA LIBERTAD DE PALLAN,LA LIBERTAD DE PALLAN,[REGIONAL][CAJAMARCA],NO OPERATIVO,2.0,PAR DE LA LIBERTAD DE PALLA,CAJAMARCACELENDINLA LIBERTAD DE PALLAN,"Ministerio de Transportes y Comunicaciones (MTC). Programa Nacional de Telecomunicaciones (PRONATEL), febrero de 2022",060312,-78.282489,-6.723853,Point,-78.282489,-6.723853,True,True,POINT (-78.282489 -6.723853),-78.282489,-6.723853,-78.282489,-6.723853
277.0,06,CAJAMARCA,0603,CELENDIN,060307,MIGUEL IGLESIAS,0603070001,CHALAN,0603070001,CAJAMARCA,CELENDIN,MIGUEL IGLESIAS,CHALAN,[REGIONAL][CAJAMARCA],NO OPERATIVO,2.0,COMISARIO MIGUEL IGLESIAS,CAJAMARCACELENDINMIGUEL IGLESIAS,"Ministerio de Transportes y Comunicaciones (MTC). Programa Nacional de Telecomunicaciones (PRONATEL), febrero de 2022",060307,-78.232369,-6.650169,Point,-78.232369,-6.650169,True,True,POINT (-78.232369 -6.650169),-78.232369,-6.650169,-78.232369,-6.650169
278.0,06,CAJAMARCA,0603,CELENDIN,060308,OXAMARCA,0603080001,OXAMARCA,0603080001,CAJAMARCA,CELENDIN,OXAMARCA,OXAMARCA,[REGIONAL][CAJAMARCA],NO OPERATIVO,2.0,COMISARIA PNP OXAMARCA,CAJAMARCACELENDINOXAMARCA,"Ministerio de Transportes y Comunicaciones (MTC). Programa Nacional de Telecomunicaciones (PRONATEL), febrero de 2022",060308,-78.06826,-7.042224,Point,-78.06826,-7.042224,True,True,POINT (-78.06826 -7.042224),-78.06826,-7.042224,-78.06826,-7.042224
279.0,06,CAJAMARCA,0603,CELENDIN,060309,SOROCHUCO,0603090001,SOROCHUCO,0603090001,CAJAMARCA,CELENDIN,SOROCHUCO,SOROCHUCO,[REGIONAL][CAJAMARCA],NO OPERATIVO,2.0,COMISARIA RURAL PNP SOROCHUCO,CAJAMARCACELENDINSOROCHUCO,"Ministerio de Transportes y Comunicaciones (MTC). Programa Nacional de Telecomunicaciones (PRONATEL), febrero de 2022",060309,-78.255156,-6.911928,Point,-78.255156,-6.911928,True,True,POINT (-78.255156 -6.911928),-78.255156,-6.911928,-78.255156,-6.911928
280.0,06,CAJAMARCA,0604,CHOTA,060402,ANGUIA,0604020001,ANGUIA,0604020001,CAJAMARCA,CHOTA,ANGUIA,ANGUIA,[REGIONAL][CAJAMARCA],NO OPERATIVO,2.0,COMISARIA PNP ANGUIA,CAJAMARCACHOTAANGUIA,"Ministerio de Transportes y Comunicaciones (MTC). Programa Nacional de Telecomunicaciones (PRONATEL), febrero de 2022",060402,-78.605371,-6.341856,Point,-78.605371,-6.341856,True,True,POINT (-78.605371 -6.341856),-78.605371,-6.341856,-78.605371,-6.341856
281.0,06,CAJAMARCA,0604,CHOTA,060404,CHIGUIRIP,0604040001,CHIGUIRIP,0604040001,CAJAMARCA,CHOTA,CHIGUIRIP,CHIGUIRIP,[REGIONAL][CAJAMARCA],NO OPERATIVO,2.0,COMISARIA RURAL PNP CHIGUIRIP,CAJAMARCACHOTACHIGUIRIP,"Ministerio de Transportes y Comunicaciones (MTC). Programa Nacional de Telecomunicaciones (PRONATEL), febrero de 2022",060404,-78.721397,-6.428419,Point,-78.721397,-6.428419,True,True,POINT (-78.721397 -6.428419),-78.721397,-6.428419,-78.721397,-6.428419
282.0,06,CAJAMARCA,0604,CHOTA,060405,CHIMBAN,0604050001,CHIMBAN,0604050001,CAJAMARCA,CHOTA,CHIMBAN,CHIMBAN,[REGIONAL][CAJAMARCA],NO OPERATIVO,2.0,COMISARIA RURAL PNP CHIMBAN,CAJAMARCACHOTACHIMBAN,"Ministerio de Transportes y Comunicaciones (MTC). Programa Nacional de Telecomunicaciones (PRONATEL), febrero de 2022",060405,-78.478753,-6.251547,Point,-78.478753,-6.251547,True,True,POINT (-78.478753 -6.251547),-78.478753,-6.251547,-78.478753,-6.251547
283.0,06,CAJAMARCA,0604,CHOTA,060408,CONCHAN,0604080001,CONCHAN,0604080001,CAJAMARCA,CHOTA,CONCHAN,CONCHAN,[REGIONAL][CAJAMARCA],NO OPERATIVO,2.0,COMISARIA PNP CONCHAN,CAJAMARCACHOTACONCHAN,"Ministerio de Transportes y Comunicaciones (MTC). Programa Nacional de Telecomunicaciones (PRONATEL), febrero de 2022",060408,-78.655767,-6.444589,Point,-78.655767,-6.444589,True,True,POINT (-78.655767 -6.444589),-78.655767,-6.444589,-78.655767,-6.444589
284.0,06,CAJAMARCA,0604,CHOTA,060409,HUAMBOS,0604090001,HUAMBOS,0604090001,CAJAMARCA,CHOTA,HUAMBOS,HUAMBOS,[REGIONAL][CAJAMARCA],NO OPERATIVO,2.0,COMISARIA RURAL PNP HUAMBOS,CAJAMARCACHOTAHUAMBOS,"Ministerio de Transportes y Comunicaciones (MTC). Programa Nacional de Telecomunicaciones (PRONATEL), febrero de 2022",060409,-78.961151,-6.452839,Point,-78.961151,-6.452839,True,True,POINT (-78.961151 -6.452839),-78.961151,-6.452839,-78.961151,-6.452839
285.0,06,CAJAMARCA,0604,CHOTA,060411,LLAMA,0604110001,LLAMA,0604110001,CAJAMARCA,CHOTA,LLAMA,LLAMA,[REGIONAL][CAJAMARCA],NO OPERATIVO,2.0,COMISARIA PNP LLAMA,CAJAMARCACHOTALLAMA,"Ministerio de Transportes y Comunicaciones (MTC). Programa Nacional de Telecomunicaciones (PRONATEL), febrero de 2022",060411,-79.120332,-6.514465,Point,-79.120332,-6.514465,True,True,POINT (-79.120332 -6.514465),-79.120332,-6.514465,-79.120332,-6.514465
286.0,06,CAJAMARCA,0604,CHOTA,060412,MIRACOSTA,0604120001,MIRACOSTA,0604120001,CAJAMARCA,CHOTA,MIRACOSTA,MIRACOSTA,[REGIONAL][CAJAMARCA],NO OPERATIVO,2.0,COMISARIA PNP MIRAOSTA,CAJAMARCACHOTAMIRACOSTA,"Ministerio de Transportes y Comunicaciones (MTC). Programa Nacional de Telecomunicaciones (PRONATEL), febrero de 2022",060412,-79.283632,-6.404524,Point,-79.283632,-6.404524,True,True,POINT (-79.283632 -6.404524),-79.283632,-6.404524,-79.283632,-6.404524
287.0,06,CAJAMARCA,0604,CHOTA,060413,PACCHA,0604130001,PACCHA,0604130001,CAJAMARCA,CHOTA,PACCHA,PACCHA,[REGIONAL][CAJAMARCA],NO OPERATIVO,2.0,COMISARIA RURAL PNP PACCHA,CAJAMARCACHOTAPACCHA,"Ministerio de Transportes y Comunicaciones (MTC). Programa Nacional de Telecomunicaciones (PRONATEL), febrero de 2022",060413,-78.423487,-6.497443,Point,-78.423487,-6.497443,True,True,POINT (-78.423487 -6.497443),-78.423487,-6.497443,-78.423487,-6.497443
288.0,06,CAJAMARCA,0604,CHOTA,060415,QUEROCOTO,0604150001,QUEROCOTO,0604150001,CAJAMARCA,CHOTA,QUEROCOTO,QUEROCOTO,[REGIONAL][CAJAMARCA],NO OPERATIVO,2.0,PNP QUEROCOTO,CAJAMARCACHOTAQUEROCOTO,"Ministerio de Transportes y Comunicaciones (MTC). Programa Nacional de Telecomunicaciones (PRONATEL), febrero de 2022",060415,-79.034442,-6.359633,Point,-79.034442,-6.359633,True,True,POINT (-79.034442 -6.359633),-79.034442,-6.359633,-79.034442,-6.359633
289.0,06,CAJAMARCA,0604,CHOTA,060416,SAN JUAN DE LICUPIS,0604160001,LICUPIS,0604160001,CAJAMARCA,CHOTA,SAN JUAN DE LICUPIS,LICUPIS,[REGIONAL][CAJAMARCA],NO OPERATIVO,2.0,COMISARIA PNP SAN JUAN LICUPIS,CAJAMARCACHOTASAN JUAN DE LICUPIS,"Ministerio de Transportes y Comunicaciones (MTC). Programa Nacional de Telecomunicaciones (PRONATEL), febrero de 2022",060416,-79.242212,-6.424076,Point,-79.242212,-6.424076,True,True,POINT (-79.242212 -6.424076),-79.242212,-6.424076,-79.242212,-6.424076
290.0,06,CAJAMARCA,0604,CHOTA,060417,TACABAMBA,0604170001,TACABAMBA,0604170001,CAJAMARCA,CHOTA,TACABAMBA,TACABAMBA,[REGIONAL][CAJAMARCA],NO OPERATIVO,2.0,COMISARIA PNP TACABAMBA,CAJAMARCACHOTATACABAMBA,"Ministerio de Transportes y Comunicaciones (MTC). Programa Nacional de Telecomunicaciones (PRONATEL), febrero de 2022",060417,-78.611301,-6.392781,Point,-78.611301,-6.392781,True,True,POINT (-78.611301 -6.392781),-78.611301,-6.392781,-78.611301,-6.392781
291.0,06,CAJAMARCA,0605,CONTUMAZA,060503,CUPISNIQUE,0605030001,TRINIDAD,0605030001,CAJAMARCA,CONTUMAZA,CUPISNIQUE,TRINIDAD,[REGIONAL][CAJAMARCA],NO OPERATIVO,2.0,COMISARIA RURAL PNP TRINIDAD,CAJAMARCACONTUMAZACUPISNIQUE,"Ministerio de Transportes y Comunicaciones (MTC). Programa Nacional de Telecomunicaciones (PRONATEL), febrero de 2022",060503,-79.029785,-7.348811,Point,-79.029785,-7.348811,True,True,POINT (-79.029785 -7.348811),-79.029785,-7.348811,-79.029785,-7.348811
292.0,06,CAJAMARCA,0605,CONTUMAZA,060504,GUZMANGO,0605040001,GUZMANGO,0605040001,CAJAMARCA,CONTUMAZA,GUZMANGO,GUZMANGO,[REGIONAL][CAJAMARCA],NO OPERATIVO,2.0,"PNP GUZMANGO ""E""",CAJAMARCACONTUMAZAGUZMANGO,"Ministerio de Transportes y Comunicaciones (MTC). Programa Nacional de Telecomunicaciones (PRONATEL), febrero de 2022",060504,-78.896117,-7.383941,Point,-78.896117,-7.383941,True,True,POINT (-78.896117 -7.383941),-78.896117,-7.383941,-78.896117,-7.383941
293.0,06,CAJAMARCA,0605,CONTUMAZA,060505,SAN BENITO,0605050001,SAN BENITO,0605050001,CAJAMARCA,CONTUMAZA,SAN BENITO,SAN BENITO,[REGIONAL][CAJAMARCA],NO OPERATIVO,2.0,"COMISARIA PNP ""E""",CAJAMARCACONTUMAZASAN BENITO,"Ministerio de Transportes y Comunicaciones (MTC). Programa Nacional de Telecomunicaciones (PRONATEL), febrero de 2022",060505,-78.927552,-7.424915,Point,-78.927552,-7.424915,True,True,POINT (-78.927552 -7.424915),-78.927552,-7.424915,-78.927552,-7.424915
294.0,06,CAJAMARCA,0605,CONTUMAZA,060506,SANTA CRUZ DE TOLED,0605060001,SANTA CRUZ DE TOLED,0605060001,CAJAMARCA,CONTUMAZA,SANTA CRUZ DE TOLED,SANTA CRUZ DE TOLED,[REGIONAL][CAJAMARCA],NO OPERATIVO,2.0,COMISARIA PNP STA. CRUZ DE TOLEDO,CAJAMARCACONTUMAZASANTA CRUZ DE TOLED,"Ministerio de Transportes y Comunicaciones (MTC). Programa Nacional de Telecomunicaciones (PRONATEL), febrero de 2022",060506,-78.836801,-7.344555,Point,-78.836801,-7.344555,True,True,POINT (-78.836801 -7.344555),-78.836801,-7.344555,-78.836801,-7.344555
295.0,06,CAJAMARCA,0605,CONTUMAZA,060507,TANTARICA,0605070001,CATAN,0605070001,CAJAMARCA,CONTUMAZA,TANTARICA,CATAN,[REGIONAL][CAJAMARCA],NO OPERATIVO,2.0,COMISARIA PNP CATAN,CAJAMARCACONTUMAZATANTARICA,"Ministerio de Transportes y Comunicaciones (MTC). Programa Nacional de Telecomunicaciones (PRONATEL), febrero de 2022",060507,-78.933045,-7.300571,Point,-78.933045,-7.300571,True,True,POINT (-78.933045 -7.300571),-78.933045,-7.300571,-78.933045,-7.300571
296.0,06,CAJAMARCA,0605,CONTUMAZA,060507,TANTARICA,0605070002,SALITRE,0605070002,CAJAMARCA,CONTUMAZA,TANTARICA,SALITRE,[REGIONAL][CAJAMARCA],NO OPERATIVO,2.0,COMISARIA EL SALITRE PNP,CAJAMARCACONTUMAZATANTARICA,"Ministerio de Transportes y Comunicaciones (MTC). Programa Nacional de Telecomunicaciones (PRONATEL), febrero de 2022",060507,-78.926944,-7.213487,Point,-78.926944,-7.213487,True,True,POINT (-78.926944 -7.213487),-78.926944,-7.213487,-78.926944,-7.213487
297.0,06,CAJAMARCA,0606,CUTERVO,060602,CALLAYUC,0606020001,CALLAYUC,0606020001,CAJAMARCA,CUTERVO,CALLAYUC,CALLAYUC,[REGIONAL][CAJAMARCA],NO OPERATIVO,2.0,COMISARIA PNP CALLAYUC,CAJAMARCACUTERVOCALLAYUC,"Ministerio de Transportes y Comunicaciones (MTC). Programa Nacional de Telecomunicaciones (PRONATEL), febrero de 2022",060602,-78.910568,-6.181025,Point,-78.910568,-6.181025,True,True,POINT (-78.910568 -6.181025),-78.910568,-6.181025,-78.910568,-6.181025
298.0,06,CAJAMARCA,0606,CUTERVO,060603,CHOROS,0606030001,CHOROS,0606030001,CAJAMARCA,CUTERVO,CHOROS,CHOROS,[REGIONAL][CAJAMARCA],NO OPERATIVO,2.0,COMISARIA POLICIAL,CAJAMARCACUTERVOCHOROS,"Ministerio de Transportes y Comunicaciones (MTC). Programa Nacional de Telecomunicaciones (PRONATEL), febrero de 2022",060603,-78.693874,-5.900097,Point,-78.693874,-5.900097,True,True,POINT (-78.693874 -5.900097),-78.693874,-5.900097,-78.693874,-5.900097
299.0,06,CAJAMARCA,0606,CUTERVO,060601,CUTERVO,0606010006,SINCHIMACHE,0606010006,CAJAMARCA,CUTERVO,CUTERVO,SINCHIMACHE,[REGIONAL][CAJAMARCA],NO OPERATIVO,2.0,COMISARIA PNP SINCHIMACHE,CAJAMARCACUTERVOCUTERVO,"Ministerio de Transportes y Comunicaciones (MTC). Programa Nacional de Telecomunicaciones (PRONATEL), febrero de 2022",060601,-78.958713,-6.28003,Point,-78.958713,-6.28003,True,True,POINT (-78.958713 -6.28003),-78.958713,-6.28003,-78.958713,-6.28003
300.0,06,CAJAMARCA,0606,CUTERVO,060605,LA RAMADA,0606050001,LA RAMADA,0606050001,CAJAMARCA,CUTERVO,LA RAMADA,LA RAMADA,[REGIONAL][CAJAMARCA],NO OPERATIVO,2.0,COMISARIA RURAL PNP LA RAMADA,CAJAMARCACUTERVOLA RAMADA,"Ministerio de Transportes y Comunicaciones (MTC). Programa Nacional de Telecomunicaciones (PRONATEL), febrero de 2022",060605,-78.575616,-6.25326,Point,-78.575616,-6.25326,True,True,POINT (-78.575616 -6.25326),-78.575616,-6.25326,-78.575616,-6.25326
301.0,06,CAJAMARCA,0606,CUTERVO,060606,PIMPINGOS,0606060001,PIMPINGOS,0606060001,CAJAMARCA,CUTERVO,PIMPINGOS,PIMPINGOS,[REGIONAL][CAJAMARCA],NO OPERATIVO,2.0,COMISARIA DISTRITAL DE PIMPINGOS,CAJAMARCACUTERVOPIMPINGOS,"Ministerio de Transportes y Comunicaciones (MTC). Programa Nacional de Telecomunicaciones (PRONATEL), febrero de 2022",060606,-78.758534,-6.062028,Point,-78.758534,-6.062028,True,True,POINT (-78.758534 -6.062028),-78.758534,-6.062028,-78.758534,-6.062028
302.0,06,CAJAMARCA,0606,CUTERVO,060607,QUEROCOTILLO,0606070001,QUEROCOTILLO,0606070001,CAJAMARCA,CUTERVO,QUEROCOTILLO,QUEROCOTILLO,[REGIONAL][CAJAMARCA],NO OPERATIVO,2.0,COMISARIA RURAL PNP QUEROCOTILLO,CAJAMARCACUTERVOQUEROCOTILLO,"Ministerio de Transportes y Comunicaciones (MTC). Programa Nacional de Telecomunicaciones (PRONATEL), febrero de 2022",060607,-79.037894,-6.273606,Point,-79.037894,-6.273606,True,True,POINT (-79.037894 -6.273606),-79.037894,-6.273606,-79.037894,-6.273606
303.0,06,CAJAMARCA,0606,CUTERVO,060609,SAN JUAN DE CUTERVO,0606090001,SAN JUAN DE CUTERVO,0606090001,CAJAMARCA,CUTERVO,SAN JUAN DE CUTERVO,SAN JUAN DE CUTERVO,[REGIONAL][CAJAMARCA],NO OPERATIVO,2.0,COMISARIA RURAL CPNP SAN JUAN DE CUTERVO,CAJAMARCACUTERVOSAN JUAN DE CUTERVO,"Ministerio de Transportes y Comunicaciones (MTC). Programa Nacional de Telecomunicaciones (PRONATEL), febrero de 2022",060609,-78.598043,-6.163175,Point,-78.598043,-6.163175,True,True,POINT (-78.598043 -6.163175),-78.598043,-6.163175,-78.598043,-6.163175
304.0,06,CAJAMARCA,0606,CUTERVO,060612,SANTO DOMINGO DE LA CAPILLA,0606120001,SANTO DOMINGO DE LA CAPILLA,0606120001,CAJAMARCA,CUTERVO,SANTO DOMINGO DE LA CAPILLA,SANTO DOMINGO DE LA CAPILLA,[REGIONAL][CAJAMARCA],NO OPERATIVO,2.0,COMISARIA LA CAPILLA,CAJAMARCACUTERVOSANTO DOMINGO DE LA CAPILLA,"Ministerio de Transportes y Comunicaciones (MTC). Programa Nacional de Telecomunicaciones (PRONATEL), febrero de 2022",060612,-78.85539,-6.244707,Point,-78.85539,-6.244707,True,True,POINT (-78.85539 -6.244707),-78.85539,-6.244707,-78.85539,-6.244707
305.0,06,CAJAMARCA,0606,CUTERVO,060615,TORIBIO CASANOVA,0606150001,LA SACILIA,0606150001,CAJAMARCA,CUTERVO,TORIBIO CASANOVA,LA SACILIA,[REGIONAL][CAJAMARCA],NO OPERATIVO,2.0,COMISARIA PNP LA SACILIA,CAJAMARCACUTERVOTORIBIO CASANOVA,"Ministerio de Transportes y Comunicaciones (MTC). Programa Nacional de Telecomunicaciones (PRONATEL), febrero de 2022",060615,-78.698414,-6.004042,Point,-78.698414,-6.004042,True,True,POINT (-78.698414 -6.004042),-78.698414,-6.004042,-78.698414,-6.004042
306.0,06,CAJAMARCA,0607,HUALGAYOC,060701,BAMBAMARCA,0607010069,LLAUCAN,0607010069,CAJAMARCA,HUALGAYOC,BAMBAMARCA,LLAUCAN,[REGIONAL][CAJAMARCA],NO OPERATIVO,2.0,COMISARIA PNP LLAUCAN,CAJAMARCAHUALGAYOCBAMBAMARCA,"Ministerio de Transportes y Comunicaciones (MTC). Programa Nacional de Telecomunicaciones (PRONATEL), febrero de 2022",060701,-78.529628,-6.746452,Point,-78.529628,-6.746452,True,True,POINT (-78.529628 -6.746452),-78.529628,-6.746452,-78.529628,-6.746452
307.0,06,CAJAMARCA,0607,HUALGAYOC,060702,CHUGUR,0607020001,CHUGUR,0607020001,CAJAMARCA,HUALGAYOC,CHUGUR,CHUGUR,[REGIONAL][CAJAMARCA],NO OPERATIVO,2.0,COMISARIA P.N.P CHUGUR,CAJAMARCAHUALGAYOCCHUGUR,"Ministerio de Transportes y Comunicaciones (MTC). Programa Nacional de Telecomunicaciones (PRONATEL), febrero de 2022",060702,-78.738347,-6.670761,Point,-78.738347,-6.670761,True,True,POINT (-78.738347 -6.670761),-78.738347,-6.670761,-78.738347,-6.670761
308.0,06,CAJAMARCA,0608,JAEN,060802,BELLAVISTA,0608020002,AMBATO TAMBORAPA,0608020002,CAJAMARCA,JAEN,BELLAVISTA,AMBATO TAMBORAPA,[REGIONAL][CAJAMARCA],NO OPERATIVO,2.0,COMISARIA PNP TAMBORAPA,CAJAMARCAJAENBELLAVISTA,"Ministerio de Transportes y Comunicaciones (MTC). Programa Nacional de Telecomunicaciones (PRONATEL), febrero de 2022",060802,-78.834146,-5.450267,Point,-78.834146,-5.450267,True,True,POINT (-78.834146 -5.450267),-78.834146,-5.450267,-78.834146,-5.450267
309.0,06,CAJAMARCA,0608,JAEN,060802,BELLAVISTA,0608020001,BELLAVISTA,0608020001,CAJAMARCA,JAEN,BELLAVISTA,BELLAVISTA,[REGIONAL][CAJAMARCA],NO OPERATIVO,2.0,COMISARIA RURAL PNP BELLAVISTA,CAJAMARCAJAENBELLAVISTA,"Ministerio de Transportes y Comunicaciones (MTC). Programa Nacional de Telecomunicaciones (PRONATEL), febrero de 2022",060802,-78.677339,-5.66764,Point,-78.677339,-5.66764,True,True,POINT (-78.677339 -5.66764),-78.677339,-5.66764,-78.677339,-5.66764
310.0,06,CAJAMARCA,0608,JAEN,060803,CHONTALI,0608030001,CHONTALI,0608030001,CAJAMARCA,JAEN,CHONTALI,CHONTALI,[REGIONAL][CAJAMARCA],NO OPERATIVO,2.0,COMISARIA RURAL,CAJAMARCAJAENCHONTALI,"Ministerio de Transportes y Comunicaciones (MTC). Programa Nacional de Telecomunicaciones (PRONATEL), febrero de 2022",060803,-79.088372,-5.646214,Point,-79.088372,-5.646214,True,True,POINT (-79.088372 -5.646214),-79.088372,-5.646214,-79.088372,-5.646214
311.0,06,CAJAMARCA,0608,JAEN,060804,COLASAY,0608040001,COLASAY,0608040001,CAJAMARCA,JAEN,COLASAY,COLASAY,[REGIONAL][CAJAMARCA],NO OPERATIVO,2.0,COMISARIA PNP COLASAY,CAJAMARCAJAENCOLASAY,"Ministerio de Transportes y Comunicaciones (MTC). Programa Nacional de Telecomunicaciones (PRONATEL), febrero de 2022",060804,-79.068737,-5.97851,Point,-79.068737,-5.97851,True,True,POINT (-79.068737 -5.97851),-79.068737,-5.97851,-79.068737,-5.97851
312.0,06,CAJAMARCA,0608,JAEN,060805,HUABAL,0608050001,HUABAL,0608050001,CAJAMARCA,JAEN,HUABAL,HUABAL,[REGIONAL][CAJAMARCA],NO OPERATIVO,2.0,COMISARIA RURAL HUABAL,CAJAMARCAJAENHUABAL,"Ministerio de Transportes y Comunicaciones (MTC). Programa Nacional de Telecomunicaciones (PRONATEL), febrero de 2022",060805,-78.899814,-5.612627,Point,-78.899814,-5.612627,True,True,POINT (-78.899814 -5.612627),-78.899814,-5.612627,-78.899814,-5.612627
313.0,06,CAJAMARCA,0608,JAEN,060801,JAEN,0608010003,FILA ALTA,0608010003,CAJAMARCA,JAEN,JAEN,FILA ALTA,[REGIONAL][CAJAMARCA],NO OPERATIVO,2.0,PAR PNP FILA ALTA,CAJAMARCAJAENJAEN,"Ministerio de Transportes y Comunicaciones (MTC). Programa Nacional de Telecomunicaciones (PRONATEL), febrero de 2022",060801,-78.790452,-5.734188,Point,-78.790452,-5.734188,True,True,POINT (-78.790452 -5.734188),-78.790452,-5.734188,-78.790452,-5.734188
314.0,06,CAJAMARCA,0608,JAEN,060806,LAS PIRIAS,0608060001,LAS PIRIAS,0608060001,CAJAMARCA,JAEN,LAS PIRIAS,LAS PIRIAS,[REGIONAL][CAJAMARCA],NO OPERATIVO,2.0,COMISARIA PNP LAS PIRIAS,CAJAMARCAJAENLAS PIRIAS,"Ministerio de Transportes y Comunicaciones (MTC). Programa Nacional de Telecomunicaciones (PRONATEL), febrero de 2022",060806,-78.852832,-5.627353,Point,-78.852832,-5.627353,True,True,POINT (-78.852832 -5.627353),-78.852832,-5.627353,-78.852832,-5.627353
315.0,06,CAJAMARCA,0608,JAEN,060807,POMAHUACA,0608070001,POMAHUACA,0608070001,CAJAMARCA,JAEN,POMAHUACA,POMAHUACA,[REGIONAL][CAJAMARCA],NO OPERATIVO,2.0,COMISARIA RURAL POMAHUACA,CAJAMARCAJAENPOMAHUACA,"Ministerio de Transportes y Comunicaciones (MTC). Programa Nacional de Telecomunicaciones (PRONATEL), febrero de 2022",060807,-79.229513,-5.931523,Point,-79.229513,-5.931523,True,True,POINT (-79.229513 -5.931523),-79.229513,-5.931523,-79.229513,-5.931523
316.0,06,CAJAMARCA,0608,JAEN,060808,PUCARA,0608080001,PUCARA,0608080001,CAJAMARCA,JAEN,PUCARA,PUCARA,[REGIONAL][CAJAMARCA],NO OPERATIVO,2.0,COMISARIA PNP SECTORIAL PUCARA,CAJAMARCAJAENPUCARA,"Ministerio de Transportes y Comunicaciones (MTC). Programa Nacional de Telecomunicaciones (PRONATEL), febrero de 2022",060808,-79.128398,-6.041393,Point,-79.128398,-6.041393,True,True,POINT (-79.128398 -6.041393),-79.128398,-6.041393,-79.128398,-6.041393
317.0,06,CAJAMARCA,0608,JAEN,060810,SAN FELIPE,0608100001,SAN FELIPE,0608100001,CAJAMARCA,JAEN,SAN FELIPE,SAN FELIPE,[REGIONAL][CAJAMARCA],NO OPERATIVO,2.0,COMISARIA RURAL PNP SAN FELIPE,CAJAMARCAJAENSAN FELIPE,"Ministerio de Transportes y Comunicaciones (MTC). Programa Nacional de Telecomunicaciones (PRONATEL), febrero de 2022",060810,-79.313873,-5.770327,Point,-79.313873,-5.770327,True,True,POINT (-79.313873 -5.770327),-79.313873,-5.770327,-79.313873,-5.770327
318.0,06,CAJAMARCA,0608,JAEN,060812,SANTA ROSA,0608120001,SANTA ROSA,0608120001,CAJAMARCA,JAEN,SANTA ROSA,SANTA ROSA,[REGIONAL][CAJAMARCA],NO OPERATIVO,2.0,COMISARIA SANTA ROSA DE LA YUNGA,CAJAMARCAJAENSANTA ROSA,"Ministerio de Transportes y Comunicaciones (MTC). Programa Nacional de Telecomunicaciones (PRONATEL), febrero de 2022",060812,-78.566552,-5.434275,Point,-78.566552,-5.434275,True,True,POINT (-78.566552 -5.434275),-78.566552,-5.434275,-78.566552,-5.434275
319.0,06,CAJAMARCA,0609,SAN IGNACIO,060903,HUARANGO,0609030002,PUERTO CIRUELO,0609030002,CAJAMARCA,SAN IGNACIO,HUARANGO,PUERTO CIRUELO,[REGIONAL][CAJAMARCA],NO OPERATIVO,2.0,COMISARIA RURAL PUERTO CIRUELO,CAJAMARCASAN IGNACIOHUARANGO,"Ministerio de Transportes y Comunicaciones (MTC). Programa Nacional de Telecomunicaciones (PRONATEL), febrero de 2022",060903,-78.807971,-5.287274,Point,-78.807971,-5.287274,True,True,POINT (-78.807971 -5.287274),-78.807971,-5.287274,-78.807971,-5.287274
320.0,06,CAJAMARCA,0609,SAN IGNACIO,060905,NAMBALLE,0609050001,NAMBALLE,0609050001,CAJAMARCA,SAN IGNACIO,NAMBALLE,NAMBALLE,[REGIONAL][CAJAMARCA],NO OPERATIVO,2.0,COMISARIA PNP NAMBALLE,CAJAMARCASAN IGNACIONAMBALLE,"Ministerio de Transportes y Comunicaciones (MTC). Programa Nacional de Telecomunicaciones (PRONATEL), febrero de 2022",060905,-79.087176,-5.004127,Point,-79.087176,-5.004127,True,True,POINT (-79.087176 -5.004127),-79.087176,-5.004127,-79.087176,-5.004127
321.0,06,CAJAMARCA,0609,SAN IGNACIO,060906,SAN JOSE DE LOURDES,0609060001,SAN JOSE DE LOURDES,0609060001,CAJAMARCA,SAN IGNACIO,SAN JOSE DE LOURDES,SAN JOSE DE LOURDES,[REGIONAL][CAJAMARCA],NO OPERATIVO,2.0,COMISARIA RURAL SAN JOSÉ DE LOURDES,CAJAMARCASAN IGNACIOSAN JOSE DE LOURDES,"Ministerio de Transportes y Comunicaciones (MTC). Programa Nacional de Telecomunicaciones (PRONATEL), febrero de 2022",060906,-78.914236,-5.103052,Point,-78.914236,-5.103052,True,True,POINT (-78.914236 -5.103052),-78.914236,-5.103052,-78.914236,-5.103052
322.0,06,CAJAMARCA,0609,SAN IGNACIO,060907,TABACONAS,0609070001,TABACONAS,0609070001,CAJAMARCA,SAN IGNACIO,TABACONAS,TABACONAS,[REGIONAL][CAJAMARCA],NO OPERATIVO,2.0,COMISARIA RURAL DE TABACONAS,CAJAMARCASAN IGNACIOTABACONAS,"Ministerio de Transportes y Comunicaciones (MTC). Programa Nacional de Telecomunicaciones (PRONATEL), febrero de 2022",060907,-79.283374,-5.316145,Point,-79.283374,-5.316145,True,True,POINT (-79.283374 -5.316145),-79.283374,-5.316145,-79.283374,-5.316145
323.0,06,CAJAMARCA,0610,SAN MARCOS,061002,CHANCAY,0610020001,CHANCAY,0610020001,CAJAMARCA,SAN MARCOS,CHANCAY,CHANCAY,[REGIONAL][CAJAMARCA],NO OPERATIVO,2.0,DESPRCAR PNP CHANCAY,CAJAMARCASAN MARCOSCHANCAY,"Ministerio de Transportes y Comunicaciones (MTC). Programa Nacional de Telecomunicaciones (PRONATEL), febrero de 2022",061002,-78.123329,-7.388187,Point,-78.123329,-7.388187,True,True,POINT (-78.123329 -7.388187),-78.123329,-7.388187,-78.123329,-7.388187
324.0,06,CAJAMARCA,0610,SAN MARCOS,061003,EDUARDO VILLANUEVA,0610030001,LA GRAMA,0610030001,CAJAMARCA,SAN MARCOS,EDUARDO VILLANUEVA,LA GRAMA,[REGIONAL][CAJAMARCA],NO OPERATIVO,2.0,COMISARIA LA GRAMA,CAJAMARCASAN MARCOSEDUARDO VILLANUEVA,"Ministerio de Transportes y Comunicaciones (MTC). Programa Nacional de Telecomunicaciones (PRONATEL), febrero de 2022",061003,-78.129884,-7.464332,Point,-78.129884,-7.464332,True,True,POINT (-78.129884 -7.464332),-78.129884,-7.464332,-78.129884,-7.464332
325.0,06,CAJAMARCA,0610,SAN MARCOS,061004,GREGORIO PITA,0610040029,RIO SECO,0610040029,CAJAMARCA,SAN MARCOS,GREGORIO PITA,RIO SECO,[REGIONAL][CAJAMARCA],NO OPERATIVO,2.0,PAR RÍO SECO,CAJAMARCASAN MARCOSGREGORIO PITA,"Ministerio de Transportes y Comunicaciones (MTC). Programa Nacional de Telecomunicaciones (PRONATEL), febrero de 2022",061004,-78.210576,-7.237586,Point,-78.210576,-7.237586,True,True,POINT (-78.210576 -7.237586),-78.210576,-7.237586,-78.210576,-7.237586
326.0,06,CAJAMARCA,0610,SAN MARCOS,061007,JOSE SABOGAL,0610070001,VENECIA,0610070001,CAJAMARCA,SAN MARCOS,JOSE SABOGAL,VENECIA,[REGIONAL][CAJAMARCA],NO OPERATIVO,2.0,"COMISARIA PNP JOSE SABOGAL ""D""",CAJAMARCASAN MARCOSJOSE SABOGAL,"Ministerio de Transportes y Comunicaciones (MTC). Programa Nacional de Telecomunicaciones (PRONATEL), febrero de 2022",061007,-78.036636,-7.251202,Point,-78.036636,-7.251202,True,True,POINT (-78.036636 -7.251202),-78.036636,-7.251202,-78.036636,-7.251202
327.0,06,CAJAMARCA,0611,SAN MIGUEL,061103,CALQUIS,0611030001,CALQUIS,0611030001,CAJAMARCA,SAN MIGUEL,CALQUIS,CALQUIS,[REGIONAL][CAJAMARCA],NO OPERATIVO,2.0,COMISARIA PNP CALQUIS,CAJAMARCASAN MIGUELCALQUIS,"Ministerio de Transportes y Comunicaciones (MTC). Programa Nacional de Telecomunicaciones (PRONATEL), febrero de 2022",061103,-78.850055,-6.980275,Point,-78.850055,-6.980275,True,True,POINT (-78.850055 -6.980275),-78.850055,-6.980275,-78.850055,-6.980275
328.0,06,CAJAMARCA,0611,SAN MIGUEL,061105,EL PRADO,0611050001,EL PRADO,0611050001,CAJAMARCA,SAN MIGUEL,EL PRADO,EL PRADO,[REGIONAL][CAJAMARCA],NO OPERATIVO,2.0,COMISARIA RURAL PNP EL PRADO,CAJAMARCASAN MIGUELEL PRADO,"Ministerio de Transportes y Comunicaciones (MTC). Programa Nacional de Telecomunicaciones (PRONATEL), febrero de 2022",061105,-79.010709,-7.033656,Point,-79.010709,-7.033656,True,True,POINT (-79.010709 -7.033656),-79.010709,-7.033656,-79.010709,-7.033656
329.0,06,CAJAMARCA,0611,SAN MIGUEL,061106,LA FLORIDA,0611060001,LA FLORIDA,0611060001,CAJAMARCA,SAN MIGUEL,LA FLORIDA,LA FLORIDA,[REGIONAL][CAJAMARCA],NO OPERATIVO,2.0,"COMISARIA PNP LA FLORIDA ""D""",CAJAMARCASAN MIGUELLA FLORIDA,"Ministerio de Transportes y Comunicaciones (MTC). Programa Nacional de Telecomunicaciones (PRONATEL), febrero de 2022",061106,-79.12573,-6.868703,Point,-79.12573,-6.868703,True,True,POINT (-79.12573 -6.868703),-79.12573,-6.868703,-79.12573,-6.868703
330.0,06,CAJAMARCA,0611,SAN MIGUEL,061109,NIEPOS,0611090001,NIEPOS,0611090001,CAJAMARCA,SAN MIGUEL,NIEPOS,NIEPOS,[REGIONAL][CAJAMARCA],NO OPERATIVO,2.0,COMISARIA PNP NIEPOS,CAJAMARCASAN MIGUELNIEPOS,"Ministerio de Transportes y Comunicaciones (MTC). Programa Nacional de Telecomunicaciones (PRONATEL), febrero de 2022",061109,-79.130074,-6.92654,Point,-79.130074,-6.92654,True,True,POINT (-79.130074 -6.92654),-79.130074,-6.92654,-79.130074,-6.92654
331.0,06,CAJAMARCA,0611,SAN MIGUEL,061110,SAN GREGORIO,0611100001,SAN GREGORIO,0611100001,CAJAMARCA,SAN MIGUEL,SAN GREGORIO,SAN GREGORIO,[REGIONAL][CAJAMARCA],NO OPERATIVO,2.0,COMISARIA PNP RURAL SAN GREGORIO,CAJAMARCASAN MIGUELSAN GREGORIO,"Ministerio de Transportes y Comunicaciones (MTC). Programa Nacional de Telecomunicaciones (PRONATEL), febrero de 2022",061110,-79.095228,-7.057048,Point,-79.095228,-7.057048,True,True,POINT (-79.095228 -7.057048),-79.095228,-7.057048,-79.095228,-7.057048
332.0,06,CAJAMARCA,0611,SAN MIGUEL,061112,TONGOD,0611120001,TONGOD,0611120001,CAJAMARCA,SAN MIGUEL,TONGOD,TONGOD,[REGIONAL][CAJAMARCA],NO OPERATIVO,2.0,COMISARIA PNP TONGOD,CAJAMARCASAN MIGUELTONGOD,"Ministerio de Transportes y Comunicaciones (MTC). Programa Nacional de Telecomunicaciones (PRONATEL), febrero de 2022",061112,-78.825022,-6.757489,Point,-78.825022,-6.757489,True,True,POINT (-78.825022 -6.757489),-78.825022,-6.757489,-78.825022,-6.757489
333.0,06,CAJAMARCA,0611,SAN MIGUEL,061113,UNION AGUA BLANCA,0611130001,AGUA BLANCA,0611130001,CAJAMARCA,SAN MIGUEL,UNION AGUA BLANCA,AGUA BLANCA,[REGIONAL][CAJAMARCA],NO OPERATIVO,2.0,COMISARIA RURAL PNP AGUA BLANCA,CAJAMARCASAN MIGUELUNION AGUA BLANCA,"Ministerio de Transportes y Comunicaciones (MTC). Programa Nacional de Telecomunicaciones (PRONATEL), febrero de 2022",061113,-79.060519,-7.046791,Point,-79.060519,-7.046791,True,True,POINT (-79.060519 -7.046791),-79.060519,-7.046791,-79.060519,-7.046791
334.0,06,CAJAMARCA,0611,SAN MIGUEL,061113,UNION AGUA BLANCA,0611130011,LIVES,0611130011,CAJAMARCA,SAN MIGUEL,UNION AGUA BLANCA,LIVES,[REGIONAL][CAJAMARCA],NO OPERATIVO,2.0,PAR PNP LIVES,CAJAMARCASAN MIGUELUNION AGUA BLANCA,"Ministerio de Transportes y Comunicaciones (MTC). Programa Nacional de Telecomunicaciones (PRONATEL), febrero de 2022",061113,-79.04084,-7.079244,Point,-79.04084,-7.079244,True,True,POINT (-79.04084 -7.079244),-79.04084,-7.079244,-79.04084,-7.079244
335.0,06,CAJAMARCA,0612,SAN PABLO,061202,SAN BERNARDINO,0612020001,SAN BERNARDINO,0612020001,CAJAMARCA,SAN PABLO,SAN BERNARDINO,SAN BERNARDINO,[REGIONAL][CAJAMARCA],NO OPERATIVO,2.0,DESTACAMENTO DE PROTECCION DE CARRETERAS SAN PABLO,CAJAMARCASAN PABLOSAN BERNARDINO,"Ministerio de Transportes y Comunicaciones (MTC). Programa Nacional de Telecomunicaciones (PRONATEL), febrero de 2022",061202,-78.829299,-7.168,Point,-78.829299,-7.168,True,True,POINT (-78.829299 -7.168),-78.829299,-7.168,-78.829299,-7.168
336.0,06,CAJAMARCA,0613,SANTA CRUZ,061302,ANDABAMBA,0613020001,ANDABAMBA,0613020001,CAJAMARCA,SANTA CRUZ,ANDABAMBA,ANDABAMBA,[REGIONAL][CAJAMARCA],NO OPERATIVO,2.0,COMISARIA ANDABAMBA,CAJAMARCASANTA CRUZANDABAMBA,"Ministerio de Transportes y Comunicaciones (MTC). Programa Nacional de Telecomunicaciones (PRONATEL), febrero de 2022",061302,-78.816987,-6.66285,Point,-78.816987,-6.66285,True,True,POINT (-78.816987 -6.66285),-78.816987,-6.66285,-78.816987,-6.66285
337.0,06,CAJAMARCA,0613,SANTA CRUZ,061304,CHANCAYBAÑOS,0613040001,CHANCAYBAÑOS,0613040001,CAJAMARCA,SANTA CRUZ,CHANCAYBAÑOS,CHANCAYBAÑOS,[REGIONAL][CAJAMARCA],NO OPERATIVO,2.0,COMISARIA DE CHANCAY BAÑOS,CAJAMARCASANTA CRUZCHANCAYBAÑOS,"Ministerio de Transportes y Comunicaciones (MTC). Programa Nacional de Telecomunicaciones (PRONATEL), febrero de 2022",061304,-78.867509,-6.576101,Point,-78.867509,-6.576101,True,True,POINT (-78.867509 -6.576101),-78.867509,-6.576101,-78.867509,-6.576101
338.0,06,CAJAMARCA,0613,SANTA CRUZ,061306,NINABAMBA,0613060001,NINABAMBA,0613060001,CAJAMARCA,SANTA CRUZ,NINABAMBA,NINABAMBA,[REGIONAL][CAJAMARCA],NO OPERATIVO,2.0,COMISARIA RURAL NINABAMBA,CAJAMARCASANTA CRUZNINABAMBA,"Ministerio de Transportes y Comunicaciones (MTC). Programa Nacional de Telecomunicaciones (PRONATEL), febrero de 2022",061306,-78.787389,-6.649656,Point,-78.787389,-6.649656,True,True,POINT (-78.787389 -6.649656),-78.787389,-6.649656,-78.787389,-6.649656
339.0,06,CAJAMARCA,0613,SANTA CRUZ,061310,UTICYACU,0613100001,UTICYACU,0613100001,CAJAMARCA,SANTA CRUZ,UTICYACU,UTICYACU,[REGIONAL][CAJAMARCA],NO OPERATIVO,2.0,COMISARIA DE UTICYACU,CAJAMARCASANTA CRUZUTICYACU,"Ministerio de Transportes y Comunicaciones (MTC). Programa Nacional de Telecomunicaciones (PRONATEL), febrero de 2022",061310,-78.7939,-6.606764,Point,-78.7939,-6.606764,True,True,POINT (-78.7939 -6.606764),-78.7939,-6.606764,-78.7939,-6.606764
340.0,10,HUANUCO,1002,AMBO,100202,CAYNA,1002020001,CAYNA,1002020001,HUANUCO,AMBO,CAYNA,CAYNA,[REGIONAL][HUANUCO],NO OPERATIVO,2.0,CPNP CAYNA,HUANUCOAMBOCAYNA,"Ministerio de Transportes y Comunicaciones (MTC). Programa Nacional de Telecomunicaciones (PRONATEL), febrero de 2022",100202,-76.388343,-10.272615,Point,-76.388343,-10.272615,True,True,POINT (-76.388343 -10.272615),-76.388343,-10.272615,-76.388343,-10.272615
341.0,10,HUANUCO,1005,HUAMALIES,100507,MONZON,1005070002,CACHICOTO,1005070002,HUANUCO,HUAMALIES,MONZON,CACHICOTO,[REGIONAL][HUANUCO],NO OPERATIVO,2.0,CPNP RURAL CACHICOTO,HUANUCOHUAMALIESMONZON,"Ministerio de Transportes y Comunicaciones (MTC). Programa Nacional de Telecomunicaciones (PRONATEL), febrero de 2022",100507,-76.211623,-9.216379,Point,-76.211623,-9.216379,True,True,POINT (-76.211623 -9.216379),-76.211623,-9.216379,-76.211623,-9.216379
342.0,10,HUANUCO,1005,HUAMALIES,100507,MONZON,1005070049,PALO ACERO,1005070049,HUANUCO,HUAMALIES,MONZON,PALO ACERO,[REGIONAL][HUANUCO],NO OPERATIVO,2.0,CPNP PALO DE ACERO,HUANUCOHUAMALIESMONZON,"Ministerio de Transportes y Comunicaciones (MTC). Programa Nacional de Telecomunicaciones (PRONATEL), febrero de 2022",100507,-76.087267,-9.237992,Point,-76.087267,-9.237992,True,True,POINT (-76.087267 -9.237992),-76.087267,-9.237992,-76.087267,-9.237992
343.0,10,HUANUCO,1005,HUAMALIES,100507,MONZON,1005070014,SAN BENITO,1005070014,HUANUCO,HUAMALIES,MONZON,SAN BENITO,[REGIONAL][HUANUCO],NO OPERATIVO,2.0,CPNP RURAL MONZON,HUANUCOHUAMALIESMONZON,"Ministerio de Transportes y Comunicaciones (MTC). Programa Nacional de Telecomunicaciones (PRONATEL), febrero de 2022",100507,-76.402757,-9.27871,Point,-76.402757,-9.27871,True,True,POINT (-76.402757 -9.27871),-76.402757,-9.27871,-76.402757,-9.27871
344.0,10,HUANUCO,1001,HUANUCO,100103,CHINCHAO,1001030001,ACOMAYO,1001030001,HUANUCO,HUANUCO,CHINCHAO,ACOMAYO,[REGIONAL][HUANUCO],NO OPERATIVO,2.0,CPNP RURAL ACOMAYO,HUANUCOHUANUCOCHINCHAO,"Ministerio de Transportes y Comunicaciones (MTC). Programa Nacional de Telecomunicaciones (PRONATEL), febrero de 2022",100103,-76.070855,-9.801585,Point,-76.070855,-9.801585,True,True,POINT (-76.070855 -9.801585),-76.070855,-9.801585,-76.070855,-9.801585
345.0,10,HUANUCO,1001,HUANUCO,100101,HUANUCO,1001010012,COLPA BAJA,1001010012,HUANUCO,HUANUCO,HUANUCO,COLPA BAJA,[REGIONAL][HUANUCO],NO OPERATIVO,2.0,CPNP AEROPUERTO,HUANUCOHUANUCOHUANUCO,"Ministerio de Transportes y Comunicaciones (MTC). Programa Nacional de Telecomunicaciones (PRONATEL), febrero de 2022",100101,-76.21684,-9.880895,Point,-76.21684,-9.880895,True,True,POINT (-76.21684 -9.880895),-76.21684,-9.880895,-76.21684,-9.880895
346.0,10,HUANUCO,1001,HUANUCO,100105,MARGOS,1001050001,MARGOS,1001050001,HUANUCO,HUANUCO,MARGOS,MARGOS,[REGIONAL][HUANUCO],NO OPERATIVO,2.0,CPNPRURAL MARGOS,HUANUCOHUANUCOMARGOS,"Ministerio de Transportes y Comunicaciones (MTC). Programa Nacional de Telecomunicaciones (PRONATEL), febrero de 2022",100105,-76.523364,-10.005327,Point,-76.523364,-10.005327,True,True,POINT (-76.523364 -10.005327),-76.523364,-10.005327,-76.523364,-10.005327
347.0,10,HUANUCO,1001,HUANUCO,100111,PILLCO MARCA,1001110017,HUANCAN,1001110017,HUANUCO,HUANUCO,PILLCO MARCA,HUANCAN,[REGIONAL][HUANUCO],NO OPERATIVO,2.0,CPNP CAYHUAYNA,HUANUCOHUANUCOPILLCO MARCA,"Ministerio de Transportes y Comunicaciones (MTC). Programa Nacional de Telecomunicaciones (PRONATEL), febrero de 2022",100111,-76.28382,-10.068108,Point,-76.28382,-10.068108,True,True,POINT (-76.28382 -10.068108),-76.28382,-10.068108,-76.28382,-10.068108
348.0,10,HUANUCO,1001,HUANUCO,100108,SAN PEDRO DE CHAULAN,1001080001,CHAULAN,1001080001,HUANUCO,HUANUCO,SAN PEDRO DE CHAULAN,CHAULAN,[REGIONAL][HUANUCO],NO OPERATIVO,2.0,CPNP RURAL SAN PEDRO DE CHAULAN,HUANUCOHUANUCOSAN PEDRO DE CHAULAN,"Ministerio de Transportes y Comunicaciones (MTC). Programa Nacional de Telecomunicaciones (PRONATEL), febrero de 2022",100108,-76.485524,-10.056392,Point,-76.485524,-10.056392,True,True,POINT (-76.485524 -10.056392),-76.485524,-10.056392,-76.485524,-10.056392
349.0,10,HUANUCO,1010,LAURICOCHA,101002,BAÑOS,1010020001,BAÑOS,1010020001,HUANUCO,LAURICOCHA,BAÑOS,BAÑOS,[REGIONAL][HUANUCO],NO OPERATIVO,2.0,CPNP BAÑOS,HUANUCOLAURICOCHABAÑOS,"Ministerio de Transportes y Comunicaciones (MTC). Programa Nacional de Telecomunicaciones (PRONATEL), febrero de 2022",101002,-76.735671,-10.076419,Point,-76.735671,-10.076419,True,True,POINT (-76.735671 -10.076419),-76.735671,-10.076419,-76.735671,-10.076419
350.0,10,HUANUCO,1010,LAURICOCHA,101005,RONDOS,1010050001,RONDOS,1010050001,HUANUCO,LAURICOCHA,RONDOS,RONDOS,[REGIONAL][HUANUCO],NO OPERATIVO,2.0,CPNP RONDOS,HUANUCOLAURICOCHARONDOS,"Ministerio de Transportes y Comunicaciones (MTC). Programa Nacional de Telecomunicaciones (PRONATEL), febrero de 2022",101005,-76.688391,-9.984416,Point,-76.688391,-9.984416,True,True,POINT (-76.688391 -9.984416),-76.688391,-9.984416,-76.688391,-9.984416
351.0,10,HUANUCO,1010,LAURICOCHA,101007,SAN MIGUEL DE CAURI,1010070001,CAURI,1010070001,HUANUCO,LAURICOCHA,SAN MIGUEL DE CAURI,CAURI,[REGIONAL][HUANUCO],NO OPERATIVO,2.0,CPNP SAN MIGUEL DE CAURI,HUANUCOLAURICOCHASAN MIGUEL DE CAURI,"Ministerio de Transportes y Comunicaciones (MTC). Programa Nacional de Telecomunicaciones (PRONATEL), febrero de 2022",101007,-76.62559,-10.142363,Point,-76.62559,-10.142363,True,True,POINT (-76.62559 -10.142363),-76.62559,-10.142363,-76.62559,-10.142363
352.0,10,HUANUCO,1006,LEONCIO PRADO,100601,RUPA-RUPA,1006010040,VENENILLO,1006010040,HUANUCO,LEONCIO PRADO,RUPA-RUPA,VENENILLO,[REGIONAL][HUANUCO],NO OPERATIVO,2.0,CPNP RURAL VENENILLO,HUANUCOLEONCIO PRADORUPA-RUPA,"Ministerio de Transportes y Comunicaciones (MTC). Programa Nacional de Telecomunicaciones (PRONATEL), febrero de 2022",100601,-76.095688,-9.088977,Point,-76.095688,-9.088977,True,True,POINT (-76.095688 -9.088977),-76.095688,-9.088977,-76.095688,-9.088977
353.0,10,HUANUCO,1007,MARAÑON,100705,SANTA ROSA DE ALTO YANAJANCA,1007050001,SANTA ROSA DE ALTO YANAJANCA,1007050001,HUANUCO,MARAÑON,SANTA ROSA DE ALTO YANAJANCA,SANTA ROSA DE ALTO YANAJANCA,[REGIONAL][HUANUCO],NO OPERATIVO,2.0,CPNP YANAJANCA,HUANUCOMARAÑONSANTA ROSA DE ALTO YANAJANCA,"Ministerio de Transportes y Comunicaciones (MTC). Programa Nacional de Telecomunicaciones (PRONATEL), febrero de 2022",100705,-76.314666,-8.652787,Point,-76.314666,-8.652787,True,True,POINT (-76.314666 -8.652787),-76.314666,-8.652787,-76.314666,-8.652787
354.0,11,ICA,1101,ICA,110103,LOS AQUIJES,1101030001,LOS AQUIJES,1101030001,ICA,ICA,LOS AQUIJES,LOS AQUIJES,[REGIONAL][ICA],OPERATIVO,1.0,CPNP LOS AQUIJES,ICAICALOS AQUIJES,"Ministerio de Transportes y Comunicaciones (MTC). Programa Nacional de Telecomunicaciones (PRONATEL), febrero de 2022",110103,-75.690459,-14.096506,Point,-75.690459,-14.096506,True,True,POINT (-75.690459 -14.096506),-75.690459,-14.096506,-75.690459,-14.096506
355.0,11,ICA,1101,ICA,110105,PACHACUTEC,1101050001,PAMPA DE TATE,1101050001,ICA,ICA,PACHACUTEC,PAMPA DE TATE,[REGIONAL][ICA],OPERATIVO,1.0,CPNP PACHACUTEC (HOY TATE),ICAICAPACHACUTEC,"Ministerio de Transportes y Comunicaciones (MTC). Programa Nacional de Telecomunicaciones (PRONATEL), febrero de 2022",110105,-75.691945,-14.151898,Point,-75.691945,-14.151898,True,True,POINT (-75.691945 -14.151898),-75.691945,-14.151898,-75.691945,-14.151898
356.0,11,ICA,1101,ICA,110107,PUEBLO NUEVO,1101070001,PUEBLO NUEVO,1101070001,ICA,ICA,PUEBLO NUEVO,PUEBLO NUEVO,[REGIONAL][ICA],OPERATIVO,1.0,CPNP PUEBLO NUEVO,ICAICAPUEBLO NUEVO,"Ministerio de Transportes y Comunicaciones (MTC). Programa Nacional de Telecomunicaciones (PRONATEL), febrero de 2022",110107,-75.705942,-14.127277,Point,-75.705942,-14.127277,True,True,POINT (-75.705942 -14.127277),-75.705942,-14.127277,-75.705942,-14.127277
357.0,11,ICA,1101,ICA,110109,SAN JOSE DE LOS MOLINOS,1101090001,SAN JOSE DE LOS MOLINOS,1101090001,ICA,ICA,SAN JOSE DE LOS MOLINOS,SAN JOSE DE LOS MOLINOS,[REGIONAL][ICA],OPERATIVO,1.0,CPNP LOS MOLINOS,ICAICASAN JOSE DE LOS MOLINOS,"Ministerio de Transportes y Comunicaciones (MTC). Programa Nacional de Telecomunicaciones (PRONATEL), febrero de 2022",110109,-75.670881,-13.933186,Point,-75.670881,-13.933186,True,True,POINT (-75.670881 -13.933186),-75.670881,-13.933186,-75.670881,-13.933186
358.0,11,ICA,1103,NASCA,110303,EL INGENIO,1103030001,EL INGENIO,1103030001,ICA,NASCA,EL INGENIO,EL INGENIO,[REGIONAL][ICA],OPERATIVO,1.0,CPNP EL INGENIO,ICANASCAEL INGENIO,"Ministerio de Transportes y Comunicaciones (MTC). Programa Nacional de Telecomunicaciones (PRONATEL), febrero de 2022",110303,-75.058199,-14.645378,Point,-75.058199,-14.645378,True,True,POINT (-75.058199 -14.645378),-75.058199,-14.645378,-75.058199,-14.645378
359.0,11,ICA,1105,PISCO,110503,HUMAY,1105030001,HUMAY,1105030001,ICA,PISCO,HUMAY,HUMAY,[REGIONAL][ICA],NO OPERATIVO,2.0,CPNP HUMAY,ICAPISCOHUMAY,"Ministerio de Transportes y Comunicaciones (MTC). Programa Nacional de Telecomunicaciones (PRONATEL), febrero de 2022",110503,-75.886543,-13.722712,Point,-75.886543,-13.722712,True,True,POINT (-75.886543 -13.722712),-75.886543,-13.722712,-75.886543,-13.722712
360.0,11,ICA,1105,PISCO,110503,HUMAY,1105030001,HUMAY,1105030001,ICA,PISCO,HUMAY,HUMAY,[REGIONAL][ICA],NO OPERATIVO,2.0,CPNP PROT. DE CARRETERAS HUMAY,ICAPISCOHUMAY,"Ministerio de Transportes y Comunicaciones (MTC). Programa Nacional de Telecomunicaciones (PRONATEL), febrero de 2022",110503,-75.886543,-13.722712,Point,-75.886543,-13.722712,True,True,POINT (-75.886543 -13.722712),-75.886543,-13.722712,-75.886543,-13.722712
361.0,11,ICA,1105,PISCO,110504,INDEPENDENCIA,1105040001,INDEPENDENCIA,1105040001,ICA,PISCO,INDEPENDENCIA,INDEPENDENCIA,[REGIONAL][ICA],NO OPERATIVO,2.0,CPNP INDEPENDENCIA,ICAPISCOINDEPENDENCIA,"Ministerio de Transportes y Comunicaciones (MTC). Programa Nacional de Telecomunicaciones (PRONATEL), febrero de 2022",110504,-76.024759,-13.693901,Point,-76.024759,-13.693901,True,True,POINT (-76.024759 -13.693901),-76.024759,-13.693901,-76.024759,-13.693901
362.0,12,JUNIN,1203,CHANCHAMAYO,120304,SAN LUIS DE SHUARO,1203040001,SAN LUIS DE SHUARO,1203040001,JUNIN,CHANCHAMAYO,SAN LUIS DE SHUARO,SAN LUIS DE SHUARO,[REGIONAL][JUNIN],OPERATIVO,1.0,CPNP SAN LUIS DE SHUARO,JUNINCHANCHAMAYOSAN LUIS DE SHUARO,"Ministerio de Transportes y Comunicaciones (MTC). Programa Nacional de Telecomunicaciones (PRONATEL), febrero de 2022",120304,-75.287267,-10.888462,Point,-75.287267,-10.888462,True,True,POINT (-75.287267 -10.888462),-75.287267,-10.888462,-75.287267,-10.888462
363.0,12,JUNIN,1202,CONCEPCION,120206,COMAS,1202060001,COMAS,1202060001,JUNIN,CONCEPCION,COMAS,COMAS,[REGIONAL][JUNIN],NO OPERATIVO,2.0,CPNP RURAL COMAS,JUNINCONCEPCIONCOMAS,"Ministerio de Transportes y Comunicaciones (MTC). Programa Nacional de Telecomunicaciones (PRONATEL), febrero de 2022",120206,-75.081799,-11.717744,Point,-75.081799,-11.717744,True,True,POINT (-75.081799 -11.717744),-75.081799,-11.717744,-75.081799,-11.717744
364.0,12,JUNIN,1202,CONCEPCION,120213,ORCOTUNA,1202130001,ORCOTUNA,1202130001,JUNIN,CONCEPCION,ORCOTUNA,ORCOTUNA,[REGIONAL][JUNIN],OPERATIVO,1.0,CPNP RURAL ORCOTUNA,JUNINCONCEPCIONORCOTUNA,"Ministerio de Transportes y Comunicaciones (MTC). Programa Nacional de Telecomunicaciones (PRONATEL), febrero de 2022",120213,-75.30746,-11.967087,Point,-75.30746,-11.967087,True,True,POINT (-75.30746 -11.967087),-75.30746,-11.967087,-75.30746,-11.967087
365.0,12,JUNIN,1201,HUANCAYO,120108,CHONGOS ALTO,1201080001,CHONGOS ALTO,1201080001,JUNIN,HUANCAYO,CHONGOS ALTO,CHONGOS ALTO,[REGIONAL][JUNIN],NO OPERATIVO,2.0,CPNP CHONGOS ALTO,JUNINHUANCAYOCHONGOS ALTO,"Ministerio de Transportes y Comunicaciones (MTC). Programa Nacional de Telecomunicaciones (PRONATEL), febrero de 2022",120108,-75.289131,-12.311549,Point,-75.289131,-12.311549,True,True,POINT (-75.289131 -12.311549),-75.289131,-12.311549,-75.289131,-12.311549
366.0,12,JUNIN,1204,JAUJA,120403,APATA,1204030001,APATA,1204030001,JUNIN,JAUJA,APATA,APATA,[REGIONAL][JUNIN],OPERATIVO,1.0,CPNP RURAL APATA,JUNINJAUJAAPATA,"Ministerio de Transportes y Comunicaciones (MTC). Programa Nacional de Telecomunicaciones (PRONATEL), febrero de 2022",120403,-75.35435,-11.855249,Point,-75.35435,-11.855249,True,True,POINT (-75.35435 -11.855249),-75.35435,-11.855249,-75.35435,-11.855249
367.0,12,JUNIN,1204,JAUJA,120431,SINCOS,1204310001,SINCOS,1204310001,JUNIN,JAUJA,SINCOS,SINCOS,[REGIONAL][JUNIN],OPERATIVO,1.0,CPNP RURAL SINCOS,JUNINJAUJASINCOS,"Ministerio de Transportes y Comunicaciones (MTC). Programa Nacional de Telecomunicaciones (PRONATEL), febrero de 2022",120431,-75.387009,-11.891252,Point,-75.387009,-11.891252,True,True,POINT (-75.387009 -11.891252),-75.387009,-11.891252,-75.387009,-11.891252
368.0,12,JUNIN,1205,JUNIN,120504,ULCUMAYO,1205040001,ULCUMAYO,1205040001,JUNIN,JUNIN,ULCUMAYO,ULCUMAYO,[REGIONAL][JUNIN],OPERATIVO,1.0,CPNP ULCUMAYO,JUNINJUNINULCUMAYO,"Ministerio de Transportes y Comunicaciones (MTC). Programa Nacional de Telecomunicaciones (PRONATEL), febrero de 2022",120504,-75.878107,-10.967466,Point,-75.878107,-10.967466,True,True,POINT (-75.878107 -10.967466),-75.878107,-10.967466,-75.878107,-10.967466
369.0,12,JUNIN,1206,SATIPO,120604,MAZAMARI,1206040001,MAZAMARI,1206040001,JUNIN,SATIPO,MAZAMARI,MAZAMARI,[REGIONAL][JUNIN],NO OPERATIVO,2.0,CPNP RURAL MAZAMARI,JUNINSATIPOMAZAMARI,"Ministerio de Transportes y Comunicaciones (MTC). Programa Nacional de Telecomunicaciones (PRONATEL), febrero de 2022",120604,-74.530193,-11.325033,Point,-74.530193,-11.325033,True,True,POINT (-74.530193 -11.325033),-74.530193,-11.325033,-74.530193,-11.325033
370.0,12,JUNIN,1206,SATIPO,120606,PANGOA,1206060001,SAN MARTIN DE PANGOA,1206060001,JUNIN,SATIPO,PANGOA,SAN MARTIN DE PANGOA,[REGIONAL][JUNIN],OPERATIVO,1.0,CPNP RURAL SAN MARTIN DE PANGOA,JUNINSATIPOPANGOA,"Ministerio de Transportes y Comunicaciones (MTC). Programa Nacional de Telecomunicaciones (PRONATEL), febrero de 2022",120606,-74.488912,-11.428295,Point,-74.488912,-11.428295,True,True,POINT (-74.488912 -11.428295),-74.488912,-11.428295,-74.488912,-11.428295
371.0,12,JUNIN,1207,TARMA,120704,HUASAHUASI,1207040001,HUASAHUASI,1207040001,JUNIN,TARMA,HUASAHUASI,HUASAHUASI,[REGIONAL][JUNIN],OPERATIVO,1.0,CPNP RURAL HUASAHUASI,JUNINTARMAHUASAHUASI,"Ministerio de Transportes y Comunicaciones (MTC). Programa Nacional de Telecomunicaciones (PRONATEL), febrero de 2022",120704,-75.65018,-11.265084,Point,-75.65018,-11.265084,True,True,POINT (-75.65018 -11.265084),-75.65018,-11.265084,-75.65018,-11.265084
372.0,12,JUNIN,1207,TARMA,120706,PALCA,1207060001,PALCA,1207060001,JUNIN,TARMA,PALCA,PALCA,[REGIONAL][JUNIN],NO OPERATIVO,2.0,CPNP PROT. DE CARRETERAS PALCA,JUNINTARMAPALCA,"Ministerio de Transportes y Comunicaciones (MTC). Programa Nacional de Telecomunicaciones (PRONATEL), febrero de 2022",120706,-75.568521,-11.346005,Point,-75.568521,-11.346005,True,True,POINT (-75.568521 -11.346005),-75.568521,-11.346005,-75.568521,-11.346005
373.0,12,JUNIN,1207,TARMA,120706,PALCA,1207060001,PALCA,1207060001,JUNIN,TARMA,PALCA,PALCA,[REGIONAL][JUNIN],NO OPERATIVO,2.0,CPNP RURAL PALCA,JUNINTARMAPALCA,"Ministerio de Transportes y Comunicaciones (MTC). Programa Nacional de Telecomunicaciones (PRONATEL), febrero de 2022",120706,-75.568521,-11.346005,Point,-75.568521,-11.346005,True,True,POINT (-75.568521 -11.346005),-75.568521,-11.346005,-75.568521,-11.346005
374.0,13,LA LIBERTAD,1302,ASCOPE,130204,MAGDALENA DE CAO,1302040001,MAGDALENA DE CAO,1302040001,LA LIBERTAD,ASCOPE,MAGDALENA DE CAO,MAGDALENA DE CAO,[REGIONAL][LA LIBERTAD],NO OPERATIVO,2.0,CPNP RURAL MAGDALENA DE CAO,LA LIBERTADASCOPEMAGDALENA DE CAO,"Ministerio de Transportes y Comunicaciones (MTC). Programa Nacional de Telecomunicaciones (PRONATEL), febrero de 2022",130204,-79.295971,-7.876393,Point,-79.295971,-7.876393,True,True,POINT (-79.295971 -7.876393),-79.295971,-7.876393,-79.295971,-7.876393
375.0,13,LA LIBERTAD,1303,BOLIVAR,130302,BAMBAMARCA,1303020001,BAMBAMARCA,1303020001,LA LIBERTAD,BOLIVAR,BAMBAMARCA,BAMBAMARCA,[REGIONAL][LA LIBERTAD],NO OPERATIVO,2.0,PNP - BAMBAMARCA,LA LIBERTADBOLIVARBAMBAMARCA,"Ministerio de Transportes y Comunicaciones (MTC). Programa Nacional de Telecomunicaciones (PRONATEL), febrero de 2022",130302,-77.693025,-7.439773,Point,-77.693025,-7.439773,True,True,POINT (-77.693025 -7.439773),-77.693025,-7.439773,-77.693025,-7.439773
376.0,13,LA LIBERTAD,1303,BOLIVAR,130305,UCHUMARCA,1303050001,UCHUMARCA,1303050001,LA LIBERTAD,BOLIVAR,UCHUMARCA,UCHUMARCA,[REGIONAL][LA LIBERTAD],NO OPERATIVO,2.0,CPNP RURAL UCHUMARCA,LA LIBERTADBOLIVARUCHUMARCA,"Ministerio de Transportes y Comunicaciones (MTC). Programa Nacional de Telecomunicaciones (PRONATEL), febrero de 2022",130305,-77.805511,-7.047211,Point,-77.805511,-7.047211,True,True,POINT (-77.805511 -7.047211),-77.805511,-7.047211,-77.805511,-7.047211
377.0,13,LA LIBERTAD,1304,CHEPEN,130401,CHEPEN,1304010012,TALAMBO,1304010012,LA LIBERTAD,CHEPEN,CHEPEN,TALAMBO,[REGIONAL][LA LIBERTAD],NO OPERATIVO,2.0,CPNP RURAL TALAMBO,LA LIBERTADCHEPENCHEPEN,"Ministerio de Transportes y Comunicaciones (MTC). Programa Nacional de Telecomunicaciones (PRONATEL), febrero de 2022",130401,-79.400154,-7.242142,Point,-79.400154,-7.242142,True,True,POINT (-79.400154 -7.242142),-79.400154,-7.242142,-79.400154,-7.242142
378.0,13,LA LIBERTAD,1311,GRAN CHIMU,131102,LUCMA,1311020001,LUCMA,1311020001,LA LIBERTAD,GRAN CHIMU,LUCMA,LUCMA,[REGIONAL][LA LIBERTAD],NO OPERATIVO,2.0,CPNP RURAL LUCMA,LA LIBERTADGRAN CHIMULUCMA,"Ministerio de Transportes y Comunicaciones (MTC). Programa Nacional de Telecomunicaciones (PRONATEL), febrero de 2022",131102,-78.552357,-7.64069,Point,-78.552357,-7.64069,True,True,POINT (-78.552357 -7.64069),-78.552357,-7.64069,-78.552357,-7.64069
379.0,13,LA LIBERTAD,1311,GRAN CHIMU,131103,MARMOT,1311030001,COMPIN,1311030001,LA LIBERTAD,GRAN CHIMU,MARMOT,COMPIN,[REGIONAL][LA LIBERTAD],NO OPERATIVO,2.0,CPNP RURAL COMPIN,LA LIBERTADGRAN CHIMUMARMOT,"Ministerio de Transportes y Comunicaciones (MTC). Programa Nacional de Telecomunicaciones (PRONATEL), febrero de 2022",131103,-78.626076,-7.698442,Point,-78.626076,-7.698442,True,True,POINT (-78.626076 -7.698442),-78.626076,-7.698442,-78.626076,-7.698442
380.0,13,LA LIBERTAD,1311,GRAN CHIMU,131104,SAYAPULLO,1311040001,SAYAPULLO,1311040001,LA LIBERTAD,GRAN CHIMU,SAYAPULLO,SAYAPULLO,[REGIONAL][LA LIBERTAD],NO OPERATIVO,2.0,CPNP RURAL SAYAPULLO,LA LIBERTADGRAN CHIMUSAYAPULLO,"Ministerio de Transportes y Comunicaciones (MTC). Programa Nacional de Telecomunicaciones (PRONATEL), febrero de 2022",131104,-78.465031,-7.595699,Point,-78.465031,-7.595699,True,True,POINT (-78.465031 -7.595699),-78.465031,-7.595699,-78.465031,-7.595699
381.0,13,LA LIBERTAD,1305,JULCAN,130503,CARABAMBA,1305030001,CARABAMBA,1305030001,LA LIBERTAD,JULCAN,CARABAMBA,CARABAMBA,[REGIONAL][LA LIBERTAD],NO OPERATIVO,2.0,CPNP RURAL CARABAMBA,LA LIBERTADJULCANCARABAMBA,"Ministerio de Transportes y Comunicaciones (MTC). Programa Nacional de Telecomunicaciones (PRONATEL), febrero de 2022",130503,-78.607434,-8.11249,Point,-78.607434,-8.11249,True,True,POINT (-78.607434 -8.11249),-78.607434,-8.11249,-78.607434,-8.11249
382.0,13,LA LIBERTAD,1306,OTUZCO,130602,AGALLPAMPA,1306020001,AGALLPAMPA,1306020001,LA LIBERTAD,OTUZCO,AGALLPAMPA,AGALLPAMPA,[REGIONAL][LA LIBERTAD],NO OPERATIVO,2.0,CPNP RURAL AGALLPAMPA,LA LIBERTADOTUZCOAGALLPAMPA,"Ministerio de Transportes y Comunicaciones (MTC). Programa Nacional de Telecomunicaciones (PRONATEL), febrero de 2022",130602,-78.546629,-7.981952,Point,-78.546629,-7.981952,True,True,POINT (-78.546629 -7.981952),-78.546629,-7.981952,-78.546629,-7.981952
383.0,13,LA LIBERTAD,1306,OTUZCO,130604,CHARAT,1306040005,CALLANCAS,1306040005,LA LIBERTAD,OTUZCO,CHARAT,CALLANCAS,[REGIONAL][LA LIBERTAD],NO OPERATIVO,2.0,CPNP RURAL CALLANCAS,LA LIBERTADOTUZCOCHARAT,"Ministerio de Transportes y Comunicaciones (MTC). Programa Nacional de Telecomunicaciones (PRONATEL), febrero de 2022",130604,-78.481745,-7.764968,Point,-78.481745,-7.764968,True,True,POINT (-78.481745 -7.764968),-78.481745,-7.764968,-78.481745,-7.764968
384.0,13,LA LIBERTAD,1306,OTUZCO,130604,CHARAT,1306040001,CHARAT,1306040001,LA LIBERTAD,OTUZCO,CHARAT,CHARAT,[REGIONAL][LA LIBERTAD],NO OPERATIVO,2.0,CPNP RURAL CHARAT,LA LIBERTADOTUZCOCHARAT,"Ministerio de Transportes y Comunicaciones (MTC). Programa Nacional de Telecomunicaciones (PRONATEL), febrero de 2022",130604,-78.447945,-7.823854,Point,-78.447945,-7.823854,True,True,POINT (-78.447945 -7.823854),-78.447945,-7.823854,-78.447945,-7.823854
385.0,13,LA LIBERTAD,1306,OTUZCO,130605,HUARANCHAL,1306050001,HUARANCHAL,1306050001,LA LIBERTAD,OTUZCO,HUARANCHAL,HUARANCHAL,[REGIONAL][LA LIBERTAD],NO OPERATIVO,2.0,CPNP RURAL HUARANCHAL,LA LIBERTADOTUZCOHUARANCHAL,"Ministerio de Transportes y Comunicaciones (MTC). Programa Nacional de Telecomunicaciones (PRONATEL), febrero de 2022",130605,-78.442466,-7.689585,Point,-78.442466,-7.689585,True,True,POINT (-78.442466 -7.689585),-78.442466,-7.689585,-78.442466,-7.689585
386.0,13,LA LIBERTAD,1306,OTUZCO,130608,MACHE,1306080001,MACHE,1306080001,LA LIBERTAD,OTUZCO,MACHE,MACHE,[REGIONAL][LA LIBERTAD],NO OPERATIVO,2.0,CPNP RURAL MACHE,LA LIBERTADOTUZCOMACHE,"Ministerio de Transportes y Comunicaciones (MTC). Programa Nacional de Telecomunicaciones (PRONATEL), febrero de 2022",130608,-78.535105,-8.029198,Point,-78.535105,-8.029198,True,True,POINT (-78.535105 -8.029198),-78.535105,-8.029198,-78.535105,-8.029198
387.0,13,LA LIBERTAD,1306,OTUZCO,130611,SALPO,1306110001,SALPO,1306110001,LA LIBERTAD,OTUZCO,SALPO,SALPO,[REGIONAL][LA LIBERTAD],NO OPERATIVO,2.0,CPNP SALPO,LA LIBERTADOTUZCOSALPO,"Ministerio de Transportes y Comunicaciones (MTC). Programa Nacional de Telecomunicaciones (PRONATEL), febrero de 2022",130611,-78.604179,-8.003069,Point,-78.604179,-8.003069,True,True,POINT (-78.604179 -8.003069),-78.604179,-8.003069,-78.604179,-8.003069
388.0,13,LA LIBERTAD,1306,OTUZCO,130613,SINSICAP,1306130001,SINSICAP,1306130001,LA LIBERTAD,OTUZCO,SINSICAP,SINSICAP,[REGIONAL][LA LIBERTAD],NO OPERATIVO,2.0,CPNP RURAL SINSICAP,LA LIBERTADOTUZCOSINSICAP,"Ministerio de Transportes y Comunicaciones (MTC). Programa Nacional de Telecomunicaciones (PRONATEL), febrero de 2022",130613,-78.754231,-7.851528,Point,-78.754231,-7.851528,True,True,POINT (-78.754231 -7.851528),-78.754231,-7.851528,-78.754231,-7.851528
389.0,13,LA LIBERTAD,1306,OTUZCO,130614,USQUIL,1306140001,USQUIL,1306140001,LA LIBERTAD,OTUZCO,USQUIL,USQUIL,[REGIONAL][LA LIBERTAD],NO OPERATIVO,2.0,CPNP RURAL USQUIL,LA LIBERTADOTUZCOUSQUIL,"Ministerio de Transportes y Comunicaciones (MTC). Programa Nacional de Telecomunicaciones (PRONATEL), febrero de 2022",130614,-78.416717,-7.815248,Point,-78.416717,-7.815248,True,True,POINT (-78.416717 -7.815248),-78.416717,-7.815248,-78.416717,-7.815248
390.0,13,LA LIBERTAD,1308,PATAZ,130803,CHILLIA,1308030001,CHILLIA,1308030001,LA LIBERTAD,PATAZ,CHILLIA,CHILLIA,[REGIONAL][LA LIBERTAD],NO OPERATIVO,2.0,CPNP RURAL CHILLIA,LA LIBERTADPATAZCHILLIA,"Ministerio de Transportes y Comunicaciones (MTC). Programa Nacional de Telecomunicaciones (PRONATEL), febrero de 2022",130803,-77.515102,-8.124507,Point,-77.515102,-8.124507,True,True,POINT (-77.515102 -8.124507),-77.515102,-8.124507,-77.515102,-8.124507
391.0,13,LA LIBERTAD,1308,PATAZ,130808,PARCOY,1308080047,LLACUABAMBA,1308080047,LA LIBERTAD,PATAZ,PARCOY,LLACUABAMBA,[REGIONAL][LA LIBERTAD],NO OPERATIVO,2.0,CPNP RURAL LLACUABAMBA,LA LIBERTADPATAZPARCOY,"Ministerio de Transportes y Comunicaciones (MTC). Programa Nacional de Telecomunicaciones (PRONATEL), febrero de 2022",130808,-77.457189,-8.033598,Point,-77.457189,-8.033598,True,True,POINT (-77.457189 -8.033598),-77.457189,-8.033598,-77.457189,-8.033598
392.0,13,LA LIBERTAD,1308,PATAZ,130808,PARCOY,1308080034,RETAMAS,1308080034,LA LIBERTAD,PATAZ,PARCOY,RETAMAS,[REGIONAL][LA LIBERTAD],NO OPERATIVO,2.0,CPNP RURAL RETAMAS,LA LIBERTADPATAZPARCOY,"Ministerio de Transportes y Comunicaciones (MTC). Programa Nacional de Telecomunicaciones (PRONATEL), febrero de 2022",130808,-77.475564,-8.020794,Point,-77.475564,-8.020794,True,True,POINT (-77.475564 -8.020794),-77.475564,-8.020794,-77.475564,-8.020794
393.0,13,LA LIBERTAD,1308,PATAZ,130809,PATAZ,1308090023,VIJUS,1308090023,LA LIBERTAD,PATAZ,PATAZ,VIJUS,[REGIONAL][LA LIBERTAD],NO OPERATIVO,2.0,CPNP RURAL VIJUS,LA LIBERTADPATAZPATAZ,"Ministerio de Transportes y Comunicaciones (MTC). Programa Nacional de Telecomunicaciones (PRONATEL), febrero de 2022",130809,-77.663499,-7.719506,Point,-77.663499,-7.719506,True,True,POINT (-77.663499 -7.719506),-77.663499,-7.719506,-77.663499,-7.719506
394.0,13,LA LIBERTAD,1309,SANCHEZ CARRION,130904,CURGOS,1309040001,CURGOS,1309040001,LA LIBERTAD,SANCHEZ CARRION,CURGOS,CURGOS,[REGIONAL][LA LIBERTAD],NO OPERATIVO,2.0,CPNP RURAL CURGOS,LA LIBERTADSANCHEZ CARRIONCURGOS,"Ministerio de Transportes y Comunicaciones (MTC). Programa Nacional de Telecomunicaciones (PRONATEL), febrero de 2022",130904,-77.943758,-7.85992,Point,-77.943758,-7.85992,True,True,POINT (-77.943758 -7.85992),-77.943758,-7.85992,-77.943758,-7.85992
395.0,13,LA LIBERTAD,1309,SANCHEZ CARRION,130907,SARIN,1309070001,SARIN,1309070001,LA LIBERTAD,SANCHEZ CARRION,SARIN,SARIN,[REGIONAL][LA LIBERTAD],NO OPERATIVO,2.0,CPNP RURAL SARIN,LA LIBERTADSANCHEZ CARRIONSARIN,"Ministerio de Transportes y Comunicaciones (MTC). Programa Nacional de Telecomunicaciones (PRONATEL), febrero de 2022",130907,-77.906021,-7.911282,Point,-77.906021,-7.911282,True,True,POINT (-77.906021 -7.911282),-77.906021,-7.911282,-77.906021,-7.911282
396.0,13,LA LIBERTAD,1310,SANTIAGO DE CHUCO,131002,ANGASMARCA,1310020001,ANGASMARCA,1310020001,LA LIBERTAD,SANTIAGO DE CHUCO,ANGASMARCA,ANGASMARCA,[REGIONAL][LA LIBERTAD],NO OPERATIVO,2.0,CPNP RURAL ANGASMARCA,LA LIBERTADSANTIAGO DE CHUCOANGASMARCA,"Ministerio de Transportes y Comunicaciones (MTC). Programa Nacional de Telecomunicaciones (PRONATEL), febrero de 2022",131002,-78.055877,-8.132729,Point,-78.055877,-8.132729,True,True,POINT (-78.055877 -8.132729),-78.055877,-8.132729,-78.055877,-8.132729
397.0,13,LA LIBERTAD,1310,SANTIAGO DE CHUCO,131003,CACHICADAN,1310030001,CACHICADAN,1310030001,LA LIBERTAD,SANTIAGO DE CHUCO,CACHICADAN,CACHICADAN,[REGIONAL][LA LIBERTAD],NO OPERATIVO,2.0,CPNP RURAL CACHICADAN,LA LIBERTADSANTIAGO DE CHUCOCACHICADAN,"Ministerio de Transportes y Comunicaciones (MTC). Programa Nacional de Telecomunicaciones (PRONATEL), febrero de 2022",131003,-78.148949,-8.094422,Point,-78.148949,-8.094422,True,True,POINT (-78.148949 -8.094422),-78.148949,-8.094422,-78.148949,-8.094422
398.0,13,LA LIBERTAD,1310,SANTIAGO DE CHUCO,131006,QUIRUVILCA,1310060021,SHOREY GRANDE,1310060021,LA LIBERTAD,SANTIAGO DE CHUCO,QUIRUVILCA,SHOREY GRANDE,[REGIONAL][LA LIBERTAD],NO OPERATIVO,2.0,CPNP RURAL SHOREY,LA LIBERTADSANTIAGO DE CHUCOQUIRUVILCA,"Ministerio de Transportes y Comunicaciones (MTC). Programa Nacional de Telecomunicaciones (PRONATEL), febrero de 2022",131006,-78.331646,-8.012526,Point,-78.331646,-8.012526,True,True,POINT (-78.331646 -8.012526),-78.331646,-8.012526,-78.331646,-8.012526
399.0,13,LA LIBERTAD,1310,SANTIAGO DE CHUCO,131006,QUIRUVILCA,1310060021,SHOREY GRANDE,1310060021,LA LIBERTAD,SANTIAGO DE CHUCO,QUIRUVILCA,SHOREY GRANDE,[REGIONAL][LA LIBERTAD],NO OPERATIVO,2.0,CPNP PROT. DE CARRETERAS SHOREY,LA LIBERTADSANTIAGO DE CHUCOQUIRUVILCA,"Ministerio de Transportes y Comunicaciones (MTC). Programa Nacional de Telecomunicaciones (PRONATEL), febrero de 2022",131006,-78.331646,-8.012526,Point,-78.331646,-8.012526,True,True,POINT (-78.331646 -8.012526),-78.331646,-8.012526,-78.331646,-8.012526
400.0,13,LA LIBERTAD,1301,TRUJILLO,130108,POROTO,1301080001,POROTO,1301080001,LA LIBERTAD,TRUJILLO,POROTO,POROTO,[REGIONAL][LA LIBERTAD],NO OPERATIVO,2.0,CPNP POROTO,LA LIBERTADTRUJILLOPOROTO,"Ministerio de Transportes y Comunicaciones (MTC). Programa Nacional de Telecomunicaciones (PRONATEL), febrero de 2022",130108,-78.76788,-8.011354,Point,-78.76788,-8.011354,True,True,POINT (-78.76788 -8.011354),-78.76788,-8.011354,-78.76788,-8.011354
401.0,13,LA LIBERTAD,1312,VIRU,131202,CHAO,1312020001,CHAO,1312020001,LA LIBERTAD,VIRU,CHAO,CHAO,[REGIONAL][LA LIBERTAD],NO OPERATIVO,2.0,CPNP RURAL CHAO,LA LIBERTADVIRUCHAO,"Ministerio de Transportes y Comunicaciones (MTC). Programa Nacional de Telecomunicaciones (PRONATEL), febrero de 2022",131202,-78.678809,-8.540451,Point,-78.678809,-8.540451,True,True,POINT (-78.678809 -8.540451),-78.678809,-8.540451,-78.678809,-8.540451
402.0,13,LA LIBERTAD,1312,VIRU,131203,GUADALUPITO,1312030001,GUADALUPITO,1312030001,LA LIBERTAD,VIRU,GUADALUPITO,GUADALUPITO,[REGIONAL][LA LIBERTAD],NO OPERATIVO,2.0,CPNP RURAL GUADALUPITO,LA LIBERTADVIRUGUADALUPITO,"Ministerio de Transportes y Comunicaciones (MTC). Programa Nacional de Telecomunicaciones (PRONATEL), febrero de 2022",131203,-78.624739,-8.95156,Point,-78.624739,-8.95156,True,True,POINT (-78.624739 -8.95156),-78.624739,-8.95156,-78.624739,-8.95156
403.0,13,LA LIBERTAD,1312,VIRU,131201,VIRU,1312010024,VICTOR RAUL,1312010024,LA LIBERTAD,VIRU,VIRU,VICTOR RAUL,[REGIONAL][LA LIBERTAD],NO OPERATIVO,2.0,CPNP RURAL VICTOR RAUL HAYA DE LA TORRE,LA LIBERTADVIRUVIRU,"Ministerio de Transportes y Comunicaciones (MTC). Programa Nacional de Telecomunicaciones (PRONATEL), febrero de 2022",131201,-78.822187,-8.405087,Point,-78.822187,-8.405087,True,True,POINT (-78.822187 -8.405087),-78.822187,-8.405087,-78.822187,-8.405087
404.0,18,MOQUEGUA,1802,GENERAL SANCHEZ CERRO,180202,CHOJATA,1802020001,CHOJATA,1802020001,MOQUEGUA,GENERAL SANCHEZ CERRO,CHOJATA,CHOJATA,[REGIONAL][MOQUEGUA],OPERATIVO,1.0,CPNP CHOJATA,MOQUEGUAGENERAL SANCHEZ CERROCHOJATA,"Ministerio de Transportes y Comunicaciones (MTC). Programa Nacional de Telecomunicaciones (PRONATEL), febrero de 2022",180202,-70.730147,-16.388412,Point,-70.730147,-16.388412,True,True,POINT (-70.730147 -16.388412),-70.730147,-16.388412,-70.730147,-16.388412
405.0,18,MOQUEGUA,1802,GENERAL SANCHEZ CERRO,180204,ICHUÑA,1802040001,ICHUÑA,1802040001,MOQUEGUA,GENERAL SANCHEZ CERRO,ICHUÑA,ICHUÑA,[REGIONAL][MOQUEGUA],OPERATIVO,1.0,CPNP ICHUÑA,MOQUEGUAGENERAL SANCHEZ CERROICHUÑA,"Ministerio de Transportes y Comunicaciones (MTC). Programa Nacional de Telecomunicaciones (PRONATEL), febrero de 2022",180204,-70.535558,-16.140643,Point,-70.535558,-16.140643,True,True,POINT (-70.535558 -16.140643),-70.535558,-16.140643,-70.535558,-16.140643
406.0,18,MOQUEGUA,1802,GENERAL SANCHEZ CERRO,180208,PUQUINA,1802080001,PUQUINA,1802080001,MOQUEGUA,GENERAL SANCHEZ CERRO,PUQUINA,PUQUINA,[REGIONAL][MOQUEGUA],OPERATIVO,1.0,CPNP PUQUINA,MOQUEGUAGENERAL SANCHEZ CERROPUQUINA,"Ministerio de Transportes y Comunicaciones (MTC). Programa Nacional de Telecomunicaciones (PRONATEL), febrero de 2022",180208,-71.184016,-16.625356,Point,-71.184016,-16.625356,True,True,POINT (-71.184016 -16.625356),-71.184016,-16.625356,-71.184016,-16.625356
407.0,18,MOQUEGUA,1802,GENERAL SANCHEZ CERRO,180209,QUINISTAQUILLAS,1802090001,QUINISTAQUILLAS,1802090001,MOQUEGUA,GENERAL SANCHEZ CERRO,QUINISTAQUILLAS,QUINISTAQUILLAS,[REGIONAL][MOQUEGUA],OPERATIVO,1.0,CPNP QUINISTAQUILLAS,MOQUEGUAGENERAL SANCHEZ CERROQUINISTAQUILLAS,"Ministerio de Transportes y Comunicaciones (MTC). Programa Nacional de Telecomunicaciones (PRONATEL), febrero de 2022",180209,-70.880236,-16.748951,Point,-70.880236,-16.748951,True,True,POINT (-70.880236 -16.748951),-70.880236,-16.748951,-70.880236,-16.748951
408.0,18,MOQUEGUA,1802,GENERAL SANCHEZ CERRO,180210,UBINAS,1802100001,UBINAS,1802100001,MOQUEGUA,GENERAL SANCHEZ CERRO,UBINAS,UBINAS,[REGIONAL][MOQUEGUA],OPERATIVO,1.0,CPNP UBINAS,MOQUEGUAGENERAL SANCHEZ CERROUBINAS,"Ministerio de Transportes y Comunicaciones (MTC). Programa Nacional de Telecomunicaciones (PRONATEL), febrero de 2022",180210,-70.85567,-16.386528,Point,-70.85567,-16.386528,True,True,POINT (-70.85567 -16.386528),-70.85567,-16.386528,-70.85567,-16.386528
409.0,18,MOQUEGUA,1803,ILO,180302,EL ALGARROBAL,1803020001,EL ALGARROBAL,1803020001,MOQUEGUA,ILO,EL ALGARROBAL,EL ALGARROBAL,[REGIONAL][MOQUEGUA],OPERATIVO,1.0,CPNP EL ALGARROBAL,MOQUEGUAILOEL ALGARROBAL,"Ministerio de Transportes y Comunicaciones (MTC). Programa Nacional de Telecomunicaciones (PRONATEL), febrero de 2022",180302,-71.268364,-17.622673,Point,-71.268364,-17.622673,True,True,POINT (-71.268364 -17.622673),-71.268364,-17.622673,-71.268364,-17.622673
410.0,18,MOQUEGUA,1801,MARISCAL NIETO,180102,CARUMAS,1801020001,CARUMAS,1801020001,MOQUEGUA,MARISCAL NIETO,CARUMAS,CARUMAS,[REGIONAL][MOQUEGUA],OPERATIVO,1.0,CPNP CARUMAS,MOQUEGUAMARISCAL NIETOCARUMAS,"Ministerio de Transportes y Comunicaciones (MTC). Programa Nacional de Telecomunicaciones (PRONATEL), febrero de 2022",180102,-70.694637,-16.809128,Point,-70.694637,-16.809128,True,True,POINT (-70.694637 -16.809128),-70.694637,-16.809128,-70.694637,-16.809128
411.0,18,MOQUEGUA,1801,MARISCAL NIETO,180101,MOQUEGUA,1801010005,LOS ANGELES,1801010005,MOQUEGUA,MARISCAL NIETO,MOQUEGUA,LOS ANGELES,[REGIONAL][MOQUEGUA],OPERATIVO,1.0,CPNP LOS ANGELES,MOQUEGUAMARISCAL NIETOMOQUEGUA,"Ministerio de Transportes y Comunicaciones (MTC). Programa Nacional de Telecomunicaciones (PRONATEL), febrero de 2022",180101,-70.907543,-17.170625,Point,-70.907543,-17.170625,True,True,POINT (-70.907543 -17.170625),-70.907543,-17.170625,-70.907543,-17.170625
412.0,18,MOQUEGUA,1801,MARISCAL NIETO,180105,SAN CRISTOBAL,1801050001,CALACOA,1801050001,MOQUEGUA,MARISCAL NIETO,SAN CRISTOBAL,CALACOA,[REGIONAL][MOQUEGUA],OPERATIVO,1.0,CPNP SAN CRISTOBAL - CALACOA,MOQUEGUAMARISCAL NIETOSAN CRISTOBAL,"Ministerio de Transportes y Comunicaciones (MTC). Programa Nacional de Telecomunicaciones (PRONATEL), febrero de 2022",180105,-70.68323,-16.739185,Point,-70.68323,-16.739185,True,True,POINT (-70.68323 -16.739185),-70.68323,-16.739185,-70.68323,-16.739185
413.0,20,PIURA,2002,AYABACA,200201,AYABACA,2002010110,ESPINDOLA,2002010110,PIURA,AYABACA,AYABACA,ESPINDOLA,[REGIONAL][PIURA],NO OPERATIVO,2.0,PUESTO VIGILANCIA FRONTERA ESPINDOLA,PIURAAYABACAAYABACA,"Ministerio de Transportes y Comunicaciones (MTC). Programa Nacional de Telecomunicaciones (PRONATEL), febrero de 2022",200201,-79.478732,-4.648143,Point,-79.478732,-4.648143,True,True,POINT (-79.478732 -4.648143),-79.478732,-4.648143,-79.478732,-4.648143
414.0,20,PIURA,2002,AYABACA,200203,JILILI,2002030004,ANCHALAY,2002030004,PIURA,AYABACA,JILILI,ANCHALAY,[REGIONAL][PIURA],NO OPERATIVO,2.0,PUESTO DE VIILANCIA DE FRONTERA,PIURAAYABACAJILILI,"Ministerio de Transportes y Comunicaciones (MTC). Programa Nacional de Telecomunicaciones (PRONATEL), febrero de 2022",200203,-79.801296,-4.5069,Point,-79.801296,-4.5069,True,True,POINT (-79.801296 -4.5069),-79.801296,-4.5069,-79.801296,-4.5069
415.0,20,PIURA,2002,AYABACA,200203,JILILI,2002030001,JILILI,2002030001,PIURA,AYABACA,JILILI,JILILI,[REGIONAL][PIURA],NO OPERATIVO,2.0,COMISARIA PNP JILILI,PIURAAYABACAJILILI,"Ministerio de Transportes y Comunicaciones (MTC). Programa Nacional de Telecomunicaciones (PRONATEL), febrero de 2022",200203,-79.797162,-4.5846,Point,-79.797162,-4.5846,True,True,POINT (-79.797162 -4.5846),-79.797162,-4.5846,-79.797162,-4.5846
416.0,20,PIURA,2002,AYABACA,200204,LAGUNAS,2002040001,LAGUNAS,2002040001,PIURA,AYABACA,LAGUNAS,LAGUNAS,[REGIONAL][PIURA],NO OPERATIVO,2.0,DEPENDENCIA POLICIAL LAGUNAS,PIURAAYABACALAGUNAS,"Ministerio de Transportes y Comunicaciones (MTC). Programa Nacional de Telecomunicaciones (PRONATEL), febrero de 2022",200204,-79.845077,-4.789157,Point,-79.845077,-4.789157,True,True,POINT (-79.845077 -4.789157),-79.845077,-4.789157,-79.845077,-4.789157
417.0,20,PIURA,2002,AYABACA,200204,LAGUNAS,2002040003,PUENTE TONDOPA,2002040003,PIURA,AYABACA,LAGUNAS,PUENTE TONDOPA,[REGIONAL][PIURA],NO OPERATIVO,2.0,COMISARIA PNP TONDOPA,PIURAAYABACALAGUNAS,"Ministerio de Transportes y Comunicaciones (MTC). Programa Nacional de Telecomunicaciones (PRONATEL), febrero de 2022",200204,-79.854421,-4.704491,Point,-79.854421,-4.704491,True,True,POINT (-79.854421 -4.704491),-79.854421,-4.704491,-79.854421,-4.704491
418.0,20,PIURA,2002,AYABACA,200205,MONTERO,2002050001,MONTERO,2002050001,PIURA,AYABACA,MONTERO,MONTERO,[REGIONAL][PIURA],NO OPERATIVO,2.0,COMISARIA PNP MONTERO,PIURAAYABACAMONTERO,"Ministerio de Transportes y Comunicaciones (MTC). Programa Nacional de Telecomunicaciones (PRONATEL), febrero de 2022",200205,-79.828822,-4.632344,Point,-79.828822,-4.632344,True,True,POINT (-79.828822 -4.632344),-79.828822,-4.632344,-79.828822,-4.632344
419.0,20,PIURA,2002,AYABACA,200206,PACAIPAMPA,2002060001,PACAIPAMPA,2002060001,PIURA,AYABACA,PACAIPAMPA,PACAIPAMPA,[REGIONAL][PIURA],NO OPERATIVO,2.0,COMISARIA PACAIPAMPA,PIURAAYABACAPACAIPAMPA,"Ministerio de Transportes y Comunicaciones (MTC). Programa Nacional de Telecomunicaciones (PRONATEL), febrero de 2022",200206,-79.667712,-4.995523,Point,-79.667712,-4.995523,True,True,POINT (-79.667712 -4.995523),-79.667712,-4.995523,-79.667712,-4.995523
420.0,20,PIURA,2002,AYABACA,200207,PAIMAS,2002070001,PAIMAS,2002070001,PIURA,AYABACA,PAIMAS,PAIMAS,[REGIONAL][PIURA],NO OPERATIVO,2.0,COMISARIA RURAL DE PNP PAIMAS,PIURAAYABACAPAIMAS,"Ministerio de Transportes y Comunicaciones (MTC). Programa Nacional de Telecomunicaciones (PRONATEL), febrero de 2022",200207,-79.945618,-4.627455,Point,-79.945618,-4.627455,True,True,POINT (-79.945618 -4.627455),-79.945618,-4.627455,-79.945618,-4.627455
421.0,20,PIURA,2002,AYABACA,200209,SICCHEZ,2002090001,SICCHEZ,2002090001,PIURA,AYABACA,SICCHEZ,SICCHEZ,[REGIONAL][PIURA],NO OPERATIVO,2.0,COMISARIA DE SICCHEZ,PIURAAYABACASICCHEZ,"Ministerio de Transportes y Comunicaciones (MTC). Programa Nacional de Telecomunicaciones (PRONATEL), febrero de 2022",200209,-79.763999,-4.569948,Point,-79.763999,-4.569948,True,True,POINT (-79.763999 -4.569948),-79.763999,-4.569948,-79.763999,-4.569948
422.0,20,PIURA,2002,AYABACA,200210,SUYO,2002100010,LA TIENDA,2002100010,PIURA,AYABACA,SUYO,LA TIENDA,[REGIONAL][PIURA],NO OPERATIVO,2.0,PVF PAMPA LARGA,PIURAAYABACASUYO,"Ministerio de Transportes y Comunicaciones (MTC). Programa Nacional de Telecomunicaciones (PRONATEL), febrero de 2022",200210,-80.242462,-4.395577,Point,-80.242462,-4.395577,True,True,POINT (-80.242462 -4.395577),-80.242462,-4.395577,-80.242462,-4.395577
423.0,20,PIURA,2002,AYABACA,200210,SUYO,2002100027,SURPAMPA,2002100027,PIURA,AYABACA,SUYO,SURPAMPA,[REGIONAL][PIURA],NO OPERATIVO,2.0,PUESTO DE VIGILANCIA DE FRONTERA SURPAMPS,PIURAAYABACASUYO,"Ministerio de Transportes y Comunicaciones (MTC). Programa Nacional de Telecomunicaciones (PRONATEL), febrero de 2022",200210,-79.930583,-4.430122,Point,-79.930583,-4.430122,True,True,POINT (-79.930583 -4.430122),-79.930583,-4.430122,-79.930583,-4.430122
424.0,20,PIURA,2002,AYABACA,200210,SUYO,2002100001,SUYO,2002100001,PIURA,AYABACA,SUYO,SUYO,[REGIONAL][PIURA],NO OPERATIVO,2.0,COMISARIA RURAL SUYO,PIURAAYABACASUYO,"Ministerio de Transportes y Comunicaciones (MTC). Programa Nacional de Telecomunicaciones (PRONATEL), febrero de 2022",200210,-80.002468,-4.512642,Point,-80.002468,-4.512642,True,True,POINT (-80.002468 -4.512642),-80.002468,-4.512642,-80.002468,-4.512642
425.0,20,PIURA,2003,HUANCABAMBA,200303,EL CARMEN DE LA FRONTERA,2003030001,SAPALACHE,2003030001,PIURA,HUANCABAMBA,EL CARMEN DE LA FRONTERA,SAPALACHE,[REGIONAL][PIURA],NO OPERATIVO,2.0,COMISARIA RURAL PNP SAPALACE,PIURAHUANCABAMBAEL CARMEN DE LA FRONTERA,"Ministerio de Transportes y Comunicaciones (MTC). Programa Nacional de Telecomunicaciones (PRONATEL), febrero de 2022",200303,-79.428381,-5.148428,Point,-79.428381,-5.148428,True,True,POINT (-79.428381 -5.148428),-79.428381,-5.148428,-79.428381,-5.148428
426.0,20,PIURA,2004,MORROPON,200401,CHULUCANAS,2004010033,SAN PEDRO,2004010033,PIURA,MORROPON,CHULUCANAS,SAN PEDRO,[REGIONAL][PIURA],NO OPERATIVO,2.0,SAN PEDRO,PIURAMORROPONCHULUCANAS,"Ministerio de Transportes y Comunicaciones (MTC). Programa Nacional de Telecomunicaciones (PRONATEL), febrero de 2022",200401,-80.038352,-5.095442,Point,-80.038352,-5.095442,True,True,POINT (-80.038352 -5.095442),-80.038352,-5.095442,-80.038352,-5.095442
427.0,20,PIURA,2004,MORROPON,200401,CHULUCANAS,2004010036,TALANDRACAS,2004010036,PIURA,MORROPON,CHULUCANAS,TALANDRACAS,[REGIONAL][PIURA],NO OPERATIVO,2.0,COMISARIA TALANDRACAS,PIURAMORROPONCHULUCANAS,"Ministerio de Transportes y Comunicaciones (MTC). Programa Nacional de Telecomunicaciones (PRONATEL), febrero de 2022",200401,-80.063607,-5.110637,Point,-80.063607,-5.110637,True,True,POINT (-80.063607 -5.110637),-80.063607,-5.110637,-80.063607,-5.110637
428.0,20,PIURA,2004,MORROPON,200408,SANTA CATALINA DE MOSSA,2004080024,CULEBREROS,2004080024,PIURA,MORROPON,SANTA CATALINA DE MOSSA,CULEBREROS,[REGIONAL][PIURA],NO OPERATIVO,2.0,PAR PNP CULEBREROS,PIURAMORROPONSANTA CATALINA DE MOSSA,"Ministerio de Transportes y Comunicaciones (MTC). Programa Nacional de Telecomunicaciones (PRONATEL), febrero de 2022",200408,-79.831981,-5.112868,Point,-79.831981,-5.112868,True,True,POINT (-79.831981 -5.112868),-79.831981,-5.112868,-79.831981,-5.112868
429.0,20,PIURA,2004,MORROPON,200408,SANTA CATALINA DE MOSSA,2004080034,PUEBLO NUEVO DE MARAY (PUEBLO NUEVO),2004080034,PIURA,MORROPON,SANTA CATALINA DE MOSSA,PUEBLO NUEVO DE MARAY (PUEBLO NUEVO),[REGIONAL][PIURA],NO OPERATIVO,2.0,PUESTO DE AUXILIO RAPIDO,PIURAMORROPONSANTA CATALINA DE MOSSA,"Ministerio de Transportes y Comunicaciones (MTC). Programa Nacional de Telecomunicaciones (PRONATEL), febrero de 2022",200408,-79.888887,-5.184304,Point,-79.888887,-5.184304,True,True,POINT (-79.888887 -5.184304),-79.888887,-5.184304,-79.888887,-5.184304
430.0,20,PIURA,2005,PAITA,200506,TAMARINDO,2005060001,TAMARINDO,2005060001,PIURA,PAITA,TAMARINDO,TAMARINDO,[REGIONAL][PIURA],NO OPERATIVO,2.0,COMISARIA PNP TAMARINDO,PIURAPAITATAMARINDO,"Ministerio de Transportes y Comunicaciones (MTC). Programa Nacional de Telecomunicaciones (PRONATEL), febrero de 2022",200506,-80.975932,-4.878344,Point,-80.975932,-4.878344,True,True,POINT (-80.975932 -4.878344),-80.975932,-4.878344,-80.975932,-4.878344
431.0,20,PIURA,2001,PIURA,200111,LAS LOMAS,2001110042,CHIPILLICO,2001110042,PIURA,PIURA,LAS LOMAS,CHIPILLICO,[REGIONAL][PIURA],NO OPERATIVO,2.0,CPNP CHIPILLICO,PIURAPIURALAS LOMAS,"Ministerio de Transportes y Comunicaciones (MTC). Programa Nacional de Telecomunicaciones (PRONATEL), febrero de 2022",200111,-80.130577,-4.718552,Point,-80.130577,-4.718552,True,True,POINT (-80.130577 -4.718552),-80.130577,-4.718552,-80.130577,-4.718552
432.0,20,PIURA,2008,SECHURA,200804,CRISTO NOS VALGA,2008040001,SAN CRISTO,2008040001,PIURA,SECHURA,CRISTO NOS VALGA,SAN CRISTO,[REGIONAL][PIURA],NO OPERATIVO,2.0,CRISTO NOS SALVA,PIURASECHURACRISTO NOS VALGA,"Ministerio de Transportes y Comunicaciones (MTC). Programa Nacional de Telecomunicaciones (PRONATEL), febrero de 2022",200804,-80.740975,-5.493159,Point,-80.740975,-5.493159,True,True,POINT (-80.740975 -5.493159),-80.740975,-5.493159,-80.740975,-5.493159
433.0,20,PIURA,2006,SULLANA,200604,LANCONES,2006040063,ALAMOR,2006040063,PIURA,SULLANA,LANCONES,ALAMOR,[REGIONAL][PIURA],NO OPERATIVO,2.0,PVF ALAMOR,PIURASULLANALANCONES,"Ministerio de Transportes y Comunicaciones (MTC). Programa Nacional de Telecomunicaciones (PRONATEL), febrero de 2022",200604,-80.399102,-4.47909,Point,-80.399102,-4.47909,True,True,POINT (-80.399102 -4.47909),-80.399102,-4.47909,-80.399102,-4.47909
434.0,20,PIURA,2006,SULLANA,200604,LANCONES,2006040054,ENCUENTRO DE ROMEROS,2006040054,PIURA,SULLANA,LANCONES,ENCUENTRO DE ROMEROS,[REGIONAL][PIURA],NO OPERATIVO,2.0,PEDRO DOMINGUEZ,PIURASULLANALANCONES,"Ministerio de Transportes y Comunicaciones (MTC). Programa Nacional de Telecomunicaciones (PRONATEL), febrero de 2022",200604,-80.289805,-4.438908,Point,-80.289805,-4.438908,True,True,POINT (-80.289805 -4.438908),-80.289805,-4.438908,-80.289805,-4.438908
435.0,20,PIURA,2006,SULLANA,200604,LANCONES,2006040085,LA PEÑITA,2006040085,PIURA,SULLANA,LANCONES,LA PEÑITA,[REGIONAL][PIURA],NO OPERATIVO,2.0,PUESTO DE VIGILANCIA FRONTERIZO LA PEÑITA,PIURASULLANALANCONES,"Ministerio de Transportes y Comunicaciones (MTC). Programa Nacional de Telecomunicaciones (PRONATEL), febrero de 2022",200604,-80.384938,-4.515605,Point,-80.384938,-4.515605,True,True,POINT (-80.384938 -4.515605),-80.384938,-4.515605,-80.384938,-4.515605
436.0,20,PIURA,2006,SULLANA,200604,LANCONES,2006040001,LANCONES,2006040001,PIURA,SULLANA,LANCONES,LANCONES,[REGIONAL][PIURA],NO OPERATIVO,2.0,COMISARIA DE LANCONES,PIURASULLANALANCONES,"Ministerio de Transportes y Comunicaciones (MTC). Programa Nacional de Telecomunicaciones (PRONATEL), febrero de 2022",200604,-80.546354,-4.631915,Point,-80.546354,-4.631915,True,True,POINT (-80.546354 -4.631915),-80.546354,-4.631915,-80.546354,-4.631915
437.0,20,PIURA,2006,SULLANA,200604,LANCONES,2006040040,PILARES,2006040040,PIURA,SULLANA,LANCONES,PILARES,[REGIONAL][PIURA],NO OPERATIVO,2.0,PVF PILARES,PIURASULLANALANCONES,"Ministerio de Transportes y Comunicaciones (MTC). Programa Nacional de Telecomunicaciones (PRONATEL), febrero de 2022",200604,-80.436432,-4.359833,Point,-80.436432,-4.359833,True,True,POINT (-80.436432 -4.359833),-80.436432,-4.359833,-80.436432,-4.359833
438.0,20,PIURA,2006,SULLANA,200604,LANCONES,2006040058,PLAYAS DE ROMEROS,2006040058,PIURA,SULLANA,LANCONES,PLAYAS DE ROMEROS,[REGIONAL][PIURA],NO OPERATIVO,2.0,PUESTO DE CONTROL DE FRONTERA PLAYAS DE ROMERO,PIURASULLANALANCONES,"Ministerio de Transportes y Comunicaciones (MTC). Programa Nacional de Telecomunicaciones (PRONATEL), febrero de 2022",200604,-80.328895,-4.466747,Point,-80.328895,-4.466747,True,True,POINT (-80.328895 -4.466747),-80.328895,-4.466747,-80.328895,-4.466747
439.0,20,PIURA,2006,SULLANA,200606,MIGUEL CHECA,2006060001,SOJO,2006060001,PIURA,SULLANA,MIGUEL CHECA,SOJO,[REGIONAL][PIURA],NO OPERATIVO,2.0,MIGUEL CHECA,PIURASULLANAMIGUEL CHECA,"Ministerio de Transportes y Comunicaciones (MTC). Programa Nacional de Telecomunicaciones (PRONATEL), febrero de 2022",200606,-80.81469,-4.90028,Point,-80.81469,-4.90028,True,True,POINT (-80.81469 -4.90028),-80.81469,-4.90028,-80.81469,-4.90028
440.0,21,PUNO,2102,AZANGARO,210203,ARAPA,2102030001,ARAPA,2102030001,PUNO,AZANGARO,ARAPA,ARAPA,[REGIONAL][PUNO],OPERATIVO,1.0,CPNP RURAL ARAPA,PUNOAZANGAROARAPA,"Ministerio de Transportes y Comunicaciones (MTC). Programa Nacional de Telecomunicaciones (PRONATEL), febrero de 2022",210203,-70.10993,-15.138911,Point,-70.10993,-15.138911,True,True,POINT (-70.10993 -15.138911),-70.10993,-15.138911,-70.10993,-15.138911
441.0,21,PUNO,2102,AZANGARO,210204,ASILLO,2102040001,ASILLO,2102040001,PUNO,AZANGARO,ASILLO,ASILLO,[REGIONAL][PUNO],OPERATIVO,1.0,CPNP RURAL ASILLO,PUNOAZANGAROASILLO,"Ministerio de Transportes y Comunicaciones (MTC). Programa Nacional de Telecomunicaciones (PRONATEL), febrero de 2022",210204,-70.353692,-14.786518,Point,-70.353692,-14.786518,True,True,POINT (-70.353692 -14.786518),-70.353692,-14.786518,-70.353692,-14.786518
442.0,21,PUNO,2102,AZANGARO,210207,JOSE DOMINGO CHOQUEHUANCA,2102070001,ESTACION DE PUCARA,2102070001,PUNO,AZANGARO,JOSE DOMINGO CHOQUEHUANCA,ESTACION DE PUCARA,[REGIONAL][PUNO],OPERATIVO,1.0,CPNP RURAL JOSE DOMINGO CHOQUEHUANCA,PUNOAZANGAROJOSE DOMINGO CHOQUEHUANCA,"Ministerio de Transportes y Comunicaciones (MTC). Programa Nacional de Telecomunicaciones (PRONATEL), febrero de 2022",210207,-70.338049,-15.033925,Point,-70.338049,-15.033925,True,True,POINT (-70.338049 -15.033925),-70.338049,-15.033925,-70.338049,-15.033925
443.0,21,PUNO,2102,AZANGARO,210211,SAN ANTON,2102110001,SAN ANTON,2102110001,PUNO,AZANGARO,SAN ANTON,SAN ANTON,[REGIONAL][PUNO],OPERATIVO,1.0,CPNP RURAL SAN ANTON,PUNOAZANGAROSAN ANTON,"Ministerio de Transportes y Comunicaciones (MTC). Programa Nacional de Telecomunicaciones (PRONATEL), febrero de 2022",210211,-70.317085,-14.583914,Point,-70.317085,-14.583914,True,True,POINT (-70.317085 -14.583914),-70.317085,-14.583914,-70.317085,-14.583914
444.0,21,PUNO,2103,CARABAYA,210306,CRUCERO,2103060001,CRUCERO,2103060001,PUNO,CARABAYA,CRUCERO,CRUCERO,[REGIONAL][PUNO],NO OPERATIVO,2.0,CPNP RURAL CRUCERO,PUNOCARABAYACRUCERO,"Ministerio de Transportes y Comunicaciones (MTC). Programa Nacional de Telecomunicaciones (PRONATEL), febrero de 2022",210306,-70.023727,-14.361575,Point,-70.023727,-14.361575,True,True,POINT (-70.023727 -14.361575),-70.023727,-14.361575,-70.023727,-14.361575
445.0,21,PUNO,2104,CHUCUITO,210407,ZEPITA,2104070001,ZEPITA,2104070001,PUNO,CHUCUITO,ZEPITA,ZEPITA,[REGIONAL][PUNO],NO OPERATIVO,2.0,CPNP RURAL ZEPITA,PUNOCHUCUITOZEPITA,"Ministerio de Transportes y Comunicaciones (MTC). Programa Nacional de Telecomunicaciones (PRONATEL), febrero de 2022",210407,-69.103227,-16.496878,Point,-69.103227,-16.496878,True,True,POINT (-69.103227 -16.496878),-69.103227,-16.496878,-69.103227,-16.496878
446.0,21,PUNO,2104,CHUCUITO,210403,HUACULLANI,2104030001,HUACULLANI,2104030001,PUNO,CHUCUITO,HUACULLANI,HUACULLANI,[REGIONAL][PUNO],OPERATIVO,1.0,CPNP RURAL HUACULLANI,PUNOCHUCUITOHUACULLANI,"Ministerio de Transportes y Comunicaciones (MTC). Programa Nacional de Telecomunicaciones (PRONATEL), febrero de 2022",210403,-69.322015,-16.630644,Point,-69.322015,-16.630644,True,True,POINT (-69.322015 -16.630644),-69.322015,-16.630644,-69.322015,-16.630644
447.0,21,PUNO,2105,EL COLLAO,210503,PILCUYO,2105030001,PILCUYO,2105030001,PUNO,EL COLLAO,PILCUYO,PILCUYO,[REGIONAL][PUNO],NO OPERATIVO,2.0,CPNP RURAL PILCUYO,PUNOEL COLLAOPILCUYO,"Ministerio de Transportes y Comunicaciones (MTC). Programa Nacional de Telecomunicaciones (PRONATEL), febrero de 2022",210503,-69.554061,-16.110884,Point,-69.554061,-16.110884,True,True,POINT (-69.554061 -16.110884),-69.554061,-16.110884,-69.554061,-16.110884
448.0,21,PUNO,2105,EL COLLAO,210504,SANTA ROSA,2105040001,MAZO CRUZ,2105040001,PUNO,EL COLLAO,SANTA ROSA,MAZO CRUZ,[REGIONAL][PUNO],OPERATIVO,1.0,CPNP RURAL MAZOCRUZ,PUNOEL COLLAOSANTA ROSA,"Ministerio de Transportes y Comunicaciones (MTC). Programa Nacional de Telecomunicaciones (PRONATEL), febrero de 2022",210504,-69.716564,-16.742165,Point,-69.716564,-16.742165,True,True,POINT (-69.716564 -16.742165),-69.716564,-16.742165,-69.716564,-16.742165
449.0,21,PUNO,2105,EL COLLAO,210504,SANTA ROSA,2105040001,MAZO CRUZ,2105040001,PUNO,EL COLLAO,SANTA ROSA,MAZO CRUZ,[REGIONAL][PUNO],OPERATIVO,1.0,CPNP PROT. DE CARRETERAS MAZOCRUZ,PUNOEL COLLAOSANTA ROSA,"Ministerio de Transportes y Comunicaciones (MTC). Programa Nacional de Telecomunicaciones (PRONATEL), febrero de 2022",210504,-69.716564,-16.742165,Point,-69.716564,-16.742165,True,True,POINT (-69.716564 -16.742165),-69.716564,-16.742165,-69.716564,-16.742165
450.0,21,PUNO,2106,HUANCANE,210605,PUSI,2106050001,PUSI,2106050001,PUNO,HUANCANE,PUSI,PUSI,[REGIONAL][PUNO],OPERATIVO,1.0,CPNP RURAL PUSI,PUNOHUANCANEPUSI,"Ministerio de Transportes y Comunicaciones (MTC). Programa Nacional de Telecomunicaciones (PRONATEL), febrero de 2022",210605,-69.929675,-15.44186,Point,-69.929675,-15.44186,True,True,POINT (-69.929675 -15.44186),-69.929675,-15.44186,-69.929675,-15.44186
451.0,21,PUNO,2106,HUANCANE,210606,ROSASPATA,2106060001,ROSASPATA,2106060001,PUNO,HUANCANE,ROSASPATA,ROSASPATA,[REGIONAL][PUNO],OPERATIVO,1.0,CPNP RURAL ROSASPATA,PUNOHUANCANEROSASPATA,"Ministerio de Transportes y Comunicaciones (MTC). Programa Nacional de Telecomunicaciones (PRONATEL), febrero de 2022",210606,-69.527386,-15.234736,Point,-69.527386,-15.234736,True,True,POINT (-69.527386 -15.234736),-69.527386,-15.234736,-69.527386,-15.234736
452.0,21,PUNO,2106,HUANCANE,210607,TARACO,2106070001,TARACO,2106070001,PUNO,HUANCANE,TARACO,TARACO,[REGIONAL][PUNO],OPERATIVO,1.0,CPNP RURAL TARACO,PUNOHUANCANETARACO,"Ministerio de Transportes y Comunicaciones (MTC). Programa Nacional de Telecomunicaciones (PRONATEL), febrero de 2022",210607,-69.978457,-15.297291,Point,-69.978457,-15.297291,True,True,POINT (-69.978457 -15.297291),-69.978457,-15.297291,-69.978457,-15.297291
453.0,21,PUNO,2106,HUANCANE,210608,VILQUE CHICO,2106080001,VILQUE CHICO,2106080001,PUNO,HUANCANE,VILQUE CHICO,VILQUE CHICO,[REGIONAL][PUNO],NO OPERATIVO,2.0,CPNP RURAL VILQUECHICO,PUNOHUANCANEVILQUE CHICO,"Ministerio de Transportes y Comunicaciones (MTC). Programa Nacional de Telecomunicaciones (PRONATEL), febrero de 2022",210608,-69.689041,-15.214003,Point,-69.689041,-15.214003,True,True,POINT (-69.689041 -15.214003),-69.689041,-15.214003,-69.689041,-15.214003
454.0,21,PUNO,2107,LAMPA,210708,PUCARA,2107080001,PUCARA,2107080001,PUNO,LAMPA,PUCARA,PUCARA,[REGIONAL][PUNO],OPERATIVO,1.0,CPNP RURAL PUCARA,PUNOLAMPAPUCARA,"Ministerio de Transportes y Comunicaciones (MTC). Programa Nacional de Telecomunicaciones (PRONATEL), febrero de 2022",210708,-70.367766,-15.04174,Point,-70.367766,-15.04174,True,True,POINT (-70.367766 -15.04174),-70.367766,-15.04174,-70.367766,-15.04174
455.0,21,PUNO,2107,LAMPA,210709,SANTA LUCIA,2107090001,SANTA LUCIA,2107090001,PUNO,LAMPA,SANTA LUCIA,SANTA LUCIA,[REGIONAL][PUNO],OPERATIVO,1.0,CPNP RURAL SANTA LUCIA,PUNOLAMPASANTA LUCIA,"Ministerio de Transportes y Comunicaciones (MTC). Programa Nacional de Telecomunicaciones (PRONATEL), febrero de 2022",210709,-70.606298,-15.69943,Point,-70.606298,-15.69943,True,True,POINT (-70.606298 -15.69943),-70.606298,-15.69943,-70.606298,-15.69943
456.0,21,PUNO,2108,MELGAR,210802,ANTAUTA,2108020001,ANTAUTA,2108020001,PUNO,MELGAR,ANTAUTA,ANTAUTA,[REGIONAL][PUNO],OPERATIVO,1.0,CPNP RURAL ANTAUTA,PUNOMELGARANTAUTA,"Ministerio de Transportes y Comunicaciones (MTC). Programa Nacional de Telecomunicaciones (PRONATEL), febrero de 2022",210802,-70.292238,-14.299755,Point,-70.292238,-14.299755,True,True,POINT (-70.292238 -14.299755),-70.292238,-14.299755,-70.292238,-14.299755
457.0,21,PUNO,2108,MELGAR,210806,NUÑOA,2108060001,NUÑOA,2108060001,PUNO,MELGAR,NUÑOA,NUÑOA,[REGIONAL][PUNO],OPERATIVO,1.0,CPNP RURAL NUÑOA,PUNOMELGARNUÑOA,"Ministerio de Transportes y Comunicaciones (MTC). Programa Nacional de Telecomunicaciones (PRONATEL), febrero de 2022",210806,-70.636281,-14.476116,Point,-70.636281,-14.476116,True,True,POINT (-70.636281 -14.476116),-70.636281,-14.476116,-70.636281,-14.476116
458.0,21,PUNO,2108,MELGAR,210807,ORURILLO,2108070001,ORURILLO,2108070001,PUNO,MELGAR,ORURILLO,ORURILLO,[REGIONAL][PUNO],OPERATIVO,1.0,CPNP RURAL ORURILLO,PUNOMELGARORURILLO,"Ministerio de Transportes y Comunicaciones (MTC). Programa Nacional de Telecomunicaciones (PRONATEL), febrero de 2022",210807,-70.512142,-14.727771,Point,-70.512142,-14.727771,True,True,POINT (-70.512142 -14.727771),-70.512142,-14.727771,-70.512142,-14.727771
459.0,21,PUNO,2108,MELGAR,210808,SANTA ROSA,2108080001,SANTA ROSA,2108080001,PUNO,MELGAR,SANTA ROSA,SANTA ROSA,[REGIONAL][PUNO],OPERATIVO,1.0,CPNP RURAL SANTA ROSA,PUNOMELGARSANTA ROSA,"Ministerio de Transportes y Comunicaciones (MTC). Programa Nacional de Telecomunicaciones (PRONATEL), febrero de 2022",210808,-70.787783,-14.607384,Point,-70.787783,-14.607384,True,True,POINT (-70.787783 -14.607384),-70.787783,-14.607384,-70.787783,-14.607384
460.0,21,PUNO,2109,MOHO,210902,CONIMA,2109020001,CONIMA,2109020001,PUNO,MOHO,CONIMA,CONIMA,[REGIONAL][PUNO],OPERATIVO,1.0,CPNP RURAL CONIMA,PUNOMOHOCONIMA,"Ministerio de Transportes y Comunicaciones (MTC). Programa Nacional de Telecomunicaciones (PRONATEL), febrero de 2022",210902,-69.437894,-15.457902,Point,-69.437894,-15.457902,True,True,POINT (-69.437894 -15.457902),-69.437894,-15.457902,-69.437894,-15.457902
461.0,21,PUNO,2101,PUNO,210102,ACORA,2101020001,ACORA,2101020001,PUNO,PUNO,ACORA,ACORA,[REGIONAL][PUNO],OPERATIVO,1.0,CPNP ACORA,PUNOPUNOACORA,"Ministerio de Transportes y Comunicaciones (MTC). Programa Nacional de Telecomunicaciones (PRONATEL), febrero de 2022",210102,-69.797901,-15.973739,Point,-69.797901,-15.973739,True,True,POINT (-69.797901 -15.973739),-69.797901,-15.973739,-69.797901,-15.973739
462.0,21,PUNO,2101,PUNO,210105,CAPACHICA,2101050001,CAPACHICA,2101050001,PUNO,PUNO,CAPACHICA,CAPACHICA,[REGIONAL][PUNO],OPERATIVO,1.0,CPNP RURAL CAPACHICA,PUNOPUNOCAPACHICA,"Ministerio de Transportes y Comunicaciones (MTC). Programa Nacional de Telecomunicaciones (PRONATEL), febrero de 2022",210105,-69.830777,-15.641641,Point,-69.830777,-15.641641,True,True,POINT (-69.830777 -15.641641),-69.830777,-15.641641,-69.830777,-15.641641
463.0,21,PUNO,2101,PUNO,210106,CHUCUITO,2101060001,CHUCUITO,2101060001,PUNO,PUNO,CHUCUITO,CHUCUITO,[REGIONAL][PUNO],OPERATIVO,1.0,CPNP CHUCUITO,PUNOPUNOCHUCUITO,"Ministerio de Transportes y Comunicaciones (MTC). Programa Nacional de Telecomunicaciones (PRONATEL), febrero de 2022",210106,-69.889466,-15.894772,Point,-69.889466,-15.894772,True,True,POINT (-69.889466 -15.894772),-69.889466,-15.894772,-69.889466,-15.894772
464.0,21,PUNO,2101,PUNO,210108,HUATA,2101080001,HUATA,2101080001,PUNO,PUNO,HUATA,HUATA,[REGIONAL][PUNO],OPERATIVO,1.0,CPNP RURAL HUATTA,PUNOPUNOHUATA,"Ministerio de Transportes y Comunicaciones (MTC). Programa Nacional de Telecomunicaciones (PRONATEL), febrero de 2022",210108,-69.971404,-15.615028,Point,-69.971404,-15.615028,True,True,POINT (-69.971404 -15.615028),-69.971404,-15.615028,-69.971404,-15.615028
465.0,21,PUNO,2101,PUNO,210109,MAÑAZO,2101090001,MAÑAZO,2101090001,PUNO,PUNO,MAÑAZO,MAÑAZO,[REGIONAL][PUNO],OPERATIVO,1.0,CPNP MAÑAZO,PUNOPUNOMAÑAZO,"Ministerio de Transportes y Comunicaciones (MTC). Programa Nacional de Telecomunicaciones (PRONATEL), febrero de 2022",210109,-70.343226,-15.801195,Point,-70.343226,-15.801195,True,True,POINT (-70.343226 -15.801195),-70.343226,-15.801195,-70.343226,-15.801195
466.0,21,PUNO,2101,PUNO,210111,PICHACANI,2101110001,LARAQUERI,2101110001,PUNO,PUNO,PICHACANI,LARAQUERI,[REGIONAL][PUNO],OPERATIVO,1.0,CPNP RURAL LARAQUERI,PUNOPUNOPICHACANI,"Ministerio de Transportes y Comunicaciones (MTC). Programa Nacional de Telecomunicaciones (PRONATEL), febrero de 2022",210111,-70.063306,-16.149992,Point,-70.063306,-16.149992,True,True,POINT (-70.063306 -16.149992),-70.063306,-16.149992,-70.063306,-16.149992
467.0,21,PUNO,2101,PUNO,210101,PUNO,2101010039,BUENOS AIRES ESTACION,2101010039,PUNO,PUNO,PUNO,BUENOS AIRES ESTACION,[REGIONAL][PUNO],NO OPERATIVO,2.0,CPNP RURAL MOVIL ICHU,PUNOPUNOPUNO,"Ministerio de Transportes y Comunicaciones (MTC). Programa Nacional de Telecomunicaciones (PRONATEL), febrero de 2022",210101,-69.92814,-15.875471,Point,-69.92814,-15.875471,True,True,POINT (-69.92814 -15.875471),-69.92814,-15.875471,-69.92814,-15.875471
468.0,21,PUNO,2101,PUNO,210101,PUNO,2101010039,BUENOS AIRES ESTACION,2101010039,PUNO,PUNO,PUNO,BUENOS AIRES ESTACION,[REGIONAL][PUNO],NO OPERATIVO,2.0,CPNP PROT. DE CARRETERAS PUNO,PUNOPUNOPUNO,"Ministerio de Transportes y Comunicaciones (MTC). Programa Nacional de Telecomunicaciones (PRONATEL), febrero de 2022",210101,-69.92814,-15.875471,Point,-69.92814,-15.875471,True,True,POINT (-69.92814 -15.875471),-69.92814,-15.875471,-69.92814,-15.875471
469.0,21,PUNO,2101,PUNO,210114,TIQUILLACA,2101140001,TIQUILLACA,2101140001,PUNO,PUNO,TIQUILLACA,TIQUILLACA,[REGIONAL][PUNO],OPERATIVO,1.0,CPNP TIQUILLACA,PUNOPUNOTIQUILLACA,"Ministerio de Transportes y Comunicaciones (MTC). Programa Nacional de Telecomunicaciones (PRONATEL), febrero de 2022",210114,-70.186621,-15.797073,Point,-70.186621,-15.797073,True,True,POINT (-70.186621 -15.797073),-70.186621,-15.797073,-70.186621,-15.797073
470.0,21,PUNO,2110,SAN ANTONIO DE PUTINA,211002,ANANEA,2110020001,ANANEA,2110020001,PUNO,SAN ANTONIO DE PUTINA,ANANEA,ANANEA,[REGIONAL][PUNO],NO OPERATIVO,2.0,CPNP RURAL ANANEA,PUNOSAN ANTONIO DE PUTINAANANEA,"Ministerio de Transportes y Comunicaciones (MTC). Programa Nacional de Telecomunicaciones (PRONATEL), febrero de 2022",211002,-69.535073,-14.6785,Point,-69.535073,-14.6785,True,True,POINT (-69.535073 -14.6785),-69.535073,-14.6785,-69.535073,-14.6785
471.0,21,PUNO,2110,SAN ANTONIO DE PUTINA,211002,ANANEA,2110020003,LA RINCONADA ANA MARIA (LA RINCONADA),2110020003,PUNO,SAN ANTONIO DE PUTINA,ANANEA,LA RINCONADA ANA MARIA (LA RINCONADA),[REGIONAL][PUNO],NO OPERATIVO,2.0,CPNP RURAL RINCONADA,PUNOSAN ANTONIO DE PUTINAANANEA,"Ministerio de Transportes y Comunicaciones (MTC). Programa Nacional de Telecomunicaciones (PRONATEL), febrero de 2022",211002,-69.447284,-14.635791,Point,-69.447284,-14.635791,True,True,POINT (-69.447284 -14.635791),-69.447284,-14.635791,-69.447284,-14.635791
472.0,21,PUNO,2111,SAN ROMAN,211103,CABANILLAS,2111030001,DEUSTUA,2111030001,PUNO,SAN ROMAN,CABANILLAS,DEUSTUA,[REGIONAL][PUNO],OPERATIVO,1.0,CPNP CABANILLAS,PUNOSAN ROMANCABANILLAS,"Ministerio de Transportes y Comunicaciones (MTC). Programa Nacional de Telecomunicaciones (PRONATEL), febrero de 2022",211103,-70.353938,-15.644461,Point,-70.353938,-15.644461,True,True,POINT (-70.353938 -15.644461),-70.353938,-15.644461,-70.353938,-15.644461
473.0,21,PUNO,2112,SANDIA,211203,LIMBANI,2112030001,LIMBANI,2112030001,PUNO,SANDIA,LIMBANI,LIMBANI,[REGIONAL][PUNO],NO OPERATIVO,2.0,CPNP RURAL LIMBANI,PUNOSANDIALIMBANI,"Ministerio de Transportes y Comunicaciones (MTC). Programa Nacional de Telecomunicaciones (PRONATEL), febrero de 2022",211203,-69.690607,-14.14967,Point,-69.690607,-14.14967,True,True,POINT (-69.690607 -14.14967),-69.690607,-14.14967,-69.690607,-14.14967
474.0,21,PUNO,2112,SANDIA,211206,QUIACA,2112060001,QUIACA,2112060001,PUNO,SANDIA,QUIACA,QUIACA,[REGIONAL][PUNO],NO OPERATIVO,2.0,CPNP RURAL QUIACA,PUNOSANDIAQUIACA,"Ministerio de Transportes y Comunicaciones (MTC). Programa Nacional de Telecomunicaciones (PRONATEL), febrero de 2022",211206,-69.345007,-14.422241,Point,-69.345007,-14.422241,True,True,POINT (-69.345007 -14.422241),-69.345007,-14.422241,-69.345007,-14.422241
475.0,21,PUNO,2112,SANDIA,211207,SAN JUAN DEL ORO,2112070001,SAN JUAN DEL ORO,2112070001,PUNO,SANDIA,SAN JUAN DEL ORO,SAN JUAN DEL ORO,[REGIONAL][PUNO],NO OPERATIVO,2.0,CPNP RURAL SAN JUAN DEL ORO,PUNOSANDIASAN JUAN DEL ORO,"Ministerio de Transportes y Comunicaciones (MTC). Programa Nacional de Telecomunicaciones (PRONATEL), febrero de 2022",211207,-69.153495,-14.220761,Point,-69.153495,-14.220761,True,True,POINT (-69.153495 -14.220761),-69.153495,-14.220761,-69.153495,-14.220761
476.0,21,PUNO,2113,YUNGUYO,211301,YUNGUYO,2113010033,QUEÑUANI INDEPENDENCIA,2113010033,PUNO,YUNGUYO,YUNGUYO,QUEÑUANI INDEPENDENCIA,[REGIONAL][PUNO],NO OPERATIVO,2.0,CPNP RURAL QUEÑUANI,PUNOYUNGUYOYUNGUYO,"Ministerio de Transportes y Comunicaciones (MTC). Programa Nacional de Telecomunicaciones (PRONATEL), febrero de 2022",211301,-69.156455,-16.265252,Point,-69.156455,-16.265252,True,True,POINT (-69.156455 -16.265252),-69.156455,-16.265252,-69.156455,-16.265252
477.0,21,PUNO,2113,YUNGUYO,211301,YUNGUYO,2113010112,YANAPATA CENTRAL,2113010112,PUNO,YUNGUYO,YUNGUYO,YANAPATA CENTRAL,[REGIONAL][PUNO],NO OPERATIVO,2.0,CPNP YANAPATA,PUNOYUNGUYOYUNGUYO,"Ministerio de Transportes y Comunicaciones (MTC). Programa Nacional de Telecomunicaciones (PRONATEL), febrero de 2022",211301,-69.057076,-16.304258,Point,-69.057076,-16.304258,True,True,POINT (-69.057076 -16.304258),-69.057076,-16.304258,-69.057076,-16.304258
478.0,22,SAN MARTIN,2202,BELLAVISTA,220203,BAJO BIAVO,2202030001,NUEVO LIMA,2202030001,SAN MARTIN,BELLAVISTA,BAJO BIAVO,NUEVO LIMA,[REGIONAL][SAN MARTIN],NO OPERATIVO,2.0,CPNP RURAL NUEVOLIMA,SAN MARTINBELLAVISTABAJO BIAVO,"Ministerio de Transportes y Comunicaciones (MTC). Programa Nacional de Telecomunicaciones (PRONATEL), febrero de 2022",220203,-76.472023,-7.101625,Point,-76.472023,-7.101625,True,True,POINT (-76.472023 -7.101625),-76.472023,-7.101625,-76.472023,-7.101625
479.0,22,SAN MARTIN,2202,BELLAVISTA,220205,SAN PABLO,2202050001,SAN PABLO,2202050001,SAN MARTIN,BELLAVISTA,SAN PABLO,SAN PABLO,[REGIONAL][SAN MARTIN],NO OPERATIVO,2.0,CPNP RURAL SAN PABLO,SAN MARTINBELLAVISTASAN PABLO,"Ministerio de Transportes y Comunicaciones (MTC). Programa Nacional de Telecomunicaciones (PRONATEL), febrero de 2022",220205,-76.574723,-6.809743,Point,-76.574723,-6.809743,True,True,POINT (-76.574723 -6.809743),-76.574723,-6.809743,-76.574723,-6.809743
480.0,22,SAN MARTIN,2203,EL DORADO,220303,SAN MARTIN,2203030001,SAN MARTIN,2203030001,SAN MARTIN,EL DORADO,SAN MARTIN,SAN MARTIN,[REGIONAL][SAN MARTIN],NO OPERATIVO,2.0,CPNP RURAL SAN MARTIN ALAO,SAN MARTINEL DORADOSAN MARTIN,"Ministerio de Transportes y Comunicaciones (MTC). Programa Nacional de Telecomunicaciones (PRONATEL), febrero de 2022",220303,-76.740497,-6.51441,Point,-76.740497,-6.51441,True,True,POINT (-76.740497 -6.51441),-76.740497,-6.51441,-76.740497,-6.51441
481.0,22,SAN MARTIN,2204,HUALLAGA,220405,SACANCHE,2204050001,SACANCHE,2204050001,SAN MARTIN,HUALLAGA,SACANCHE,SACANCHE,[REGIONAL][SAN MARTIN],NO OPERATIVO,2.0,CPNP RURAL SACANCHE,SAN MARTINHUALLAGASACANCHE,"Ministerio de Transportes y Comunicaciones (MTC). Programa Nacional de Telecomunicaciones (PRONATEL), febrero de 2022",220405,-76.713582,-7.069902,Point,-76.713582,-7.069902,True,True,POINT (-76.713582 -7.069902),-76.713582,-7.069902,-76.713582,-7.069902
482.0,22,SAN MARTIN,2204,HUALLAGA,220405,SACANCHE,2204050001,SACANCHE,2204050001,SAN MARTIN,HUALLAGA,SACANCHE,SACANCHE,[REGIONAL][SAN MARTIN],NO OPERATIVO,2.0,CPNP PROT. DE CARRETERAS SACANCHE,SAN MARTINHUALLAGASACANCHE,"Ministerio de Transportes y Comunicaciones (MTC). Programa Nacional de Telecomunicaciones (PRONATEL), febrero de 2022",220405,-76.713582,-7.069902,Point,-76.713582,-7.069902,True,True,POINT (-76.713582 -7.069902),-76.713582,-7.069902,-76.713582,-7.069902
483.0,22,SAN MARTIN,2205,LAMAS,220504,CAYNARACHI,2205040003,ALIANZA,2205040003,SAN MARTIN,LAMAS,CAYNARACHI,ALIANZA,[REGIONAL][SAN MARTIN],NO OPERATIVO,2.0,CPNP ALIANZA,SAN MARTINLAMASCAYNARACHI,"Ministerio de Transportes y Comunicaciones (MTC). Programa Nacional de Telecomunicaciones (PRONATEL), febrero de 2022",220504,-76.275084,-6.117064,Point,-76.275084,-6.117064,True,True,POINT (-76.275084 -6.117064),-76.275084,-6.117064,-76.275084,-6.117064
484.0,22,SAN MARTIN,2205,LAMAS,220504,CAYNARACHI,2205040001,PONGO DE CAYNARACHI,2205040001,SAN MARTIN,LAMAS,CAYNARACHI,PONGO DE CAYNARACHI,[REGIONAL][SAN MARTIN],NO OPERATIVO,2.0,CPNP RURAL CAYNARACHI,SAN MARTINLAMASCAYNARACHI,"Ministerio de Transportes y Comunicaciones (MTC). Programa Nacional de Telecomunicaciones (PRONATEL), febrero de 2022",220504,-76.284052,-6.330814,Point,-76.284052,-6.330814,True,True,POINT (-76.284052 -6.330814),-76.284052,-6.330814,-76.284052,-6.330814
485.0,22,SAN MARTIN,2206,MARISCAL CACERES,220602,CAMPANILLA,2206020001,CAMPANILLA,2206020001,SAN MARTIN,MARISCAL CACERES,CAMPANILLA,CAMPANILLA,[REGIONAL][SAN MARTIN],NO OPERATIVO,2.0,CPNP CAMPANILLA,SAN MARTINMARISCAL CACERESCAMPANILLA,"Ministerio de Transportes y Comunicaciones (MTC). Programa Nacional de Telecomunicaciones (PRONATEL), febrero de 2022",220602,-76.649767,-7.483125,Point,-76.649767,-7.483125,True,True,POINT (-76.649767 -7.483125),-76.649767,-7.483125,-76.649767,-7.483125
486.0,22,SAN MARTIN,2208,RIOJA,220805,PARDO MIGUEL,2208050017,AGUAS CLARAS,2208050017,SAN MARTIN,RIOJA,PARDO MIGUEL,AGUAS CLARAS,[REGIONAL][SAN MARTIN],NO OPERATIVO,2.0,CPNP PROT. DE CARRETERAS AGUAS CLARAS,SAN MARTINRIOJAPARDO MIGUEL,"Ministerio de Transportes y Comunicaciones (MTC). Programa Nacional de Telecomunicaciones (PRONATEL), febrero de 2022",220805,-77.569302,-5.717155,Point,-77.569302,-5.717155,True,True,POINT (-77.569302 -5.717155),-77.569302,-5.717155,-77.569302,-5.717155
487.0,22,SAN MARTIN,2208,RIOJA,220805,PARDO MIGUEL,2208050001,NARANJOS,2208050001,SAN MARTIN,RIOJA,PARDO MIGUEL,NARANJOS,[REGIONAL][SAN MARTIN],NO OPERATIVO,2.0,CPNP RURAL NARANJOS,SAN MARTINRIOJAPARDO MIGUEL,"Ministerio de Transportes y Comunicaciones (MTC). Programa Nacional de Telecomunicaciones (PRONATEL), febrero de 2022",220805,-77.50443,-5.739505,Point,-77.50443,-5.739505,True,True,POINT (-77.50443 -5.739505),-77.50443,-5.739505,-77.50443,-5.739505
488.0,22,SAN MARTIN,2209,SAN MARTIN,220904,CHAZUTA,2209040001,CHAZUTA,2209040001,SAN MARTIN,SAN MARTIN,CHAZUTA,CHAZUTA,[REGIONAL][SAN MARTIN],NO OPERATIVO,2.0,CPNP RURAL CHAZUTA,SAN MARTINSAN MARTINCHAZUTA,"Ministerio de Transportes y Comunicaciones (MTC). Programa Nacional de Telecomunicaciones (PRONATEL), febrero de 2022",220904,-76.137663,-6.573687,Point,-76.137663,-6.573687,True,True,POINT (-76.137663 -6.573687),-76.137663,-6.573687,-76.137663,-6.573687
489.0,22,SAN MARTIN,2209,SAN MARTIN,220906,EL PORVENIR,2209060001,PELEJO,2209060001,SAN MARTIN,SAN MARTIN,EL PORVENIR,PELEJO,[REGIONAL][SAN MARTIN],NO OPERATIVO,2.0,CPNP RURAL PELEJO,SAN MARTINSAN MARTINEL PORVENIR,"Ministerio de Transportes y Comunicaciones (MTC). Programa Nacional de Telecomunicaciones (PRONATEL), febrero de 2022",220906,-75.800906,-6.211663,Point,-75.800906,-6.211663,True,True,POINT (-75.800906 -6.211663),-75.800906,-6.211663,-75.800906,-6.211663
490.0,22,SAN MARTIN,2209,SAN MARTIN,220913,SAUCE,2209130001,SAUCE,2209130001,SAN MARTIN,SAN MARTIN,SAUCE,SAUCE,[REGIONAL][SAN MARTIN],NO OPERATIVO,2.0,CPNP EL SAUCE,SAN MARTINSAN MARTINSAUCE,"Ministerio de Transportes y Comunicaciones (MTC). Programa Nacional de Telecomunicaciones (PRONATEL), febrero de 2022",220913,-76.216661,-6.690694,Point,-76.216661,-6.690694,True,True,POINT (-76.216661 -6.690694),-76.216661,-6.690694,-76.216661,-6.690694
491.0,22,SAN MARTIN,2209,SAN MARTIN,220914,SHAPAJA,2209140001,SHAPAJA,2209140001,SAN MARTIN,SAN MARTIN,SHAPAJA,SHAPAJA,[REGIONAL][SAN MARTIN],NO OPERATIVO,2.0,CPNP SHAPAJA,SAN MARTINSAN MARTINSHAPAJA,"Ministerio de Transportes y Comunicaciones (MTC). Programa Nacional de Telecomunicaciones (PRONATEL), febrero de 2022",220914,-76.261932,-6.579658,Point,-76.261932,-6.579658,True,True,POINT (-76.261932 -6.579658),-76.261932,-6.579658,-76.261932,-6.579658
492.0,22,SAN MARTIN,2210,TOCACHE,221002,NUEVO PROGRESO,2210020001,NUEVO PROGRESO,2210020001,SAN MARTIN,TOCACHE,NUEVO PROGRESO,NUEVO PROGRESO,[REGIONAL][SAN MARTIN],NO OPERATIVO,2.0,CPNP RURAL NUEVO PROGRESO,SAN MARTINTOCACHENUEVO PROGRESO,"Ministerio de Transportes y Comunicaciones (MTC). Programa Nacional de Telecomunicaciones (PRONATEL), febrero de 2022",221002,-76.326444,-8.450562,Point,-76.326444,-8.450562,True,True,POINT (-76.326444 -8.450562),-76.326444,-8.450562,-76.326444,-8.450562
493.0,22,SAN MARTIN,2210,TOCACHE,221003,POLVORA,2210030016,PUERTO PISANA,2210030016,SAN MARTIN,TOCACHE,POLVORA,PUERTO PISANA,[REGIONAL][SAN MARTIN],NO OPERATIVO,2.0,CPNP RURAL PUERTO PIZANA,SAN MARTINTOCACHEPOLVORA,"Ministerio de Transportes y Comunicaciones (MTC). Programa Nacional de Telecomunicaciones (PRONATEL), febrero de 2022",221003,-76.647541,-8.005909,Point,-76.647541,-8.005909,True,True,POINT (-76.647541 -8.005909),-76.647541,-8.005909,-76.647541,-8.005909
494.0,22,SAN MARTIN,2210,TOCACHE,221005,UCHIZA,2210050001,UCHIZA,2210050001,SAN MARTIN,TOCACHE,UCHIZA,UCHIZA,[REGIONAL][SAN MARTIN],NO OPERATIVO,2.0,CPNP RURAL UCHIZA,SAN MARTINTOCACHEUCHIZA,"Ministerio de Transportes y Comunicaciones (MTC). Programa Nacional de Telecomunicaciones (PRONATEL), febrero de 2022",221005,-76.461763,-8.458221,Point,-76.461763,-8.458221,True,True,POINT (-76.461763 -8.458221),-76.461763,-8.458221,-76.461763,-8.458221
495.0,23,TACNA,2303,JORGE BASADRE,230302,ILABAYA,2303020001,ILABAYA,2303020001,TACNA,JORGE BASADRE,ILABAYA,ILABAYA,[REGIONAL][TACNA],NO OPERATIVO,2.0,CPNP RURAL ILABAYA,TACNAJORGE BASADREILABAYA,"Ministerio de Transportes y Comunicaciones (MTC). Programa Nacional de Telecomunicaciones (PRONATEL), febrero de 2022",230302,-70.513155,-17.41813,Point,-70.513155,-17.41813,True,True,POINT (-70.513155 -17.41813),-70.513155,-17.41813,-70.513155,-17.41813
496.0,23,TACNA,2303,JORGE BASADRE,230303,ITE,2303030016,PAMPA BAJA,2303030016,TACNA,JORGE BASADRE,ITE,PAMPA BAJA,[REGIONAL][TACNA],OPERATIVO,1.0,CPNP PROT. DE CARRETERAS BOCA DEL RIO,TACNAJORGE BASADREITE,"Ministerio de Transportes y Comunicaciones (MTC). Programa Nacional de Telecomunicaciones (PRONATEL), febrero de 2022",230303,-70.977428,-17.88597,Point,-70.977428,-17.88597,True,True,POINT (-70.977428 -17.88597),-70.977428,-17.88597,-70.977428,-17.88597
497.0,23,TACNA,2303,JORGE BASADRE,230301,LOCUMBA,2303010021,ALTO CAMIARA,2303010021,TACNA,JORGE BASADRE,LOCUMBA,ALTO CAMIARA,[REGIONAL][TACNA],OPERATIVO,1.0,CPNP ESPECIAL CAMIARA,TACNAJORGE BASADRELOCUMBA,"Ministerio de Transportes y Comunicaciones (MTC). Programa Nacional de Telecomunicaciones (PRONATEL), febrero de 2022",230301,-70.900502,-17.646842,Point,-70.900502,-17.646842,True,True,POINT (-70.900502 -17.646842),-70.900502,-17.646842,-70.900502,-17.646842
498.0,23,TACNA,2303,JORGE BASADRE,230301,LOCUMBA,2303010021,ALTO CAMIARA,2303010021,TACNA,JORGE BASADRE,LOCUMBA,ALTO CAMIARA,[REGIONAL][TACNA],OPERATIVO,1.0,CPNP PROT. DE CARRETERAS CAMIARA,TACNAJORGE BASADRELOCUMBA,"Ministerio de Transportes y Comunicaciones (MTC). Programa Nacional de Telecomunicaciones (PRONATEL), febrero de 2022",230301,-70.900502,-17.646842,Point,-70.900502,-17.646842,True,True,POINT (-70.900502 -17.646842),-70.900502,-17.646842,-70.900502,-17.646842
499.0,23,TACNA,2301,TACNA,230105,INCLAN,2301050001,SAMA GRANDE,2301050001,TACNA,TACNA,INCLAN,SAMA GRANDE,[REGIONAL][TACNA],OPERATIVO,1.0,CPNP SAMA INCLAN,TACNATACNAINCLAN,"Ministerio de Transportes y Comunicaciones (MTC). Programa Nacional de Telecomunicaciones (PRONATEL), febrero de 2022",230105,-70.494597,-17.793933,Point,-70.494597,-17.793933,True,True,POINT (-70.494597 -17.793933),-70.494597,-17.793933,-70.494597,-17.793933
500.0,23,TACNA,2301,TACNA,230106,PACHIA,2301060001,PACHIA,2301060001,TACNA,TACNA,PACHIA,PACHIA,[REGIONAL][TACNA],OPERATIVO,1.0,CPNP PACHIA,TACNATACNAPACHIA,"Ministerio de Transportes y Comunicaciones (MTC). Programa Nacional de Telecomunicaciones (PRONATEL), febrero de 2022",230106,-70.153919,-17.896495,Point,-70.153919,-17.896495,True,True,POINT (-70.153919 -17.896495),-70.153919,-17.896495,-70.153919,-17.896495
501.0,23,TACNA,2301,TACNA,230109,SAMA,2301090023,BOCA DEL RIO,2301090023,TACNA,TACNA,SAMA,BOCA DEL RIO,[REGIONAL][TACNA],OPERATIVO,1.0,CPNP BOCA DEL RIO,TACNATACNASAMA,"Ministerio de Transportes y Comunicaciones (MTC). Programa Nacional de Telecomunicaciones (PRONATEL), febrero de 2022",230109,-70.678704,-18.158166,Point,-70.678704,-18.158166,True,True,POINT (-70.678704 -18.158166),-70.678704,-18.158166,-70.678704,-18.158166
502.0,23,TACNA,2304,TARATA,230404,ESTIQUE-PAMPA,2304040001,ESTIQUE-PAMPA,2304040001,TACNA,TARATA,ESTIQUE-PAMPA,ESTIQUE-PAMPA,[REGIONAL][TACNA],NO OPERATIVO,2.0,CPNP ESTIQUE PAMPA,TACNATARATAESTIQUE-PAMPA,"Ministerio de Transportes y Comunicaciones (MTC). Programa Nacional de Telecomunicaciones (PRONATEL), febrero de 2022",230404,-70.031525,-17.538601,Point,-70.031525,-17.538601,True,True,POINT (-70.031525 -17.538601),-70.031525,-17.538601,-70.031525,-17.538601
503.0,23,TACNA,2304,TARATA,230405,SITAJARA,2304050001,SITAJARA,2304050001,TACNA,TARATA,SITAJARA,SITAJARA,[REGIONAL][TACNA],OPERATIVO,1.0,CPNP RURAL SITAJARA,TACNATARATASITAJARA,"Ministerio de Transportes y Comunicaciones (MTC). Programa Nacional de Telecomunicaciones (PRONATEL), febrero de 2022",230405,-70.133764,-17.375323,Point,-70.133764,-17.375323,True,True,POINT (-70.133764 -17.375323),-70.133764,-17.375323,-70.133764,-17.375323
504.0,23,TACNA,2304,TARATA,230406,SUSAPAYA,2304060001,SUSAPAYA,2304060001,TACNA,TARATA,SUSAPAYA,SUSAPAYA,[REGIONAL][TACNA],OPERATIVO,1.0,CPNP RUAL SUSAPAYA,TACNATARATASUSAPAYA,"Ministerio de Transportes y Comunicaciones (MTC). Programa Nacional de Telecomunicaciones (PRONATEL), febrero de 2022",230406,-70.133645,-17.348168,Point,-70.133645,-17.348168,True,True,POINT (-70.133645 -17.348168),-70.133645,-17.348168,-70.133645,-17.348168
505.0,23,TACNA,2304,TARATA,230408,TICACO,2304080001,TICACO,2304080001,TACNA,TARATA,TICACO,TICACO,[REGIONAL][TACNA],NO OPERATIVO,2.0,CPNP TICACO,TACNATARATATICACO,"Ministerio de Transportes y Comunicaciones (MTC). Programa Nacional de Telecomunicaciones (PRONATEL), febrero de 2022",230408,-70.046745,-17.44714,Point,-70.046745,-17.44714,True,True,POINT (-70.046745 -17.44714),-70.046745,-17.44714,-70.046745,-17.44714
506.0,24,TUMBES,2402,CONTRALMIRANTE VILLAR,240202,CASITAS,2402020001,CAÑAVERAL,2402020001,TUMBES,CONTRALMIRANTE VILLAR,CASITAS,CAÑAVERAL,[REGIONAL][TUMBES],NO OPERATIVO,2.0,COMISARÍA CAÑAVERAL,TUMBESCONTRALMIRANTE VILLARCASITAS,"Ministerio de Transportes y Comunicaciones (MTC). Programa Nacional de Telecomunicaciones (PRONATEL), febrero de 2022",240202,-80.65099,-3.940109,Point,-80.65099,-3.940109,True,True,POINT (-80.65099 -3.940109),-80.65099,-3.940109,-80.65099,-3.940109
507.0,24,TUMBES,2402,CONTRALMIRANTE VILLAR,240201,ZORRITOS,2402010008,ACAPULCO,2402010008,TUMBES,CONTRALMIRANTE VILLAR,ZORRITOS,ACAPULCO,[REGIONAL][TUMBES],NO OPERATIVO,2.0,CARRETERAS TUMBES,TUMBESCONTRALMIRANTE VILLARZORRITOS,"Ministerio de Transportes y Comunicaciones (MTC). Programa Nacional de Telecomunicaciones (PRONATEL), febrero de 2022",240201,-80.766416,-3.737706,Point,-80.766416,-3.737706,True,True,POINT (-80.766416 -3.737706),-80.766416,-3.737706,-80.766416,-3.737706
508.0,24,TUMBES,2401,TUMBES,240104,PAMPAS DE HOSPITAL,2401040001,PAMPAS DE HOSPITAL,2401040001,TUMBES,TUMBES,PAMPAS DE HOSPITAL,PAMPAS DE HOSPITAL,[REGIONAL][TUMBES],NO OPERATIVO,2.0,COMISARÍA DE LA PNP PAMPAS DE HOSPITAL,TUMBESTUMBESPAMPAS DE HOSPITAL,"Ministerio de Transportes y Comunicaciones (MTC). Programa Nacional de Telecomunicaciones (PRONATEL), febrero de 2022",240104,-80.432807,-3.694937,Point,-80.432807,-3.694937,True,True,POINT (-80.432807 -3.694937),-80.432807,-3.694937,-80.432807,-3.694937
509.0,24,TUMBES,2401,TUMBES,240106,SAN JUAN DE LA VIRGEN,2401060001,SAN JUAN DE LA VIRGEN,2401060001,TUMBES,TUMBES,SAN JUAN DE LA VIRGEN,SAN JUAN DE LA VIRGEN,[REGIONAL][TUMBES],NO OPERATIVO,2.0,COMIDARÍA PNP SAN JUAN DE LA VIRGEN,TUMBESTUMBESSAN JUAN DE LA VIRGEN,"Ministerio de Transportes y Comunicaciones (MTC). Programa Nacional de Telecomunicaciones (PRONATEL), febrero de 2022",240106,-80.429876,-3.628956,Point,-80.429876,-3.628956,True,True,POINT (-80.429876 -3.628956),-80.429876,-3.628956,-80.429876,-3.628956
510.0,24,TUMBES,2403,ZARUMILLA,240304,PAPAYAL,2403040001,PAPAYAL,2403040001,TUMBES,ZARUMILLA,PAPAYAL,PAPAYAL,[REGIONAL][TUMBES],NO OPERATIVO,2.0,COMISARÍA PNP PAPAYAL,TUMBESZARUMILLAPAPAYAL,"Ministerio de Transportes y Comunicaciones (MTC). Programa Nacional de Telecomunicaciones (PRONATEL), febrero de 2022",240304,-80.234561,-3.56813,Point,-80.234561,-3.56813,True,True,POINT (-80.234561 -3.56813),-80.234561,-3.56813,-80.234561,-3.56813
511.0,19,PASCO,1901,PASCO,190110,TICLACAYAN,1901100001,TICLACAYAN,1901100001,PASCO,PASCO,TICLACAYAN,TICLACAYAN,[REGIONAL][PASCO],NO OPERATIVO,2.0,CPNP TICLACAYAN,PASCOPASCOTICLACAYAN,"Ministerio de Transportes y Comunicaciones (MTC). Programa Nacional de Telecomunicaciones (PRONATEL), febrero de 2022",190110,-76.1644,-10.53291,Point,-76.1644,-10.53291,True,True,POINT (-76.1644 -10.53291),-76.1644,-10.53291,-76.1644,-10.53291
512.0,19,PASCO,1902,DANIEL ALCIDES CARRION,190206,SANTA ANA DE TUSI,1902060001,SANTA ANA DE TUSI,1902060001,PASCO,DANIEL ALCIDES CARRION,SANTA ANA DE TUSI,SANTA ANA DE TUSI,[REGIONAL][PASCO],NO OPERATIVO,2.0,RURAL SANTA ANA DE TUSSI,PASCODANIEL ALCIDES CARRIONSANTA ANA DE TUSI,"Ministerio de Transportes y Comunicaciones (MTC). Programa Nacional de Telecomunicaciones (PRONATEL), febrero de 2022",190206,-76.35466,-10.4668,Point,-76.35466,-10.4668,True,True,POINT (-76.35466 -10.4668),-76.35466,-10.4668,-76.35466,-10.4668
513.0,19,PASCO,1903,OXAPAMPA,190306,PUERTO BERMUDEZ,1903060001,PUERTO BERMUDEZ,1903060001,PASCO,OXAPAMPA,PUERTO BERMUDEZ,PUERTO BERMUDEZ,[REGIONAL][PASCO],NO OPERATIVO,2.0,CPNP RURAL PUERTO BERMUDEZ,PASCOOXAPAMPAPUERTO BERMUDEZ,"Ministerio de Transportes y Comunicaciones (MTC). Programa Nacional de Telecomunicaciones (PRONATEL), febrero de 2022",190306,-74.946121,-10.292998,Point,-74.946121,-10.292998,True,True,POINT (-74.946121 -10.292998),-74.946121,-10.292998,-74.946121,-10.292998
514.0,19,PASCO,1903,OXAPAMPA,190305,POZUZO,1903050001,POZUZO,1903050001,PASCO,OXAPAMPA,POZUZO,POZUZO,[REGIONAL][PASCO],NO OPERATIVO,2.0,CPNP RURAL POZUZO,PASCOOXAPAMPAPOZUZO,"Ministerio de Transportes y Comunicaciones (MTC). Programa Nacional de Telecomunicaciones (PRONATEL), febrero de 2022",190305,-75.552739,-10.066901,Point,-75.552739,-10.066901,True,True,POINT (-75.552739 -10.066901),-75.552739,-10.066901,-75.552739,-10.066901
515.0,19,PASCO,1901,PASCO,190107,PAUCARTAMBO,1901070001,PAUCARTAMBO,1901070001,PASCO,PASCO,PAUCARTAMBO,PAUCARTAMBO,[REGIONAL][PASCO],NO OPERATIVO,2.0,CPNP RURAL PAUCARTAMBO,PASCOPASCOPAUCARTAMBO,"Ministerio de Transportes y Comunicaciones (MTC). Programa Nacional de Telecomunicaciones (PRONATEL), febrero de 2022",190107,-75.81696,-10.77261,Point,-75.81696,-10.77261,True,True,POINT (-75.81696 -10.77261),-75.81696,-10.77261,-75.81696,-10.77261
516.0,19,PASCO,1902,DANIEL ALCIDES CARRION,190204,PAUCAR,1902040001,PAUCAR,1902040001,PASCO,DANIEL ALCIDES CARRION,PAUCAR,PAUCAR,[REGIONAL][PASCO],NO OPERATIVO,2.0,RURAL PAUCAR,PASCODANIEL ALCIDES CARRIONPAUCAR,"Ministerio de Transportes y Comunicaciones (MTC). Programa Nacional de Telecomunicaciones (PRONATEL), febrero de 2022",190204,-76.43384,-10.3738,Point,-76.43384,-10.3738,True,True,POINT (-76.43384 -10.3738),-76.43384,-10.3738,-76.43384,-10.3738
517.0,19,PASCO,1901,PASCO,190113,YANACANCHA,1901130010,LA QUINUA,1901130010,PASCO,PASCO,YANACANCHA,LA QUINUA,[REGIONAL][PASCO],NO OPERATIVO,2.0,CPNP RURAL LA QUINUA,PASCOPASCOYANACANCHA,"Ministerio de Transportes y Comunicaciones (MTC). Programa Nacional de Telecomunicaciones (PRONATEL), febrero de 2022",190113,-76.17994,-10.61953,Point,-76.17994,-10.61953,True,True,POINT (-76.17994 -10.61953),-76.17994,-10.61953,-76.17994,-10.61953
518.0,19,PASCO,1903,OXAPAMPA,190304,PALCAZU,1903040001,ISCOZACIN,1903040001,PASCO,OXAPAMPA,PALCAZU,ISCOZACIN,[REGIONAL][PASCO],NO OPERATIVO,2.0,CPNP RURAL ISCOZACIN,PASCOOXAPAMPAPALCAZU,"Ministerio de Transportes y Comunicaciones (MTC). Programa Nacional de Telecomunicaciones (PRONATEL), febrero de 2022",190304,-75.149517,-10.184394,Point,-75.149517,-10.184394,True,True,POINT (-75.149517 -10.184394),-75.149517,-10.184394,-75.149517,-10.184394
519.0,19,PASCO,1901,PASCO,190104,HUAYLLAY,1901040001,HUAYLLAY,1901040001,PASCO,PASCO,HUAYLLAY,HUAYLLAY,[REGIONAL][PASCO],NO OPERATIVO,2.0,CPNP RURAL HUAYLLAY,PASCOPASCOHUAYLLAY,"Ministerio de Transportes y Comunicaciones (MTC). Programa Nacional de Telecomunicaciones (PRONATEL), febrero de 2022",190104,-76.37411,-10.99767,Point,-76.37411,-10.99767,True,True,POINT (-76.37411 -10.99767),-76.37411,-10.99767,-76.37411,-10.99767
520.0,19,PASCO,1903,OXAPAMPA,190303,HUANCABAMBA,1903030001,HUANCABAMBA,1903030001,PASCO,OXAPAMPA,HUANCABAMBA,HUANCABAMBA,[REGIONAL][PASCO],NO OPERATIVO,2.0,CPNP RURAL HUANCABAMBA,PASCOOXAPAMPAHUANCABAMBA,"Ministerio de Transportes y Comunicaciones (MTC). Programa Nacional de Telecomunicaciones (PRONATEL), febrero de 2022",190303,-75.528069,-10.4268,Point,-75.528069,-10.4268,True,True,POINT (-75.528069 -10.4268),-75.528069,-10.4268,-75.528069,-10.4268
521.0,19,PASCO,1901,PASCO,190102,HUACHON,1901020001,HUACHON,1901020001,PASCO,PASCO,HUACHON,HUACHON,[REGIONAL][PASCO],NO OPERATIVO,2.0,CPNP RURAL HUACHON,PASCOPASCOHUACHON,"Ministerio de Transportes y Comunicaciones (MTC). Programa Nacional de Telecomunicaciones (PRONATEL), febrero de 2022",190102,-75.944982,-10.638246,Point,-75.944982,-10.638246,True,True,POINT (-75.944982 -10.638246),-75.944982,-10.638246,-75.944982,-10.638246
522.0,19,PASCO,1902,DANIEL ALCIDES CARRION,190203,GOYLLARISQUIZGA,1902030001,GOYLLARISQUIZGA,1902030001,PASCO,DANIEL ALCIDES CARRION,GOYLLARISQUIZGA,GOYLLARISQUIZGA,[REGIONAL][PASCO],NO OPERATIVO,2.0,RURAL GOYLLARISQUIZA,PASCODANIEL ALCIDES CARRIONGOYLLARISQUIZGA,"Ministerio de Transportes y Comunicaciones (MTC). Programa Nacional de Telecomunicaciones (PRONATEL), febrero de 2022",190203,-76.40759,-10.47327,Point,-76.40759,-10.47327,True,True,POINT (-76.40759 -10.47327),-76.40759,-10.47327,-76.40759,-10.47327
523.0,19,PASCO,1903,OXAPAMPA,190308,CONSTITUCION,1903080001,CONSTITUCION,1903080001,PASCO,OXAPAMPA,CONSTITUCION,CONSTITUCION,[REGIONAL][PASCO],NO OPERATIVO,2.0,CPNP CONSTITUCION,PASCOOXAPAMPACONSTITUCION,"Ministerio de Transportes y Comunicaciones (MTC). Programa Nacional de Telecomunicaciones (PRONATEL), febrero de 2022",190308,-75.018643,-9.863964,Point,-75.018643,-9.863964,True,True,POINT (-75.018643 -9.863964),-75.018643,-9.863964,-75.018643,-9.863964
524.0,19,PASCO,1901,PASCO,190113,YANACANCHA,1901130006,CHICRIN,1901130006,PASCO,PASCO,YANACANCHA,CHICRIN,[REGIONAL][PASCO],NO OPERATIVO,2.0,CPNP RURAL CHICRIN,PASCOPASCOYANACANCHA,"Ministerio de Transportes y Comunicaciones (MTC). Programa Nacional de Telecomunicaciones (PRONATEL), febrero de 2022",190113,-76.187328,-10.580071,Point,-76.187328,-10.580071,True,True,POINT (-76.187328 -10.580071),-76.187328,-10.580071,-76.187328,-10.580071
525.0,19,PASCO,1902,DANIEL ALCIDES CARRION,190202,CHACAYAN,1902020001,CHACAYAN,1902020001,PASCO,DANIEL ALCIDES CARRION,CHACAYAN,CHACAYAN,[REGIONAL][PASCO],NO OPERATIVO,2.0,RURAL CHACAYAN,PASCODANIEL ALCIDES CARRIONCHACAYAN,"Ministerio de Transportes y Comunicaciones (MTC). Programa Nacional de Telecomunicaciones (PRONATEL), febrero de 2022",190202,-76.43827,-10.43989,Point,-76.43827,-10.43989,True,True,POINT (-76.43827 -10.43989),-76.43827,-10.43989,-76.43827,-10.43989
526.0,15,LIMA,1503,CAJATAMBO,150303,GORGOR,1503030001,GORGOR,1503030001,LIMA,CAJATAMBO,GORGOR,GORGOR,[REGIONAL] - [LIMA],OPERATIVO,1.0,CPNP GORGOR,LIMACAJATAMBOGORGOR,"Ministerio de Transportes y Comunicaciones (MTC). Programa Nacional de Telecomunicaciones (PRONATEL), febrero de 2022",150303,-77.04058,-10.622,Point,-77.04058,-10.622,True,True,POINT (-77.04058 -10.622),-77.04058,-10.622,-77.04058,-10.622
527.0,15,LIMA,1504,CANTA,150407,SANTA ROSA DE QUIVES,1504070043,TRAPICHE,1504070043,LIMA,CANTA,SANTA ROSA DE QUIVES,TRAPICHE,[REGIONAL] - [LIMA],OPERATIVO,1.0,CPNP PROT. DE CARRETERAS YANGAS,LIMACANTASANTA ROSA DE QUIVES,"Ministerio de Transportes y Comunicaciones (MTC). Programa Nacional de Telecomunicaciones (PRONATEL), febrero de 2022",150407,-76.963506,-11.721671,Point,-76.963506,-11.721671,True,True,POINT (-76.963506 -11.721671),-76.963506,-11.721671,-76.963506,-11.721671
528.0,15,LIMA,1504,CANTA,150407,SANTA ROSA DE QUIVES,1504070001,YANGAS,1504070001,LIMA,CANTA,SANTA ROSA DE QUIVES,YANGAS,[REGIONAL] - [LIMA],OPERATIVO,1.0,CPNP YANGAS,LIMACANTASANTA ROSA DE QUIVES,"Ministerio de Transportes y Comunicaciones (MTC). Programa Nacional de Telecomunicaciones (PRONATEL), febrero de 2022",150407,-76.84454,-11.69534,Point,-76.84454,-11.69534,True,True,POINT (-76.84454 -11.69534),-76.84454,-11.69534,-76.84454,-11.69534
529.0,15,LIMA,1505,CAÑETE,150503,CALANGO,1505030001,CALANGO,1505030001,LIMA,CAÑETE,CALANGO,CALANGO,[REGIONAL] - [LIMA],OPERATIVO,1.0,CPNP CALANGO,LIMACAÑETECALANGO,"Ministerio de Transportes y Comunicaciones (MTC). Programa Nacional de Telecomunicaciones (PRONATEL), febrero de 2022",150503,-76.5436,-12.5263,Point,-76.5436,-12.5263,True,True,POINT (-76.5436 -12.5263),-76.5436,-12.5263,-76.5436,-12.5263
530.0,15,LIMA,1505,CAÑETE,150509,MALA,1505090024,BUJAMA BAJA,1505090024,LIMA,CAÑETE,MALA,BUJAMA BAJA,[REGIONAL] - [LIMA],OPERATIVO,1.0,CPNP PROT. DE CARRETERAS BUJAMA,LIMACAÑETEMALA,"Ministerio de Transportes y Comunicaciones (MTC). Programa Nacional de Telecomunicaciones (PRONATEL), febrero de 2022",150509,-76.6299,-12.7173,Point,-76.6299,-12.7173,True,True,POINT (-76.6299 -12.7173),-76.6299,-12.7173,-76.6299,-12.7173
531.0,15,LIMA,1505,CAÑETE,150510,NUEVO IMPERIAL,1505100007,PUEBLO NUEVO DE CONTA ROMA,1505100007,LIMA,CAÑETE,NUEVO IMPERIAL,PUEBLO NUEVO DE CONTA ROMA,[REGIONAL] - [LIMA],OPERATIVO,1.0,CPNP PUEBLO NUEVO DE CONTA,LIMACAÑETENUEVO IMPERIAL,"Ministerio de Transportes y Comunicaciones (MTC). Programa Nacional de Telecomunicaciones (PRONATEL), febrero de 2022",150510,-76.33237,-13.01342,Point,-76.33237,-13.01342,True,True,POINT (-76.33237 -13.01342),-76.33237,-13.01342,-76.33237,-13.01342
532.0,15,LIMA,1505,CAÑETE,150511,PACARAN,1505110001,PACARAN,1505110001,LIMA,CAÑETE,PACARAN,PACARAN,[REGIONAL] - [LIMA],OPERATIVO,1.0,CPNP PACARAN,LIMACAÑETEPACARAN,"Ministerio de Transportes y Comunicaciones (MTC). Programa Nacional de Telecomunicaciones (PRONATEL), febrero de 2022",150511,-76.0544,-12.8661,Point,-76.0544,-12.8661,True,True,POINT (-76.0544 -12.8661),-76.0544,-12.8661,-76.0544,-12.8661
533.0,15,LIMA,1505,CAÑETE,150501,SAN VICENTE DE CAÑETE,1505010033,CLARITA,1505010033,LIMA,CAÑETE,SAN VICENTE DE CAÑETE,CLARITA,[REGIONAL] - [LIMA],OPERATIVO,1.0,CPNP PROT. DE CARRETERAS CAÑETE,LIMACAÑETESAN VICENTE DE CAÑETE,"Ministerio de Transportes y Comunicaciones (MTC). Programa Nacional de Telecomunicaciones (PRONATEL), febrero de 2022",150501,-76.3649,-13.1312,Point,-76.3649,-13.1312,True,True,POINT (-76.3649 -13.1312),-76.3649,-13.1312,-76.3649,-13.1312
534.0,15,LIMA,1505,CAÑETE,150516,ZUÑIGA,1505160001,ZUÑIGA,1505160001,LIMA,CAÑETE,ZUÑIGA,ZUÑIGA,[REGIONAL] - [LIMA],OPERATIVO,1.0,CPNP ZUÑIGA,LIMACAÑETEZUÑIGA,"Ministerio de Transportes y Comunicaciones (MTC). Programa Nacional de Telecomunicaciones (PRONATEL), febrero de 2022",150516,-76.0226,-12.86,Point,-76.0226,-12.86,True,True,POINT (-76.0226 -12.86),-76.0226,-12.86,-76.0226,-12.86
535.0,15,LIMA,1506,HUARAL,150604,AUCALLAMA,1506040001,AUCALLAMA,1506040001,LIMA,HUARAL,AUCALLAMA,AUCALLAMA,[REGIONAL] - [LIMA],OPERATIVO,1.0,CPNP AUCALLAMA,LIMAHUARALAUCALLAMA,"Ministerio de Transportes y Comunicaciones (MTC). Programa Nacional de Telecomunicaciones (PRONATEL), febrero de 2022",150604,-77.17683,-11.55789,Point,-77.17683,-11.55789,True,True,POINT (-77.17683 -11.55789),-77.17683,-11.55789,-77.17683,-11.55789
536.0,15,LIMA,1506,HUARAL,150605,CHANCAY,1506050002,EL HATILLO,1506050002,LIMA,HUARAL,CHANCAY,EL HATILLO,[REGIONAL] - [LIMA],OPERATIVO,1.0,CPNP PROT. DE CARRETERAS EL HATILLO,LIMAHUARALCHANCAY,"Ministerio de Transportes y Comunicaciones (MTC). Programa Nacional de Telecomunicaciones (PRONATEL), febrero de 2022",150605,-77.34433,-11.44845,Point,-77.34433,-11.44845,True,True,POINT (-77.34433 -11.44845),-77.34433,-11.44845,-77.34433,-11.44845
537.0,15,LIMA,1507,HUAROCHIRI,150709,HUAROCHIRI,1507090001,HUAROCHIRI,1507090001,LIMA,HUAROCHIRI,HUAROCHIRI,HUAROCHIRI,[REGIONAL] - [LIMA],OPERATIVO,1.0,CPNP HUAROCHIRI,LIMAHUAROCHIRIHUAROCHIRI,"Ministerio de Transportes y Comunicaciones (MTC). Programa Nacional de Telecomunicaciones (PRONATEL), febrero de 2022",150709,-76.2325,-12.1371,Point,-76.2325,-12.1371,True,True,POINT (-76.2325 -12.1371),-76.2325,-12.1371,-76.2325,-12.1371
538.0,15,LIMA,1507,HUAROCHIRI,150718,SAN DAMIAN,1507180001,SAN DAMIAN,1507180001,LIMA,HUAROCHIRI,SAN DAMIAN,SAN DAMIAN,[REGIONAL] - [LIMA],OPERATIVO,1.0,CPNP SAN DAMIAN,LIMAHUAROCHIRISAN DAMIAN,"Ministerio de Transportes y Comunicaciones (MTC). Programa Nacional de Telecomunicaciones (PRONATEL), febrero de 2022",150718,-76.3918,-12.0174,Point,-76.3918,-12.0174,True,True,POINT (-76.3918 -12.0174),-76.3918,-12.0174,-76.3918,-12.0174
539.0,15,LIMA,1507,HUAROCHIRI,150721,SAN LORENZO DE QUINTI,1507210001,SAN LORENZO DE QUINTI,1507210001,LIMA,HUAROCHIRI,SAN LORENZO DE QUINTI,SAN LORENZO DE QUINTI,[REGIONAL] - [LIMA],OPERATIVO,1.0,CPNP SAN LORENZO DE QUINTI,LIMAHUAROCHIRISAN LORENZO DE QUINTI,"Ministerio de Transportes y Comunicaciones (MTC). Programa Nacional de Telecomunicaciones (PRONATEL), febrero de 2022",150721,-76.2126,-12.1451,Point,-76.2126,-12.1451,True,True,POINT (-76.2126 -12.1451),-76.2126,-12.1451,-76.2126,-12.1451
540.0,15,LIMA,1507,HUAROCHIRI,150727,SANTA CRUZ DE COCACHACRA,1507270009,CORCONA,1507270009,LIMA,HUAROCHIRI,SANTA CRUZ DE COCACHACRA,CORCONA,[REGIONAL] - [LIMA],OPERATIVO,1.0,CPNP PROT. DE CARRETERAS SANTA CRUZ DE COCACHACRA,LIMAHUAROCHIRISANTA CRUZ DE COCACHACRA,"Ministerio de Transportes y Comunicaciones (MTC). Programa Nacional de Telecomunicaciones (PRONATEL), febrero de 2022",150727,-76.5804,-11.9099,Point,-76.5804,-11.9099,True,True,POINT (-76.5804 -11.9099),-76.5804,-11.9099,-76.5804,-11.9099
541.0,15,LIMA,1507,HUAROCHIRI,150732,SURCO,1507320001,SURCO,1507320001,LIMA,HUAROCHIRI,SURCO,SURCO,[REGIONAL] - [LIMA],OPERATIVO,1.0,CPNP PROT. DE CARRETERAS SAN JERONIMO DE SURCO,LIMAHUAROCHIRISURCO,"Ministerio de Transportes y Comunicaciones (MTC). Programa Nacional de Telecomunicaciones (PRONATEL), febrero de 2022",150732,-76.44225,-11.88272,Point,-76.44225,-11.88272,True,True,POINT (-76.44225 -11.88272),-76.44225,-11.88272,-76.44225,-11.88272
542.0,15,LIMA,1508,HUAURA,150802,AMBAR,1508020001,AMBAR,1508020001,LIMA,HUAURA,AMBAR,AMBAR,[REGIONAL] - [LIMA],OPERATIVO,1.0,CPNP AMBAR,LIMAHUAURAAMBAR,"Ministerio de Transportes y Comunicaciones (MTC). Programa Nacional de Telecomunicaciones (PRONATEL), febrero de 2022",150802,-77.27099,-10.75776,Point,-77.27099,-10.75776,True,True,POINT (-77.27099 -10.75776),-77.27099,-10.75776,-77.27099,-10.75776
543.0,15,LIMA,1508,HUAURA,150811,SAYAN,1508110146,LA VILLA,1508110146,LIMA,HUAURA,SAYAN,LA VILLA,[REGIONAL] - [LIMA],OPERATIVO,1.0,CPNP SANTA ROSA,LIMAHUAURASAYAN,"Ministerio de Transportes y Comunicaciones (MTC). Programa Nacional de Telecomunicaciones (PRONATEL), febrero de 2022",150811,-77.378294,-11.234027,Point,-77.378294,-11.234027,True,True,POINT (-77.378294 -11.234027),-77.378294,-11.234027,-77.378294,-11.234027
544.0,15,LIMA,1510,YAUYOS,151008,CATAHUASI,1510080001,CATAHUASI,1510080001,LIMA,YAUYOS,CATAHUASI,CATAHUASI,[REGIONAL] - [LIMA],OPERATIVO,1.0,CPNP CATAHUASI,LIMAYAUYOSCATAHUASI,"Ministerio de Transportes y Comunicaciones (MTC). Programa Nacional de Telecomunicaciones (PRONATEL), febrero de 2022",151008,-75.8917,-12.7989,Point,-75.8917,-12.7989,True,True,POINT (-75.8917 -12.7989),-75.8917,-12.7989,-75.8917,-12.7989
545.0,15,LIMA,1510,YAUYOS,151015,HUANGASCAR,1510150001,HUANGASCAR,1510150001,LIMA,YAUYOS,HUANGASCAR,HUANGASCAR,[REGIONAL] - [LIMA],OPERATIVO,1.0,CPNP HUANGASCAR,LIMAYAUYOSHUANGASCAR,"Ministerio de Transportes y Comunicaciones (MTC). Programa Nacional de Telecomunicaciones (PRONATEL), febrero de 2022",151015,-75.83117,-12.89982,Point,-75.83117,-12.89982,True,True,POINT (-75.83117 -12.89982),-75.83117,-12.89982,-75.83117,-12.89982
546.0,16,LORETO,1601,MAYNAS,160107,NAPO,1601070001,SANTA CLOTILDE,1601070001,LORETO,MAYNAS,NAPO,SANTA CLOTILDE,[REGIONAL][NAPO-PUTUMAYO],NO OPERATIVO,2.0,SANTA CLOTILDE,LORETOMAYNASNAPO,"Ministerio de Transportes y Comunicaciones (MTC). Programa Nacional de Telecomunicaciones (PRONATEL), febrero de 2022",160107,-73.68744,-2.491462,Point,-73.68744,-2.491462,True,True,POINT (-73.68744 -2.491462),-73.68744,-2.491462,-73.68744,-2.491462
547.0,16,LORETO,1601,MAYNAS,160110,TORRES CAUSANA,1601100001,PANTOJA,1601100001,LORETO,MAYNAS,TORRES CAUSANA,PANTOJA,[REGIONAL][NAPO-PUTUMAYO],NO OPERATIVO,2.0,COMISARÍA TORRES CAUSANA PANTOJA,LORETOMAYNASTORRES CAUSANA,"Ministerio de Transportes y Comunicaciones (MTC). Programa Nacional de Telecomunicaciones (PRONATEL), febrero de 2022",160110,-75.168386,-0.970368,Point,-75.168386,-0.970368,True,True,POINT (-75.168386 -0.970368),-75.168386,-0.970368,-75.168386,-0.970368
548.0,16,LORETO,1608,PUTUMAYO,160801,PUTUMAYO,1608010001,SAN ANTONIO DEL ESTRECHO,1608010001,LORETO,PUTUMAYO,PUTUMAYO,SAN ANTONIO DEL ESTRECHO,[REGIONAL][NAPO-PUTUMAYO],NO OPERATIVO,2.0,COMISARIA SECTORIAL FRONTERIZA EL ESTRECHO,LORETOPUTUMAYOPUTUMAYO,"Ministerio de Transportes y Comunicaciones (MTC). Programa Nacional de Telecomunicaciones (PRONATEL), febrero de 2022",160801,-72.662461,-2.449545,Point,-72.662461,-2.449545,True,True,POINT (-72.662461 -2.449545),-72.662461,-2.449545,-72.662461,-2.449545
549.0,16,LORETO,1608,PUTUMAYO,160801,PUTUMAYO,1608010015,FLOR DE AGOSTO,1608010015,LORETO,PUTUMAYO,PUTUMAYO,FLOR DE AGOSTO,[REGIONAL][NAPO-PUTUMAYO],NO OPERATIVO,2.0,P. V. F FLOR DE AGOSTO,LORETOPUTUMAYOPUTUMAYO,"Ministerio de Transportes y Comunicaciones (MTC). Programa Nacional de Telecomunicaciones (PRONATEL), febrero de 2022",160801,-73.072149,-2.358567,Point,-73.072149,-2.358567,True,True,POINT (-73.072149 -2.358567),-73.072149,-2.358567,-73.072149,-2.358567
550.0,16,LORETO,1608,PUTUMAYO,160801,PUTUMAYO,1608010032,ESPERANZA,1608010032,LORETO,PUTUMAYO,PUTUMAYO,ESPERANZA,[REGIONAL][NAPO-PUTUMAYO],NO OPERATIVO,2.0,PUESTO DE VIGILANCIA TENIENTE BERGGERI,LORETOPUTUMAYOPUTUMAYO,"Ministerio de Transportes y Comunicaciones (MTC). Programa Nacional de Telecomunicaciones (PRONATEL), febrero de 2022",160801,-71.918944,-2.384153,Point,-71.918944,-2.384153,True,True,POINT (-71.918944 -2.384153),-71.918944,-2.384153,-71.918944,-2.384153
551.0,16,LORETO,1608,PUTUMAYO,160802,ROSA PANDURO,1608020001,SANTA MERCEDES,1608020001,LORETO,PUTUMAYO,ROSA PANDURO,SANTA MERCEDES,[REGIONAL][NAPO-PUTUMAYO],NO OPERATIVO,2.0,P. V. F. SANTA MERCEDES,LORETOPUTUMAYOROSA PANDURO,"Ministerio de Transportes y Comunicaciones (MTC). Programa Nacional de Telecomunicaciones (PRONATEL), febrero de 2022",160802,-73.411565,-1.790535,Point,-73.411565,-1.790535,True,True,POINT (-73.411565 -1.790535),-73.411565,-1.790535,-73.411565,-1.790535
552.0,16,LORETO,1608,PUTUMAYO,160802,ROSA PANDURO,1608020002,PUERTO ARTURO,1608020002,LORETO,PUTUMAYO,ROSA PANDURO,PUERTO ARTURO,[REGIONAL][NAPO-PUTUMAYO],NO OPERATIVO,2.0,P. V. F SANTA MERCEDES,LORETOPUTUMAYOROSA PANDURO,"Ministerio de Transportes y Comunicaciones (MTC). Programa Nacional de Telecomunicaciones (PRONATEL), febrero de 2022",160802,-73.32668,-1.825597,Point,-73.32668,-1.825597,True,True,POINT (-73.32668 -1.825597),-73.32668,-1.825597,-73.32668,-1.825597
553.0,16,LORETO,1608,PUTUMAYO,160803,TENIENTE MANUEL CLAVERO,1608030001,SOPLIN VARGAS,1608030001,LORETO,PUTUMAYO,TENIENTE MANUEL CLAVERO,SOPLIN VARGAS,[REGIONAL][NAPO-PUTUMAYO],NO OPERATIVO,2.0,COMISARIA FRONTERIZA PNP SOPLIN VARGAS,LORETOPUTUMAYOTENIENTE MANUEL CLAVERO,"Ministerio de Transportes y Comunicaciones (MTC). Programa Nacional de Telecomunicaciones (PRONATEL), febrero de 2022",160803,-74.675088,-0.375355,Point,-74.675088,-0.375355,True,True,POINT (-74.675088 -0.375355),-74.675088,-0.375355,-74.675088,-0.375355
554.0,16,LORETO,1608,PUTUMAYO,160804,YAGUAS,1608040001,REMANSO,1608040001,LORETO,PUTUMAYO,YAGUAS,REMANSO,[REGIONAL][NAPO-PUTUMAYO],NO OPERATIVO,2.0,738,LORETOPUTUMAYOYAGUAS,"Ministerio de Transportes y Comunicaciones (MTC). Programa Nacional de Telecomunicaciones (PRONATEL), febrero de 2022",160804,-71.177695,-2.410634,Point,-71.177695,-2.410634,True,True,POINT (-71.177695 -2.410634),-71.177695,-2.410634,-71.177695,-2.410634
555.0,16,LORETO,1608,PUTUMAYO,160804,YAGUAS,1608040006,CURINGA,1608040006,LORETO,PUTUMAYO,YAGUAS,CURINGA,[REGIONAL][NAPO-PUTUMAYO],NO OPERATIVO,2.0,PUESTO DE VIGILANCIA FRONTERIZO CORBATA,LORETOPUTUMAYOYAGUAS,"Ministerio de Transportes y Comunicaciones (MTC). Programa Nacional de Telecomunicaciones (PRONATEL), febrero de 2022",160804,-70.94976,-2.25486,Point,-70.94976,-2.25486,True,True,POINT (-70.94976 -2.25486),-70.94976,-2.25486,-70.94976,-2.25486
556.0,16,LORETO,1608,PUTUMAYO,160804,YAGUAS,1608040014,EL ALAMO,1608040014,LORETO,PUTUMAYO,YAGUAS,EL ALAMO,[REGIONAL][NAPO-PUTUMAYO],NO OPERATIVO,2.0,DEPENDENCIA POLICIAL YAGUAS,LORETOPUTUMAYOYAGUAS,"Ministerio de Transportes y Comunicaciones (MTC). Programa Nacional de Telecomunicaciones (PRONATEL), febrero de 2022",160804,-70.087607,-2.794836,Point,-70.087607,-2.794836,True,True,POINT (-70.087607 -2.794836),-70.087607,-2.794836,-70.087607,-2.794836
557.0,16,LORETO,1604,MARISCAL RAMON CASTILLA,160401,RAMON CASTILLA,1604010001,CABALLOCOCHA,1604010001,LORETO,MARISCAL RAMON CASTILLA,RAMON CASTILLA,CABALLOCOCHA,[REGIONAL][INTEGRACION AMAZONICA],OPERATIVO,1.0,COMISARIA DE CABALLOCOCHA,LORETOMARISCAL RAMON CASTILLARAMON CASTILLA,"Ministerio de Transportes y Comunicaciones (MTC). Programa Nacional de Telecomunicaciones (PRONATEL), febrero de 2022",160401,-70.516967,-3.905865,Point,-70.516967,-3.905865,True,True,POINT (-70.516967 -3.905865),-70.516967,-3.905865,-70.516967,-3.905865
558.0,16,LORETO,1601,MAYNAS,160104,INDIANA,1601040001,INDIANA,1601040001,LORETO,MAYNAS,INDIANA,INDIANA,[REGIONAL][INTEGRACION AMAZONICA],OPERATIVO,1.0,COMISARIA DE INDIANA,LORETOMAYNASINDIANA,"Ministerio de Transportes y Comunicaciones (MTC). Programa Nacional de Telecomunicaciones (PRONATEL), febrero de 2022",160104,-73.04101,-3.50025,Point,-73.04101,-3.50025,True,True,POINT (-73.04101 -3.50025),-73.04101,-3.50025,-73.04101,-3.50025
559.0,16,LORETO,1604,MARISCAL RAMON CASTILLA,160404,SAN PABLO,1604040001,SAN PABLO DE LORETO,1604040001,LORETO,MARISCAL RAMON CASTILLA,SAN PABLO,SAN PABLO DE LORETO,[REGIONAL][INTEGRACION AMAZONICA],OPERATIVO,1.0,COMISARIA DE SAN PABLO DE LORETO,LORETOMARISCAL RAMON CASTILLASAN PABLO,"Ministerio de Transportes y Comunicaciones (MTC). Programa Nacional de Telecomunicaciones (PRONATEL), febrero de 2022",160404,-71.2039,-4.0208,Point,-71.2039,-4.0208,True,True,POINT (-71.2039 -4.0208),-71.2039,-4.0208,-71.2039,-4.0208
560.0,16,LORETO,1604,MARISCAL RAMON CASTILLA,160402,PEBAS,1604020001,PEBAS,1604020001,LORETO,MARISCAL RAMON CASTILLA,PEBAS,PEBAS,[REGIONAL][INTEGRACION AMAZONICA],OPERATIVO,1.0,COMISARIA DE PEBAS,LORETOMARISCAL RAMON CASTILLAPEBAS,"Ministerio de Transportes y Comunicaciones (MTC). Programa Nacional de Telecomunicaciones (PRONATEL), febrero de 2022",160402,-71.86181,-3.32099,Point,-71.86181,-3.32099,True,True,POINT (-71.86181 -3.32099),-71.86181,-3.32099,-71.86181,-3.32099
561.0,16,LORETO,1604,MARISCAL RAMON CASTILLA,160401,RAMON CASTILLA,1604010043,CHIMBOTE,1604010043,LORETO,MARISCAL RAMON CASTILLA,RAMON CASTILLA,CHIMBOTE,[REGIONAL][INTEGRACION AMAZONICA],OPERATIVO,1.0,COMISARIA DE CHIMBOTE,LORETOMARISCAL RAMON CASTILLARAMON CASTILLA,"Ministerio de Transportes y Comunicaciones (MTC). Programa Nacional de Telecomunicaciones (PRONATEL), febrero de 2022",160401,-70.77946,-3.92949,Point,-70.77946,-3.92949,True,True,POINT (-70.77946 -3.92949),-70.77946,-3.92949,-70.77946,-3.92949
562.0,16,LORETO,1601,MAYNAS,160105,LAS AMAZONAS,1601050001,FRANCISCO DE ORELLANA,1601050001,LORETO,MAYNAS,LAS AMAZONAS,FRANCISCO DE ORELLANA,[REGIONAL][INTEGRACION AMAZONICA],OPERATIVO,1.0,COMISARIA DE FRANCISCO DE ORELLANA,LORETOMAYNASLAS AMAZONAS,"Ministerio de Transportes y Comunicaciones (MTC). Programa Nacional de Telecomunicaciones (PRONATEL), febrero de 2022",160105,-72.7639,-3.42272,Point,-72.7639,-3.42272,True,True,POINT (-72.7639 -3.42272),-72.7639,-3.42272,-72.7639,-3.42272
563.0,16,LORETO,1601,MAYNAS,160106,MAZAN,1601060001,MAZAN,1601060001,LORETO,MAYNAS,MAZAN,MAZAN,[REGIONAL][INTEGRACION AMAZONICA],OPERATIVO,1.0,COMISARIA DE MAZAN,LORETOMAYNASMAZAN,"Ministerio de Transportes y Comunicaciones (MTC). Programa Nacional de Telecomunicaciones (PRONATEL), febrero de 2022",160106,-73.091422,-3.497011,Point,-73.091422,-3.497011,True,True,POINT (-73.091422 -3.497011),-73.091422,-3.497011,-73.091422,-3.497011
