COD_DPTO,NOM_DPTO,COD_PROV,NOM_PROV,COD_DIST,NOM_DIST,UBIGEO,DIST,POB_HAB,POB_RANK,IDH,IDH_RANK,EVN_ANNOS,EVN_RANK,PES_CO_POR,PESCO_RANK,AE_ANNOS,AE_RANK,IFP_NS_MES,IFP_RANK,VN_EVN,VN_PES_CO,VN_AE,VN_LEDUC,VN_IFP,ESTRATIF,COD_QUINT,QUINTIL,FUENTE,geom_type,centroid_lon,centroid_lat,area_geodesic_km2,perimeter_geodesic_km
03,APURIMAC,0302,ANDAHUAYLAS,030220,JOSE MARIA ARGUEDAS,030220,Josémaría Arguedas,4406,887.0,0.365098,1046,80.867039,126.0,64.201942,651.0,4.197692,1687.0,426.304264,1102.0,0.931117,0.642019,0.168852,0.329251,0.158744,0.2420 - 0.3928,4.0,Cuarto Quintil,"Programa de las Naciones Unidas para el Desarrollo (PNUD), 2019. Unidad del Informe sobre Desarrollo Humano. Perú",Polygon,-73.323956,-13.809244,175.2363,62.4959
03,APURIMAC,0304,AYMARAES,030415,TINTAY,030415,Tintay,2673,1152.0,0.266575,1605,68.550619,1591.0,49.783578,1236.0,4.479963,1618.0,244.878061,1568.0,0.725844,0.497836,0.18873,0.306523,0.085143,0.2420 - 0.3928,4.0,Cuarto Quintil,"Programa de las Naciones Unidas para el Desarrollo (PNUD), 2019. Unidad del Informe sobre Desarrollo Humano. Perú",Polygon,-73.134474,-13.903486,142.3935,77.1015
03,APURIMAC,0304,AYMARAES,030409,LUCRE,030409,Lucre,1756,1375.0,0.272963,1575,72.754536,1135.0,43.511525,1436.0,3.358261,1828.0,323.260911,1366.0,0.795909,0.435115,0.109737,0.218513,0.116942,0.2420 - 0.3928,4.0,Cuarto Quintil,"Programa de las Naciones Unidas para el Desarrollo (PNUD), 2019. Unidad del Informe sobre Desarrollo Humano. Perú",Polygon,-73.245445,-13.915866,103.7658,60.5833
03,APURIMAC,0302,ANDAHUAYLAS,030214,SAN MIGUEL DE CHACCRAMPA,030214,San Miguel De Chaccrampa,1849,1349.0,0.23915,1704,71.044826,1374.0,64.621563,631.0,3.367956,1827.0,199.469115,1679.0,0.767414,0.646216,0.110419,0.267123,0.066722,0.0912 - 0.2420,5.0,Quinto Quintil,"Programa de las Naciones Unidas para el Desarrollo (PNUD), 2019. Unidad del Informe sobre Desarrollo Humano. Perú",Polygon,-73.60301,-13.962145,84.9291,44.0892
03,APURIMAC,0302,ANDAHUAYLAS,030206,HUAYANA,030206,Huayana,861,1654.0,0.286342,1508,78.911945,294.0,58.341724,886.0,4.946873,1431.0,214.124509,1647.0,0.898532,0.583417,0.221611,0.359571,0.072667,0.2420 - 0.3928,4.0,Cuarto Quintil,"Programa de las Naciones Unidas para el Desarrollo (PNUD), 2019. Unidad del Informe sobre Desarrollo Humano. Perú",Polygon,-73.550953,-13.989582,95.3195,61.6107
03,APURIMAC,0304,AYMARAES,030404,CHAPIMARCA,030404,Chapimarca,1794,1362.0,0.26966,1592,63.86696,1788.0,72.189575,310.0,4.545555,1588.0,234.722808,1599.0,0.647783,0.721896,0.193349,0.373601,0.081023,0.2420 - 0.3928,4.0,Cuarto Quintil,"Programa de las Naciones Unidas para el Desarrollo (PNUD), 2019. Unidad del Informe sobre Desarrollo Humano. Perú",Polygon,-73.086766,-14.007797,204.0597,69.0337
03,APURIMAC,0304,AYMARAES,030405,COLCABAMBA,030405,Colcabamba,866,1653.0,0.321298,1319,68.111203,1626.0,82.643642,33.0,5.084237,1377.0,295.269558,1440.0,0.71852,0.826436,0.231284,0.437198,0.105586,0.2420 - 0.3928,4.0,Cuarto Quintil,"Programa de las Naciones Unidas para el Desarrollo (PNUD), 2019. Unidad del Informe sobre Desarrollo Humano. Perú",Polygon,-73.258258,-13.976925,91.7707,69.0025
03,APURIMAC,0303,ANTABAMBA,030304,JUAN ESPINOZA MEDRANO,030304,Juan Espinoza Medrano,1782,1366.0,0.292207,1470,54.579296,1870.0,51.820179,1163.0,5.921433,1069.0,356.680369,1280.0,0.492988,0.518202,0.290242,0.387819,0.130499,0.2420 - 0.3928,4.0,Cuarto Quintil,"Programa de las Naciones Unidas para el Desarrollo (PNUD), 2019. Unidad del Informe sobre Desarrollo Humano. Perú",Polygon,-72.908356,-14.558566,632.3591,132.1848
03,APURIMAC,0304,AYMARAES,030406,COTARUSE,030406,Cotaruse,4508,879.0,0.366407,1041,64.984618,1754.0,49.216267,1261.0,6.514538,866.0,485.130473,973.0,0.66641,0.492163,0.33201,0.404231,0.182609,0.2420 - 0.3928,4.0,Cuarto Quintil,"Programa de las Naciones Unidas para el Desarrollo (PNUD), 2019. Unidad del Informe sobre Desarrollo Humano. Perú",Polygon,-73.295079,-14.588865,1735.3043,260.3078
03,APURIMAC,0303,ANTABAMBA,030301,ANTABAMBA,030301,Antabamba,2703,1149.0,0.318791,1334,54.298792,1871.0,38.121627,1577.0,6.754384,793.0,483.437165,976.0,0.488313,0.381216,0.3489,0.364701,0.181922,0.2420 - 0.3928,4.0,Cuarto Quintil,"Programa de las Naciones Unidas para el Desarrollo (PNUD), 2019. Unidad del Informe sobre Desarrollo Humano. Perú",Polygon,-72.750102,-14.517959,602.5233,130.5808
03,APURIMAC,0304,AYMARAES,030403,CARAYBAMBA,030403,Caraybamba,1238,1521.0,0.333377,1233,65.397956,1743.0,57.007078,940.0,6.694035,814.0,341.029814,1320.0,0.673299,0.570071,0.34465,0.443255,0.12415,0.2420 - 0.3928,4.0,Cuarto Quintil,"Programa de las Naciones Unidas para el Desarrollo (PNUD), 2019. Unidad del Informe sobre Desarrollo Humano. Perú",Polygon,-73.094494,-14.419357,230.2707,67.8151
03,APURIMAC,0303,ANTABAMBA,030303,HUAQUIRCA,030303,Huaquirca,1659,1397.0,0.415805,800,59.719098,1853.0,47.244752,1315.0,7.126354,683.0,762.481769,520.0,0.578652,0.472448,0.375095,0.420967,0.295124,0.3928 - 0.5436,3.0,Tercer Quintil,"Programa de las Naciones Unidas para el Desarrollo (PNUD), 2019. Unidad del Informe sobre Desarrollo Humano. Perú",Polygon,-72.786689,-14.340262,350.7428,120.0182
03,APURIMAC,0303,ANTABAMBA,030307,SABAINO,030307,Sabaino,1412,1462.0,0.24464,1688,55.387789,1869.0,70.052563,386.0,5.639928,1172.0,198.728215,1682.0,0.506463,0.700526,0.270417,0.435241,0.066421,0.2420 - 0.3928,4.0,Cuarto Quintil,"Programa de las Naciones Unidas para el Desarrollo (PNUD), 2019. Unidad del Informe sobre Desarrollo Humano. Perú",Polygon,-72.980142,-14.322963,176.5315,81.7893
03,APURIMAC,0307,GRAU,030713,VIRUNDO,030713,Virundo,1118,1565.0,0.296128,1454,75.18052,772.0,60.383411,800.0,5.51378,1216.0,227.59746,1620.0,0.836342,0.603834,0.261534,0.397395,0.078133,0.2420 - 0.3928,4.0,Cuarto Quintil,"Programa de las Naciones Unidas para el Desarrollo (PNUD), 2019. Unidad del Informe sobre Desarrollo Humano. Perú",Polygon,-72.677332,-14.291049,114.2475,55.5732
03,APURIMAC,0304,AYMARAES,030401,CHALHUANCA,030401,Chalhuanca,5042,817.0,0.507622,468,68.668088,1580.0,67.551305,507.0,9.169256,237.0,783.237739,497.0,0.727801,0.675513,0.518962,0.592086,0.303545,0.3928 - 0.5436,3.0,Tercer Quintil,"Programa de las Naciones Unidas para el Desarrollo (PNUD), 2019. Unidad del Informe sobre Desarrollo Humano. Perú",Polygon,-73.229277,-14.294244,339.0282,99.0155
03,APURIMAC,0304,AYMARAES,030410,POCOHUANCA,030410,Pocohuanca,1016,1596.0,0.310559,1375,63.417987,1796.0,61.452965,748.0,6.336862,927.0,295.231973,1441.0,0.6403,0.61453,0.319497,0.443103,0.105571,0.2420 - 0.3928,4.0,Cuarto Quintil,"Programa de las Naciones Unidas para el Desarrollo (PNUD), 2019. Unidad del Informe sobre Desarrollo Humano. Perú",Polygon,-73.087671,-14.224003,87.5732,47.4199
03,APURIMAC,0303,ANTABAMBA,030305,OROPESA,030305,Oropesa,2920,1110.0,0.291759,1472,57.274261,1863.0,63.847496,663.0,4.925545,1437.0,338.593261,1328.0,0.537904,0.638475,0.220109,0.374879,0.123162,0.2420 - 0.3928,4.0,Cuarto Quintil,"Programa de las Naciones Unidas para el Desarrollo (PNUD), 2019. Unidad del Informe sobre Desarrollo Humano. Perú",Polygon,-72.523029,-14.435911,1170.6034,188.9022
03,APURIMAC,0304,AYMARAES,030417,YANACA,030417,Yanaca,1009,1601.0,0.353906,1108,63.664084,1790.0,76.286439,170.0,6.396089,902.0,376.233422,1232.0,0.644401,0.762864,0.323668,0.496905,0.138431,0.2420 - 0.3928,4.0,Cuarto Quintil,"Programa de las Naciones Unidas para el Desarrollo (PNUD), 2019. Unidad del Informe sobre Desarrollo Humano. Perú",Polygon,-73.159801,-14.231321,104.3664,53.0487
03,APURIMAC,0305,COTABAMBAS,030504,HAQUIRA,030504,Haquira,10252,480.0,0.352098,1116,75.791135,676.0,70.657544,365.0,5.108446,1368.0,348.273196,1300.0,0.846519,0.706575,0.232989,0.405739,0.127089,0.2420 - 0.3928,4.0,Cuarto Quintil,"Programa de las Naciones Unidas para el Desarrollo (PNUD), 2019. Unidad del Informe sobre Desarrollo Humano. Perú",Polygon,-72.230518,-14.277135,484.0637,131.6154
03,APURIMAC,0307,GRAU,030705,MAMARA,030705,Mamara,895,1644.0,0.328507,1268,59.074289,1860.0,55.978336,981.0,6.291972,939.0,400.672717,1165.0,0.567905,0.559783,0.316336,0.420808,0.148346,0.2420 - 0.3928,4.0,Cuarto Quintil,"Programa de las Naciones Unidas para el Desarrollo (PNUD), 2019. Unidad del Informe sobre Desarrollo Humano. Perú",Polygon,-72.566793,-14.212015,62.6684,38.3809
03,APURIMAC,0307,GRAU,030711,TURPAY,030711,Turpay,637,1725.0,0.351968,1117,62.745715,1813.0,58.477369,870.0,7.098455,693.0,400.752252,1163.0,0.629095,0.584774,0.373131,0.467116,0.148378,0.2420 - 0.3928,4.0,Cuarto Quintil,"Programa de las Naciones Unidas para el Desarrollo (PNUD), 2019. Unidad del Informe sobre Desarrollo Humano. Perú",Polygon,-72.637042,-14.232,50.9697,39.0151
03,APURIMAC,0307,GRAU,030709,SAN ANTONIO,030709,San Antonio,291,1854.0,0.351322,1122,55.668445,1868.0,56.820116,943.0,8.057957,448.0,452.896057,1037.0,0.511141,0.568201,0.440701,0.500407,0.169532,0.2420 - 0.3928,4.0,Cuarto Quintil,"Programa de las Naciones Unidas para el Desarrollo (PNUD), 2019. Unidad del Informe sobre Desarrollo Humano. Perú",Polygon,-72.606242,-14.175649,25.3535,24.6468
03,APURIMAC,0307,GRAU,030707,PATAYPAMPA,030707,Pataypampa,954,1617.0,0.175748,1842,67.741173,1643.0,74.331889,232.0,5.759749,1127.0,76.258389,1861.0,0.712353,0.743319,0.278856,0.455279,0.016738,0.0912 - 0.2420,5.0,Quinto Quintil,"Programa de las Naciones Unidas para el Desarrollo (PNUD), 2019. Unidad del Informe sobre Desarrollo Humano. Perú",Polygon,-72.757723,-14.226054,146.4117,80.3948
03,APURIMAC,0304,AYMARAES,030412,SAÑAYCA,030412,Sañayca,1297,1500.0,0.333049,1237,67.140605,1672.0,55.791575,988.0,5.712426,1144.0,365.696262,1265.0,0.702343,0.557916,0.275523,0.39207,0.134157,0.2420 - 0.3928,4.0,Cuarto Quintil,"Programa de las Naciones Unidas para el Desarrollo (PNUD), 2019. Unidad del Informe sobre Desarrollo Humano. Perú",Polygon,-73.358216,-14.332519,365.2442,120.7279
03,APURIMAC,0303,ANTABAMBA,030306,PACHACONAS,030306,Pachaconas,1185,1542.0,0.336641,1218,52.399833,1873.0,52.10628,1145.0,7.112484,689.0,501.414136,935.0,0.456664,0.521063,0.374119,0.441519,0.189215,0.2420 - 0.3928,4.0,Cuarto Quintil,"Programa de las Naciones Unidas para el Desarrollo (PNUD), 2019. Unidad del Informe sobre Desarrollo Humano. Perú",Polygon,-72.979105,-14.218996,229.2308,80.2401
03,APURIMAC,0304,AYMARAES,030413,SORAYA,030413,Soraya,764,1684.0,0.240485,1700,57.009306,1866.0,55.095762,1019.0,4.81879,1484.0,222.769792,1633.0,0.533488,0.550958,0.212591,0.34224,0.076174,0.0912 - 0.2420,5.0,Quinto Quintil,"Programa de las Naciones Unidas para el Desarrollo (PNUD), 2019. Unidad del Informe sobre Desarrollo Humano. Perú",Polygon,-73.284006,-14.17075,44.3852,32.955
03,APURIMAC,0307,GRAU,030710,SANTA ROSA,030710,Santa Rosa,589,1747.0,0.218166,1761,62.994148,1808.0,48.297098,1286.0,5.464749,1237.0,149.491311,1776.0,0.633236,0.482971,0.258081,0.353052,0.046447,0.0912 - 0.2420,5.0,Quinto Quintil,"Programa de las Naciones Unidas para el Desarrollo (PNUD), 2019. Unidad del Informe sobre Desarrollo Humano. Perú",Polygon,-72.660441,-14.125955,31.0424,23.84
03,APURIMAC,0305,COTABAMBAS,030506,CHALLHUAHUACHO,030506,Challhuahuacho,13588,382.0,0.499164,497,75.709627,687.0,87.673875,6.0,7.799769,505.0,631.002585,713.0,0.84516,0.876739,0.422519,0.608637,0.241786,0.3928 - 0.5436,3.0,Tercer Quintil,"Programa de las Naciones Unidas para el Desarrollo (PNUD), 2019. Unidad del Informe sobre Desarrollo Humano. Perú",Polygon,-72.310381,-14.171418,453.5012,130.2953
03,APURIMAC,0302,ANDAHUAYLAS,030210,PAMPACHIRI,030210,Pampachiri,2540,1175.0,0.265894,1610,73.593791,1007.0,38.163384,1576.0,4.963164,1425.0,231.232907,1608.0,0.809897,0.381634,0.222758,0.291568,0.079608,0.2420 - 0.3928,4.0,Cuarto Quintil,"Programa de las Naciones Unidas para el Desarrollo (PNUD), 2019. Unidad del Informe sobre Desarrollo Humano. Perú",Polygon,-73.478452,-14.295978,590.6577,150.0188
03,APURIMAC,0303,ANTABAMBA,030302,EL ORO,030302,El Oro,536,1770.0,0.353465,1111,50.557694,1874.0,81.826725,43.0,7.851773,490.0,467.754849,1009.0,0.425962,0.818267,0.426181,0.590534,0.17556,0.2420 - 0.3928,4.0,Cuarto Quintil,"Programa de las Naciones Unidas para el Desarrollo (PNUD), 2019. Unidad del Informe sobre Desarrollo Humano. Perú",Polygon,-73.03521,-14.157805,66.6043,42.7079
03,APURIMAC,0307,GRAU,030701,CHUQUIBAMBILLA,030701,Chuquibambilla,4718,859.0,0.408242,828,62.162474,1822.0,69.909907,395.0,7.740376,526.0,535.707688,870.0,0.619375,0.699099,0.418336,0.540794,0.203127,0.3928 - 0.5436,3.0,Tercer Quintil,"Programa de las Naciones Unidas para el Desarrollo (PNUD), 2019. Unidad del Informe sobre Desarrollo Humano. Perú",Polygon,-72.774594,-14.11735,425.4088,114.5862
03,APURIMAC,0304,AYMARAES,030414,TAPAIRIHUA,030414,Tapairihua,1985,1303.0,0.263865,1616,65.427196,1740.0,59.704734,819.0,4.498679,1607.0,234.527467,1601.0,0.673787,0.597047,0.190048,0.336849,0.080944,0.2420 - 0.3928,4.0,Cuarto Quintil,"Programa de las Naciones Unidas para el Desarrollo (PNUD), 2019. Unidad del Informe sobre Desarrollo Humano. Perú",Polygon,-73.117932,-14.105613,158.1873,73.0395
03,APURIMAC,0304,AYMARAES,030402,CAPAYA,030402,Capaya,875,1651.0,0.30763,1392,63.027162,1807.0,49.184678,1262.0,7.216159,661.0,296.423757,1437.0,0.633786,0.491847,0.38142,0.433128,0.106054,0.2420 - 0.3928,4.0,Cuarto Quintil,"Programa de las Naciones Unidas para el Desarrollo (PNUD), 2019. Unidad del Informe sobre Desarrollo Humano. Perú",Polygon,-73.353852,-14.115597,83.2882,40.1585
03,APURIMAC,0307,GRAU,030712,VILCABAMBA,030712,Vilcabamba,1310,1495.0,0.426524,747,61.618066,1828.0,83.514849,21.0,9.423161,206.0,503.057324,929.0,0.610301,0.835148,0.536842,0.669584,0.189881,0.3928 - 0.5436,3.0,Tercer Quintil,"Programa de las Naciones Unidas para el Desarrollo (PNUD), 2019. Unidad del Informe sobre Desarrollo Humano. Perú",Polygon,-72.636234,-14.078646,6.5789,12.6099
03,APURIMAC,0307,GRAU,030706,MICAELA BASTIDAS,030706,Micaela Bastidas,1481,1440.0,0.248528,1677,61.28941,1834.0,74.740306,217.0,7.199899,662.0,152.351417,1773.0,0.604824,0.747403,0.380275,0.533121,0.047607,0.2420 - 0.3928,4.0,Cuarto Quintil,"Programa de las Naciones Unidas para el Desarrollo (PNUD), 2019. Unidad del Informe sobre Desarrollo Humano. Perú",Polygon,-72.574701,-14.139926,104.7767,57.3788
03,APURIMAC,0302,ANDAHUAYLAS,030211,POMACOCHA,030211,Pomacocha,939,1625.0,0.364101,1056,78.404431,363.0,81.866613,42.0,5.236412,1331.0,335.326945,1336.0,0.890074,0.818666,0.242001,0.445104,0.121836,0.2420 - 0.3928,4.0,Cuarto Quintil,"Programa de las Naciones Unidas para el Desarrollo (PNUD), 2019. Unidad del Informe sobre Desarrollo Humano. Perú",Polygon,-73.492095,-14.096278,122.859,69.8104
03,APURIMAC,0305,COTABAMBAS,030505,MARA,030505,Mara,5861,743.0,0.289003,1490,71.087396,1369.0,72.028333,315.0,4.396398,1643.0,248.452691,1559.0,0.768123,0.720283,0.182845,0.362905,0.086593,0.2420 - 0.3928,4.0,Cuarto Quintil,"Programa de las Naciones Unidas para el Desarrollo (PNUD), 2019. Unidad del Informe sobre Desarrollo Humano. Perú",Polygon,-72.115343,-14.045122,221.9233,87.3618
03,APURIMAC,0302,ANDAHUAYLAS,030217,TUMAY HUARACA,030217,Tumay Huaraca,2160,1264.0,0.160154,1852,75.491216,721.0,63.180602,686.0,4.075015,1712.0,72.820146,1865.0,0.84152,0.631806,0.160212,0.318156,0.015343,0.0912 - 0.2420,5.0,Quinto Quintil,"Programa de las Naciones Unidas para el Desarrollo (PNUD), 2019. Unidad del Informe sobre Desarrollo Humano. Perú",Polygon,-73.45817,-13.969209,453.4226,129.4489
03,APURIMAC,0304,AYMARAES,030407,IHUAYLLO,030407,Huayllo,593,1745.0,0.351943,1118,63.482311,1794.0,59.783396,815.0,6.863393,763.0,397.875894,1175.0,0.641372,0.597834,0.356577,0.461708,0.147211,0.2420 - 0.3928,4.0,Cuarto Quintil,"Programa de las Naciones Unidas para el Desarrollo (PNUD), 2019. Unidad del Informe sobre Desarrollo Humano. Perú",Polygon,-73.244023,-14.097931,72.7826,50.7854
03,APURIMAC,0304,AYMARAES,030408,JUSTO APU SAHUARAURA,030408,Justo Apu Sahuaraura,1117,1566.0,0.32789,1274,62.330861,1817.0,57.007078,941.0,5.869547,1083.0,380.53589,1220.0,0.622181,0.570071,0.286588,0.404197,0.140177,0.2420 - 0.3928,4.0,Cuarto Quintil,"Programa de las Naciones Unidas para el Desarrollo (PNUD), 2019. Unidad del Informe sobre Desarrollo Humano. Perú",Polygon,-73.197807,-14.130429,100.9943,55.3348
03,APURIMAC,0307,GRAU,030708,PROGRESO,030708,Progreso,3487,1010.0,0.307781,1391,72.037065,1222.0,54.68626,1033.0,5.154409,1351.0,290.065909,1454.0,0.783951,0.546863,0.236226,0.359421,0.103475,0.2420 - 0.3928,4.0,Cuarto Quintil,"Programa de las Naciones Unidas para el Desarrollo (PNUD), 2019. Unidad del Informe sobre Desarrollo Humano. Perú",Polygon,-72.44701,-14.098668,240.419,90.8759
03,APURIMAC,0307,GRAU,030714,CURASCO,030714,Curasco,1435,1453.0,0.212786,1773,65.401198,1741.0,51.90299,1156.0,4.485496,1614.0,147.574227,1782.0,0.673353,0.51903,0.189119,0.313303,0.045669,0.0912 - 0.2420,5.0,Quinto Quintil,"Programa de las Naciones Unidas para el Desarrollo (PNUD), 2019. Unidad del Informe sobre Desarrollo Humano. Perú",Polygon,-72.532037,-14.102771,136.4032,65.1868
03,APURIMAC,0307,GRAU,030702,CURPAHUASI,030702,Curpahuasi,1987,1302.0,0.183997,1831,63.055451,1806.0,54.943023,1023.0,4.589919,1572.0,108.684241,1834.0,0.634258,0.54943,0.196473,0.328555,0.029892,0.0912 - 0.2420,5.0,Quinto Quintil,"Programa de las Naciones Unidas para el Desarrollo (PNUD), 2019. Unidad del Informe sobre Desarrollo Humano. Perú",Polygon,-72.649807,-13.968866,310.1533,81.8615
03,APURIMAC,0304,AYMARAES,030416,TORAYA,030416,Toraya,1711,1385.0,0.317626,1341,68.957008,1557.0,60.682395,780.0,4.72107,1522.0,340.162959,1323.0,0.732617,0.606824,0.205709,0.353312,0.123798,0.2420 - 0.3928,4.0,Cuarto Quintil,"Programa de las Naciones Unidas para el Desarrollo (PNUD), 2019. Unidad del Informe sobre Desarrollo Humano. Perú",Polygon,-73.31372,-14.024646,168.6162,63.0833
03,APURIMAC,0307,GRAU,030704,HUAYLLATI,030704,Huayllati,1223,1527.0,0.229603,1736,61.652423,1826.0,60.726499,779.0,4.812828,1486.0,171.070987,1734.0,0.610874,0.607265,0.212171,0.358948,0.055201,0.0912 - 0.2420,5.0,Quinto Quintil,"Programa de las Naciones Unidas para el Desarrollo (PNUD), 2019. Unidad del Informe sobre Desarrollo Humano. Perú",Polygon,-72.495817,-13.966485,124.134,53.0008
03,APURIMAC,0301,ABANCAY,030102,CHACOCHE,030102,Chacoche,1158,1552.0,0.390538,916,66.770644,1697.0,71.136986,347.0,5.931122,1065.0,498.606986,938.0,0.696177,0.71137,0.290924,0.454923,0.188076,0.2420 - 0.3928,4.0,Cuarto Quintil,"Programa de las Naciones Unidas para el Desarrollo (PNUD), 2019. Unidad del Informe sobre Desarrollo Humano. Perú",Polygon,-72.991275,-13.997411,176.8496,74.512
03,APURIMAC,0301,ABANCAY,030107,PICHIRHUA,030107,Pichirhua,2786,1133.0,0.261716,1627,69.450457,1516.0,55.417469,1007.0,4.59422,1569.0,215.623733,1642.0,0.740841,0.554175,0.196776,0.330225,0.073275,0.2420 - 0.3928,4.0,Cuarto Quintil,"Programa de las Naciones Unidas para el Desarrollo (PNUD), 2019. Unidad del Informe sobre Desarrollo Humano. Perú",Polygon,-73.031707,-13.784774,373.769,95.8481
03,APURIMAC,0302,ANDAHUAYLAS,030203,CHIARA,030203,Chiara,1124,1563.0,0.276223,1554,71.192791,1352.0,62.943081,692.0,4.247548,1675.0,239.86983,1584.0,0.76988,0.629431,0.172363,0.329379,0.083111,0.2420 - 0.3928,4.0,Cuarto Quintil,"Programa de las Naciones Unidas para el Desarrollo (PNUD), 2019. Unidad del Informe sobre Desarrollo Humano. Perú",Polygon,-73.615562,-13.879841,146.7299,61.146
03,APURIMAC,0305,COTABAMBAS,030501,TAMBOBAMBA,030501,Tambobamba,10487,472.0,0.313037,1366,67.498035,1657.0,61.341677,754.0,4.482914,1616.0,348.581107,1299.0,0.708301,0.613417,0.188938,0.340437,0.127213,0.2420 - 0.3928,4.0,Cuarto Quintil,"Programa de las Naciones Unidas para el Desarrollo (PNUD), 2019. Unidad del Informe sobre Desarrollo Humano. Perú",Polygon,-72.212868,-13.917031,714.0978,126.2593
03,APURIMAC,0305,COTABAMBAS,030503,COYLLURQUI,030503,Coyllurqui,7520,626.0,0.290156,1481,71.322087,1338.0,57.918157,903.0,4.514973,1595.0,269.384526,1507.0,0.772035,0.579182,0.191195,0.332771,0.095085,0.2420 - 0.3928,4.0,Cuarto Quintil,"Programa de las Naciones Unidas para el Desarrollo (PNUD), 2019. Unidad del Informe sobre Desarrollo Humano. Perú",Polygon,-72.395233,-13.918937,418.9818,102.3445
03,APURIMAC,0304,AYMARAES,030411,SAN JUAN DE CHACÑA,030411,San Juan De Chacña,682,1709.0,0.297466,1444,65.081329,1749.0,50.763445,1199.0,4.700393,1528.0,336.631433,1334.0,0.668022,0.507634,0.204253,0.322003,0.122366,0.2420 - 0.3928,4.0,Cuarto Quintil,"Programa de las Naciones Unidas para el Desarrollo (PNUD), 2019. Unidad del Informe sobre Desarrollo Humano. Perú",Polygon,-73.193815,-13.884981,96.2096,44.7316
03,APURIMAC,0301,ABANCAY,030106,LAMBRAMA,030106,Lambrama,4161,915.0,0.337006,1216,70.057249,1457.0,65.104319,609.0,4.455844,1626.0,395.041785,1186.0,0.750954,0.651043,0.187031,0.348949,0.146062,0.2420 - 0.3928,4.0,Cuarto Quintil,"Programa de las Naciones Unidas para el Desarrollo (PNUD), 2019. Unidad del Informe sobre Desarrollo Humano. Perú",Polygon,-72.788126,-13.804003,525.5936,121.9103
03,APURIMAC,0307,GRAU,030703,GAMARRA,030703,Gamarra,3074,1081.0,0.182488,1833,67.100592,1674.0,49.826871,1234.0,4.014733,1723.0,111.583061,1829.0,0.701677,0.498269,0.155967,0.278771,0.031068,0.0912 - 0.2420,5.0,Quinto Quintil,"Programa de las Naciones Unidas para el Desarrollo (PNUD), 2019. Unidad del Informe sobre Desarrollo Humano. Perú",Polygon,-72.559658,-13.830651,349.6204,89.129
03,APURIMAC,0301,ABANCAY,030103,CIRCA,030103,Circa,1919,1322.0,0.287291,1502,72.684721,1145.0,57.209625,935.0,4.651812,1548.0,251.971846,1547.0,0.794745,0.572096,0.200832,0.338962,0.088021,0.2420 - 0.3928,4.0,Cuarto Quintil,"Programa de las Naciones Unidas para el Desarrollo (PNUD), 2019. Unidad del Informe sobre Desarrollo Humano. Perú",Polygon,-72.891479,-13.97415,634.2515,151.3206
03,APURIMAC,0302,ANDAHUAYLAS,030218,TURPO,030218,Turpo,3707,977.0,0.32996,1255,76.613992,561.0,65.408892,591.0,4.148959,1695.0,347.948305,1301.0,0.860233,0.654089,0.16542,0.328936,0.126957,0.2420 - 0.3928,4.0,Cuarto Quintil,"Programa de las Naciones Unidas para el Desarrollo (PNUD), 2019. Unidad del Informe sobre Desarrollo Humano. Perú",Polygon,-73.472198,-13.790588,123.766,51.8762
03,APURIMAC,0302,ANDAHUAYLAS,030205,HUANCARAY,030205,Huancaray,4036,934.0,0.340807,1193,75.230253,759.0,58.376233,880.0,4.105695,1706.0,413.576993,1136.0,0.837171,0.583762,0.162373,0.307875,0.153581,0.2420 - 0.3928,4.0,Cuarto Quintil,"Programa de las Naciones Unidas para el Desarrollo (PNUD), 2019. Unidad del Informe sobre Desarrollo Humano. Perú",Polygon,-73.547192,-13.769616,111.1398,53.2124
03,APURIMAC,0302,ANDAHUAYLAS,030212,SAN ANTONIO DE CACHI,030212,San Antonio De Cachi,2775,1136.0,0.262028,1626,73.648308,1001.0,58.496889,868.0,4.181673,1688.0,209.614773,1660.0,0.810805,0.584969,0.167723,0.31323,0.070838,0.2420 - 0.3928,4.0,Cuarto Quintil,"Programa de las Naciones Unidas para el Desarrollo (PNUD), 2019. Unidad del Informe sobre Desarrollo Humano. Perú",Polygon,-73.657578,-13.789477,178.5606,66.5262
03,APURIMAC,0305,COTABAMBAS,030502,COTABAMBAS,030502,Cotabambas,3544,1000.0,0.356865,1097,70.198753,1443.0,69.250793,429.0,5.724668,1140.0,374.92575,1237.0,0.753313,0.692508,0.276385,0.437492,0.137901,0.2420 - 0.3928,4.0,Cuarto Quintil,"Programa de las Naciones Unidas para el Desarrollo (PNUD), 2019. Unidad del Informe sobre Desarrollo Humano. Perú",Polygon,-72.341279,-13.75127,326.9585,94.4983
03,APURIMAC,0306,CHINCHEROS,030607,URANMARCA,030607,Uranmarca,3334,1032.0,0.258446,1639,74.574071,850.0,58.357335,885.0,4.562374,1581.0,187.854809,1706.0,0.826235,0.583573,0.194533,0.336934,0.06201,0.2420 - 0.3928,4.0,Cuarto Quintil,"Programa de las Naciones Unidas para el Desarrollo (PNUD), 2019. Unidad del Informe sobre Desarrollo Humano. Perú",Polygon,-73.652494,-13.668453,146.8642,52.144
03,APURIMAC,0302,ANDAHUAYLAS,030207,KISHUARA,030207,Kishuara,7665,620.0,0.283952,1522,77.857373,420.0,62.75484,700.0,3.928886,1742.0,243.85288,1570.0,0.880956,0.627548,0.149922,0.30673,0.084727,0.2420 - 0.3928,4.0,Cuarto Quintil,"Programa de las Naciones Unidas para el Desarrollo (PNUD), 2019. Unidad del Informe sobre Desarrollo Humano. Perú",Polygon,-73.162457,-13.665227,309.046,96.3197
03,APURIMAC,0302,ANDAHUAYLAS,030213,SAN JERONIMO,030213,San Jeronimo,27075,206.0,0.461901,623,78.591683,337.0,71.176219,342.0,6.822215,776.0,577.059207,791.0,0.893195,0.711762,0.353677,0.501731,0.219902,0.3928 - 0.5436,3.0,Tercer Quintil,"Programa de las Naciones Unidas para el Desarrollo (PNUD), 2019. Unidad del Informe sobre Desarrollo Humano. Perú",Polygon,-73.274049,-13.716618,248.6136,87.2361
03,APURIMAC,0302,ANDAHUAYLAS,030204,HUANCARAMA,030204,Huancarama,5992,737.0,0.357821,1092,70.811869,1397.0,57.267738,930.0,4.934941,1434.0,450.968716,1040.0,0.763531,0.572677,0.22077,0.35557,0.16875,0.2420 - 0.3928,4.0,Cuarto Quintil,"Programa de las Naciones Unidas para el Desarrollo (PNUD), 2019. Unidad del Informe sobre Desarrollo Humano. Perú",Polygon,-73.028302,-13.656857,156.2953,69.5399
03,APURIMAC,0302,ANDAHUAYLAS,030201,ANDAHUAYLAS,030201,Andahuaylas,48362,130.0,0.512789,451,75.568185,706.0,75.23807,199.0,8.476962,369.0,698.043985,610.0,0.842803,0.752381,0.470209,0.594791,0.268983,0.3928 - 0.5436,3.0,Tercer Quintil,"Programa de las Naciones Unidas para el Desarrollo (PNUD), 2019. Unidad del Informe sobre Desarrollo Humano. Perú",Polygon,-73.387879,-13.768342,197.2586,104.2357
03,APURIMAC,0302,ANDAHUAYLAS,030209,PACUCHA,030209,Pacucha,7761,609.0,0.256704,1649,77.667281,440.0,70.016031,389.0,4.122891,1704.0,175.364365,1724.0,0.877788,0.70016,0.163584,0.33843,0.056943,0.2420 - 0.3928,4.0,Cuarto Quintil,"Programa de las Naciones Unidas para el Desarrollo (PNUD), 2019. Unidad del Informe sobre Desarrollo Humano. Perú",Polygon,-73.30929,-13.598188,170.6655,70.9336
03,APURIMAC,0302,ANDAHUAYLAS,030215,SANTA MARIA DE CHICMO,030215,Santa Maria De Chicmo,8562,557.0,0.361028,1072,75.905536,662.0,72.505774,292.0,4.428631,1631.0,408.180233,1144.0,0.848426,0.725058,0.185115,0.366359,0.151392,0.2420 - 0.3928,4.0,Cuarto Quintil,"Programa de las Naciones Unidas para el Desarrollo (PNUD), 2019. Unidad del Informe sobre Desarrollo Humano. Perú",Polygon,-73.546262,-13.661152,156.0919,62.9459
03,APURIMAC,0306,CHINCHEROS,030603,COCHARCAS,030603,Cocharcas,2321,1225.0,0.337762,1212,71.942277,1239.0,62.381979,716.0,5.040524,1396.0,356.768597,1279.0,0.782371,0.62382,0.228206,0.377305,0.130535,0.2420 - 0.3928,4.0,Cuarto Quintil,"Programa de las Naciones Unidas para el Desarrollo (PNUD), 2019. Unidad del Informe sobre Desarrollo Humano. Perú",Polygon,-73.747848,-13.611551,108.1931,53.1324
03,APURIMAC,0301,ABANCAY,030109,TAMBURCO,030109,Tamburco,11338,445.0,0.563719,303,73.715772,990.0,76.582242,162.0,9.99956,140.0,852.847378,412.0,0.81193,0.765822,0.577434,0.66499,0.331784,0.5436 - 0.6944,2.0,Segundo Quintil,"Programa de las Naciones Unidas para el Desarrollo (PNUD), 2019. Unidad del Informe sobre Desarrollo Humano. Perú",Polygon,-72.871962,-13.578135,54.5686,35.1513
03,APURIMAC,0301,ABANCAY,030101,ABANCAY,030101,Abancay,57984,113.0,0.600375,210,73.999326,945.0,78.86545,94.0,10.589095,73.0,969.922049,287.0,0.816655,0.788655,0.61895,0.698669,0.379279,0.5436 - 0.6944,2.0,Segundo Quintil,"Programa de las Naciones Unidas para el Desarrollo (PNUD), 2019. Unidad del Informe sobre Desarrollo Humano. Perú",Polygon,-72.871613,-13.635834,286.5512,89.7169
08,CUSCO,0807,CHUMBIVILCAS,080702,CAPACMARCA,080702,Capacmarca,3880,958.0,0.252972,1666,68.517651,1596.0,63.190005,685.0,4.087008,1710.0,207.466857,1667.0,0.725294,0.6319,0.161057,0.319017,0.069966,0.2420 - 0.3928,4.0,Cuarto Quintil,"Programa de las Naciones Unidas para el Desarrollo (PNUD), 2019. Unidad del Informe sobre Desarrollo Humano. Perú",Polygon,-71.993476,-14.04382,267.8033,88.1343
08,CUSCO,0807,CHUMBIVILCAS,080703,CHAMACA,080703,Chamaca,8001,591.0,0.288952,1491,68.434977,1604.0,60.627187,783.0,5.042567,1395.0,255.786335,1538.0,0.723916,0.606272,0.22835,0.372078,0.089568,0.2420 - 0.3928,4.0,Cuarto Quintil,"Programa de las Naciones Unidas para el Desarrollo (PNUD), 2019. Unidad del Informe sobre Desarrollo Humano. Perú",Polygon,-71.876866,-14.334388,674.0666,171.1697
08,CUSCO,0810,PARURO,081003,CCAPI,081003,Ccapi,2897,1112.0,0.224419,1750,64.640828,1767.0,42.795438,1457.0,3.809339,1759.0,206.365431,1671.0,0.66068,0.427954,0.141503,0.246083,0.069519,0.0912 - 0.2420,5.0,Quinto Quintil,"Programa de las Naciones Unidas para el Desarrollo (PNUD), 2019. Unidad del Informe sobre Desarrollo Humano. Perú",Polygon,-72.019417,-13.860667,325.5216,89.6445
08,CUSCO,0810,PARURO,081005,HUANOQUITE,081005,Huanoquite,4993,820.0,0.149317,1858,65.023623,1752.0,43.626418,1430.0,3.597235,1800.0,87.353195,1854.0,0.66706,0.436264,0.126566,0.234981,0.021239,0.0912 - 0.2420,5.0,Quinto Quintil,"Programa de las Naciones Unidas para el Desarrollo (PNUD), 2019. Unidad del Informe sobre Desarrollo Humano. Perú",Polygon,-72.079199,-13.6988,361.0347,95.1275
08,CUSCO,0810,PARURO,081006,OMACHA,081006,Omacha,6550,690.0,0.182197,1834,64.059191,1785.0,42.004247,1479.0,3.667422,1790.0,132.441063,1804.0,0.650987,0.420042,0.131509,0.23503,0.03953,0.0912 - 0.2420,5.0,Quinto Quintil,"Programa de las Naciones Unidas para el Desarrollo (PNUD), 2019. Unidad del Informe sobre Desarrollo Humano. Perú",Polygon,-71.786332,-14.139693,427.2788,121.9786
08,CUSCO,0807,CHUMBIVILCAS,080704,COLQUEMARCA,080704,Colquemarca,7210,646.0,0.358206,1089,73.721255,988.0,50.689122,1203.0,4.370934,1648.0,495.564827,946.0,0.812021,0.506891,0.181052,0.302941,0.186842,0.2420 - 0.3928,4.0,Cuarto Quintil,"Programa de las Naciones Unidas para el Desarrollo (PNUD), 2019. Unidad del Informe sobre Desarrollo Humano. Perú",Polygon,-72.014598,-14.237695,452.1936,108.4515
08,CUSCO,0807,CHUMBIVILCAS,080705,LIVITACA,080705,Livitaca,12588,415.0,0.301938,1413,67.820248,1642.0,51.979308,1153.0,4.325306,1658.0,347.711943,1302.0,0.713671,0.519793,0.177838,0.304038,0.126861,0.2420 - 0.3928,4.0,Cuarto Quintil,"Programa de las Naciones Unidas para el Desarrollo (PNUD), 2019. Unidad del Informe sobre Desarrollo Humano. Perú",Polygon,-71.646258,-14.33381,746.6378,158.8782
08,CUSCO,0807,CHUMBIVILCAS,080706,LLUSCO,080706,Llusco,5724,752.0,0.258471,1638,68.934366,1560.0,56.525051,960.0,3.595831,1801.0,252.414747,1545.0,0.732239,0.565251,0.126467,0.267368,0.088201,0.2420 - 0.3928,4.0,Cuarto Quintil,"Programa de las Naciones Unidas para el Desarrollo (PNUD), 2019. Unidad del Informe sobre Desarrollo Humano. Perú",Polygon,-72.236445,-14.462327,314.9925,124.1799
08,CUSCO,0807,CHUMBIVILCAS,080707,QUIÑOTA,080707,Quiñota,4404,889.0,0.241154,1697,71.168456,1356.0,43.017295,1451.0,3.905042,1747.0,212.9084,1653.0,0.769474,0.430173,0.148242,0.252527,0.072174,0.0912 - 0.2420,5.0,Quinto Quintil,"Programa de las Naciones Unidas para el Desarrollo (PNUD), 2019. Unidad del Informe sobre Desarrollo Humano. Perú",Polygon,-72.205197,-14.377207,226.0419,90.8048
08,CUSCO,0805,CANAS,080503,KUNTURKANKI,080503,Kunturkanki,5060,814.0,0.286009,1511,59.947817,1850.0,66.33363,547.0,5.464451,1238.0,274.310248,1493.0,0.582464,0.663336,0.25806,0.41374,0.097083,0.2420 - 0.3928,4.0,Cuarto Quintil,"Programa de las Naciones Unidas para el Desarrollo (PNUD), 2019. Unidad del Informe sobre Desarrollo Humano. Perú",Polygon,-71.29116,-14.552325,393.7614,104.1485
08,CUSCO,0805,CANAS,080504,LANGUI,080504,Langui,1833,1352.0,0.333558,1230,64.766998,1763.0,82.894658,28.0,5.693189,1155.0,324.527022,1360.0,0.662783,0.828947,0.274168,0.476729,0.117455,0.2420 - 0.3928,4.0,Cuarto Quintil,"Programa de las Naciones Unidas para el Desarrollo (PNUD), 2019. Unidad del Informe sobre Desarrollo Humano. Perú",Polygon,-71.297398,-14.385332,171.1224,78.1549
08,CUSCO,0805,CANAS,080505,LAYO,080505,Layo,5407,786.0,0.220351,1759,63.218505,1803.0,53.311956,1085.0,5.074878,1384.0,153.078708,1771.0,0.636975,0.53312,0.230625,0.350643,0.047902,0.0912 - 0.2420,5.0,Quinto Quintil,"Programa de las Naciones Unidas para el Desarrollo (PNUD), 2019. Unidad del Informe sobre Desarrollo Humano. Perú",Polygon,-71.091948,-14.528782,425.8237,135.6165
08,CUSCO,0805,CANAS,080508,TUPAC AMARU,080508,Tupac Amaru,2474,1193.0,0.251415,1671,59.101007,1859.0,80.426104,64.0,4.469558,1622.0,212.25681,1654.0,0.56835,0.804261,0.187997,0.388843,0.071909,0.2420 - 0.3928,4.0,Cuarto Quintil,"Programa de las Naciones Unidas para el Desarrollo (PNUD), 2019. Unidad del Informe sobre Desarrollo Humano. Perú",Polygon,-71.527051,-14.151007,115.1733,52.8471
08,CUSCO,0806,CANCHIS,080602,CHECACUPE,080602,Checacupe,4833,843.0,0.340911,1192,74.278279,893.0,69.850887,398.0,5.816184,1099.0,302.53842,1419.0,0.821305,0.698509,0.28283,0.444476,0.108535,0.2420 - 0.3928,4.0,Cuarto Quintil,"Programa de las Naciones Unidas para el Desarrollo (PNUD), 2019. Unidad del Informe sobre Desarrollo Humano. Perú",Polygon,-71.066748,-14.005918,936.927,262.4755
08,CUSCO,0812,QUISPICANCHI,081201,URCOS,081201,Urcos,7986,593.0,0.462918,617,65.566579,1735.0,72.801394,277.0,7.251715,652.0,719.102371,578.0,0.67611,0.728014,0.383924,0.528679,0.277526,0.3928 - 0.5436,3.0,Tercer Quintil,"Programa de las Naciones Unidas para el Desarrollo (PNUD), 2019. Unidad del Informe sobre Desarrollo Humano. Perú",Polygon,-71.599133,-13.687867,140.594,56.548
08,CUSCO,0812,QUISPICANCHI,081202,ANDAHUAYLILLAS,081202,Andahuaylillas,5653,761.0,0.447968,676,63.308821,1800.0,67.24479,516.0,7.580798,564.0,698.330907,608.0,0.63848,0.672448,0.407098,0.523214,0.2691,0.3928 - 0.5436,3.0,Tercer Quintil,"Programa de las Naciones Unidas para el Desarrollo (PNUD), 2019. Unidad del Informe sobre Desarrollo Humano. Perú",Polygon,-71.700316,-13.665763,85.6691,49.9292
08,CUSCO,0801,CUSCO,080102,CCORCA,080102,Ccorca,2139,1270.0,0.234918,1716,69.316045,1528.0,58.489067,869.0,3.22054,1842.0,213.868382,1650.0,0.738601,0.584891,0.100038,0.241891,0.072563,0.0912 - 0.2420,5.0,Quinto Quintil,"Programa de las Naciones Unidas para el Desarrollo (PNUD), 2019. Unidad del Informe sobre Desarrollo Humano. Perú",Polygon,-72.087103,-13.589561,161.581,61.1514
08,CUSCO,0801,CUSCO,080106,SANTIAGO,080106,Santiago,94655,61.0,0.634895,134,77.624572,446.0,78.735351,100.0,10.276562,108.0,1084.145557,202.0,0.877076,0.787354,0.596941,0.685568,0.425617,0.5436 - 0.6944,2.0,Segundo Quintil,"Programa de las Naciones Unidas para el Desarrollo (PNUD), 2019. Unidad del Informe sobre Desarrollo Humano. Perú",Polygon,-71.978556,-13.573102,59.0306,38.8424
08,CUSCO,0802,ACOMAYO,080201,ACOMAYO,080201,Acomayo,4772,852.0,0.348009,1146,59.775488,1852.0,60.402557,798.0,5.493251,1224.0,487.248694,964.0,0.579591,0.604026,0.260088,0.396358,0.183468,0.2420 - 0.3928,4.0,Cuarto Quintil,"Programa de las Naciones Unidas para el Desarrollo (PNUD), 2019. Unidad del Informe sobre Desarrollo Humano. Perú",Polygon,-71.67247,-13.893142,141.2998,54.6816
08,CUSCO,0802,ACOMAYO,080202,ACOPIA,080202,Acopia,2123,1274.0,0.286885,1506,64.192249,1783.0,77.9121,120.0,5.136072,1360.0,243.264343,1575.0,0.653204,0.779121,0.234935,0.427835,0.084489,0.2420 - 0.3928,4.0,Cuarto Quintil,"Programa de las Naciones Unidas para el Desarrollo (PNUD), 2019. Unidad del Informe sobre Desarrollo Humano. Perú",Polygon,-71.506463,-14.047067,71.3929,44.8139
08,CUSCO,0802,ACOMAYO,080204,MOSOC LLACTA,080204,Mosoc Llacta,1790,1363.0,0.23625,1712,56.849474,1867.0,62.327807,723.0,5.743111,1133.0,182.185505,1716.0,0.530825,0.623278,0.277684,0.416022,0.05971,0.0912 - 0.2420,5.0,Quinto Quintil,"Programa de las Naciones Unidas para el Desarrollo (PNUD), 2019. Unidad del Informe sobre Desarrollo Humano. Perú",Polygon,-71.478938,-14.100614,43.8709,36.9642
08,CUSCO,0802,ACOMAYO,080205,POMACANCHI,080205,Pomacanchi,8016,590.0,0.29433,1463,60.801586,1841.0,61.376645,751.0,5.195374,1343.0,309.959062,1400.0,0.596693,0.613766,0.239111,0.38309,0.111545,0.2420 - 0.3928,4.0,Cuarto Quintil,"Programa de las Naciones Unidas para el Desarrollo (PNUD), 2019. Unidad del Informe sobre Desarrollo Humano. Perú",Polygon,-71.623886,-14.053626,267.2766,80.415
08,CUSCO,0802,ACOMAYO,080206,RONDOCAN,080206,Rondocan,1275,1508.0,0.234816,1717,59.777957,1851.0,37.596667,1586.0,3.664047,1791.0,282.849768,1472.0,0.579633,0.375967,0.131271,0.222156,0.100548,0.0912 - 0.2420,5.0,Quinto Quintil,"Programa de las Naciones Unidas para el Desarrollo (PNUD), 2019. Unidad del Informe sobre Desarrollo Humano. Perú",Polygon,-71.765394,-13.787622,183.0037,61.6935
08,CUSCO,0802,ACOMAYO,080207,SANGARARA,080207,Sangarara,3215,1051.0,0.283973,1521,60.622023,1843.0,65.343727,597.0,4.857202,1466.0,288.490847,1459.0,0.5937,0.653437,0.215296,0.375076,0.102836,0.2420 - 0.3928,4.0,Cuarto Quintil,"Programa de las Naciones Unidas para el Desarrollo (PNUD), 2019. Unidad del Informe sobre Desarrollo Humano. Perú",Polygon,-71.570766,-13.953932,86.0228,57.3956
08,CUSCO,0802,ACOMAYO,080203,ACOS,080203,Acos,1904,1332.0,0.285454,1515,61.176295,1835.0,48.468369,1279.0,4.625997,1560.0,341.184574,1319.0,0.602938,0.484684,0.199014,0.310578,0.124213,0.2420 - 0.3928,4.0,Cuarto Quintil,"Programa de las Naciones Unidas para el Desarrollo (PNUD), 2019. Unidad del Informe sobre Desarrollo Humano. Perú",Polygon,-71.73024,-13.939285,137.6782,65.4996
08,CUSCO,0807,CHUMBIVILCAS,080701,SANTO TOMAS,080701,Santo Tomas,24527,235.0,0.339324,1203,67.856769,1639.0,60.573677,789.0,5.206321,1339.0,388.712888,1197.0,0.714279,0.605737,0.239882,0.381189,0.143494,0.2420 - 0.3928,4.0,Cuarto Quintil,"Programa de las Naciones Unidas para el Desarrollo (PNUD), 2019. Unidad del Informe sobre Desarrollo Humano. Perú",Polygon,-72.20864,-14.650737,1904.7789,308.5139
05,AYACUCHO,0506,LUCANAS,050609,LEONCIO PRADO,050609,Leoncio Prado,1012,1598.0,0.361236,1068,63.704659,1789.0,61.516095,746.0,6.825057,775.0,421.063622,1116.0,0.645078,0.615161,0.353877,0.466574,0.156618,0.2420 - 0.3928,4.0,Cuarto Quintil,"Programa de las Naciones Unidas para el Desarrollo (PNUD), 2019. Unidad del Informe sobre Desarrollo Humano. Perú",Polygon,-74.615668,-14.671446,1110.6587,185.4079
05,AYACUCHO,0508,PAUCAR DEL SARA SARA,050803,CORCULLA,050803,Corculla,362,1838.0,0.334916,1226,65.620822,1733.0,25.9612,1810.0,7.083279,697.0,475.104583,996.0,0.677014,0.259612,0.372062,0.310792,0.178541,0.2420 - 0.3928,4.0,Cuarto Quintil,"Programa de las Naciones Unidas para el Desarrollo (PNUD), 2019. Unidad del Informe sobre Desarrollo Humano. Perú",Polygon,-73.218652,-15.261821,100.8625,47.2928
05,AYACUCHO,0508,PAUCAR DEL SARA SARA,050810,SARA SARA,050810,Sara Sara,529,1777.0,0.389615,923,69.330226,1526.0,65.069418,611.0,6.653943,826.0,453.390664,1035.0,0.738837,0.650694,0.341827,0.471619,0.169733,0.2420 - 0.3928,4.0,Cuarto Quintil,"Programa de las Naciones Unidas para el Desarrollo (PNUD), 2019. Unidad del Informe sobre Desarrollo Humano. Perú",Polygon,-73.459491,-15.260026,85.0307,45.2568
05,AYACUCHO,0508,PAUCAR DEL SARA SARA,050801,PAUSA,050801,Pausa,2875,1116.0,0.519542,428,75.495422,720.0,58.359282,884.0,8.456507,373.0,820.313317,451.0,0.84159,0.583593,0.468768,0.523039,0.318586,0.3928 - 0.5436,3.0,Tercer Quintil,"Programa de las Naciones Unidas para el Desarrollo (PNUD), 2019. Unidad del Informe sobre Desarrollo Humano. Perú",Polygon,-73.357922,-15.320697,251.4256,79.0802
05,AYACUCHO,0508,PAUCAR DEL SARA SARA,050809,SAN JOSE DE USHUA,050809,San Jose De Ushua,178,1870.0,0.407865,832,67.884675,1635.0,39.807174,1529.0,7.841391,495.0,603.603617,754.0,0.714745,0.398072,0.42545,0.411533,0.230671,0.3928 - 0.5436,3.0,Tercer Quintil,"Programa de las Naciones Unidas para el Desarrollo (PNUD), 2019. Unidad del Informe sobre Desarrollo Humano. Perú",Polygon,-73.196134,-15.223544,28.4153,35.4419
05,AYACUCHO,0508,PAUCAR DEL SARA SARA,050807,PARARCA,050807,Pararca,497,1791.0,0.386093,937,69.784897,1481.0,52.37786,1131.0,6.440781,887.0,494.394679,949.0,0.746415,0.523779,0.326816,0.413738,0.186367,0.2420 - 0.3928,4.0,Cuarto Quintil,"Programa de las Naciones Unidas para el Desarrollo (PNUD), 2019. Unidad del Informe sobre Desarrollo Humano. Perú",Polygon,-73.452313,-15.205721,56.6623,40.0498
05,AYACUCHO,0507,PARINACOCHAS,050706,PUYUSCA,050706,Puyusca,1908,1327.0,0.327814,1276,60.886831,1839.0,61.932482,732.0,5.745759,1131.0,384.972317,1213.0,0.598114,0.619325,0.27787,0.41484,0.141977,0.2420 - 0.3928,4.0,Cuarto Quintil,"Programa de las Naciones Unidas para el Desarrollo (PNUD), 2019. Unidad del Informe sobre Desarrollo Humano. Perú",Polygon,-73.597597,-15.282044,643.2784,139.9151
05,AYACUCHO,0508,PAUCAR DEL SARA SARA,050806,OYOLO,050806,Oyolo,1352,1481.0,0.414593,807,65.797953,1730.0,43.608982,1431.0,8.342676,391.0,611.335726,741.0,0.679966,0.43609,0.460752,0.448251,0.233808,0.3928 - 0.5436,3.0,Tercer Quintil,"Programa de las Naciones Unidas para el Desarrollo (PNUD), 2019. Unidad del Informe sobre Desarrollo Humano. Perú",Polygon,-73.118537,-15.022994,793.7131,172.8863
05,AYACUCHO,0507,PARINACOCHAS,050705,PULLO,050705,Pullo,5972,739.0,0.455997,641,60.404133,1845.0,66.207676,550.0,7.11779,686.0,830.473735,441.0,0.590069,0.662077,0.374492,0.497938,0.322707,0.3928 - 0.5436,3.0,Tercer Quintil,"Programa de las Naciones Unidas para el Desarrollo (PNUD), 2019. Unidad del Informe sobre Desarrollo Humano. Perú",Polygon,-73.984401,-15.33311,1563.2764,265.3627
05,AYACUCHO,0508,PAUCAR DEL SARA SARA,050804,LAMPA,050804,Lampa,2258,1235.0,0.395363,895,74.355261,879.0,60.608667,784.0,7.756918,520.0,402.272065,1160.0,0.822588,0.606087,0.419501,0.504236,0.148995,0.3928 - 0.5436,3.0,Tercer Quintil,"Programa de las Naciones Unidas para el Desarrollo (PNUD), 2019. Unidad del Informe sobre Desarrollo Humano. Perú",Polygon,-73.449674,-15.148456,281.0071,109.9522
05,AYACUCHO,0508,PAUCAR DEL SARA SARA,050802,COLTA,050802,Colta,970,1610.0,0.343975,1169,67.035813,1679.0,49.758967,1238.0,6.802041,781.0,377.028611,1227.0,0.700597,0.49759,0.352256,0.418664,0.138754,0.2420 - 0.3928,4.0,Cuarto Quintil,"Programa de las Naciones Unidas para el Desarrollo (PNUD), 2019. Unidad del Informe sobre Desarrollo Humano. Perú",Polygon,-73.250533,-15.127737,248.1077,102.1431
05,AYACUCHO,0507,PARINACOCHAS,050702,CHUMPI,050702,Chumpi,2241,1244.0,0.32536,1291,62.848036,1811.0,39.482693,1538.0,5.902983,1074.0,433.482389,1081.0,0.630801,0.394827,0.288942,0.337761,0.161656,0.2420 - 0.3928,4.0,Cuarto Quintil,"Programa de las Naciones Unidas para el Desarrollo (PNUD), 2019. Unidad del Informe sobre Desarrollo Humano. Perú",Polygon,-73.699908,-15.105804,372.2127,105.4547
05,AYACUCHO,0508,PAUCAR DEL SARA SARA,050808,SAN JAVIER DE ALPABAMBA,050808,San Javier De Alpabamba,446,1811.0,0.349504,1132,72.686822,1144.0,49.758967,1237.0,5.751987,1130.0,390.817593,1193.0,0.79478,0.49759,0.278309,0.372134,0.144348,0.2420 - 0.3928,4.0,Cuarto Quintil,"Programa de las Naciones Unidas para el Desarrollo (PNUD), 2019. Unidad del Informe sobre Desarrollo Humano. Perú",Polygon,-73.294379,-15.048201,117.5011,50.9629
05,AYACUCHO,0508,PAUCAR DEL SARA SARA,050805,MARCABAMBA,050805,Marcabamba,663,1718.0,0.475851,562,73.173867,1077.0,59.088773,836.0,7.424921,602.0,718.758035,579.0,0.802898,0.590888,0.396121,0.483801,0.277387,0.3928 - 0.5436,3.0,Tercer Quintil,"Programa de las Naciones Unidas para el Desarrollo (PNUD), 2019. Unidad del Informe sobre Desarrollo Humano. Perú",Polygon,-73.379155,-15.091722,120.358,50.7485
05,AYACUCHO,0506,LUCANAS,050619,SANCOS,050619,Sancos,7033,659.0,0.484297,540,68.783446,1571.0,58.588397,862.0,7.956802,465.0,796.295548,480.0,0.729724,0.585884,0.433578,0.50401,0.308842,0.3928 - 0.5436,3.0,Tercer Quintil,"Programa de las Naciones Unidas para el Desarrollo (PNUD), 2019. Unidad del Informe sobre Desarrollo Humano. Perú",Polygon,-74.158239,-15.146985,1504.0927,240.5204
05,AYACUCHO,0507,PARINACOCHAS,050701,CORACORA,050701,Coracora,14981,343.0,0.435593,722,58.825028,1861.0,71.962012,318.0,8.219243,425.0,668.610526,655.0,0.56375,0.71962,0.452059,0.57036,0.257043,0.3928 - 0.5436,3.0,Tercer Quintil,"Programa de las Naciones Unidas para el Desarrollo (PNUD), 2019. Unidad del Informe sobre Desarrollo Humano. Perú",Polygon,-73.699206,-14.815645,1388.3987,270.1956
05,AYACUCHO,0507,PARINACOCHAS,050707,SAN FRANCISCO DE RAVACAYCO,050707,San Francisco De Ravacayco,667,1717.0,0.373587,1001,59.484648,1856.0,61.617648,740.0,6.387017,909.0,536.237431,867.0,0.574744,0.616176,0.323029,0.446142,0.203342,0.2420 - 0.3928,4.0,Cuarto Quintil,"Programa de las Naciones Unidas para el Desarrollo (PNUD), 2019. Unidad del Informe sobre Desarrollo Humano. Perú",Polygon,-73.363176,-15.005832,102.9815,65.6813
05,AYACUCHO,0506,LUCANAS,050605,CHAVIÑA,050605,Chaviña,1802,1359.0,0.42024,773,71.475532,1314.0,54.393178,1045.0,6.723796,806.0,578.825038,786.0,0.774592,0.543932,0.346746,0.434288,0.220619,0.3928 - 0.5436,3.0,Tercer Quintil,"Programa de las Naciones Unidas para el Desarrollo (PNUD), 2019. Unidad del Informe sobre Desarrollo Humano. Perú",Polygon,-73.883635,-14.982683,366.9389,120.4761
05,AYACUCHO,0503,HUANCA SANCOS,050303,SACSAMARCA,050303,Sacsamarca,1326,1488.0,0.362054,1066,74.246786,903.0,50.433573,1217.0,5.409897,1255.0,433.058181,1083.0,0.82078,0.504336,0.254218,0.358066,0.161484,0.2420 - 0.3928,4.0,Cuarto Quintil,"Programa de las Naciones Unidas para el Desarrollo (PNUD), 2019. Unidad del Informe sobre Desarrollo Humano. Perú",Polygon,-74.222524,-13.983944,639.467,118.9516
05,AYACUCHO,0509,SUCRE,050909,SAN SALVADOR DE QUIJE,050909,San Salvador De Quije,1283,1506.0,0.314342,1359,65.78222,1731.0,45.103171,1385.0,5.141431,1358.0,380.763063,1218.0,0.679704,0.451032,0.235312,0.325781,0.140269,0.2420 - 0.3928,4.0,Cuarto Quintil,"Programa de las Naciones Unidas para el Desarrollo (PNUD), 2019. Unidad del Informe sobre Desarrollo Humano. Perú",Polygon,-73.717749,-13.983258,141.8299,69.3856
05,AYACUCHO,0510,VICTOR FAJARDO,051005,CANARIA,051005,Canaria,4106,923.0,0.505707,477,73.916809,955.0,70.476494,375.0,7.220155,660.0,788.918057,489.0,0.81528,0.704765,0.381701,0.518661,0.305849,0.3928 - 0.5436,3.0,Tercer Quintil,"Programa de las Naciones Unidas para el Desarrollo (PNUD), 2019. Unidad del Informe sobre Desarrollo Humano. Perú",Polygon,-73.994551,-13.961544,265.2123,104.2841
05,AYACUCHO,0507,PARINACOCHAS,050704,PACAPAUSA,050704,Pacapausa,2252,1239.0,0.32754,1278,61.596033,1830.0,76.646342,159.0,5.957806,1054.0,334.773726,1338.0,0.609934,0.766463,0.292803,0.473733,0.121612,0.2420 - 0.3928,4.0,Cuarto Quintil,"Programa de las Naciones Unidas para el Desarrollo (PNUD), 2019. Unidad del Informe sobre Desarrollo Humano. Perú",Polygon,-73.363009,-14.951973,147.0424,73.492
05,AYACUCHO,0506,LUCANAS,050621,SANTA LUCIA,050621,Santa Lucia,889,1647.0,0.442814,693,64.380291,1774.0,58.278405,892.0,7.28404,641.0,722.374483,572.0,0.656338,0.582784,0.3862,0.474417,0.278854,0.3928 - 0.5436,3.0,Tercer Quintil,"Programa de las Naciones Unidas para el Desarrollo (PNUD), 2019. Unidad del Informe sobre Desarrollo Humano. Perú",Polygon,-74.545678,-14.932713,1034.046,177.0397
05,AYACUCHO,0507,PARINACOCHAS,050708,UPAHUACHO,050708,Upahuacho,2353,1220.0,0.268387,1596,61.138978,1836.0,56.403847,963.0,4.659269,1545.0,269.768262,1504.0,0.602316,0.564038,0.201357,0.337006,0.095241,0.2420 - 0.3928,4.0,Cuarto Quintil,"Programa de las Naciones Unidas para el Desarrollo (PNUD), 2019. Unidad del Informe sobre Desarrollo Humano. Perú",Polygon,-73.529635,-14.883614,575.6657,155.4554
05,AYACUCHO,0506,LUCANAS,050614,SAISA,050614,Saisa,874,1652.0,0.532927,386,63.878298,1787.0,73.164737,267.0,8.556328,356.0,1010.893243,252.0,0.647972,0.731647,0.475798,0.590014,0.3959,0.3928 - 0.5436,3.0,Tercer Quintil,"Programa de las Naciones Unidas para el Desarrollo (PNUD), 2019. Unidad del Informe sobre Desarrollo Humano. Perú",Polygon,-74.374436,-14.955851,575.6547,117.896
05,AYACUCHO,0506,LUCANAS,050617,SAN PEDRO,050617,San Pedro,2602,1164.0,0.279845,1535,71.816198,1267.0,57.644944,915.0,4.692185,1533.0,237.058026,1595.0,0.78027,0.576449,0.203675,0.342649,0.081971,0.2420 - 0.3928,4.0,Cuarto Quintil,"Programa de las Naciones Unidas para el Desarrollo (PNUD), 2019. Unidad del Informe sobre Desarrollo Humano. Perú",Polygon,-74.207741,-14.971027,727.4903,214.8699
05,AYACUCHO,0506,LUCANAS,050615,SAN CRISTOBAL,050615,San Cristobal,2101,1281.0,0.236161,1713,67.248838,1665.0,68.230879,467.0,4.678487,1538.0,158.979059,1762.0,0.704147,0.682309,0.20271,0.371902,0.050296,0.0912 - 0.2420,5.0,Quinto Quintil,"Programa de las Naciones Unidas para el Desarrollo (PNUD), 2019. Unidad del Informe sobre Desarrollo Humano. Perú",Polygon,-74.254344,-14.79176,407.4537,108.2393
05,AYACUCHO,0507,PARINACOCHAS,050703,CORONEL CASTAÑEDA,050703,Coronel Castañeda,2090,1284.0,0.513623,447,62.056814,1824.0,50.609551,1207.0,9.198175,233.0,1088.172863,195.0,0.617614,0.506096,0.520998,0.513493,0.427251,0.3928 - 0.5436,3.0,Tercer Quintil,"Programa de las Naciones Unidas para el Desarrollo (PNUD), 2019. Unidad del Informe sobre Desarrollo Humano. Perú",Polygon,-73.164221,-14.778257,1081.6164,197.4063
05,AYACUCHO,0506,LUCANAS,050601,PUQUIO,050601,Puquio,14074,365.0,0.495073,506,69.751386,1484.0,70.343162,380.0,8.507045,362.0,730.724609,562.0,0.745856,0.703432,0.472327,0.576411,0.282241,0.3928 - 0.5436,3.0,Tercer Quintil,"Programa de las Naciones Unidas para el Desarrollo (PNUD), 2019. Unidad del Informe sobre Desarrollo Humano. Perú",Polygon,-74.016267,-14.67627,863.694,148.4889
05,AYACUCHO,0506,LUCANAS,050616,SAN JUAN,050616,San Juan,1461,1446.0,0.48257,545,65.80879,1729.0,79.323385,82.0,8.388994,385.0,706.319142,599.0,0.680146,0.793234,0.464014,0.606689,0.27234,0.3928 - 0.5436,3.0,Tercer Quintil,"Programa de las Naciones Unidas para el Desarrollo (PNUD), 2019. Unidad del Informe sobre Desarrollo Humano. Perú",Polygon,-74.1864,-14.653987,46.8548,34.144
05,AYACUCHO,0506,LUCANAS,050611,LUCANAS,050611,Lucanas,3717,976.0,0.376529,986,68.181205,1623.0,50.993605,1192.0,5.607263,1188.0,529.479147,883.0,0.719687,0.509936,0.268117,0.36976,0.2006,0.2420 - 0.3928,4.0,Cuarto Quintil,"Programa de las Naciones Unidas para el Desarrollo (PNUD), 2019. Unidad del Informe sobre Desarrollo Humano. Perú",Polygon,-74.304334,-14.487375,1211.6516,204.0984
05,AYACUCHO,0506,LUCANAS,050613,OTOCA,050613,Otoca,2471,1195.0,0.438142,710,68.476192,1602.0,50.550182,1210.0,6.262638,947.0,752.873152,534.0,0.724603,0.505502,0.31427,0.398578,0.291226,0.3928 - 0.5436,3.0,Tercer Quintil,"Programa de las Naciones Unidas para el Desarrollo (PNUD), 2019. Unidad del Informe sobre Desarrollo Humano. Perú",Polygon,-74.66017,-14.492124,716.5725,151.1517
05,AYACUCHO,0506,LUCANAS,050612,OCAÑA,050612,Ocaña,2165,1263.0,0.403624,859,66.990187,1685.0,55.512025,1004.0,7.319471,632.0,533.6017,874.0,0.699836,0.55512,0.388695,0.464513,0.202272,0.3928 - 0.5436,3.0,Tercer Quintil,"Programa de las Naciones Unidas para el Desarrollo (PNUD), 2019. Unidad del Informe sobre Desarrollo Humano. Perú",Polygon,-74.847045,-14.427415,859.0856,181.6725
05,AYACUCHO,0506,LUCANAS,050604,CARMEN SALCEDO,050604,Carmen Salcedo,3236,1046.0,0.427601,743,73.572165,1010.0,65.991724,559.0,6.756412,792.0,531.034008,880.0,0.809536,0.659917,0.349043,0.479937,0.201231,0.3928 - 0.5436,3.0,Tercer Quintil,"Programa de las Naciones Unidas para el Desarrollo (PNUD), 2019. Unidad del Informe sobre Desarrollo Humano. Perú",Polygon,-73.981765,-14.465801,464.1172,117.1116
05,AYACUCHO,0506,LUCANAS,050606,CHIPAO,050606,Chipao,3099,1071.0,0.326924,1281,64.45329,1771.0,55.850138,986.0,5.761561,1125.0,366.836244,1259.0,0.657555,0.558501,0.278983,0.394731,0.134619,0.2420 - 0.3928,4.0,Cuarto Quintil,"Programa de las Naciones Unidas para el Desarrollo (PNUD), 2019. Unidad del Informe sobre Desarrollo Humano. Perú",Polygon,-73.757372,-14.477116,1156.1754,178.2474
05,AYACUCHO,0506,LUCANAS,050603,CABANA,050603,Cabana,4068,929.0,0.462482,621,71.886796,1252.0,74.400505,228.0,8.193482,427.0,574.125807,794.0,0.781447,0.744005,0.450245,0.578779,0.218712,0.3928 - 0.5436,3.0,Tercer Quintil,"Programa de las Naciones Unidas para el Desarrollo (PNUD), 2019. Unidad del Informe sobre Desarrollo Humano. Perú",Polygon,-74.077474,-14.362122,405.2641,114.9399
05,AYACUCHO,0506,LUCANAS,050608,LARAMATE,050608,Laramate,1052,1586.0,0.349126,1139,69.396437,1522.0,42.809446,1456.0,6.789732,785.0,400.512325,1166.0,0.739941,0.428094,0.35139,0.38785,0.148281,0.2420 - 0.3928,4.0,Cuarto Quintil,"Programa de las Naciones Unidas para el Desarrollo (PNUD), 2019. Unidad del Informe sobre Desarrollo Humano. Perú",Polygon,-74.766114,-14.24993,779.9678,209.6214
05,AYACUCHO,0506,LUCANAS,050618,SAN PEDRO DE PALCO,050618,San Pedro De Palco,981,1606.0,0.287748,1500,66.485016,1709.0,36.300532,1613.0,4.664832,1544.0,348.870592,1296.0,0.691417,0.363005,0.201749,0.270621,0.127331,0.2420 - 0.3928,4.0,Cuarto Quintil,"Programa de las Naciones Unidas para el Desarrollo (PNUD), 2019. Unidad del Informe sobre Desarrollo Humano. Perú",Polygon,-74.494217,-14.291284,520.466,123.9326
05,AYACUCHO,0506,LUCANAS,050610,LLAUTA,050610,Llauta,804,1670.0,0.460853,626,66.836266,1694.0,65.866739,572.0,7.098432,694.0,732.976327,559.0,0.697271,0.658667,0.373129,0.49575,0.283155,0.3928 - 0.5436,3.0,Tercer Quintil,"Programa de las Naciones Unidas para el Desarrollo (PNUD), 2019. Unidad del Informe sobre Desarrollo Humano. Perú",Polygon,-74.940432,-14.249735,493.5468,140.9408
05,AYACUCHO,0506,LUCANAS,050620,SANTA ANA DE HUAYCAHUACHO,050620,Santa Ana De Huaycahuacho,688,1705.0,0.376519,987,69.733106,1485.0,47.351204,1312.0,7.334412,629.0,445.810289,1052.0,0.745552,0.473512,0.389747,0.429593,0.166657,0.2420 - 0.3928,4.0,Cuarto Quintil,"Programa de las Naciones Unidas para el Desarrollo (PNUD), 2019. Unidad del Informe sobre Desarrollo Humano. Perú",Polygon,-73.925608,-14.220872,45.5024,32.1088
05,AYACUCHO,0509,SUCRE,050908,SAN PEDRO DE LARCAY,050908,San Pedro De Larcay,948,1621.0,0.324531,1297,74.296688,891.0,29.317061,1768.0,6.169472,978.0,376.418834,1231.0,0.821611,0.293171,0.307709,0.300352,0.138507,0.2420 - 0.3928,4.0,Cuarto Quintil,"Programa de las Naciones Unidas para el Desarrollo (PNUD), 2019. Unidad del Informe sobre Desarrollo Humano. Perú",Polygon,-73.589562,-14.283482,314.2731,104.7265
05,AYACUCHO,0509,SUCRE,050905,HUACAÑA,050905,Huacaña,543,1766.0,0.448875,672,73.881523,963.0,65.963388,561.0,5.981925,1043.0,655.875628,670.0,0.814692,0.659634,0.294502,0.440753,0.251877,0.3928 - 0.5436,3.0,Tercer Quintil,"Programa de las Naciones Unidas para el Desarrollo (PNUD), 2019. Unidad del Informe sobre Desarrollo Humano. Perú",Polygon,-73.864664,-14.21412,144.0616,64.6774
05,AYACUCHO,0506,LUCANAS,050602,AUCARA,050602,Aucara,4825,844.0,0.383988,941,64.544215,1769.0,61.747358,737.0,6.194715,968.0,519.402788,899.0,0.65907,0.617474,0.309487,0.43715,0.196512,0.2420 - 0.3928,4.0,Cuarto Quintil,"Programa de las Naciones Unidas para el Desarrollo (PNUD), 2019. Unidad del Informe sobre Desarrollo Humano. Perú",Polygon,-74.153932,-14.194444,872.4027,171.7195
05,AYACUCHO,0509,SUCRE,050911,SORAS,050911,Soras,1199,1535.0,0.375014,996,68.678163,1579.0,50.741068,1202.0,7.260982,649.0,439.27316,1064.0,0.727969,0.507411,0.384576,0.441744,0.164005,0.2420 - 0.3928,4.0,Cuarto Quintil,"Programa de las Naciones Unidas para el Desarrollo (PNUD), 2019. Unidad del Informe sobre Desarrollo Humano. Perú",Polygon,-73.69096,-14.209532,351.8176,147.0862
05,AYACUCHO,0506,LUCANAS,050607,HUAC-HUAS,050607,Huac-Huas,2180,1259.0,0.376414,988,67.107161,1673.0,49.686076,1241.0,7.666128,541.0,448.485988,1046.0,0.701786,0.496861,0.413108,0.453053,0.167743,0.2420 - 0.3928,4.0,Cuarto Quintil,"Programa de las Naciones Unidas para el Desarrollo (PNUD), 2019. Unidad del Informe sobre Desarrollo Humano. Perú",Polygon,-74.993645,-14.16639,312.6114,75.2153
05,AYACUCHO,0509,SUCRE,050906,MORCOLLA,050906,Morcolla,908,1637.0,0.325651,1289,69.082793,1549.0,63.835537,664.0,5.274691,1311.0,328.16463,1349.0,0.734713,0.638355,0.244697,0.395226,0.118931,0.2420 - 0.3928,4.0,Cuarto Quintil,"Programa de las Naciones Unidas para el Desarrollo (PNUD), 2019. Unidad del Informe sobre Desarrollo Humano. Perú",Polygon,-73.834452,-14.154738,288.942,126.9419
05,AYACUCHO,0509,SUCRE,050910,SANTIAGO DE PAUCARAY,050910,Santiago De Paucaray,484,1794.0,0.344391,1167,68.263612,1618.0,45.399903,1375.0,5.574527,1200.0,436.964147,1068.0,0.72106,0.453999,0.265812,0.347388,0.163069,0.2420 - 0.3928,4.0,Cuarto Quintil,"Programa de las Naciones Unidas para el Desarrollo (PNUD), 2019. Unidad del Informe sobre Desarrollo Humano. Perú",Polygon,-73.653377,-14.087474,61.5457,35.8829
05,AYACUCHO,0510,VICTOR FAJARDO,051004,ASQUIPATA,051004,Asquipata,426,1819.0,0.435937,720,75.169821,775.0,80.082179,69.0,4.763482,1507.0,632.408111,710.0,0.836164,0.800822,0.208696,0.408813,0.242356,0.3928 - 0.5436,3.0,Tercer Quintil,"Programa de las Naciones Unidas para el Desarrollo (PNUD), 2019. Unidad del Informe sobre Desarrollo Humano. Perú",Polygon,-73.937806,-14.075815,71.3618,38.9355
05,AYACUCHO,0510,VICTOR FAJARDO,051003,APONGO,051003,Apongo,1116,1567.0,0.3823,949,77.386344,471.0,67.321832,515.0,5.796402,1108.0,397.405937,1178.0,0.873106,0.673218,0.281437,0.43528,0.147021,0.2420 - 0.3928,4.0,Cuarto Quintil,"Programa de las Naciones Unidas para el Desarrollo (PNUD), 2019. Unidad del Informe sobre Desarrollo Humano. Perú",Polygon,-74.006844,-14.064946,175.8199,97.676
05,AYACUCHO,0509,SUCRE,050901,QUEROBAMBA,050901,Querobamba,2556,1173.0,0.466643,601,72.787908,1131.0,54.534792,1039.0,7.654943,545.0,698.206905,609.0,0.796465,0.545348,0.41232,0.474192,0.269049,0.3928 - 0.5436,3.0,Tercer Quintil,"Programa de las Naciones Unidas para el Desarrollo (PNUD), 2019. Unidad del Informe sobre Desarrollo Humano. Perú",Polygon,-73.804808,-13.994796,282.1239,87.9019
05,AYACUCHO,0509,SUCRE,050907,PAICO,050907,Paico,575,1756.0,0.342982,1176,63.326694,1798.0,43.492344,1437.0,6.337118,926.0,452.666672,1038.0,0.638778,0.434923,0.319515,0.37278,0.169439,0.2420 - 0.3928,4.0,Cuarto Quintil,"Programa de las Naciones Unidas para el Desarrollo (PNUD), 2019. Unidad del Informe sobre Desarrollo Humano. Perú",Polygon,-73.666585,-14.012587,79.3244,40.4993
05,AYACUCHO,0509,SUCRE,050904,CHILCAYOC,050904,Chilcayoc,447,1810.0,0.323918,1302,67.600431,1652.0,37.585976,1587.0,6.303717,934.0,376.746584,1229.0,0.710007,0.37586,0.317163,0.345266,0.13864,0.2420 - 0.3928,4.0,Cuarto Quintil,"Programa de las Naciones Unidas para el Desarrollo (PNUD), 2019. Unidad del Informe sobre Desarrollo Humano. Perú",Polygon,-73.721758,-13.891236,29.7641,26.5903
05,AYACUCHO,0503,HUANCA SANCOS,050301,SANCOS,050301,Sancos,3430,1021.0,0.437809,712,72.020355,1226.0,37.871365,1581.0,7.238131,657.0,728.107432,566.0,0.783673,0.378714,0.382967,0.380834,0.281179,0.3928 - 0.5436,3.0,Tercer Quintil,"Programa de las Naciones Unidas para el Desarrollo (PNUD), 2019. Unidad del Informe sobre Desarrollo Humano. Perú",Polygon,-74.559721,-14.000978,1357.0526,229.5689
05,AYACUCHO,0511,VILCAS HUAMAN,051106,INDEPENDENCIA,051106,Independencia,1091,1577.0,0.255015,1657,66.577686,1704.0,41.335676,1497.0,4.636842,1555.0,240.289805,1582.0,0.692961,0.413357,0.199778,0.287366,0.083282,0.2420 - 0.3928,4.0,Cuarto Quintil,"Programa de las Naciones Unidas para el Desarrollo (PNUD), 2019. Unidad del Informe sobre Desarrollo Humano. Perú",Polygon,-73.858468,-13.875653,88.1091,42.1519
05,AYACUCHO,0503,HUANCA SANCOS,050304,SANTIAGO DE LUCANAMARCA,050304,Santiago De Lucanamarca,2227,1247.0,0.312277,1369,77.541594,459.0,39.326026,1543.0,5.18823,1345.0,314.836677,1386.0,0.875693,0.39326,0.238608,0.306325,0.113524,0.2420 - 0.3928,4.0,Cuarto Quintil,"Programa de las Naciones Unidas para el Desarrollo (PNUD), 2019. Unidad del Informe sobre Desarrollo Humano. Perú",Polygon,-74.532922,-13.826268,645.902,137.6873
05,AYACUCHO,0509,SUCRE,050903,CHALCOS,050903,Chalcos,475,1796.0,0.373474,1003,75.412072,733.0,27.061903,1799.0,6.923645,743.0,524.092886,889.0,0.840201,0.270619,0.36082,0.312482,0.198415,0.2420 - 0.3928,4.0,Cuarto Quintil,"Programa de las Naciones Unidas para el Desarrollo (PNUD), 2019. Unidad del Informe sobre Desarrollo Humano. Perú",Polygon,-73.752605,-13.850954,54.8905,34.7051
05,AYACUCHO,0510,VICTOR FAJARDO,051010,HUAYA,051010,Huaya,2819,1125.0,0.329174,1261,77.993803,409.0,44.353207,1412.0,5.343195,1283.0,334.228716,1339.0,0.88323,0.443532,0.249521,0.332672,0.121391,0.2420 - 0.3928,4.0,Cuarto Quintil,"Programa de las Naciones Unidas para el Desarrollo (PNUD), 2019. Unidad del Informe sobre Desarrollo Humano. Perú",Polygon,-73.979193,-13.878026,156.7012,67.8811
05,AYACUCHO,0510,VICTOR FAJARDO,051006,CAYARA,051006,Cayara,1031,1593.0,0.330134,1254,77.15155,501.0,65.756208,577.0,5.354018,1275.0,286.529182,1466.0,0.869193,0.657562,0.250283,0.40568,0.10204,0.2420 - 0.3928,4.0,Cuarto Quintil,"Programa de las Naciones Unidas para el Desarrollo (PNUD), 2019. Unidad del Informe sobre Desarrollo Humano. Perú",Polygon,-73.988678,-13.792844,63.5071,38.3165
05,AYACUCHO,0511,VILCAS HUAMAN,051102,ACCOMARCA,051102,Accomarca,546,1763.0,0.23724,1707,73.441605,1031.0,28.322593,1786.0,5.547656,1208.0,184.112067,1713.0,0.80736,0.283226,0.263919,0.273402,0.060492,0.0912 - 0.2420,5.0,Quinto Quintil,"Programa de las Naciones Unidas para el Desarrollo (PNUD), 2019. Unidad del Informe sobre Desarrollo Humano. Perú",Polygon,-73.867402,-13.806235,86.4694,42.3292
05,AYACUCHO,0509,SUCRE,050902,BELEN,050902,Belen,615,1735.0,0.419073,780,66.926385,1689.0,69.435145,419.0,7.733716,528.0,516.99265,902.0,0.698773,0.694351,0.417867,0.538653,0.195535,0.3928 - 0.5436,3.0,Tercer Quintil,"Programa de las Naciones Unidas para el Desarrollo (PNUD), 2019. Unidad del Informe sobre Desarrollo Humano. Perú",Polygon,-73.767256,-13.804313,36.3521,29.5886
05,AYACUCHO,0503,HUANCA SANCOS,050302,CARAPO,050302,Carapo,2038,1292.0,0.359679,1079,69.983844,1465.0,66.62679,533.0,5.645666,1170.0,395.156864,1185.0,0.749731,0.666268,0.270822,0.424782,0.146108,0.2420 - 0.3928,4.0,Cuarto Quintil,"Programa de las Naciones Unidas para el Desarrollo (PNUD), 2019. Unidad del Informe sobre Desarrollo Humano. Perú",Polygon,-74.303434,-13.812053,196.6643,75.1814
05,AYACUCHO,0511,VILCAS HUAMAN,051105,HUAMBALPA,051105,Huambalpa,1766,1371.0,0.326262,1286,72.271214,1191.0,43.082254,1449.0,4.074914,1713.0,448.601187,1044.0,0.787854,0.430823,0.160205,0.262717,0.16779,0.2420 - 0.3928,4.0,Cuarto Quintil,"Programa de las Naciones Unidas para el Desarrollo (PNUD), 2019. Unidad del Informe sobre Desarrollo Humano. Perú",Polygon,-73.887907,-13.744305,162.9823,81.1529
05,AYACUCHO,0510,VICTOR FAJARDO,051008,HUAMANQUIQUIA,051008,Huamanquiquia,1186,1539.0,0.26318,1619,77.335239,479.0,27.319004,1795.0,4.839612,1477.0,248.026954,1560.0,0.872254,0.27319,0.214057,0.241823,0.086421,0.2420 - 0.3928,4.0,Cuarto Quintil,"Programa de las Naciones Unidas para el Desarrollo (PNUD), 2019. Unidad del Informe sobre Desarrollo Humano. Perú",Polygon,-74.275714,-13.716075,72.4437,43.8943
05,AYACUCHO,0510,VICTOR FAJARDO,051001,HUANCAPI,051001,Huancapi,1586,1408.0,0.50696,470,78.672421,325.0,65.553482,585.0,7.775172,513.0,718.609573,580.0,0.89454,0.655535,0.420787,0.525205,0.277326,0.3928 - 0.5436,3.0,Tercer Quintil,"Programa de las Naciones Unidas para el Desarrollo (PNUD), 2019. Unidad del Informe sobre Desarrollo Humano. Perú",Polygon,-74.089824,-13.804643,239.3706,102.3451
05,AYACUCHO,0511,VILCAS HUAMAN,051103,CARHUANCA,051103,Carhuanca,838,1663.0,0.328353,1269,71.807053,1268.0,34.858576,1658.0,4.987236,1415.0,434.909623,1074.0,0.780118,0.348586,0.224453,0.279716,0.162235,0.2420 - 0.3928,4.0,Cuarto Quintil,"Programa de las Naciones Unidas para el Desarrollo (PNUD), 2019. Unidad del Informe sobre Desarrollo Humano. Perú",Polygon,-73.782066,-13.739437,54.2849,30.8292
05,AYACUCHO,0510,VICTOR FAJARDO,051009,HUANCARAYLLA,051009,Huancaraylla,73,1874.0,0.391973,908,82.037124,62.0,54.089277,1053.0,4.633231,1557.0,510.362755,911.0,0.950619,0.540893,0.199523,0.328513,0.192845,0.2420 - 0.3928,4.0,Cuarto Quintil,"Programa de las Naciones Unidas para el Desarrollo (PNUD), 2019. Unidad del Informe sobre Desarrollo Humano. Perú",Polygon,-74.169863,-13.74907,162.205,63.1519
05,AYACUCHO,0510,VICTOR FAJARDO,051007,COLCA,051007,Colca,833,1664.0,0.332559,1239,79.877333,213.0,36.961006,1598.0,5.471141,1234.0,355.664935,1282.0,0.914622,0.36961,0.258531,0.309121,0.130087,0.2420 - 0.3928,4.0,Cuarto Quintil,"Programa de las Naciones Unidas para el Desarrollo (PNUD), 2019. Unidad del Informe sobre Desarrollo Humano. Perú",Polygon,-74.037933,-13.714857,63.872,42.6908
05,AYACUCHO,0511,VILCAS HUAMAN,051107,SAURAMA,051107,Saurama,973,1609.0,0.231102,1729,71.32551,1337.0,52.86884,1108.0,4.826948,1481.0,152.382446,1772.0,0.772092,0.528688,0.213165,0.335705,0.04762,0.0912 - 0.2420,5.0,Quinto Quintil,"Programa de las Naciones Unidas para el Desarrollo (PNUD), 2019. Unidad del Informe sobre Desarrollo Humano. Perú",Polygon,-73.750347,-13.701019,89.2297,51.142
05,AYACUCHO,0511,VILCAS HUAMAN,051101,VILCAS HUAMAN,051101,Vilcas Huaman,7462,627.0,0.329249,1260,68.411434,1608.0,49.755906,1239.0,4.66932,1543.0,418.504091,1120.0,0.723524,0.497559,0.202065,0.317079,0.15558,0.2420 - 0.3928,4.0,Cuarto Quintil,"Programa de las Naciones Unidas para el Desarrollo (PNUD), 2019. Unidad del Informe sobre Desarrollo Humano. Perú",Polygon,-73.896312,-13.655697,220.297,85.4714
05,AYACUCHO,0510,VICTOR FAJARDO,051002,ALCAMENCA,051002,Alcamenca,1887,1337.0,0.290565,1478,78.513317,350.0,59.068523,841.0,4.813171,1485.0,226.509698,1623.0,0.891889,0.590685,0.212195,0.354035,0.077692,0.2420 - 0.3928,4.0,Cuarto Quintil,"Programa de las Naciones Unidas para el Desarrollo (PNUD), 2019. Unidad del Informe sobre Desarrollo Humano. Perú",Polygon,-74.210448,-13.665534,116.0221,51.5461
05,AYACUCHO,0510,VICTOR FAJARDO,051011,SARHUA,051011,Sarhua,2594,1166.0,0.258401,1640,81.192716,100.0,30.850517,1745.0,3.619131,1795.0,263.429266,1517.0,0.936545,0.308505,0.128108,0.198801,0.092669,0.2420 - 0.3928,4.0,Cuarto Quintil,"Programa de las Naciones Unidas para el Desarrollo (PNUD), 2019. Unidad del Informe sobre Desarrollo Humano. Perú",Polygon,-74.409825,-13.690273,378.9256,92.2642
05,AYACUCHO,0510,VICTOR FAJARDO,051012,VILCANCHOS,051012,Vilcanchos,2414,1205.0,0.264738,1613,74.116887,924.0,39.558266,1536.0,4.648449,1549.0,233.339388,1603.0,0.818615,0.395583,0.200595,0.281695,0.080462,0.2420 - 0.3928,4.0,Cuarto Quintil,"Programa de las Naciones Unidas para el Desarrollo (PNUD), 2019. Unidad del Informe sobre Desarrollo Humano. Perú",Polygon,-74.643167,-13.65237,500.0085,126.1066
08,CUSCO,0810,PARURO,081007,PACCARITAMBO,081007,Paccaritambo,1290,1503.0,0.298084,1439,62.914678,1809.0,69.482961,412.0,3.79139,1761.0,365.980362,1264.0,0.631911,0.69483,0.140239,0.312157,0.134272,0.2420 - 0.3928,4.0,Cuarto Quintil,"Programa de las Naciones Unidas para el Desarrollo (PNUD), 2019. Unidad del Informe sobre Desarrollo Humano. Perú",Polygon,-71.937125,-13.768664,142.0587,61.7335
08,CUSCO,0810,PARURO,081008,PILLPINTO,081008,Pillpinto,962,1611.0,0.284676,1518,67.160482,1669.0,40.604106,1512.0,5.361866,1269.0,288.592284,1458.0,0.702675,0.406041,0.250836,0.319139,0.102877,0.2420 - 0.3928,4.0,Cuarto Quintil,"Programa de las Naciones Unidas para el Desarrollo (PNUD), 2019. Unidad del Informe sobre Desarrollo Humano. Perú",Polygon,-71.76914,-13.974819,78.4192,45.2318
08,CUSCO,0810,PARURO,081009,YAURISQUE,081009,Yaurisque,1931,1315.0,0.266864,1604,63.439824,1795.0,60.635464,782.0,4.616571,1563.0,245.851077,1565.0,0.640664,0.606355,0.19835,0.3468,0.085538,0.2420 - 0.3928,4.0,Cuarto Quintil,"Programa de las Naciones Unidas para el Desarrollo (PNUD), 2019. Unidad del Informe sobre Desarrollo Humano. Perú",Polygon,-71.912585,-13.650914,100.8378,53.909
08,CUSCO,0810,PARURO,081001,PARURO,081001,Paruro,2810,1130.0,0.378819,970,64.326777,1779.0,56.321824,966.0,6.557607,854.0,505.63813,920.0,0.655446,0.563218,0.335043,0.434399,0.190928,0.2420 - 0.3928,4.0,Cuarto Quintil,"Programa de las Naciones Unidas para el Desarrollo (PNUD), 2019. Unidad del Informe sobre Desarrollo Humano. Perú",Polygon,-71.855693,-13.726678,152.6773,59.8417
08,CUSCO,0810,PARURO,081002,ACCHA,081002,Accha,3016,1093.0,0.300626,1421,60.271422,1847.0,64.586647,632.0,4.775381,1500.0,344.68977,1312.0,0.587857,0.645866,0.209534,0.367873,0.125635,0.2420 - 0.3928,4.0,Cuarto Quintil,"Programa de las Naciones Unidas para el Desarrollo (PNUD), 2019. Unidad del Informe sobre Desarrollo Humano. Perú",Polygon,-71.862641,-13.988485,238.717,90.7879
08,CUSCO,0810,PARURO,081004,COLCHA,081004,Colcha,770,1681.0,0.230179,1733,64.33027,1777.0,54.138807,1052.0,4.704967,1527.0,172.802415,1729.0,0.655504,0.541388,0.204575,0.332798,0.055904,0.0912 - 0.2420,5.0,Quinto Quintil,"Programa de las Naciones Unidas para el Desarrollo (PNUD), 2019. Unidad del Informe sobre Desarrollo Humano. Perú",Polygon,-71.867005,-13.870937,139.8183,63.4765
08,CUSCO,0807,CHUMBIVILCAS,080708,VELILLE,080708,Velille,9066,534.0,0.467026,598,65.523771,1736.0,70.612732,369.0,7.074467,701.0,760.931663,525.0,0.675396,0.706127,0.371441,0.512138,0.294496,0.3928 - 0.5436,3.0,Tercer Quintil,"Programa de las Naciones Unidas para el Desarrollo (PNUD), 2019. Unidad del Informe sobre Desarrollo Humano. Perú",Polygon,-71.849138,-14.548973,759.8721,146.5853
08,CUSCO,0808,ESPINAR,080802,CONDOROMA,080802,Condoroma,1204,1534.0,0.422208,768,68.536442,1593.0,64.038906,657.0,6.22841,954.0,607.12806,752.0,0.725607,0.640389,0.31186,0.446891,0.232101,0.3928 - 0.5436,3.0,Tercer Quintil,"Programa de las Naciones Unidas para el Desarrollo (PNUD), 2019. Unidad del Informe sobre Desarrollo Humano. Perú",Polygon,-71.074004,-15.300754,515.217,127.6055
08,CUSCO,0805,CANAS,080501,YANAOCA,080501,Yanaoca,8822,546.0,0.288275,1497,61.105307,1838.0,62.647237,703.0,5.70942,1146.0,271.295565,1500.0,0.601755,0.626472,0.275311,0.415301,0.09586,0.2420 - 0.3928,4.0,Cuarto Quintil,"Programa de las Naciones Unidas para el Desarrollo (PNUD), 2019. Unidad del Informe sobre Desarrollo Humano. Perú",Polygon,-71.442037,-14.27377,291.1115,98.0652
08,CUSCO,0805,CANAS,080502,CHECCA,080502,Checca,5533,768.0,0.154887,1855,64.591772,1768.0,49.236568,1257.0,4.54581,1586.0,79.985334,1859.0,0.659863,0.492366,0.193367,0.308557,0.01825,0.0912 - 0.2420,5.0,Quinto Quintil,"Programa de las Naciones Unidas para el Desarrollo (PNUD), 2019. Unidad del Informe sobre Desarrollo Humano. Perú",Polygon,-71.477714,-14.49159,504.069,108.5072
08,CUSCO,0805,CANAS,080506,PAMPAMARCA,080506,Pampamarca,1774,1369.0,0.299101,1432,62.219176,1820.0,64.883515,616.0,6.097392,1003.0,274.953767,1491.0,0.62032,0.648835,0.302633,0.443124,0.097344,0.2420 - 0.3928,4.0,Cuarto Quintil,"Programa de las Naciones Unidas para el Desarrollo (PNUD), 2019. Unidad del Informe sobre Desarrollo Humano. Perú",Polygon,-71.446555,-14.141801,31.1733,28.1339
08,CUSCO,0805,CANAS,080507,QUEHUE,080507,Quehue,3175,1059.0,0.211899,1774,65.027722,1751.0,67.96674,482.0,4.545596,1587.0,131.977419,1806.0,0.667129,0.679667,0.193352,0.362512,0.039342,0.0912 - 0.2420,5.0,Quinto Quintil,"Programa de las Naciones Unidas para el Desarrollo (PNUD), 2019. Unidad del Informe sobre Desarrollo Humano. Perú",Polygon,-71.489503,-14.365686,148.8601,72.1222
08,CUSCO,0806,CANCHIS,080601,SICUANI,080601,Sicuani,59032,110.0,0.526564,409,76.320215,602.0,72.592408,286.0,8.636399,343.0,746.736113,540.0,0.855337,0.725924,0.481437,0.591174,0.288737,0.3928 - 0.5436,3.0,Tercer Quintil,"Programa de las Naciones Unidas para el Desarrollo (PNUD), 2019. Unidad del Informe sobre Desarrollo Humano. Perú",Polygon,-71.103596,-14.251008,646.4067,163.9846
08,CUSCO,0806,CANCHIS,080603,COMBAPATA,080603,Combapata,4792,849.0,0.371724,1014,76.442274,585.0,59.828995,812.0,6.007606,1038.0,385.736058,1210.0,0.857371,0.59829,0.29631,0.421046,0.142286,0.2420 - 0.3928,4.0,Cuarto Quintil,"Programa de las Naciones Unidas para el Desarrollo (PNUD), 2019. Unidad del Informe sobre Desarrollo Humano. Perú",Polygon,-71.334155,-14.08814,173.4183,79.6221
08,CUSCO,0806,CANCHIS,080604,MARANGANI,080604,Marangani,9957,492.0,0.368807,1028,76.472835,580.0,62.257519,725.0,5.969652,1051.0,372.120778,1246.0,0.857881,0.622575,0.293637,0.427565,0.136763,0.2420 - 0.3928,4.0,Cuarto Quintil,"Programa de las Naciones Unidas para el Desarrollo (PNUD), 2019. Unidad del Informe sobre Desarrollo Humano. Perú",Polygon,-71.095619,-14.373624,438.7449,109.2199
08,CUSCO,0806,CANCHIS,080605,PITUMARCA,080605,Pitumarca,7289,639.0,0.327983,1272,74.937268,799.0,47.172619,1320.0,4.16362,1692.0,407.912652,1145.0,0.832288,0.471726,0.166452,0.280214,0.151283,0.2420 - 0.3928,4.0,Cuarto Quintil,"Programa de las Naciones Unidas para el Desarrollo (PNUD), 2019. Unidad del Informe sobre Desarrollo Humano. Perú",Polygon,-71.158109,-13.888765,1091.0662,205.6579
08,CUSCO,0812,QUISPICANCHI,081206,CUSIPATA,081206,Cusipata,4179,913.0,0.2818,1525,61.46222,1831.0,59.943927,810.0,5.227673,1334.0,273.626282,1494.0,0.607704,0.599439,0.241385,0.380389,0.096806,0.2420 - 0.3928,4.0,Cuarto Quintil,"Programa de las Naciones Unidas para el Desarrollo (PNUD), 2019. Unidad del Informe sobre Desarrollo Humano. Perú",Polygon,-71.437905,-13.88597,242.518,94.697
08,CUSCO,0812,QUISPICANCHI,081207,HUARO,081207,Huaro,4265,905.0,0.428371,740,66.431878,1712.0,58.40916,878.0,7.113361,688.0,635.22507,707.0,0.690531,0.584092,0.37418,0.467499,0.243499,0.3928 - 0.5436,3.0,Tercer Quintil,"Programa de las Naciones Unidas para el Desarrollo (PNUD), 2019. Unidad del Informe sobre Desarrollo Humano. Perú",Polygon,-71.672391,-13.755311,108.445,56.4563
08,CUSCO,0812,QUISPICANCHI,081208,LUCRE,081208,Lucre,4268,902.0,0.447547,680,60.131655,1848.0,63.565219,676.0,7.651721,546.0,772.358632,513.0,0.585528,0.635652,0.412093,0.511808,0.299131,0.3928 - 0.5436,3.0,Tercer Quintil,"Programa de las Naciones Unidas para el Desarrollo (PNUD), 2019. Unidad del Informe sobre Desarrollo Humano. Perú",Polygon,-71.76782,-13.644979,118.0328,62.0147
08,CUSCO,0812,QUISPICANCHI,081212,QUIQUIJANA,081212,Quiquijana,10644,467.0,0.266263,1608,69.177138,1543.0,53.229535,1092.0,4.064477,1715.0,251.91362,1548.0,0.736286,0.532295,0.15947,0.291351,0.087997,0.2420 - 0.3928,4.0,Cuarto Quintil,"Programa de las Naciones Unidas para el Desarrollo (PNUD), 2019. Unidad del Informe sobre Desarrollo Humano. Perú",Polygon,-71.533156,-13.805602,364.1842,95.39
08,CUSCO,0806,CANCHIS,080606,SAN PABLO,080606,San Pablo,4044,931.0,0.342999,1175,73.739817,985.0,67.034415,520.0,5.348379,1278.0,334.187525,1340.0,0.81233,0.670344,0.249886,0.409279,0.121374,0.2420 - 0.3928,4.0,Cuarto Quintil,"Programa de las Naciones Unidas para el Desarrollo (PNUD), 2019. Unidad del Informe sobre Desarrollo Humano. Perú",Polygon,-71.087568,-14.151751,522.9585,194.8212
08,CUSCO,0806,CANCHIS,080607,SAN PEDRO,080607,San Pedro,2466,1196.0,0.410746,820,72.154772,1213.0,75.116917,203.0,6.840794,769.0,455.908756,1028.0,0.785913,0.751169,0.354986,0.516386,0.170754,0.3928 - 0.5436,3.0,Tercer Quintil,"Programa de las Naciones Unidas para el Desarrollo (PNUD), 2019. Unidad del Informe sobre Desarrollo Humano. Perú",Polygon,-71.332818,-14.16605,55.9796,37.8756
08,CUSCO,0806,CANCHIS,080608,TINTA,080608,Tinta,5193,805.0,0.433717,726,75.15065,777.0,79.997472,70.0,7.143524,676.0,473.534889,997.0,0.835844,0.799975,0.376305,0.548666,0.177905,0.3928 - 0.5436,3.0,Tercer Quintil,"Programa de las Naciones Unidas para el Desarrollo (PNUD), 2019. Unidad del Informe sobre Desarrollo Humano. Perú",Polygon,-71.392294,-14.158736,82.595,48.4502
08,CUSCO,0808,ESPINAR,080806,PICHIGUA,080806,Pichigua,2835,1123.0,0.35818,1090,66.627496,1703.0,75.468927,194.0,5.461563,1239.0,405.101177,1155.0,0.693792,0.754689,0.257857,0.441137,0.150142,0.2420 - 0.3928,4.0,Cuarto Quintil,"Programa de las Naciones Unidas para el Desarrollo (PNUD), 2019. Unidad del Informe sobre Desarrollo Humano. Perú",Polygon,-71.343745,-14.679333,273.9288,117.4984
08,CUSCO,0808,ESPINAR,080807,SUYCKUTAMBO,080807,Suyckutambo,2000,1300.0,0.319613,1330,71.720561,1278.0,71.797466,321.0,3.710144,1783.0,367.576194,1256.0,0.778676,0.717975,0.134517,0.310773,0.134919,0.2420 - 0.3928,4.0,Cuarto Quintil,"Programa de las Naciones Unidas para el Desarrollo (PNUD), 2019. Unidad del Informe sobre Desarrollo Humano. Perú",Polygon,-71.658204,-15.001126,627.7859,136.6702
08,CUSCO,0808,ESPINAR,080808,ALTO PICHIGUA,080808,Alto Pichigua,2851,1120.0,0.336571,1219,64.75108,1765.0,51.559102,1170.0,4.904043,1445.0,457.550152,1024.0,0.662518,0.515591,0.218595,0.335716,0.17142,0.2420 - 0.3928,4.0,Cuarto Quintil,"Programa de las Naciones Unidas para el Desarrollo (PNUD), 2019. Unidad del Informe sobre Desarrollo Humano. Perú",Polygon,-71.222643,-14.73791,359.5261,114.2116
08,CUSCO,0808,ESPINAR,080801,ESPINAR,080801,Espinar,33976,169.0,0.553053,328,69.217264,1537.0,74.041288,243.0,8.70928,326.0,977.684884,281.0,0.736954,0.740413,0.486569,0.600218,0.382428,0.5436 - 0.6944,2.0,Segundo Quintil,"Programa de las Naciones Unidas para el Desarrollo (PNUD), 2019. Unidad del Informe sobre Desarrollo Humano. Perú",Polygon,-71.352864,-14.925288,738.3118,145.4487
08,CUSCO,0808,ESPINAR,080803,COPORAQUE,080803,Coporaque,14411,356.0,0.28955,1485,68.537889,1592.0,75.551079,189.0,4.36228,1650.0,258.34777,1535.0,0.725631,0.755511,0.180442,0.369224,0.090608,0.2420 - 0.3928,4.0,Cuarto Quintil,"Programa de las Naciones Unidas para el Desarrollo (PNUD), 2019. Unidad del Informe sobre Desarrollo Humano. Perú",Polygon,-71.635316,-14.757131,1543.0403,231.14
08,CUSCO,0808,ESPINAR,080804,OCORURO,080804,Ocoruro,1115,1568.0,0.349129,1138,68.345795,1612.0,63.638663,674.0,4.984552,1418.0,419.360687,1118.0,0.72243,0.636387,0.224264,0.377781,0.155927,0.2420 - 0.3928,4.0,Cuarto Quintil,"Programa de las Naciones Unidas para el Desarrollo (PNUD), 2019. Unidad del Informe sobre Desarrollo Humano. Perú",Polygon,-71.138978,-15.087862,359.2387,117.5537
08,CUSCO,0808,ESPINAR,080805,PALLPATA,080805,Pallpata,5092,813.0,0.394736,896,66.646821,1702.0,61.058717,762.0,5.99941,1040.0,549.022166,843.0,0.694114,0.610587,0.295733,0.424936,0.208528,0.3928 - 0.5436,3.0,Tercer Quintil,"Programa de las Naciones Unidas para el Desarrollo (PNUD), 2019. Unidad del Informe sobre Desarrollo Humano. Perú",Polygon,-71.091077,-14.907299,817.2041,170.6796
09,HUANCAVELICA,0906,HUAYTARA,090612,SAN ISIDRO,090612,San Isidro,1129,1562.0,0.229882,1735,62.139996,1823.0,60.801138,775.0,6.209993,962.0,146.329023,1786.0,0.619,0.608011,0.310563,0.434541,0.045164,0.0912 - 0.2420,5.0,Quinto Quintil,"Programa de las Naciones Unidas para el Desarrollo (PNUD), 2019. Unidad del Informe sobre Desarrollo Humano. Perú",Polygon,-75.234425,-13.973554,168.7518,73.8625
09,HUANCAVELICA,0906,HUAYTARA,090614,SANTIAGO DE QUIRAHUARA,090614,Santiago De Quirahuara,471,1798.0,0.289294,1489,68.757228,1575.0,64.112747,653.0,6.241259,950.0,217.749156,1640.0,0.729287,0.641127,0.312765,0.447797,0.074138,0.2420 - 0.3928,4.0,Cuarto Quintil,"Programa de las Naciones Unidas para el Desarrollo (PNUD), 2019. Unidad del Informe sobre Desarrollo Humano. Perú",Polygon,-74.892275,-14.055395,175.4935,84.5495
09,HUANCAVELICA,0906,HUAYTARA,090606,OCOYO,090606,Ocoyo,1960,1308.0,0.506607,471,65.009626,1753.0,43.198963,1443.0,7.248449,654.0,1215.559779,122.0,0.666827,0.43199,0.383694,0.407126,0.478929,0.3928 - 0.5436,3.0,Tercer Quintil,"Programa de las Naciones Unidas para el Desarrollo (PNUD), 2019. Unidad del Informe sobre Desarrollo Humano. Perú",Polygon,-75.0348,-14.023287,168.2566,82.1652
09,HUANCAVELICA,0906,HUAYTARA,090603,CORDOVA,090603,Cordova,2311,1228.0,0.516413,437,66.651879,1700.0,56.341505,965.0,7.170752,666.0,1094.346898,191.0,0.694198,0.563415,0.378222,0.461623,0.429755,0.3928 - 0.5436,3.0,Tercer Quintil,"Programa de las Naciones Unidas para el Desarrollo (PNUD), 2019. Unidad del Informe sobre Desarrollo Humano. Perú",Polygon,-75.151966,-14.011554,102.978,47.3491
09,HUANCAVELICA,0906,HUAYTARA,090608,QUERCO,090608,Querco,1138,1559.0,0.368047,1031,67.141751,1671.0,59.01287,844.0,6.653719,827.0,424.581651,1107.0,0.702363,0.590129,0.341811,0.449124,0.158045,0.2420 - 0.3928,4.0,Cuarto Quintil,"Programa de las Naciones Unidas para el Desarrollo (PNUD), 2019. Unidad del Informe sobre Desarrollo Humano. Perú",Polygon,-74.882692,-13.882834,685.6953,122.0006
09,HUANCAVELICA,0906,HUAYTARA,090605,LARAMARCA,090605,Laramarca,658,1719.0,0.472349,578,71.628704,1294.0,66.762034,531.0,7.745783,524.0,667.234934,658.0,0.777145,0.66762,0.418717,0.528719,0.256485,0.3928 - 0.5436,3.0,Tercer Quintil,"Programa de las Naciones Unidas para el Desarrollo (PNUD), 2019. Unidad del Informe sobre Desarrollo Humano. Perú",Polygon,-75.057264,-13.906005,193.3221,72.2837
09,HUANCAVELICA,0906,HUAYTARA,090613,SANTIAGO DE CHOCORVOS,090613,Santiago De Chocorvos,1845,1350.0,0.291464,1474,63.254767,1802.0,42.192776,1471.0,4.973288,1420.0,346.752445,1304.0,0.637579,0.421928,0.223471,0.307065,0.126472,0.2420 - 0.3928,4.0,Cuarto Quintil,"Programa de las Naciones Unidas para el Desarrollo (PNUD), 2019. Unidad del Informe sobre Desarrollo Humano. Perú",Polygon,-75.214846,-13.813352,1144.1834,219.3331
09,HUANCAVELICA,0906,HUAYTARA,090611,SAN FRANCISCO DE SANGAYAICO,090611,San Francisco De Sangayaico,481,1795.0,0.347703,1149,70.630066,1413.0,55.952943,983.0,5.897257,1075.0,374.099853,1240.0,0.760501,0.559529,0.288539,0.401804,0.137566,0.2420 - 0.3928,4.0,Cuarto Quintil,"Programa de las Naciones Unidas para el Desarrollo (PNUD), 2019. Unidad del Informe sobre Desarrollo Humano. Perú",Polygon,-75.280773,-13.781946,78.5134,53.4314
09,HUANCAVELICA,0906,HUAYTARA,090615,SANTO DOMINGO DE CAPILLAS,090615,Santo Domingo De Capillas,740,1689.0,0.319764,1326,63.268778,1801.0,45.367251,1378.0,6.703929,812.0,354.235912,1285.0,0.637813,0.453673,0.345347,0.395821,0.129507,0.2420 - 0.3928,4.0,Cuarto Quintil,"Programa de las Naciones Unidas para el Desarrollo (PNUD), 2019. Unidad del Informe sobre Desarrollo Humano. Perú",Polygon,-75.183763,-13.671204,255.8287,124.2999
09,HUANCAVELICA,0906,HUAYTARA,090602,AYAVI,090602,Ayavi,468,1800.0,0.391618,910,64.927242,1755.0,52.455884,1127.0,7.756784,521.0,509.272653,913.0,0.665454,0.524559,0.419492,0.469093,0.192403,0.2420 - 0.3928,4.0,Cuarto Quintil,"Programa de las Naciones Unidas para el Desarrollo (PNUD), 2019. Unidad del Informe sobre Desarrollo Humano. Perú",Polygon,-75.368241,-13.714577,179.8494,75.4164
09,HUANCAVELICA,0906,HUAYTARA,090604,HUAYACUNDO ARMA,090604,Huayacundo Arma,451,1809.0,0.397437,889,69.630877,1497.0,60.403745,797.0,8.220252,424.0,433.083659,1082.0,0.743848,0.604037,0.45213,0.522593,0.161494,0.3928 - 0.5436,3.0,Tercer Quintil,"Programa de las Naciones Unidas para el Desarrollo (PNUD), 2019. Unidad del Informe sobre Desarrollo Humano. Perú",Polygon,-75.311742,-13.554878,37.7454,35.4144
11,ICA,1103,NASCA,110301,NASCA,110301,Nazca,26740,210.0,0.598885,215,79.751383,219.0,71.092375,349.0,10.078643,126.0,936.274503,328.0,0.912523,0.710924,0.583003,0.643794,0.365629,0.5436 - 0.6944,2.0,Segundo Quintil,"Programa de las Naciones Unidas para el Desarrollo (PNUD), 2019. Unidad del Informe sobre Desarrollo Humano. Perú",Polygon,-75.036816,-14.857002,1144.2956,220.3329
11,ICA,1103,NASCA,110302,CHANGUILLO,110302,Changuillo,1152,1555.0,0.535656,375,79.754274,217.0,58.375209,881.0,7.482468,588.0,893.955063,369.0,0.912571,0.583752,0.400174,0.483324,0.34846,0.3928 - 0.5436,3.0,Tercer Quintil,"Programa de las Naciones Unidas para el Desarrollo (PNUD), 2019. Unidad del Informe sobre Desarrollo Humano. Perú",Polygon,-75.3343,-14.801596,955.4518,180.4057
11,ICA,1103,NASCA,110303,EL INGENIO,110303,El Ingenio,2572,1168.0,0.555823,322,81.52594,83.0,65.16119,608.0,8.080222,441.0,871.93346,392.0,0.942099,0.651612,0.442269,0.536831,0.339527,0.5436 - 0.6944,2.0,Segundo Quintil,"Programa de las Naciones Unidas para el Desarrollo (PNUD), 2019. Unidad del Informe sobre Desarrollo Humano. Perú",Polygon,-75.007077,-14.677731,611.8108,159.2866
11,ICA,1103,NASCA,110304,MARCONA,110304,Marcona,13915,367.0,0.677143,73,80.274182,174.0,73.379122,256.0,10.916739,53.0,1245.387207,107.0,0.921236,0.733791,0.642024,0.686376,0.491029,0.5436 - 0.6944,2.0,Segundo Quintil,"Programa de las Naciones Unidas para el Desarrollo (PNUD), 2019. Unidad del Informe sobre Desarrollo Humano. Perú",Polygon,-75.069266,-15.142355,1945.3524,265.0827
11,ICA,1103,NASCA,110305,VISTA ALEGRE,110305,Vista Alegre,18667,297.0,0.592484,228,81.72521,73.0,71.336705,337.0,9.434074,205.0,910.651409,348.0,0.94542,0.713367,0.537611,0.619285,0.355234,0.5436 - 0.6944,2.0,Segundo Quintil,"Programa de las Naciones Unidas para el Desarrollo (PNUD), 2019. Unidad del Informe sobre Desarrollo Humano. Perú",Polygon,-74.827996,-14.928456,534.5216,121.385
11,ICA,1104,PALPA,110401,PALPA,110401,Palpa,6821,670.0,0.61819,173,81.111215,106.0,81.4571,46.0,9.588459,183.0,966.619942,290.0,0.935187,0.814571,0.548483,0.668415,0.377939,0.5436 - 0.6944,2.0,Segundo Quintil,"Programa de las Naciones Unidas para el Desarrollo (PNUD), 2019. Unidad del Informe sobre Desarrollo Humano. Perú",Polygon,-75.131564,-14.489728,131.4286,63.9801
11,ICA,1104,PALPA,110402,LLIPATA,110402,Llipata,1316,1493.0,0.597917,217,80.760497,135.0,85.821617,12.0,8.78542,315.0,907.599183,352.0,0.929342,0.858216,0.491931,0.649756,0.353996,0.5436 - 0.6944,2.0,Segundo Quintil,"Programa de las Naciones Unidas para el Desarrollo (PNUD), 2019. Unidad del Informe sobre Desarrollo Humano. Perú",Polygon,-75.15872,-14.594655,182.6421,69.4735
11,ICA,1104,PALPA,110403,RIO GRANDE,110403,Rio Grande,1742,1378.0,0.596432,220,80.821058,128.0,83.03862,25.0,8.82333,307.0,912.172933,347.0,0.930351,0.830386,0.494601,0.640866,0.355851,0.5436 - 0.6944,2.0,Segundo Quintil,"Programa de las Naciones Unidas para el Desarrollo (PNUD), 2019. Unidad del Informe sobre Desarrollo Humano. Perú",Polygon,-75.147498,-14.345652,313.9038,112.5127
11,ICA,1104,PALPA,110405,TIBILLO,110405,Tibillo,160,1871.0,0.548857,344,75.691742,689.0,68.360076,459.0,7.600328,559.0,947.903381,318.0,0.844862,0.683601,0.408474,0.528425,0.370346,0.5436 - 0.6944,2.0,Segundo Quintil,"Programa de las Naciones Unidas para el Desarrollo (PNUD), 2019. Unidad del Informe sobre Desarrollo Humano. Perú",Polygon,-75.16091,-14.150373,336.1067,94.6298
11,ICA,1105,PISCO,110501,PISCO,110501,Pisco,58925,111.0,0.587613,237,76.407837,588.0,72.449484,295.0,10.426367,92.0,914.883561,345.0,0.856797,0.724495,0.607491,0.663418,0.356951,0.5436 - 0.6944,2.0,Segundo Quintil,"Programa de las Naciones Unidas para el Desarrollo (PNUD), 2019. Unidad del Informe sobre Desarrollo Humano. Perú",Polygon,-76.191778,-13.701809,24.6884,24.3466
11,ICA,1104,PALPA,110404,SANTA CRUZ,110404,Santa Cruz,771,1680.0,0.569612,291,79.883189,211.0,75.555874,187.0,8.850381,303.0,848.147378,416.0,0.91472,0.755559,0.496506,0.612486,0.329877,0.5436 - 0.6944,2.0,Segundo Quintil,"Programa de las Naciones Unidas para el Desarrollo (PNUD), 2019. Unidad del Informe sobre Desarrollo Humano. Perú",Polygon,-75.257627,-14.471149,253.9028,102.55
11,ICA,1101,ICA,110102,LA TINGUIÑA,110102,La Tinguiña,38005,155.0,0.633445,137,80.809116,129.0,77.641827,127.0,10.427088,91.0,1015.741451,249.0,0.930152,0.776418,0.607541,0.686809,0.397867,0.5436 - 0.6944,2.0,Segundo Quintil,"Programa de las Naciones Unidas para el Desarrollo (PNUD), 2019. Unidad del Informe sobre Desarrollo Humano. Perú",Polygon,-75.673339,-14.010778,81.6736,56.8696
11,ICA,1101,ICA,110103,LOS AQUIJES,110103,Los Aquijes,22115,260.0,0.632137,146,78.11994,394.0,75.661787,183.0,9.921443,148.0,1104.135489,182.0,0.885332,0.756618,0.571933,0.657826,0.433726,0.5436 - 0.6944,2.0,Segundo Quintil,"Programa de las Naciones Unidas para el Desarrollo (PNUD), 2019. Unidad del Informe sobre Desarrollo Humano. Perú",Polygon,-75.640607,-14.07403,90.7315,52.2037
11,ICA,1101,ICA,110104,OCUCAJE,110104,Ocucaje,4084,927.0,0.55979,312,76.951837,529.0,71.129124,348.0,8.500099,363.0,897.028152,363.0,0.865864,0.711291,0.471838,0.579322,0.349707,0.5436 - 0.6944,2.0,Segundo Quintil,"Programa de las Naciones Unidas para el Desarrollo (PNUD), 2019. Unidad del Informe sobre Desarrollo Humano. Perú",Polygon,-75.780678,-14.484043,1400.6596,182.2763
11,ICA,1101,ICA,110105,PACHACUTEC,110105,Pachacutec,7330,636.0,0.628227,152,79.938282,205.0,74.912722,210.0,9.725001,165.0,1067.30799,211.0,0.915638,0.749127,0.558099,0.646596,0.418786,0.5436 - 0.6944,2.0,Segundo Quintil,"Programa de las Naciones Unidas para el Desarrollo (PNUD), 2019. Unidad del Informe sobre Desarrollo Humano. Perú",Polygon,-75.651662,-14.16041,41.4568,32.8173
11,ICA,1101,ICA,110106,PARCONA,110106,Parcona,54312,118.0,0.616344,180,80.796568,131.0,78.09451,115.0,10.47811,84.0,933.363605,331.0,0.929943,0.780945,0.611135,0.690842,0.364448,0.5436 - 0.6944,2.0,Segundo Quintil,"Programa de las Naciones Unidas para el Desarrollo (PNUD), 2019. Unidad del Informe sobre Desarrollo Humano. Perú",Polygon,-75.700446,-14.056866,17.2425,18.4738
11,ICA,1101,ICA,110107,PUEBLO NUEVO,110107,Pueblo Nuevo,5487,775.0,0.601739,207,78.042802,405.0,72.285834,303.0,10.310077,105.0,958.033377,301.0,0.884047,0.722858,0.599301,0.658187,0.374456,0.5436 - 0.6944,2.0,Segundo Quintil,"Programa de las Naciones Unidas para el Desarrollo (PNUD), 2019. Unidad del Informe sobre Desarrollo Humano. Perú",Polygon,-75.675808,-14.124513,30.6969,33.4284
11,ICA,1101,ICA,110108,SALAS,110108,Salas,27932,198.0,0.605316,198,78.888483,297.0,67.639546,497.0,9.133325,245.0,1064.942615,212.0,0.898141,0.676395,0.516431,0.591026,0.417827,0.5436 - 0.6944,2.0,Segundo Quintil,"Programa de las Naciones Unidas para el Desarrollo (PNUD), 2019. Unidad del Informe sobre Desarrollo Humano. Perú",Polygon,-75.875757,-13.921747,657.827,126.7962
11,ICA,1101,ICA,110109,SAN JOSE DE LOS MOLINOS,110109,San Jose De Los Molinos,6645,685.0,0.626732,155,78.750551,315.0,77.689506,126.0,9.132899,246.0,1104.43945,181.0,0.895843,0.776895,0.516401,0.633395,0.43385,0.5436 - 0.6944,2.0,Segundo Quintil,"Programa de las Naciones Unidas para el Desarrollo (PNUD), 2019. Unidad del Informe sobre Desarrollo Humano. Perú",Polygon,-75.612387,-13.882044,360.5387,100.42
11,ICA,1101,ICA,110110,SAN JUAN BAUTISTA,110110,San Juan Bautista,14967,345.0,0.655051,98,80.792436,132.0,76.241863,172.0,10.628873,66.0,1117.214694,173.0,0.929874,0.762419,0.621752,0.688502,0.439032,0.5436 - 0.6944,2.0,Segundo Quintil,"Programa de las Naciones Unidas para el Desarrollo (PNUD), 2019. Unidad del Informe sobre Desarrollo Humano. Perú",Polygon,-75.73313,-13.973541,32.5268,32.4506
11,ICA,1101,ICA,110111,SANTIAGO,110111,Santiago,31419,180.0,0.626104,156,80.48506,154.0,76.557126,163.0,9.341716,214.0,1061.002261,216.0,0.924751,0.765571,0.531107,0.637652,0.416228,0.5436 - 0.6944,2.0,Segundo Quintil,"Programa de las Naciones Unidas para el Desarrollo (PNUD), 2019. Unidad del Informe sobre Desarrollo Humano. Perú",Polygon,-75.515021,-14.510527,2769.9125,375.7313
11,ICA,1101,ICA,110112,SUBTANJALLA,110112,Subtanjalla,31104,181.0,0.635078,132,79.37212,248.0,77.513755,135.0,10.809406,58.0,1028.528071,236.0,0.906202,0.775138,0.634465,0.701283,0.403054,0.5436 - 0.6944,2.0,Segundo Quintil,"Programa de las Naciones Unidas para el Desarrollo (PNUD), 2019. Unidad del Informe sobre Desarrollo Humano. Perú",Polygon,-75.893229,-14.048154,186.1275,80.2108
11,ICA,1101,ICA,110113,TATE,110113,Tate,4721,858.0,0.615177,182,78.106504,398.0,74.493947,221.0,10.108134,124.0,1017.090785,247.0,0.885108,0.744939,0.58508,0.660189,0.398414,0.5436 - 0.6944,2.0,Segundo Quintil,"Programa de las Naciones Unidas para el Desarrollo (PNUD), 2019. Unidad del Informe sobre Desarrollo Humano. Perú",Polygon,-75.703258,-14.151553,6.3295,11.996
11,ICA,1101,ICA,110114,YAUCA DEL ROSARIO,110114,Yauca Del Rosario,930,1631.0,0.383646,944,75.352476,740.0,53.608429,1071.0,6.895089,755.0,413.173359,1138.0,0.839208,0.536084,0.358809,0.438579,0.153417,0.2420 - 0.3928,4.0,Cuarto Quintil,"Programa de las Naciones Unidas para el Desarrollo (PNUD), 2019. Unidad del Informe sobre Desarrollo Humano. Perú",Polygon,-75.434114,-14.10064,1262.4114,188.5163
11,ICA,1101,ICA,110101,ICA,110101,Ica,142450,42.0,0.663722,84,79.644605,225.0,81.376712,49.0,11.724811,27.0,1084.329234,201.0,0.910743,0.813767,0.69893,0.754166,0.425691,0.5436 - 0.6944,2.0,Segundo Quintil,"Programa de las Naciones Unidas para el Desarrollo (PNUD), 2019. Unidad del Informe sobre Desarrollo Humano. Perú",Polygon,-75.906571,-14.213801,886.9977,166.3666
11,ICA,1105,PISCO,110503,HUMAY,110503,Humay,5924,740.0,0.547606,349,72.898166,1116.0,72.531379,289.0,8.073067,444.0,930.769462,332.0,0.798303,0.725314,0.441765,0.566055,0.363395,0.5436 - 0.6944,2.0,Segundo Quintil,"Programa de las Naciones Unidas para el Desarrollo (PNUD), 2019. Unidad del Informe sobre Desarrollo Humano. Perú",Polygon,-75.817963,-13.744068,910.183,162.4782
11,ICA,1105,PISCO,110504,INDEPENDENCIA,110504,Independencia,14789,349.0,0.536858,374,74.612722,843.0,72.268255,304.0,8.406929,383.0,830.472111,442.0,0.826879,0.722683,0.465277,0.579868,0.322707,0.3928 - 0.5436,3.0,Tercer Quintil,"Programa de las Naciones Unidas para el Desarrollo (PNUD), 2019. Unidad del Informe sobre Desarrollo Humano. Perú",Polygon,-76.012991,-13.646851,268.7268,70.0454
11,ICA,1105,PISCO,110505,PARACAS,110505,Paracas,8493,559.0,0.629218,150,75.99906,651.0,67.799829,491.0,9.796859,157.0,1204.177835,129.0,0.849984,0.677998,0.563159,0.617917,0.474311,0.5436 - 0.6944,2.0,Segundo Quintil,"Programa de las Naciones Unidas para el Desarrollo (PNUD), 2019. Unidad del Informe sobre Desarrollo Humano. Perú",Polygon,-76.157666,-14.046929,1425.8057,290.5491
11,ICA,1105,PISCO,110506,SAN ANDRES,110506,San Andres,12642,412.0,0.525712,413,76.76263,544.0,64.420319,639.0,9.628928,177.0,731.590353,561.0,0.862711,0.644203,0.551333,0.595962,0.282592,0.3928 - 0.5436,3.0,Tercer Quintil,"Programa de las Naciones Unidas para el Desarrollo (PNUD), 2019. Unidad del Informe sobre Desarrollo Humano. Perú",Polygon,-76.106762,-13.804315,232.5057,77.14
11,ICA,1105,PISCO,110507,SAN CLEMENTE,110507,San Clemente,24273,238.0,0.572373,280,76.147784,630.0,72.536502,288.0,9.107716,248.0,922.472127,341.0,0.852463,0.725365,0.514628,0.610977,0.360029,0.5436 - 0.6944,2.0,Segundo Quintil,"Programa de las Naciones Unidas para el Desarrollo (PNUD), 2019. Unidad del Informe sobre Desarrollo Humano. Perú",Polygon,-76.14398,-13.64211,136.9034,63.0072
11,ICA,1105,PISCO,110508,TUPAC AMARU INCA,110508,Tupac Amaru Inca,19053,289.0,0.569669,290,76.290928,606.0,69.485674,411.0,9.676838,171.0,893.651744,370.0,0.854849,0.694857,0.554707,0.62084,0.348337,0.5436 - 0.6944,2.0,Segundo Quintil,"Programa de las Naciones Unidas para el Desarrollo (PNUD), 2019. Unidad del Informe sobre Desarrollo Humano. Perú",Polygon,-76.110334,-13.72617,55.668,36.7892
23,TACNA,2301,TACNA,230101,TACNA,230101,Tacna,74177,88.0,0.696613,54,76.670661,554.0,75.491958,192.0,11.654573,30.0,1371.819928,74.0,0.861178,0.75492,0.693984,0.723811,0.54232,0.6944 - 0.8452,1.0,Primer Quintil,"Programa de las Naciones Unidas para el Desarrollo (PNUD), 2019. Unidad del Informe sobre Desarrollo Humano. Perú",Polygon,-70.168597,-18.112903,1908.8122,328.8423
23,TACNA,2301,TACNA,230103,CALANA,230103,Calana,3316,1035.0,0.564102,302,75.922728,659.0,77.829717,121.0,9.591362,182.0,832.802135,438.0,0.848712,0.778297,0.548687,0.653484,0.323652,0.5436 - 0.6944,2.0,Segundo Quintil,"Programa de las Naciones Unidas para el Desarrollo (PNUD), 2019. Unidad del Informe sobre Desarrollo Humano. Perú",Polygon,-70.146218,-17.954214,110.0066,48.0486
23,TACNA,2303,JORGE BASADRE,230301,LOCUMBA,230301,Locumba,2848,1121.0,0.580893,253,73.371358,1045.0,71.934081,320.0,9.168656,238.0,1015.959347,248.0,0.806189,0.719341,0.518919,0.610966,0.397955,0.5436 - 0.6944,2.0,Segundo Quintil,"Programa de las Naciones Unidas para el Desarrollo (PNUD), 2019. Unidad del Informe sobre Desarrollo Humano. Perú",Polygon,-70.733017,-17.60419,846.0226,142.6172
23,TACNA,2303,JORGE BASADRE,230302,ILABAYA,230302,Ilabaya,3072,1083.0,0.736615,32,74.537188,854.0,65.073435,610.0,11.117052,45.0,1861.252203,13.0,0.82562,0.650734,0.65613,0.653427,0.740873,0.6944 - 0.8452,1.0,Primer Quintil,"Programa de las Naciones Unidas para el Desarrollo (PNUD), 2019. Unidad del Informe sobre Desarrollo Humano. Perú",Polygon,-70.570952,-17.383711,1057.876,166.8934
23,TACNA,2303,JORGE BASADRE,230303,ITE,230303,Ite,3076,1080.0,0.686004,62,73.873679,966.0,70.001391,391.0,9.721784,167.0,1598.337724,27.0,0.814561,0.700014,0.557872,0.624915,0.634214,0.5436 - 0.6944,2.0,Segundo Quintil,"Programa de las Naciones Unidas para el Desarrollo (PNUD), 2019. Unidad del Informe sobre Desarrollo Humano. Perú",Polygon,-70.932977,-17.803486,825.2267,144.756
18,MOQUEGUA,1801,MARISCAL NIETO,180101,MOQUEGUA,180101,Moquegua,64680,101.0,0.701939,49,77.751738,431.0,74.139092,238.0,10.84321,55.0,1446.202888,53.0,0.879196,0.741391,0.636846,0.687133,0.572496,0.6944 - 0.8452,1.0,Primer Quintil,"Programa de las Naciones Unidas para el Desarrollo (PNUD), 2019. Unidad del Informe sobre Desarrollo Humano. Perú",Polygon,-71.061122,-17.228994,3944.3075,387.4286
18,MOQUEGUA,1801,MARISCAL NIETO,180102,CARUMAS,180102,Carumas,4187,912.0,0.541988,361,75.019288,790.0,69.537005,408.0,7.323922,631.0,940.130454,324.0,0.833655,0.69537,0.389009,0.520101,0.367193,0.3928 - 0.5436,3.0,Tercer Quintil,"Programa de las Naciones Unidas para el Desarrollo (PNUD), 2019. Unidad del Informe sobre Desarrollo Humano. Perú",Polygon,-70.371307,-16.728353,2263.8598,349.4836
18,MOQUEGUA,1801,MARISCAL NIETO,180103,CUCHUMBAYA,180103,Cuchumbaya,1437,1452.0,0.547496,350,75.267523,754.0,75.395434,195.0,6.599524,843.0,991.523777,268.0,0.837792,0.753954,0.337995,0.504809,0.388042,0.5436 - 0.6944,2.0,Segundo Quintil,"Programa de las Naciones Unidas para el Desarrollo (PNUD), 2019. Unidad del Informe sobre Desarrollo Humano. Perú",Polygon,-70.667628,-16.768652,68.8553,47.2842
18,MOQUEGUA,1801,MARISCAL NIETO,180104,SAMEGUA,180104,Samegua,7071,652.0,0.726691,40,78.010729,407.0,78.657737,101.0,10.65317,64.0,1563.896288,33.0,0.883512,0.786577,0.623463,0.700287,0.620242,0.6944 - 0.8452,1.0,Primer Quintil,"Programa de las Naciones Unidas para el Desarrollo (PNUD), 2019. Unidad del Informe sobre Desarrollo Humano. Perú",Polygon,-70.852598,-17.156676,64.5952,43.1849
18,MOQUEGUA,1801,MARISCAL NIETO,180105,SAN CRISTOBAL,180105,San Cristobal,3094,1074.0,0.493918,508,75.261533,755.0,66.486403,542.0,6.745139,794.0,771.859846,514.0,0.837692,0.664864,0.348249,0.481184,0.298929,0.3928 - 0.5436,3.0,Tercer Quintil,"Programa de las Naciones Unidas para el Desarrollo (PNUD), 2019. Unidad del Informe sobre Desarrollo Humano. Perú",Polygon,-70.644624,-16.663372,539.511,136.4349
18,MOQUEGUA,1801,MARISCAL NIETO,180106,TORATA,180106,Torata,5470,776.0,0.743778,26,76.502682,577.0,70.738441,363.0,10.365289,101.0,1843.898839,15.0,0.858378,0.707384,0.603189,0.653213,0.733833,0.6944 - 0.8452,1.0,Primer Quintil,"Programa de las Naciones Unidas para el Desarrollo (PNUD), 2019. Unidad del Informe sobre Desarrollo Humano. Perú",Polygon,-70.738319,-16.998057,1768.9501,231.9882
18,MOQUEGUA,1802,GENERAL SANCHEZ CERRO,180201,OMATE,180201,Omate,4155,917.0,0.61707,177,78.42096,359.0,77.491004,136.0,10.440257,88.0,982.361594,275.0,0.890349,0.77491,0.608469,0.686665,0.384325,0.5436 - 0.6944,2.0,Segundo Quintil,"Programa de las Naciones Unidas para el Desarrollo (PNUD), 2019. Unidad del Informe sobre Desarrollo Humano. Perú",Polygon,-70.962969,-16.646622,255.3385,78.8297
18,MOQUEGUA,1802,GENERAL SANCHEZ CERRO,180202,CHOJATA,180202,Chojata,1764,1372.0,0.414899,803,83.569473,25.0,73.849509,249.0,6.304404,933.0,407.6279,1147.0,0.976158,0.738495,0.317212,0.484003,0.151168,0.3928 - 0.5436,3.0,Tercer Quintil,"Programa de las Naciones Unidas para el Desarrollo (PNUD), 2019. Unidad del Informe sobre Desarrollo Humano. Perú",Polygon,-70.571238,-16.457,858.3497,151.34
18,MOQUEGUA,1802,GENERAL SANCHEZ CERRO,180203,COALAQUE,180203,Coalaque,826,1666.0,0.450657,660,79.529108,235.0,64.780271,621.0,7.231121,658.0,533.720006,873.0,0.908818,0.647803,0.382473,0.497762,0.20232,0.3928 - 0.5436,3.0,Tercer Quintil,"Programa de las Naciones Unidas para el Desarrollo (PNUD), 2019. Unidad del Informe sobre Desarrollo Humano. Perú",Polygon,-71.04607,-16.575785,244.5997,83.1513
18,MOQUEGUA,1802,GENERAL SANCHEZ CERRO,180204,ICHUÑA,180204,Ichuña,4190,911.0,0.487331,527,78.366906,365.0,72.342376,297.0,7.90064,474.0,610.346181,743.0,0.889448,0.723424,0.429623,0.557494,0.233406,0.3928 - 0.5436,3.0,Tercer Quintil,"Programa de las Naciones Unidas para el Desarrollo (PNUD), 2019. Unidad del Informe sobre Desarrollo Humano. Perú",Polygon,-70.494699,-16.18816,998.9188,171.2904
18,MOQUEGUA,1802,GENERAL SANCHEZ CERRO,180205,LA CAPILLA,180205,La Capilla,1606,1405.0,0.635181,130,76.754102,546.0,72.208409,309.0,9.208886,231.0,1228.134548,115.0,0.862568,0.722084,0.521753,0.613799,0.48403,0.5436 - 0.6944,2.0,Segundo Quintil,"Programa de las Naciones Unidas para el Desarrollo (PNUD), 2019. Unidad del Informe sobre Desarrollo Humano. Perú",Polygon,-71.293826,-16.825951,778.9562,140.1042
18,MOQUEGUA,1802,GENERAL SANCHEZ CERRO,180206,LLOQUE,180206,Lloque,1545,1422.0,0.487905,525,82.791694,34.0,53.708734,1069.0,8.100492,438.0,643.896604,690.0,0.963195,0.537087,0.443697,0.488164,0.247017,0.3928 - 0.5436,3.0,Tercer Quintil,"Programa de las Naciones Unidas para el Desarrollo (PNUD), 2019. Unidad del Informe sobre Desarrollo Humano. Perú",Polygon,-70.62724,-16.303569,255.2779,93.4887
18,MOQUEGUA,1802,GENERAL SANCHEZ CERRO,180207,MATALAQUE,180207,Matalaque,921,1632.0,0.48763,526,79.004719,284.0,52.129065,1143.0,7.912485,473.0,705.350973,601.0,0.900079,0.521291,0.430457,0.473701,0.271948,0.3928 - 0.5436,3.0,Tercer Quintil,"Programa de las Naciones Unidas para el Desarrollo (PNUD), 2019. Unidad del Informe sobre Desarrollo Humano. Perú",Polygon,-70.836536,-16.528636,562.3493,142.9464
18,MOQUEGUA,1802,GENERAL SANCHEZ CERRO,180208,PUQUINA,180208,Puquina,2123,1275.0,0.51831,432,77.375831,473.0,70.554387,372.0,7.472371,590.0,775.638194,509.0,0.872931,0.705544,0.399463,0.530885,0.300462,0.3928 - 0.5436,3.0,Tercer Quintil,"Programa de las Naciones Unidas para el Desarrollo (PNUD), 2019. Unidad del Informe sobre Desarrollo Humano. Perú",Polygon,-71.157232,-16.628235,593.8146,157.1236
18,MOQUEGUA,1802,GENERAL SANCHEZ CERRO,180209,QUINISTAQUILLAS,180209,Quinistaquillas,1152,1554.0,0.60081,208,80.157764,186.0,55.654703,992.0,9.358988,211.0,1103.401325,184.0,0.919296,0.556547,0.532323,0.5443,0.433429,0.5436 - 0.6944,2.0,Segundo Quintil,"Programa de las Naciones Unidas para el Desarrollo (PNUD), 2019. Unidad del Informe sobre Desarrollo Humano. Perú",Polygon,-70.879808,-16.704188,194.6022,80.2995
18,MOQUEGUA,1802,GENERAL SANCHEZ CERRO,180210,UBINAS,180210,Ubinas,2451,1199.0,0.470979,581,79.593742,230.0,60.594469,786.0,6.903915,748.0,641.465169,696.0,0.909896,0.605945,0.359431,0.466685,0.24603,0.3928 - 0.5436,3.0,Tercer Quintil,"Programa de las Naciones Unidas para el Desarrollo (PNUD), 2019. Unidad del Informe sobre Desarrollo Humano. Perú",Polygon,-70.805047,-16.217373,880.0399,192.5025
18,MOQUEGUA,1802,GENERAL SANCHEZ CERRO,180211,YUNGA,180211,Yunga,2014,1298.0,0.503148,491,77.986593,410.0,77.060358,148.0,8.018429,452.0,647.035603,683.0,0.88311,0.770604,0.437918,0.580914,0.24829,0.3928 - 0.5436,3.0,Tercer Quintil,"Programa de las Naciones Unidas para el Desarrollo (PNUD), 2019. Unidad del Informe sobre Desarrollo Humano. Perú",Polygon,-70.660012,-16.227604,110.7374,47.8274
18,MOQUEGUA,1803,ILO,180301,ILO,180301,Ilo,68664,93.0,0.683157,68,78.202981,384.0,73.069677,273.0,10.671817,63.0,1346.786006,78.0,0.886716,0.730697,0.624776,0.675664,0.532165,0.5436 - 0.6944,2.0,Segundo Quintil,"Programa de las Naciones Unidas para el Desarrollo (PNUD), 2019. Unidad del Informe sobre Desarrollo Humano. Perú",Polygon,-71.216996,-17.714116,292.9824,101.2257
18,MOQUEGUA,1803,ILO,180302,EL ALGARROBAL,180302,El Algarrobal,2153,1266.0,0.651775,104,77.176174,498.0,64.23196,649.0,9.976764,142.0,1325.524091,81.0,0.869603,0.64232,0.575828,0.608166,0.523539,0.5436 - 0.6944,2.0,Segundo Quintil,"Programa de las Naciones Unidas para el Desarrollo (PNUD), 2019. Unidad del Informe sobre Desarrollo Humano. Perú",Polygon,-71.141529,-17.583001,734.095,145.9366
18,MOQUEGUA,1803,ILO,180303,PACOCHA,180303,Pacocha,3079,1078.0,0.767961,15,78.542827,342.0,70.569514,371.0,12.908522,14.0,1718.803526,19.0,0.89238,0.705695,0.78229,0.743006,0.683085,0.6944 - 0.8452,1.0,Primer Quintil,"Programa de las Naciones Unidas para el Desarrollo (PNUD), 2019. Unidad del Informe sobre Desarrollo Humano. Perú",Polygon,-71.359415,-17.439377,332.1402,125.1761
23,TACNA,2301,TACNA,230105,INCLAN,230105,Inclan,6518,691.0,0.535104,377,74.478725,860.0,73.795538,250.0,8.396238,384.0,817.248551,454.0,0.824645,0.737955,0.464524,0.585489,0.317342,0.3928 - 0.5436,3.0,Tercer Quintil,"Programa de las Naciones Unidas para el Desarrollo (PNUD), 2019. Unidad del Informe sobre Desarrollo Humano. Perú",Polygon,-70.423495,-17.681108,1434.3515,169.0029
23,TACNA,2301,TACNA,230106,PACHIA,230106,Pachia,1746,1377.0,0.533543,385,76.022301,648.0,72.988495,276.0,8.800661,312.0,768.945861,516.0,0.850372,0.729885,0.493004,0.599864,0.297747,0.3928 - 0.5436,3.0,Tercer Quintil,"Programa de las Naciones Unidas para el Desarrollo (PNUD), 2019. Unidad del Informe sobre Desarrollo Humano. Perú",Polygon,-70.023495,-17.784722,611.3214,160.5825
23,TACNA,2301,TACNA,230107,PALCA,230107,Palca,1892,1333.0,0.52006,425,75.481288,723.0,60.599438,785.0,8.89312,298.0,784.01202,496.0,0.841355,0.605994,0.499515,0.550185,0.303859,0.3928 - 0.5436,3.0,Tercer Quintil,"Programa de las Naciones Unidas para el Desarrollo (PNUD), 2019. Unidad del Informe sobre Desarrollo Humano. Perú",Polygon,-69.763772,-17.656759,1452.9814,236.1195
23,TACNA,2301,TACNA,230108,POCOLLAY,230108,Pocollay,17646,306.0,0.645954,115,77.267808,486.0,75.825743,179.0,10.521084,78.0,1152.606145,158.0,0.87113,0.758257,0.614161,0.682416,0.45339,0.5436 - 0.6944,2.0,Segundo Quintil,"Programa de las Naciones Unidas para el Desarrollo (PNUD), 2019. Unidad del Informe sobre Desarrollo Humano. Perú",Polygon,-70.074119,-18.007716,268.7362,96.6054
23,TACNA,2301,TACNA,230109,SAMA,230109,Sama,2957,1106.0,0.552622,329,74.249879,902.0,70.50025,374.0,8.753559,321.0,897.568256,362.0,0.820831,0.705003,0.489687,0.587563,0.349926,0.5436 - 0.6944,2.0,Segundo Quintil,"Programa de las Naciones Unidas para el Desarrollo (PNUD), 2019. Unidad del Informe sobre Desarrollo Humano. Perú",Polygon,-70.667644,-17.956958,1134.7024,166.6178
23,TACNA,2301,TACNA,230110,CORONEL GREGORIO ALBARRACIN LANCHIPA,230110,Crnel.Gregorio Albarracin Lanchipa,140027,44.0,0.578968,260,77.073616,517.0,71.178389,341.0,10.047075,131.0,892.303097,371.0,0.867894,0.711784,0.58078,0.642954,0.34779,0.5436 - 0.6944,2.0,Segundo Quintil,"Programa de las Naciones Unidas para el Desarrollo (PNUD), 2019. Unidad del Informe sobre Desarrollo Humano. Perú",Polygon,-70.24093,-18.107659,187.3129,61.5801
23,TACNA,2302,CANDARAVE,230201,CANDARAVE,230201,Candarave,2511,1185.0,0.363263,1059,69.914944,1469.0,62.390171,715.0,6.638294,830.0,377.358426,1225.0,0.748582,0.623902,0.340725,0.461063,0.138888,0.2420 - 0.3928,4.0,Cuarto Quintil,"Programa de las Naciones Unidas para el Desarrollo (PNUD), 2019. Unidad del Informe sobre Desarrollo Humano. Perú",Polygon,-70.247805,-17.041799,1381.4316,226.5124
23,TACNA,2302,CANDARAVE,230202,CAIRANI,230202,Cairani,1077,1581.0,0.237514,1706,72.076327,1219.0,66.459096,544.0,6.567581,849.0,124.114835,1816.0,0.784605,0.664591,0.335745,0.47237,0.036152,0.0912 - 0.2420,5.0,Quinto Quintil,"Programa de las Naciones Unidas para el Desarrollo (PNUD), 2019. Unidad del Informe sobre Desarrollo Humano. Perú",Polygon,-70.340775,-17.187784,176.3813,90.1154
23,TACNA,2302,CANDARAVE,230203,CAMILACA,230203,Camilaca,1012,1597.0,0.410923,819,69.721563,1487.0,59.074752,839.0,6.34335,925.0,562.82114,816.0,0.745359,0.590748,0.319954,0.434755,0.214126,0.3928 - 0.5436,3.0,Tercer Quintil,"Programa de las Naciones Unidas para el Desarrollo (PNUD), 2019. Unidad del Informe sobre Desarrollo Humano. Perú",Polygon,-70.432704,-17.165027,493.2033,109.8658
23,TACNA,2302,CANDARAVE,230204,CURIBAYA,230204,Curibaya,256,1862.0,0.573942,277,72.593298,1159.0,76.232492,173.0,9.476779,199.0,950.189523,316.0,0.793222,0.762325,0.540618,0.641971,0.371274,0.5436 - 0.6944,2.0,Segundo Quintil,"Programa de las Naciones Unidas para el Desarrollo (PNUD), 2019. Unidad del Informe sobre Desarrollo Humano. Perú",Polygon,-70.333871,-17.394127,112.0476,46.0807
23,TACNA,2302,CANDARAVE,230205,HUANUARA,230205,Huanuara,716,1699.0,0.398526,884,71.017108,1377.0,64.504416,636.0,7.864893,485.0,422.576909,1111.0,0.766952,0.645044,0.427105,0.524883,0.157232,0.3928 - 0.5436,3.0,Tercer Quintil,"Programa de las Naciones Unidas para el Desarrollo (PNUD), 2019. Unidad del Informe sobre Desarrollo Humano. Perú",Polygon,-70.330452,-17.308529,90.8565,49.7633
23,TACNA,2302,CANDARAVE,230206,QUILAHUANI,230206,Quilahuani,979,1608.0,0.317767,1340,70.060883,1456.0,59.388979,825.0,7.260141,650.0,255.387047,1541.0,0.751015,0.59389,0.384517,0.477871,0.089407,0.2420 - 0.3928,4.0,Cuarto Quintil,"Programa de las Naciones Unidas para el Desarrollo (PNUD), 2019. Unidad del Informe sobre Desarrollo Humano. Perú",Polygon,-70.256817,-17.332872,55.2217,36.2464
23,TACNA,2304,TARATA,230401,TARATA,230401,Tarata,3240,1045.0,0.479144,551,77.102696,512.0,76.83021,154.0,8.14464,433.0,567.944259,805.0,0.868378,0.768302,0.446806,0.585902,0.216205,0.3928 - 0.5436,3.0,Tercer Quintil,"Programa de las Naciones Unidas para el Desarrollo (PNUD), 2019. Unidad del Informe sobre Desarrollo Humano. Perú",Polygon,-69.751316,-17.377012,880.1528,194.9091
23,TACNA,2304,TARATA,230402,HEROES ALBARRACIN,230402,Heroes Albarracin (Chucatamani),528,1779.0,0.317308,1342,77.592946,451.0,85.835078,11.0,7.683218,537.0,185.656441,1710.0,0.876549,0.858351,0.414311,0.596342,0.061118,0.2420 - 0.3928,4.0,Cuarto Quintil,"Programa de las Naciones Unidas para el Desarrollo (PNUD), 2019. Unidad del Informe sobre Desarrollo Humano. Perú",Polygon,-70.214535,-17.499396,378.0842,98.5954
23,TACNA,2304,TARATA,230403,ESTIQUE,230403,Estique,534,1771.0,0.341596,1184,80.475587,156.0,54.622322,1036.0,6.98145,730.0,273.033796,1495.0,0.924593,0.546223,0.364891,0.446444,0.096565,0.2420 - 0.3928,4.0,Cuarto Quintil,"Programa de las Naciones Unidas para el Desarrollo (PNUD), 2019. Unidad del Informe sobre Desarrollo Humano. Perú",Polygon,-70.025039,-17.623664,295.1065,122.7784
23,TACNA,2304,TARATA,230404,ESTIQUE-PAMPA,230404,Estique-Pampa,529,1776.0,0.519754,426,82.214492,52.0,90.126832,2.0,8.339182,393.0,598.392602,764.0,0.953575,0.901268,0.460506,0.644235,0.228557,0.3928 - 0.5436,3.0,Tercer Quintil,"Programa de las Naciones Unidas para el Desarrollo (PNUD), 2019. Unidad del Informe sobre Desarrollo Humano. Perú",Polygon,-70.113815,-17.612497,147.5547,92.0268
23,TACNA,2304,TARATA,230405,SITAJARA,230405,Sitajara,611,1737.0,0.363991,1057,79.235167,261.0,55.633847,997.0,7.289928,637.0,318.562435,1379.0,0.903919,0.556338,0.386615,0.463776,0.115035,0.2420 - 0.3928,4.0,Cuarto Quintil,"Programa de las Naciones Unidas para el Desarrollo (PNUD), 2019. Unidad del Informe sobre Desarrollo Humano. Perú",Polygon,-70.153383,-17.39456,233.009,80.8484
23,TACNA,2304,TARATA,230406,SUSAPAYA,230406,Susapaya,580,1752.0,0.311706,1374,77.278106,483.0,62.588078,707.0,6.468907,878.0,223.874149,1631.0,0.871302,0.625881,0.328796,0.453638,0.076622,0.2420 - 0.3928,4.0,Cuarto Quintil,"Programa de las Naciones Unidas para el Desarrollo (PNUD), 2019. Unidad del Informe sobre Desarrollo Humano. Perú",Polygon,-70.046643,-17.224529,359.1449,114.4235
23,TACNA,2304,TARATA,230407,TARUCACHI,230407,Tarucachi,341,1841.0,0.352604,1113,76.556224,574.0,71.529232,330.0,7.504443,583.0,269.608385,1506.0,0.85927,0.715292,0.401721,0.536049,0.095176,0.2420 - 0.3928,4.0,Cuarto Quintil,"Programa de las Naciones Unidas para el Desarrollo (PNUD), 2019. Unidad del Informe sobre Desarrollo Humano. Perú",Polygon,-69.958044,-17.50188,106.7239,57.1803
23,TACNA,2304,TARATA,230408,TICACO,230408,Ticaco,291,1855.0,0.37143,1015,77.247672,490.0,54.362216,1047.0,6.582742,848.0,373.990827,1241.0,0.870795,0.543622,0.336813,0.427901,0.137522,0.2420 - 0.3928,4.0,Cuarto Quintil,"Programa de las Naciones Unidas para el Desarrollo (PNUD), 2019. Unidad del Informe sobre Desarrollo Humano. Perú",Polygon,-69.963548,-17.334721,355.4193,112.0619
23,TACNA,2301,TACNA,230102,ALTO DE LA ALIANZA,230102,Alto De La Alianza,34457,167.0,0.603256,200,77.720758,437.0,75.536507,190.0,10.047532,130.0,964.814369,293.0,0.878679,0.755365,0.580812,0.662363,0.377207,0.5436 - 0.6944,2.0,Segundo Quintil,"Programa de las Naciones Unidas para el Desarrollo (PNUD), 2019. Unidad del Informe sobre Desarrollo Humano. Perú",Polygon,-70.278832,-17.833309,374.0378,126.9631
23,TACNA,2301,TACNA,230104,CIUDAD NUEVA,230104,Ciudad Nueva,37524,157.0,0.524735,419,77.188483,496.0,75.55179,188.0,9.056869,259.0,693.961363,618.0,0.869808,0.755518,0.511047,0.621374,0.267327,0.3928 - 0.5436,3.0,Tercer Quintil,"Programa de las Naciones Unidas para el Desarrollo (PNUD), 2019. Unidad del Informe sobre Desarrollo Humano. Perú",Polygon,-70.190302,-17.857811,178.4672,82.3707
04,AREQUIPA,0405,CAYLLOMA,040514,SAN ANTONIO DE CHUCA,040514,San Antonio De Chuca,1359,1479.0,0.449822,665,81.633363,78.0,58.848425,851.0,5.774686,1116.0,620.658468,724.0,0.943889,0.588484,0.279907,0.405859,0.23759,0.3928 - 0.5436,3.0,Tercer Quintil,"Programa de las Naciones Unidas para el Desarrollo (PNUD), 2019. Unidad del Informe sobre Desarrollo Humano. Perú",Polygon,-71.097409,-15.830859,1540.2591,217.1785
04,AREQUIPA,0407,ISLAY,040701,MOLLENDO,040701,Mollendo,21631,262.0,0.645631,116,75.673341,691.0,77.092619,145.0,10.479684,83.0,1179.265312,143.0,0.844556,0.770926,0.611245,0.686458,0.464205,0.5436 - 0.6944,2.0,Segundo Quintil,"Programa de las Naciones Unidas para el Desarrollo (PNUD), 2019. Unidad del Informe sobre Desarrollo Humano. Perú",Polygon,-71.87882,-16.857418,932.1732,179.7271
04,AREQUIPA,0407,ISLAY,040702,COCACHACRA,040702,Cocachacra,8055,588.0,0.644949,118,78.447196,355.0,79.230847,85.0,8.759365,319.0,1226.330683,116.0,0.890787,0.792308,0.490096,0.623143,0.483298,0.5436 - 0.6944,2.0,Segundo Quintil,"Programa de las Naciones Unidas para el Desarrollo (PNUD), 2019. Unidad del Informe sobre Desarrollo Humano. Perú",Polygon,-71.599372,-16.928771,1549.8411,241.3729
04,AREQUIPA,0405,CAYLLOMA,040502,ACHOMA,040502,Achoma,730,1695.0,0.371171,1018,78.034012,406.0,48.418379,1280.0,6.395228,903.0,395.265279,1184.0,0.8839,0.484184,0.323608,0.395835,0.146152,0.2420 - 0.3928,4.0,Cuarto Quintil,"Programa de las Naciones Unidas para el Desarrollo (PNUD), 2019. Unidad del Informe sobre Desarrollo Humano. Perú",Polygon,-71.695818,-15.822103,365.3491,111.2547
04,AREQUIPA,0401,AREQUIPA,040105,CHARACATO,040105,Characato,12645,411.0,0.616647,178,77.77225,426.0,77.918753,119.0,10.140372,120.0,1006.410372,254.0,0.879538,0.779188,0.58735,0.676503,0.394081,0.5436 - 0.6944,2.0,Segundo Quintil,"Programa de las Naciones Unidas para el Desarrollo (PNUD), 2019. Unidad del Informe sobre Desarrollo Humano. Perú",Polygon,-71.382849,-16.457739,86.1119,73.8697
04,AREQUIPA,0401,AREQUIPA,040106,CHIGUATA,040106,Chiguata,3114,1069.0,0.519086,429,79.39284,245.0,72.482552,293.0,7.936019,468.0,714.559468,585.0,0.906547,0.724826,0.432114,0.559649,0.275683,0.3928 - 0.5436,3.0,Tercer Quintil,"Programa de las Naciones Unidas para el Desarrollo (PNUD), 2019. Unidad del Informe sobre Desarrollo Humano. Perú",Polygon,-71.358608,-16.375619,230.2511,62.1995
04,AREQUIPA,0401,AREQUIPA,040108,LA JOYA,040108,La Joya,35026,165.0,0.610548,187,78.106531,397.0,68.354181,460.0,8.411557,382.0,1158.54309,153.0,0.885109,0.683542,0.465603,0.564144,0.455798,0.5436 - 0.6944,2.0,Segundo Quintil,"Programa de las Naciones Unidas para el Desarrollo (PNUD), 2019. Unidad del Informe sobre Desarrollo Humano. Perú",Polygon,-71.795761,-16.588392,695.551,146.6275
21,PUNO,2105,EL COLLAO,210502,CAPAZO,210502,Capazo,1815,1356.0,0.376561,983,79.23472,262.0,48.1975,1289.0,6.771284,787.0,389.481563,1195.0,0.903912,0.481975,0.35009,0.410773,0.143806,0.2420 - 0.3928,4.0,Cuarto Quintil,"Programa de las Naciones Unidas para el Desarrollo (PNUD), 2019. Unidad del Informe sobre Desarrollo Humano. Perú",Polygon,-69.701942,-17.10979,1041.286,164.9416
21,PUNO,2104,CHUCUITO,210405,PISACOMA,210405,Pisacoma,10986,458.0,0.269697,1591,74.918638,802.0,70.469968,377.0,7.028381,714.0,149.102367,1777.0,0.831977,0.7047,0.368196,0.50938,0.046289,0.2420 - 0.3928,4.0,Cuarto Quintil,"Programa de las Naciones Unidas para el Desarrollo (PNUD), 2019. Unidad del Informe sobre Desarrollo Humano. Perú",Polygon,-69.447616,-16.931186,956.2914,160.4943
21,PUNO,2104,CHUCUITO,210404,KELLUYO,210404,Kelluyo,20389,277.0,0.339543,1201,75.633127,696.0,79.142769,89.0,8.009432,454.0,229.369735,1614.0,0.843885,0.791428,0.437284,0.588284,0.078852,0.2420 - 0.3928,4.0,Cuarto Quintil,"Programa de las Naciones Unidas para el Desarrollo (PNUD), 2019. Unidad del Informe sobre Desarrollo Humano. Perú",Polygon,-69.247985,-16.721574,491.9955,141.0737
21,PUNO,2105,EL COLLAO,210504,SANTA ROSA,210504,Santa Rosa,5779,748.0,0.336724,1217,79.368965,249.0,60.06171,808.0,6.384918,910.0,270.840516,1501.0,0.906149,0.600617,0.322882,0.440373,0.095676,0.2420 - 0.3928,4.0,Cuarto Quintil,"Programa de las Naciones Unidas para el Desarrollo (PNUD), 2019. Unidad del Informe sobre Desarrollo Humano. Perú",Polygon,-69.855037,-16.835641,2694.1713,271.353
21,PUNO,2104,CHUCUITO,210403,HUACULLANI,210403,Huacullani,20223,278.0,0.267191,1601,73.482928,1024.0,74.069012,241.0,7.506971,582.0,141.651559,1793.0,0.808049,0.74069,0.401899,0.545603,0.043266,0.2420 - 0.3928,4.0,Cuarto Quintil,"Programa de las Naciones Unidas para el Desarrollo (PNUD), 2019. Unidad del Informe sobre Desarrollo Humano. Perú",Polygon,-69.398831,-16.604111,627.1778,132.2005
21,PUNO,2104,CHUCUITO,210402,DESAGUADERO,210402,Desaguadero,28096,197.0,0.424116,761,74.287324,892.0,75.633406,184.0,8.070404,446.0,431.119867,1091.0,0.821455,0.756334,0.441578,0.57791,0.160698,0.3928 - 0.5436,3.0,Tercer Quintil,"Programa de las Naciones Unidas para el Desarrollo (PNUD), 2019. Unidad del Informe sobre Desarrollo Humano. Perú",Polygon,-69.080275,-16.620143,174.5596,57.948
21,PUNO,2105,EL COLLAO,210505,CONDURIRI,210505,Conduriri,3051,1086.0,0.365992,1042,78.475516,352.0,71.312627,338.0,5.907286,1073.0,333.546743,1342.0,0.891259,0.713126,0.289245,0.454168,0.121114,0.2420 - 0.3928,4.0,Cuarto Quintil,"Programa de las Naciones Unidas para el Desarrollo (PNUD), 2019. Unidad del Informe sobre Desarrollo Humano. Perú",Polygon,-69.633449,-16.552621,844.414,162.3028
21,PUNO,2104,CHUCUITO,210407,ZEPITA,210407,Zepita,17422,309.0,0.239436,1703,73.42885,1034.0,62.512902,711.0,6.018617,1033.0,132.276466,1805.0,0.807148,0.625129,0.297086,0.430949,0.039463,0.0912 - 0.2420,5.0,Quinto Quintil,"Programa de las Naciones Unidas para el Desarrollo (PNUD), 2019. Unidad del Informe sobre Desarrollo Humano. Perú",Polygon,-69.177916,-16.494572,522.8585,136.4565
21,PUNO,2113,YUNGUYO,211303,COPANI,211303,Copani,4207,909.0,0.201181,1791,74.488976,859.0,60.645373,781.0,4.894289,1449.0,101.939668,1841.0,0.824816,0.606454,0.217908,0.363526,0.027156,0.0912 - 0.2420,5.0,Quinto Quintil,"Programa de las Naciones Unidas para el Desarrollo (PNUD), 2019. Unidad del Informe sobre Desarrollo Humano. Perú",Polygon,-69.07306,-16.371331,59.2616,46.8186
21,PUNO,2113,YUNGUYO,211304,CUTURAPI,211304,Cuturapi,708,1700.0,0.287734,1501,76.222896,615.0,73.150394,268.0,5.266239,1315.0,197.77369,1685.0,0.853715,0.731504,0.244101,0.422565,0.066034,0.2420 - 0.3928,4.0,Cuarto Quintil,"Programa de las Naciones Unidas para el Desarrollo (PNUD), 2019. Unidad del Informe sobre Desarrollo Humano. Perú",Polygon,-69.180567,-16.293084,23.7115,21.6731
21,PUNO,2104,CHUCUITO,210406,POMATA,210406,Pomata,13779,373.0,0.316509,1346,72.969641,1107.0,69.127839,435.0,6.016037,1035.0,250.787217,1550.0,0.799494,0.691278,0.296904,0.453038,0.08754,0.2420 - 0.3928,4.0,Cuarto Quintil,"Programa de las Naciones Unidas para el Desarrollo (PNUD), 2019. Unidad del Informe sobre Desarrollo Humano. Perú",Polygon,-69.288207,-16.356647,400.9411,102.8757
21,PUNO,2113,YUNGUYO,211301,YUNGUYO,211301,Yunguyo,23517,245.0,0.416545,795,74.771276,817.0,73.328334,262.0,6.399479,901.0,475.685053,993.0,0.829521,0.733283,0.323907,0.487356,0.178777,0.3928 - 0.5436,3.0,Tercer Quintil,"Programa de las Naciones Unidas para el Desarrollo (PNUD), 2019. Unidad del Informe sobre Desarrollo Humano. Perú",Polygon,-69.090183,-16.282797,174.7207,89.5452
21,PUNO,2113,YUNGUYO,211302,ANAPIA,211302,Anapia,3001,1097.0,0.310323,1377,74.456939,863.0,66.782299,530.0,6.759092,791.0,220.052721,1636.0,0.824282,0.667823,0.349232,0.482934,0.075072,0.2420 - 0.3928,4.0,Cuarto Quintil,"Programa de las Naciones Unidas para el Desarrollo (PNUD), 2019. Unidad del Informe sobre Desarrollo Humano. Perú",Polygon,-68.878814,-16.325381,120.2677,49.4115
21,PUNO,2113,YUNGUYO,211307,UNICACHI,211307,Unicachi,2373,1214.0,0.379943,961,78.662893,326.0,67.953918,483.0,5.794977,1109.0,380.724734,1219.0,0.894382,0.679539,0.281336,0.43724,0.140253,0.2420 - 0.3928,4.0,Cuarto Quintil,"Programa de las Naciones Unidas para el Desarrollo (PNUD), 2019. Unidad del Informe sobre Desarrollo Humano. Perú",MultiPolygon,-68.965427,-16.224615,8.0135,22.9245
21,PUNO,2104,CHUCUITO,210401,JULI,210401,Juli,19965,280.0,0.413855,812,72.423658,1176.0,75.187828,200.0,7.422479,603.0,440.156452,1063.0,0.790394,0.751878,0.395949,0.545624,0.164364,0.3928 - 0.5436,3.0,Tercer Quintil,"Programa de las Naciones Unidas para el Desarrollo (PNUD), 2019. Unidad del Informe sobre Desarrollo Humano. Perú",Polygon,-69.50289,-16.328681,772.2917,159.966
21,PUNO,2113,YUNGUYO,211305,OLLARAYA,211305,Ollaraya,4517,877.0,0.186455,1823,78.533909,345.0,66.357685,545.0,4.377819,1647.0,86.598133,1855.0,0.892232,0.663577,0.181537,0.347078,0.020932,0.0912 - 0.2420,5.0,Quinto Quintil,"Programa de las Naciones Unidas para el Desarrollo (PNUD), 2019. Unidad del Informe sobre Desarrollo Humano. Perú",Polygon,-68.996953,-16.235925,27.1281,38.1763
21,PUNO,2113,YUNGUYO,211306,TINICACHI,211306,Tinicachi,1147,1556.0,0.402339,863,77.74373,433.0,58.556036,864.0,5.744211,1132.0,487.848471,962.0,0.879062,0.58556,0.277761,0.403294,0.183711,0.3928 - 0.5436,3.0,Tercer Quintil,"Programa de las Naciones Unidas para el Desarrollo (PNUD), 2019. Unidad del Informe sobre Desarrollo Humano. Perú",Polygon,-68.971515,-16.197969,4.0463,8.6396
21,PUNO,2101,PUNO,210111,PICHACANI,210111,Pichacani,5184,806.0,0.327923,1273,68.170365,1625.0,72.54908,287.0,6.085206,1010.0,293.189887,1448.0,0.719506,0.725491,0.301775,0.467905,0.104742,0.2420 - 0.3928,4.0,Cuarto Quintil,"Programa de las Naciones Unidas para el Desarrollo (PNUD), 2019. Unidad del Informe sobre Desarrollo Humano. Perú",Polygon,-70.158317,-16.239785,1637.5272,210.116
21,PUNO,2105,EL COLLAO,210503,PILCUYO,210503,Pilcuyo,10084,487.0,0.261364,1629,79.609061,228.0,69.873459,396.0,5.552108,1205.0,147.536066,1784.0,0.910151,0.698735,0.264233,0.429684,0.045654,0.2420 - 0.3928,4.0,Cuarto Quintil,"Programa de las Naciones Unidas para el Desarrollo (PNUD), 2019. Unidad del Informe sobre Desarrollo Humano. Perú",Polygon,-69.508609,-16.09582,152.8914,104.2753
21,PUNO,2101,PUNO,210113,SAN ANTONIO,210113,San Antonio,3722,974.0,0.289371,1487,73.655745,999.0,61.748468,736.0,6.323074,929.0,201.079295,1678.0,0.810929,0.617485,0.318526,0.443492,0.067375,0.2420 - 0.3928,4.0,Cuarto Quintil,"Programa de las Naciones Unidas para el Desarrollo (PNUD), 2019. Unidad del Informe sobre Desarrollo Humano. Perú",Polygon,-70.30233,-16.080257,336.8672,97.1804
21,PUNO,2105,EL COLLAO,210501,ILAVE,210501,Ilave,50687,123.0,0.40202,864,77.800627,424.0,75.295761,197.0,7.279852,643.0,372.633903,1243.0,0.88001,0.752958,0.385905,0.539046,0.136971,0.3928 - 0.5436,3.0,Tercer Quintil,"Programa de las Naciones Unidas para el Desarrollo (PNUD), 2019. Unidad del Informe sobre Desarrollo Humano. Perú",Polygon,-69.6779,-16.24008,890.1666,271.9544
21,PUNO,2101,PUNO,210102,ACORA,210102,Acora,24872,226.0,0.324706,1296,73.246827,1064.0,76.810442,155.0,6.507337,870.0,242.977316,1578.0,0.804114,0.768104,0.331503,0.504607,0.084372,0.2420 - 0.3928,4.0,Cuarto Quintil,"Programa de las Naciones Unidas para el Desarrollo (PNUD), 2019. Unidad del Informe sobre Desarrollo Humano. Perú",MultiPolygon,-69.908113,-16.287101,1917.2378,333.1598
21,PUNO,2101,PUNO,210112,PLATERIA,210112,Plateria,7038,657.0,0.288453,1495,64.205976,1782.0,72.157648,311.0,7.04879,708.0,210.312242,1658.0,0.653433,0.721576,0.369633,0.516448,0.071121,0.2420 - 0.3928,4.0,Cuarto Quintil,"Programa de las Naciones Unidas para el Desarrollo (PNUD), 2019. Unidad del Informe sobre Desarrollo Humano. Perú",MultiPolygon,-69.860224,-15.980947,244.4718,150.1713
21,PUNO,2101,PUNO,210106,CHUCUITO,210106,Chucuito,6084,731.0,0.349278,1135,69.002458,1554.0,71.965667,317.0,6.507479,869.0,328.218158,1348.0,0.733374,0.719657,0.331513,0.488442,0.118953,0.2420 - 0.3928,4.0,Cuarto Quintil,"Programa de las Naciones Unidas para el Desarrollo (PNUD), 2019. Unidad del Informe sobre Desarrollo Humano. Perú",MultiPolygon,-69.878545,-15.890906,115.2612,75.9457
21,PUNO,2107,LAMPA,210703,CALAPUJA,210703,Calapuja,1448,1450.0,0.28955,1486,77.569384,454.0,61.261766,756.0,5.519428,1215.0,205.496581,1673.0,0.876156,0.612618,0.261932,0.400579,0.069167,0.2420 - 0.3928,4.0,Cuarto Quintil,"Programa de las Naciones Unidas para el Desarrollo (PNUD), 2019. Unidad del Informe sobre Desarrollo Humano. Perú",Polygon,-70.236468,-15.311054,137.9133,67.6734
21,PUNO,2107,LAMPA,210701,LAMPA,210701,Lampa,10294,478.0,0.445175,685,70.988691,1382.0,66.616084,535.0,7.6347,550.0,577.317346,790.0,0.766478,0.666161,0.410894,0.523184,0.220007,0.3928 - 0.5436,3.0,Tercer Quintil,"Programa de las Naciones Unidas para el Desarrollo (PNUD), 2019. Unidad del Informe sobre Desarrollo Humano. Perú",Polygon,-70.410864,-15.355939,660.6552,153.3669
21,PUNO,2102,AZANGARO,210202,ACHAYA,210202,Achaya,3933,951.0,0.125083,1869,66.066733,1724.0,74.486608,224.0,5.465558,1235.0,51.073334,1874.0,0.684446,0.744866,0.258138,0.438495,0.006521,0.0912 - 0.2420,5.0,Quinto Quintil,"Programa de las Naciones Unidas para el Desarrollo (PNUD), 2019. Unidad del Informe sobre Desarrollo Humano. Perú",Polygon,-70.177697,-15.24069,126.4094,59.4999
21,PUNO,2109,MOHO,210903,HUAYRAPATA,210903,Huayrapata,2985,1099.0,0.137899,1865,74.328348,884.0,55.055287,1021.0,5.045628,1393.0,57.164276,1872.0,0.822139,0.550553,0.228565,0.354736,0.008992,0.0912 - 0.2420,5.0,Quinto Quintil,"Programa de las Naciones Unidas para el Desarrollo (PNUD), 2019. Unidad del Informe sobre Desarrollo Humano. Perú",Polygon,-69.295621,-15.276077,403.0832,86.9952
21,PUNO,2106,HUANCANE,210607,TARACO,210607,Taraco,12391,420.0,0.312014,1371,74.566431,853.0,67.138282,519.0,6.27741,944.0,231.991286,1607.0,0.826107,0.671383,0.315311,0.460102,0.079915,0.2420 - 0.3928,4.0,Cuarto Quintil,"Programa de las Naciones Unidas para el Desarrollo (PNUD), 2019. Unidad del Informe sobre Desarrollo Humano. Perú",Polygon,-69.927527,-15.308087,196.93,175.9574
21,PUNO,2102,AZANGARO,210210,SAMAN,210210,Saman,11218,450.0,0.181017,1836,69.268896,1532.0,49.982601,1229.0,4.579825,1576.0,98.351532,1844.0,0.737815,0.499826,0.195762,0.312805,0.0257,0.0912 - 0.2420,5.0,Quinto Quintil,"Programa de las Naciones Unidas para el Desarrollo (PNUD), 2019. Unidad del Informe sobre Desarrollo Humano. Perú",Polygon,-70.016833,-15.269828,203.506,109.9299
21,PUNO,2102,AZANGARO,210205,CAMINACA,210205,Caminaca,2932,1108.0,0.23245,1724,70.002617,1464.0,63.763506,667.0,4.517671,1594.0,153.162448,1770.0,0.750044,0.637635,0.191385,0.349334,0.047936,0.0912 - 0.2420,5.0,Quinto Quintil,"Programa de las Naciones Unidas para el Desarrollo (PNUD), 2019. Unidad del Informe sobre Desarrollo Humano. Perú",Polygon,-70.094321,-15.302818,117.8078,60.3571
21,PUNO,2108,MELGAR,210808,SANTA ROSA,210808,Santa Rosa,6761,678.0,0.377229,982,72.647585,1154.0,69.44893,418.0,6.618738,838.0,378.232437,1224.0,0.794126,0.694489,0.339348,0.485462,0.139242,0.2420 - 0.3928,4.0,Cuarto Quintil,"Programa de las Naciones Unidas para el Desarrollo (PNUD), 2019. Unidad del Informe sobre Desarrollo Humano. Perú",Polygon,-70.812014,-14.574302,803.746,158.2441
21,PUNO,2101,PUNO,210101,PUNO,210101,Puno,144745,41.0,0.64889,108,69.673123,1493.0,82.124484,39.0,11.701624,28.0,1230.336353,114.0,0.744552,0.821245,0.697297,0.756738,0.484923,0.5436 - 0.6944,2.0,Segundo Quintil,"Programa de las Naciones Unidas para el Desarrollo (PNUD), 2019. Unidad del Informe sobre Desarrollo Humano. Perú",Polygon,-70.063655,-15.904983,460.0703,116.0008
21,PUNO,2101,PUNO,210114,TIQUILLACA,210114,Tiquillaca,1430,1454.0,0.324165,1300,67.830143,1641.0,65.164803,607.0,5.353116,1276.0,326.30614,1354.0,0.713836,0.651648,0.250219,0.403801,0.118177,0.2420 - 0.3928,4.0,Cuarto Quintil,"Programa de las Naciones Unidas para el Desarrollo (PNUD), 2019. Unidad del Informe sobre Desarrollo Humano. Perú",Polygon,-70.271371,-15.923648,488.8477,142.0947
21,PUNO,2101,PUNO,210109,MAÑAZO,210109,Mañazo,5132,810.0,0.436076,719,71.867165,1258.0,75.802876,181.0,6.733277,799.0,544.940792,854.0,0.781119,0.758029,0.347414,0.513176,0.206873,0.3928 - 0.5436,3.0,Tercer Quintil,"Programa de las Naciones Unidas para el Desarrollo (PNUD), 2019. Unidad del Informe sobre Desarrollo Humano. Perú",Polygon,-70.408547,-15.880747,410.0215,122.8445
21,PUNO,2101,PUNO,210110,PAUCARCOLLA,210110,Paucarcolla,4851,841.0,0.320403,1322,69.294263,1530.0,70.236482,381.0,6.37181,915.0,265.955106,1511.0,0.738238,0.702365,0.321958,0.475534,0.093694,0.2420 - 0.3928,4.0,Cuarto Quintil,"Programa de las Naciones Unidas para el Desarrollo (PNUD), 2019. Unidad del Informe sobre Desarrollo Humano. Perú",Polygon,-70.06713,-15.726278,173.6667,85.1668
21,PUNO,2101,PUNO,210115,VILQUE,210115,Vilque,2704,1147.0,0.341196,1188,67.837583,1640.0,81.888338,41.0,6.923463,744.0,287.293203,1464.0,0.71396,0.818883,0.360807,0.543561,0.10235,0.2420 - 0.3928,4.0,Cuarto Quintil,"Programa de las Naciones Unidas para el Desarrollo (PNUD), 2019. Unidad del Informe sobre Desarrollo Humano. Perú",Polygon,-70.263135,-15.780197,194.6056,76.133
21,PUNO,2101,PUNO,210104,ATUNCOLLA,210104,Atuncolla,5194,804.0,0.285467,1514,68.206528,1621.0,60.093686,807.0,6.478391,877.0,213.964175,1648.0,0.720109,0.600937,0.329464,0.444957,0.072602,0.2420 - 0.3928,4.0,Cuarto Quintil,"Programa de las Naciones Unidas para el Desarrollo (PNUD), 2019. Unidad del Informe sobre Desarrollo Humano. Perú",Polygon,-70.15705,-15.678453,130.5212,78.0821
21,PUNO,2107,LAMPA,210709,SANTA LUCIA,210709,Santa Lucia,6939,667.0,0.46986,586,78.422899,358.0,68.127865,474.0,6.991928,727.0,610.391633,742.0,0.890382,0.681279,0.365629,0.499094,0.233425,0.3928 - 0.5436,3.0,Tercer Quintil,"Programa de las Naciones Unidas para el Desarrollo (PNUD), 2019. Unidad del Informe sobre Desarrollo Humano. Perú",Polygon,-70.784525,-15.60137,1588.4944,282.3442
21,PUNO,2101,PUNO,210103,AMANTANI,210103,Amantani,4012,938.0,0.28485,1517,76.195598,618.0,57.424999,924.0,4.443333,1627.0,239.22151,1590.0,0.85326,0.57425,0.18615,0.326951,0.082848,0.2420 - 0.3928,4.0,Cuarto Quintil,"Programa de las Naciones Unidas para el Desarrollo (PNUD), 2019. Unidad del Informe sobre Desarrollo Humano. Perú",MultiPolygon,-69.700424,-15.704742,13.8427,25.4742
21,PUNO,2111,SAN ROMAN,211102,CABANA,211102,Cabana,4240,907.0,0.329506,1258,72.208745,1197.0,72.629769,285.0,6.62741,833.0,260.560886,1526.0,0.786812,0.726298,0.339958,0.496901,0.091505,0.2420 - 0.3928,4.0,Cuarto Quintil,"Programa de las Naciones Unidas para el Desarrollo (PNUD), 2019. Unidad del Informe sobre Desarrollo Humano. Perú",Polygon,-70.279808,-15.642869,192.8747,77.0966
21,PUNO,2111,SAN ROMAN,211103,CABANILLAS,211103,Cabanillas,4885,833.0,0.438777,705,74.080269,931.0,72.735718,279.0,7.48725,587.0,506.640767,918.0,0.818004,0.727357,0.400511,0.539735,0.191335,0.3928 - 0.5436,3.0,Tercer Quintil,"Programa de las Naciones Unidas para el Desarrollo (PNUD), 2019. Unidad del Informe sobre Desarrollo Humano. Perú",Polygon,-70.622375,-15.853322,1268.4309,212.8573
21,PUNO,2101,PUNO,210108,HUATA,210108,Huata,8492,560.0,0.288675,1493,70.36925,1430.0,63.687524,672.0,6.450054,880.0,206.720926,1669.0,0.756154,0.636875,0.327469,0.45668,0.069664,0.2420 - 0.3928,4.0,Cuarto Quintil,"Programa de las Naciones Unidas para el Desarrollo (PNUD), 2019. Unidad del Informe sobre Desarrollo Humano. Perú",Polygon,-69.997797,-15.621614,128.6169,65.4902
21,PUNO,2111,SAN ROMAN,211104,CARACOTO,211104,Caracoto,5552,767.0,0.364693,1051,74.390031,873.0,63.714566,670.0,5.594162,1197.0,387.028525,1206.0,0.823167,0.637146,0.267195,0.412604,0.142811,0.2420 - 0.3928,4.0,Cuarto Quintil,"Programa de las Naciones Unidas para el Desarrollo (PNUD), 2019. Unidad del Informe sobre Desarrollo Humano. Perú",Polygon,-70.087876,-15.557451,277.3827,110.7149
21,PUNO,2101,PUNO,210107,COATA,210107,Coata,7654,621.0,0.205478,1784,72.86727,1120.0,66.591621,536.0,5.707864,1148.0,97.616884,1847.0,0.797788,0.665916,0.275202,0.42809,0.025402,0.0912 - 0.2420,5.0,Quinto Quintil,"Programa de las Naciones Unidas para el Desarrollo (PNUD), 2019. Unidad del Informe sobre Desarrollo Humano. Perú",MultiPolygon,-69.923752,-15.561542,99.5669,94.3362
21,PUNO,2101,PUNO,210105,CAPACHICA,210105,Capachica,9525,508.0,0.234084,1719,70.528989,1421.0,62.874324,696.0,4.224552,1684.0,162.17133,1753.0,0.758816,0.628743,0.170743,0.327649,0.051591,0.0912 - 0.2420,5.0,Quinto Quintil,"Programa de las Naciones Unidas para el Desarrollo (PNUD), 2019. Unidad del Informe sobre Desarrollo Humano. Perú",Polygon,-69.824468,-15.640406,103.819,93.8897
21,PUNO,2109,MOHO,210904,TILALI,210904,Tilali,1543,1423.0,0.295327,1458,79.239688,260.0,74.511889,219.0,5.52538,1214.0,193.857692,1697.0,0.903995,0.745119,0.262351,0.442134,0.064445,0.2420 - 0.3928,4.0,Cuarto Quintil,"Programa de las Naciones Unidas para el Desarrollo (PNUD), 2019. Unidad del Informe sobre Desarrollo Humano. Perú",Polygon,-69.342075,-15.491675,51.9142,50.8132
21,PUNO,2107,LAMPA,210702,CABANILLA,210702,Cabanilla,5054,815.0,0.345523,1161,77.364912,476.0,66.051149,553.0,6.65527,825.0,280.164455,1482.0,0.872749,0.660511,0.34192,0.475229,0.099458,0.2420 - 0.3928,4.0,Cuarto Quintil,"Programa de las Naciones Unidas para el Desarrollo (PNUD), 2019. Unidad del Informe sobre Desarrollo Humano. Perú",Polygon,-70.390074,-15.569362,384.752,98.116
21,PUNO,2111,SAN ROMAN,211101,JULIACA,211101,Juliaca,232834,20.0,0.575973,267,73.559295,1013.0,78.893064,93.0,10.174966,114.0,888.171601,376.0,0.809322,0.788931,0.589786,0.682129,0.346114,0.5436 - 0.6944,2.0,Segundo Quintil,"Programa de las Naciones Unidas para el Desarrollo (PNUD), 2019. Unidad del Informe sobre Desarrollo Humano. Perú",Polygon,-70.215428,-15.459882,394.3304,122.5817
21,PUNO,2109,MOHO,210902,CONIMA,210902,Conima,2132,1272.0,0.238658,1705,74.826974,810.0,79.431121,80.0,5.820803,1096.0,120.078839,1823.0,0.83045,0.794311,0.283155,0.47425,0.034515,0.0912 - 0.2420,5.0,Quinto Quintil,"Programa de las Naciones Unidas para el Desarrollo (PNUD), 2019. Unidad del Informe sobre Desarrollo Humano. Perú",Polygon,-69.412042,-15.449302,67.3649,52.6829
21,PUNO,2107,LAMPA,210707,PARATIA,210707,Paratia,7278,641.0,0.463608,612,79.978947,202.0,68.045386,480.0,7.139758,678.0,564.917345,811.0,0.916316,0.680454,0.376039,0.505843,0.214977,0.3928 - 0.5436,3.0,Tercer Quintil,"Programa de las Naciones Unidas para el Desarrollo (PNUD), 2019. Unidad del Informe sobre Desarrollo Humano. Perú",Polygon,-70.704736,-15.467525,747.3165,139.0984
21,PUNO,2106,HUANCANE,210605,PUSI,210605,Pusi,4818,847.0,0.239905,1702,73.667482,996.0,65.594966,584.0,5.108033,1369.0,142.34233,1792.0,0.811125,0.65595,0.23296,0.390909,0.043547,0.0912 - 0.2420,5.0,Quinto Quintil,"Programa de las Naciones Unidas para el Desarrollo (PNUD), 2019. Unidad del Informe sobre Desarrollo Humano. Perú",Polygon,-69.989665,-15.440909,197.5748,88.326
21,PUNO,2109,MOHO,210901,MOHO,210901,Moho,11753,433.0,0.300179,1426,72.054786,1220.0,64.259075,647.0,5.35961,1270.0,246.827289,1563.0,0.784246,0.642591,0.250677,0.401351,0.085934,0.2420 - 0.3928,4.0,Cuarto Quintil,"Programa de las Naciones Unidas para el Desarrollo (PNUD), 2019. Unidad del Informe sobre Desarrollo Humano. Perú",Polygon,-69.447613,-15.350784,504.6043,190.7413
21,PUNO,2106,HUANCANE,210606,ROSASPATA,210606,Rosaspata,3822,965.0,0.247635,1678,70.168276,1447.0,71.739695,322.0,5.145,1355.0,155.959212,1769.0,0.752805,0.717397,0.235563,0.411087,0.049071,0.2420 - 0.3928,4.0,Cuarto Quintil,"Programa de las Naciones Unidas para el Desarrollo (PNUD), 2019. Unidad del Informe sobre Desarrollo Humano. Perú",Polygon,-69.48741,-15.209502,305.1955,96.9052
21,PUNO,2106,HUANCANE,210601,HUANCANE,210601,Huancane,14744,350.0,0.403221,861,69.573444,1502.0,70.664624,364.0,7.051546,705.0,460.521031,1019.0,0.742891,0.706646,0.369827,0.511211,0.172625,0.3928 - 0.5436,3.0,Tercer Quintil,"Programa de las Naciones Unidas para el Desarrollo (PNUD), 2019. Unidad del Informe sobre Desarrollo Humano. Perú",Polygon,-69.809005,-15.183185,387.1584,153.6405
21,PUNO,2107,LAMPA,210704,NICASIO,210704,Nicasio,2321,1226.0,0.308897,1385,74.365311,876.0,80.577428,59.0,7.020595,717.0,197.24204,1686.0,0.822755,0.805774,0.367648,0.54428,0.065818,0.2420 - 0.3928,4.0,Cuarto Quintil,"Programa de las Naciones Unidas para el Desarrollo (PNUD), 2019. Unidad del Informe sobre Desarrollo Humano. Perú",Polygon,-70.291215,-15.218351,133.1906,46.8707
21,PUNO,2107,LAMPA,210706,PALCA,210706,Palca,1923,1321.0,0.465326,608,79.128573,271.0,68.506619,453.0,7.353746,624.0,566.861795,808.0,0.902143,0.685066,0.391109,0.517625,0.215765,0.3928 - 0.5436,3.0,Tercer Quintil,"Programa de las Naciones Unidas para el Desarrollo (PNUD), 2019. Unidad del Informe sobre Desarrollo Humano. Perú",Polygon,-70.609376,-15.299306,494.8198,111.8066
21,PUNO,2106,HUANCANE,210608,VILQUE CHICO,210608,Vilque Chico,6570,689.0,0.236472,1709,70.801133,1399.0,69.384981,420.0,4.775585,1499.0,146.983481,1785.0,0.763352,0.69385,0.209548,0.381307,0.045429,0.0912 - 0.2420,5.0,Quinto Quintil,"Programa de las Naciones Unidas para el Desarrollo (PNUD), 2019. Unidad del Informe sobre Desarrollo Humano. Perú",Polygon,-69.609481,-15.137991,508.126,142.6795
21,PUNO,2107,LAMPA,210710,VILAVILA,210710,Vilavila,3388,1027.0,0.406348,844,81.092631,107.0,84.466708,17.0,7.894604,479.0,328.823782,1347.0,0.934877,0.844667,0.429197,0.602104,0.119198,0.3928 - 0.5436,3.0,Tercer Quintil,"Programa de las Naciones Unidas para el Desarrollo (PNUD), 2019. Unidad del Informe sobre Desarrollo Humano. Perú",Polygon,-70.650343,-15.174955,161.0585,65.109
21,PUNO,2102,AZANGARO,210203,ARAPA,210203,Arapa,6072,732.0,0.280226,1533,67.688571,1646.0,69.460783,417.0,5.724273,1141.0,209.011878,1663.0,0.711476,0.694608,0.276357,0.438132,0.070593,0.2420 - 0.3928,4.0,Cuarto Quintil,"Programa de las Naciones Unidas para el Desarrollo (PNUD), 2019. Unidad del Informe sobre Desarrollo Humano. Perú",Polygon,-70.084566,-15.090018,335.983,137.8823
21,PUNO,2102,AZANGARO,210206,CHUPA,210206,Chupa,7712,615.0,0.29756,1443,66.265048,1718.0,72.68033,284.0,6.376839,912.0,230.102964,1611.0,0.687751,0.726803,0.322313,0.484002,0.079149,0.2420 - 0.3928,4.0,Cuarto Quintil,"Programa de las Naciones Unidas para el Desarrollo (PNUD), 2019. Unidad del Informe sobre Desarrollo Humano. Perú",Polygon,-69.951964,-15.106268,151.9306,85.8831
21,PUNO,2102,AZANGARO,210214,SANTIAGO DE PUPUJA,210214,Santiago De Pupuja,4011,939.0,0.192209,1812,68.767663,1572.0,65.949209,562.0,5.56854,1201.0,92.357278,1850.0,0.729461,0.659492,0.26539,0.418357,0.023269,0.0912 - 0.2420,5.0,Quinto Quintil,"Programa de las Naciones Unidas para el Desarrollo (PNUD), 2019. Unidad del Informe sobre Desarrollo Humano. Perú",Polygon,-70.250332,-15.08339,318.6649,98.3106
21,PUNO,2107,LAMPA,210708,PUCARA,210708,Pucara,4883,835.0,0.332186,1240,76.362073,594.0,75.821737,180.0,6.3439,924.0,249.290685,1556.0,0.856035,0.758217,0.319993,0.492569,0.086933,0.2420 - 0.3928,4.0,Cuarto Quintil,"Programa de las Naciones Unidas para el Desarrollo (PNUD), 2019. Unidad del Informe sobre Desarrollo Humano. Perú",Polygon,-70.450502,-15.079438,525.2798,134.3405
21,PUNO,2107,LAMPA,210705,OCUVIRI,210705,Ocuviri,2887,1113.0,0.574421,276,78.174093,387.0,76.791031,156.0,7.578621,565.0,978.053286,280.0,0.886235,0.76791,0.406945,0.559015,0.382577,0.5436 - 0.6944,2.0,Segundo Quintil,"Programa de las Naciones Unidas para el Desarrollo (PNUD), 2019. Unidad del Informe sobre Desarrollo Humano. Perú",Polygon,-70.85006,-15.182872,879.7806,134.0274
21,PUNO,2110,SAN ANTONIO DE PUTINA,211003,PEDRO VILCA APAZA,211003,Pedro Vilca Apaza,2601,1165.0,0.288813,1492,66.794754,1696.0,68.148747,472.0,5.496052,1221.0,237.414345,1593.0,0.696579,0.681487,0.260285,0.421166,0.082115,0.2420 - 0.3928,4.0,Cuarto Quintil,"Programa de las Naciones Unidas para el Desarrollo (PNUD), 2019. Unidad del Informe sobre Desarrollo Humano. Perú",Polygon,-69.91425,-15.018378,142.6942,63.7169
21,PUNO,2106,HUANCANE,210603,HUATASANI,210603,Huatasani,4756,855.0,0.267916,1599,70.428496,1426.0,74.108422,240.0,6.881046,759.0,156.581571,1766.0,0.757142,0.741084,0.35782,0.514951,0.049323,0.2420 - 0.3928,4.0,Cuarto Quintil,"Programa de las Naciones Unidas para el Desarrollo (PNUD), 2019. Unidad del Informe sobre Desarrollo Humano. Perú",Polygon,-69.799609,-15.018925,106.1494,64.5179
21,PUNO,2102,AZANGARO,210207,JOSE DOMINGO CHOQUEHUANCA,210207,Jose Domingo Choquehuanca,4992,821.0,0.379808,963,68.480784,1601.0,83.210755,22.0,7.042927,709.0,371.225851,1249.0,0.72468,0.832108,0.36922,0.554284,0.1364,0.2420 - 0.3928,4.0,Cuarto Quintil,"Programa de las Naciones Unidas para el Desarrollo (PNUD), 2019. Unidad del Informe sobre Desarrollo Humano. Perú",Polygon,-70.322722,-15.02999,66.8839,47.1982
21,PUNO,2106,HUANCANE,210604,INCHUPALLA,210604,Inchupalla,2425,1203.0,0.215945,1767,71.236893,1346.0,64.695953,627.0,5.510065,1218.0,113.346969,1826.0,0.770615,0.64696,0.261272,0.411136,0.031784,0.0912 - 0.2420,5.0,Quinto Quintil,"Programa de las Naciones Unidas para el Desarrollo (PNUD), 2019. Unidad del Informe sobre Desarrollo Humano. Perú",Polygon,-69.64459,-15.000851,296.5434,93.0923
21,PUNO,2102,AZANGARO,210213,SAN JUAN DE SALINAS,210213,San Juan De Salinas,3724,973.0,0.275434,1558,66.990886,1684.0,56.06082,978.0,5.718403,1143.0,222.123193,1634.0,0.699848,0.560608,0.275944,0.393315,0.075912,0.2420 - 0.3928,4.0,Cuarto Quintil,"Programa de las Naciones Unidas para el Desarrollo (PNUD), 2019. Unidad del Informe sobre Desarrollo Humano. Perú",Polygon,-70.126187,-15.000792,104.5545,56.4531
21,PUNO,2106,HUANCANE,210602,COJATA,210602,Cojata,3484,1013.0,0.299265,1431,71.290872,1340.0,55.106066,1018.0,6.150441,985.0,243.409337,1573.0,0.771515,0.551061,0.306369,0.410887,0.084547,0.2420 - 0.3928,4.0,Cuarto Quintil,"Programa de las Naciones Unidas para el Desarrollo (PNUD), 2019. Unidad del Informe sobre Desarrollo Humano. Perú",Polygon,-69.393159,-15.008097,879.1809,223.3589
21,PUNO,2108,MELGAR,210804,LLALLI,210804,Llalli,3923,954.0,0.328979,1264,74.100626,927.0,70.427646,378.0,6.442175,885.0,258.510079,1534.0,0.818344,0.704276,0.326914,0.479831,0.090673,0.2420 - 0.3928,4.0,Cuarto Quintil,"Programa de las Naciones Unidas para el Desarrollo (PNUD), 2019. Unidad del Informe sobre Desarrollo Humano. Perú",Polygon,-70.927071,-14.987457,228.8308,71.4499
21,PUNO,2102,AZANGARO,210215,TIRAPATA,210215,Tirapata,2748,1141.0,0.194256,1806,66.276104,1717.0,59.167402,834.0,5.763273,1124.0,99.635255,1843.0,0.687935,0.591674,0.279104,0.406372,0.026221,0.0912 - 0.2420,5.0,Quinto Quintil,"Programa de las Naciones Unidas para el Desarrollo (PNUD), 2019. Unidad del Informe sobre Desarrollo Humano. Perú",Polygon,-70.383776,-14.922365,200.5824,81.32
21,PUNO,2110,SAN ANTONIO DE PUTINA,211004,QUILCAPUNCU,211004,Quilcapuncu,5625,762.0,0.256072,1652,66.95706,1687.0,62.939028,693.0,5.652067,1168.0,178.24702,1719.0,0.699284,0.62939,0.271272,0.413202,0.058112,0.2420 - 0.3928,4.0,Cuarto Quintil,"Programa de las Naciones Unidas para el Desarrollo (PNUD), 2019. Unidad del Informe sobre Desarrollo Humano. Perú",Polygon,-69.63928,-14.846945,523.7921,136.0412
21,PUNO,2108,MELGAR,210809,UMACHIRI,210809,Umachiri,3949,949.0,0.395861,892,74.318403,889.0,68.847539,440.0,7.285995,639.0,395.712203,1182.0,0.821973,0.688475,0.386338,0.515736,0.146334,0.3928 - 0.5436,3.0,Tercer Quintil,"Programa de las Naciones Unidas para el Desarrollo (PNUD), 2019. Unidad del Informe sobre Desarrollo Humano. Perú",Polygon,-70.748948,-14.878546,331.6369,126.3297
21,PUNO,2108,MELGAR,210803,CUPI,210803,Cupi,2967,1103.0,0.344802,1164,69.413672,1520.0,78.029592,116.0,7.561605,569.0,277.607901,1485.0,0.740228,0.780296,0.405747,0.562675,0.098421,0.2420 - 0.3928,4.0,Cuarto Quintil,"Programa de las Naciones Unidas para el Desarrollo (PNUD), 2019. Unidad del Informe sobre Desarrollo Humano. Perú",Polygon,-70.894257,-14.890088,216.6442,93.0696
21,PUNO,2110,SAN ANTONIO DE PUTINA,211001,PUTINA,211001,Putina,23482,246.0,0.378191,974,64.385994,1772.0,71.474286,333.0,6.655876,824.0,445.860918,1051.0,0.656433,0.714743,0.341963,0.494384,0.166678,0.2420 - 0.3928,4.0,Cuarto Quintil,"Programa de las Naciones Unidas para el Desarrollo (PNUD), 2019. Unidad del Informe sobre Desarrollo Humano. Perú",Polygon,-69.834339,-14.709015,1035.943,231.0346
21,PUNO,2108,MELGAR,210801,AYAVIRI,210801,Ayaviri,21194,266.0,0.532461,389,72.399878,1179.0,76.281729,171.0,8.98148,274.0,793.371679,483.0,0.789998,0.762817,0.505738,0.621116,0.307656,0.3928 - 0.5436,3.0,Tercer Quintil,"Programa de las Naciones Unidas para el Desarrollo (PNUD), 2019. Unidad del Informe sobre Desarrollo Humano. Perú",Polygon,-70.605675,-14.931475,1016.9072,203.1893
21,PUNO,2102,AZANGARO,210201,AZANGARO,210201,Azangaro,28240,196.0,0.438409,708,66.284084,1716.0,71.452672,334.0,8.282734,408.0,563.541897,814.0,0.688068,0.714527,0.456531,0.571142,0.214419,0.3928 - 0.5436,3.0,Tercer Quintil,"Programa de las Naciones Unidas para el Desarrollo (PNUD), 2019. Unidad del Informe sobre Desarrollo Humano. Perú",Polygon,-70.149201,-14.880936,719.9231,146.1277
21,PUNO,2102,AZANGARO,210204,ASILLO,210204,Asillo,15453,337.0,0.262375,1625,66.47865,1711.0,67.580906,504.0,6.080442,1012.0,177.692507,1720.0,0.691311,0.675809,0.30144,0.451349,0.057887,0.2420 - 0.3928,4.0,Cuarto Quintil,"Programa de las Naciones Unidas para el Desarrollo (PNUD), 2019. Unidad del Informe sobre Desarrollo Humano. Perú",Polygon,-70.353789,-14.740771,403.3139,137.5174
21,PUNO,2108,MELGAR,210805,MACARI,210805,Macari,7815,602.0,0.321933,1314,71.741743,1276.0,59.652685,820.0,6.614301,841.0,269.759684,1505.0,0.779029,0.596527,0.339035,0.449715,0.095237,0.2420 - 0.3928,4.0,Cuarto Quintil,"Programa de las Naciones Unidas para el Desarrollo (PNUD), 2019. Unidad del Informe sobre Desarrollo Humano. Perú",Polygon,-70.932174,-14.711397,691.3988,148.1413
21,PUNO,2102,AZANGARO,210208,MUÑANI,210208,Muñani,7594,622.0,0.270366,1584,66.683388,1699.0,75.952804,177.0,5.485681,1230.0,192.934444,1698.0,0.694723,0.759528,0.259555,0.444004,0.064071,0.2420 - 0.3928,4.0,Cuarto Quintil,"Programa de las Naciones Unidas para el Desarrollo (PNUD), 2019. Unidad del Informe sobre Desarrollo Humano. Perú",Polygon,-69.980246,-14.685722,783.6584,146.9144
21,PUNO,2108,MELGAR,210807,ORURILLO,210807,Orurillo,9133,530.0,0.275876,1555,73.204675,1073.0,70.627797,367.0,5.699834,1152.0,181.268942,1717.0,0.803411,0.706278,0.274636,0.44042,0.059338,0.2420 - 0.3928,4.0,Cuarto Quintil,"Programa de las Naciones Unidas para el Desarrollo (PNUD), 2019. Unidad del Informe sobre Desarrollo Humano. Perú",Polygon,-70.48762,-14.686261,397.2524,99.3437
21,PUNO,2110,SAN ANTONIO DE PUTINA,211002,ANANEA,211002,Ananea,26326,214.0,0.618412,171,61.622119,1827.0,75.07838,206.0,8.232901,416.0,1672.724317,20.0,0.610369,0.750784,0.453021,0.583199,0.664391,0.5436 - 0.6944,2.0,Segundo Quintil,"Programa de las Naciones Unidas para el Desarrollo (PNUD), 2019. Unidad del Informe sobre Desarrollo Humano. Perú",Polygon,-69.504986,-14.692466,964.6864,230.4943
21,PUNO,2102,AZANGARO,210211,SAN ANTON,210211,San Anton,8567,556.0,0.312381,1368,68.510072,1597.0,63.23261,682.0,5.921452,1068.0,276.868696,1490.0,0.725168,0.632326,0.290243,0.428402,0.098121,0.2420 - 0.3928,4.0,Cuarto Quintil,"Programa de las Naciones Unidas para el Desarrollo (PNUD), 2019. Unidad del Informe sobre Desarrollo Humano. Perú",Polygon,-70.256669,-14.522594,515.2955,114.7924
21,PUNO,2102,AZANGARO,210212,SAN JOSE,210212,San Jose,4928,827.0,0.220904,1758,65.845765,1728.0,58.623862,861.0,5.494577,1223.0,134.943574,1802.0,0.680763,0.586239,0.260181,0.390549,0.040545,0.0912 - 0.2420,5.0,Quinto Quintil,"Programa de las Naciones Unidas para el Desarrollo (PNUD), 2019. Unidad del Informe sobre Desarrollo Humano. Perú",Polygon,-70.178634,-14.691135,397.0244,100.2395
21,PUNO,2112,SANDIA,211202,CUYOCUYO,211202,Cuyocuyo,4032,935.0,0.349524,1131,75.220402,761.0,64.094424,654.0,5.895793,1077.0,327.47277,1350.0,0.837007,0.640944,0.288436,0.429967,0.11865,0.2420 - 0.3928,4.0,Cuarto Quintil,"Programa de las Naciones Unidas para el Desarrollo (PNUD), 2019. Unidad del Informe sobre Desarrollo Humano. Perú",Polygon,-69.557649,-14.523797,511.6592,103.5501
21,PUNO,2102,AZANGARO,210209,POTONI,210209,Potoni,3830,964.0,0.305741,1403,69.222647,1535.0,58.333808,889.0,5.772116,1118.0,271.624245,1498.0,0.737044,0.583338,0.279726,0.403949,0.095994,0.2420 - 0.3928,4.0,Cuarto Quintil,"Programa de las Naciones Unidas para el Desarrollo (PNUD), 2019. Unidad del Informe sobre Desarrollo Humano. Perú",Polygon,-70.092197,-14.416418,621.5685,155.5518
21,PUNO,2112,SANDIA,211204,PATAMBUCO,211204,Patambuco,3495,1006.0,0.214608,1770,73.9111,956.0,52.059226,1151.0,4.718431,1523.0,126.3734,1811.0,0.815185,0.520592,0.205523,0.327099,0.037068,0.0912 - 0.2420,5.0,Quinto Quintil,"Programa de las Naciones Unidas para el Desarrollo (PNUD), 2019. Unidad del Informe sobre Desarrollo Humano. Perú",Polygon,-69.6312,-14.310081,471.6339,104.6339
21,PUNO,2108,MELGAR,210806,NUÑOA,210806,Nuñoa,8944,540.0,0.378516,973,72.657452,1151.0,60.741741,777.0,5.492259,1225.0,458.491255,1022.0,0.794291,0.607417,0.260018,0.397416,0.171802,0.2420 - 0.3928,4.0,Cuarto Quintil,"Programa de las Naciones Unidas para el Desarrollo (PNUD), 2019. Unidad del Informe sobre Desarrollo Humano. Perú",Polygon,-70.670527,-14.356698,2200.7993,258.7853
21,PUNO,2110,SAN ANTONIO DE PUTINA,211005,SINA,211005,Sina,1736,1380.0,0.381313,954,66.64828,1701.0,74.701511,218.0,5.96482,1053.0,455.627484,1029.0,0.694138,0.747015,0.293297,0.468078,0.17064,0.2420 - 0.3928,4.0,Cuarto Quintil,"Programa de las Naciones Unidas para el Desarrollo (PNUD), 2019. Unidad del Informe sobre Desarrollo Humano. Perú",Polygon,-69.239993,-14.511413,466.8946,126.8466
21,PUNO,2112,SANDIA,211201,SANDIA,211201,Sandia,11267,448.0,0.367733,1035,70.716217,1407.0,67.356537,514.0,5.879195,1082.0,400.733196,1164.0,0.761937,0.673565,0.287267,0.439879,0.14837,0.2420 - 0.3928,4.0,Cuarto Quintil,"Programa de las Naciones Unidas para el Desarrollo (PNUD), 2019. Unidad del Informe sobre Desarrollo Humano. Perú",Polygon,-69.436917,-14.291898,700.8198,129.8091
21,PUNO,2108,MELGAR,210802,ANTAUTA,210802,Antauta,4398,890.0,0.55494,324,71.435289,1323.0,73.079144,272.0,8.172672,429.0,985.483634,273.0,0.773921,0.730791,0.44878,0.572682,0.385592,0.5436 - 0.6944,2.0,Segundo Quintil,"Programa de las Naciones Unidas para el Desarrollo (PNUD), 2019. Unidad del Informe sobre Desarrollo Humano. Perú",Polygon,-70.384079,-14.354586,654.8835,139.561
21,PUNO,2112,SANDIA,211206,QUIACA,211206,Quiaca,2282,1233.0,0.417656,792,70.209613,1442.0,81.737851,44.0,6.558749,853.0,490.386557,957.0,0.753494,0.817379,0.335123,0.523376,0.184741,0.3928 - 0.5436,3.0,Tercer Quintil,"Programa de las Naciones Unidas para el Desarrollo (PNUD), 2019. Unidad del Informe sobre Desarrollo Humano. Perú",Polygon,-69.356137,-14.467231,413.0528,109.7638
21,PUNO,2103,CARABAYA,210306,CRUCERO,210306,Crucero,8969,539.0,0.379828,962,68.845807,1569.0,77.075891,147.0,6.406956,898.0,404.638799,1156.0,0.730763,0.770759,0.324434,0.50006,0.149955,0.2420 - 0.3928,4.0,Cuarto Quintil,"Programa de las Naciones Unidas para el Desarrollo (PNUD), 2019. Unidad del Informe sobre Desarrollo Humano. Perú",Polygon,-69.928934,-14.336357,854.7161,183.4052
21,PUNO,2112,SANDIA,211208,YANAHUAYA,211208,Yanahuaya,1924,1320.0,0.377472,979,74.089119,930.0,45.910499,1358.0,7.279129,644.0,420.009194,1117.0,0.818152,0.459105,0.385854,0.420889,0.15619,0.2420 - 0.3928,4.0,Cuarto Quintil,"Programa de las Naciones Unidas para el Desarrollo (PNUD), 2019. Unidad del Informe sobre Desarrollo Humano. Perú",Polygon,-69.127036,-14.331118,646.2277,137.8726
21,PUNO,2112,SANDIA,211207,SAN JUAN DEL ORO,211207,San Juan Del Oro,7846,600.0,0.462952,616,73.614406,1005.0,75.622876,185.0,7.774248,515.0,570.165525,800.0,0.81024,0.756229,0.420722,0.564058,0.217106,0.3928 - 0.5436,3.0,Tercer Quintil,"Programa de las Naciones Unidas para el Desarrollo (PNUD), 2019. Unidad del Informe sobre Desarrollo Humano. Perú",Polygon,-69.100453,-14.193961,201.704,81.1243
21,PUNO,2112,SANDIA,211205,PHARA,211205,Phara,4613,868.0,0.388295,927,70.677731,1409.0,71.696757,324.0,6.392763,904.0,428.647319,1098.0,0.761296,0.716968,0.323434,0.481551,0.159695,0.2420 - 0.3928,4.0,Cuarto Quintil,"Programa de las Naciones Unidas para el Desarrollo (PNUD), 2019. Unidad del Informe sobre Desarrollo Humano. Perú",Polygon,-69.584995,-14.067835,432.3801,117.6789
21,PUNO,2103,CARABAYA,210302,AJOYANI,210302,Ajoyani,2240,1246.0,0.399412,879,70.175534,1445.0,66.029839,555.0,6.170515,976.0,497.737117,941.0,0.752926,0.660298,0.307783,0.450809,0.187723,0.3928 - 0.5436,3.0,Tercer Quintil,"Programa de las Naciones Unidas para el Desarrollo (PNUD), 2019. Unidad del Informe sobre Desarrollo Humano. Perú",Polygon,-70.226876,-14.174018,425.9936,102.239
21,PUNO,2103,CARABAYA,210301,MACUSANI,210301,Macusani,13135,399.0,0.405193,851,65.497496,1737.0,57.199309,936.0,6.434003,889.0,597.337921,767.0,0.674958,0.571993,0.326338,0.432045,0.228129,0.3928 - 0.5436,3.0,Tercer Quintil,"Programa de las Naciones Unidas para el Desarrollo (PNUD), 2019. Unidad del Informe sobre Desarrollo Humano. Perú",Polygon,-70.470119,-14.056146,1016.3975,167.6994
21,PUNO,2112,SANDIA,211209,ALTO INAMBARI,211209,Alto Inambari,9064,535.0,0.432376,728,75.249838,757.0,69.545531,406.0,6.020914,1032.0,558.266899,826.0,0.837497,0.695455,0.297247,0.454667,0.212279,0.3928 - 0.5436,3.0,Tercer Quintil,"Programa de las Naciones Unidas para el Desarrollo (PNUD), 2019. Unidad del Informe sobre Desarrollo Humano. Perú",Polygon,-69.334396,-14.031934,1360.4899,205.2825
21,PUNO,2103,CARABAYA,210310,USICAYOS,210310,Usicayos,20595,274.0,0.198206,1796,66.903354,1691.0,69.24432,431.0,5.488607,1228.0,99.802588,1842.0,0.698389,0.692443,0.259761,0.424111,0.026289,0.0912 - 0.2420,5.0,Quinto Quintil,"Programa de las Naciones Unidas para el Desarrollo (PNUD), 2019. Unidad del Informe sobre Desarrollo Humano. Perú",Polygon,-69.93828,-14.140753,656.1898,138.4777
21,PUNO,2103,CARABAYA,210305,CORANI,210305,Corani,4354,893.0,0.230595,1732,66.505443,1708.0,62.559837,708.0,4.581776,1575.0,159.809788,1759.0,0.691757,0.625598,0.1959,0.350078,0.050633,0.0912 - 0.2420,5.0,Quinto Quintil,"Programa de las Naciones Unidas para el Desarrollo (PNUD), 2019. Unidad del Informe sobre Desarrollo Humano. Perú",Polygon,-70.705109,-13.923598,886.4324,175.9112
21,PUNO,2103,CARABAYA,210307,ITUATA,210307,Ituata,6764,675.0,0.354483,1104,65.356539,1746.0,68.369923,458.0,5.825633,1095.0,405.796042,1152.0,0.672609,0.683699,0.283495,0.440256,0.150424,0.2420 - 0.3928,4.0,Cuarto Quintil,"Programa de las Naciones Unidas para el Desarrollo (PNUD), 2019. Unidad del Informe sobre Desarrollo Humano. Perú",Polygon,-70.115993,-13.829584,1257.7768,204.0351
21,PUNO,2103,CARABAYA,210308,OLLACHEA,210308,Ollachea,6350,709.0,0.32491,1292,68.303124,1614.0,47.944485,1294.0,5.07456,1386.0,387.318285,1205.0,0.721719,0.479445,0.230603,0.332508,0.142928,0.2420 - 0.3928,4.0,Cuarto Quintil,"Programa de las Naciones Unidas para el Desarrollo (PNUD), 2019. Unidad del Informe sobre Desarrollo Humano. Perú",Polygon,-70.541249,-13.741587,709.861,146.7641
04,AREQUIPA,0405,CAYLLOMA,040515,SIBAYO,040515,Sibayo,584,1751.0,0.504201,485,81.003764,114.0,48.618455,1275.0,6.545462,858.0,874.783643,390.0,0.933396,0.486185,0.334187,0.403084,0.340683,0.3928 - 0.5436,3.0,Tercer Quintil,"Programa de las Naciones Unidas para el Desarrollo (PNUD), 2019. Unidad del Informe sobre Desarrollo Humano. Perú",Polygon,-71.545936,-15.361719,283.6495,117.303
04,AREQUIPA,0405,CAYLLOMA,040516,TAPAY,040516,Tapay,588,1748.0,0.525085,416,78.952688,287.0,49.518797,1245.0,7.15939,669.0,953.004196,310.0,0.899211,0.495188,0.377422,0.432313,0.372415,0.3928 - 0.5436,3.0,Tercer Quintil,"Programa de las Naciones Unidas para el Desarrollo (PNUD), 2019. Unidad del Informe sobre Desarrollo Humano. Perú",Polygon,-71.935961,-15.42678,413.7048,112.5409
04,AREQUIPA,0405,CAYLLOMA,040517,TISCO,040517,Tisco,1158,1553.0,0.460394,632,85.0,6.0,51.18797,1185.0,5.753502,1129.0,672.199185,651.0,1.0,0.51188,0.278416,0.377512,0.258499,0.3928 - 0.5436,3.0,Tercer Quintil,"Programa de las Naciones Unidas para el Desarrollo (PNUD), 2019. Unidad del Informe sobre Desarrollo Humano. Perú",Polygon,-71.392205,-15.212638,1440.7906,205.3823
04,AREQUIPA,0405,CAYLLOMA,040518,TUTI,040518,Tuti,596,1743.0,0.491938,513,82.50771,42.0,60.773069,776.0,6.008008,1037.0,756.480104,528.0,0.958462,0.607731,0.296339,0.424375,0.29269,0.3928 - 0.5436,3.0,Tercer Quintil,"Programa de las Naciones Unidas para el Desarrollo (PNUD), 2019. Unidad del Informe sobre Desarrollo Humano. Perú",Polygon,-71.597606,-15.483057,239.3911,68.591
04,AREQUIPA,0405,CAYLLOMA,040519,YANQUE,040519,Yanque,2104,1280.0,0.532576,388,81.349517,88.0,50.975232,1193.0,6.867251,762.0,964.611684,294.0,0.939159,0.509752,0.356849,0.426503,0.377124,0.3928 - 0.5436,3.0,Tercer Quintil,"Programa de las Naciones Unidas para el Desarrollo (PNUD), 2019. Unidad del Informe sobre Desarrollo Humano. Perú",Polygon,-71.455259,-15.790056,1111.8581,210.3742
04,AREQUIPA,0405,CAYLLOMA,040520,MAJES,040520,Majes,74659,86.0,0.607784,191,76.530721,575.0,69.81277,400.0,8.773678,316.0,1135.515901,163.0,0.858845,0.698128,0.491104,0.585537,0.446457,0.5436 - 0.6944,2.0,Segundo Quintil,"Programa de las Naciones Unidas para el Desarrollo (PNUD), 2019. Unidad del Informe sobre Desarrollo Humano. Perú",Polygon,-72.296182,-16.352725,1646.3465,225.3711
04,AREQUIPA,0406,CONDESUYOS,040601,CHUQUIBAMBA,040601,Chuquibamba,3186,1056.0,0.575068,274,76.586469,568.0,60.569673,790.0,8.942833,283.0,1022.803703,242.0,0.859774,0.605697,0.503016,0.551974,0.400732,0.5436 - 0.6944,2.0,Segundo Quintil,"Programa de las Naciones Unidas para el Desarrollo (PNUD), 2019. Unidad del Informe sobre Desarrollo Humano. Perú",Polygon,-72.720581,-16.043083,1185.7382,257.1331
04,AREQUIPA,0406,CONDESUYOS,040602,ANDARAY,040602,Andaray,637,1726.0,0.625009,160,76.282101,608.0,60.438228,794.0,8.088573,439.0,1396.046365,65.0,0.854702,0.604382,0.442857,0.517354,0.552149,0.5436 - 0.6944,2.0,Segundo Quintil,"Programa de las Naciones Unidas para el Desarrollo (PNUD), 2019. Unidad del Informe sobre Desarrollo Humano. Perú",Polygon,-72.843837,-15.852446,810.7403,181.6005
04,AREQUIPA,0406,CONDESUYOS,040603,CAYARANI,040603,Cayarani,2733,1144.0,0.571762,284,85.0,5.0,39.124847,1548.0,7.610712,556.0,1186.504225,137.0,1.0,0.391248,0.409205,0.400126,0.467142,0.5436 - 0.6944,2.0,Segundo Quintil,"Programa de las Naciones Unidas para el Desarrollo (PNUD), 2019. Unidad del Informe sobre Desarrollo Humano. Perú",Polygon,-72.288716,-15.014492,1392.9398,359.2442
04,AREQUIPA,0406,CONDESUYOS,040604,CHICHAS,040604,Chichas,526,1781.0,0.542478,359,81.853568,66.0,52.540051,1123.0,7.368456,617.0,949.931417,317.0,0.947559,0.525401,0.392145,0.453909,0.371169,0.3928 - 0.5436,3.0,Tercer Quintil,"Programa de las Naciones Unidas para el Desarrollo (PNUD), 2019. Unidad del Informe sobre Desarrollo Humano. Perú",Polygon,-72.945719,-15.53449,390.7725,111.859
04,AREQUIPA,0406,CONDESUYOS,040605,IRAY,040605,Iray,580,1753.0,0.455971,642,75.499091,718.0,48.036618,1291.0,7.741737,525.0,654.293943,675.0,0.841652,0.480366,0.418432,0.448331,0.251235,0.3928 - 0.5436,3.0,Tercer Quintil,"Programa de las Naciones Unidas para el Desarrollo (PNUD), 2019. Unidad del Informe sobre Desarrollo Humano. Perú",Polygon,-72.600575,-15.912625,237.6097,81.0863
04,AREQUIPA,0406,CONDESUYOS,040606,RIO GRANDE,040606,Rio Grande,2068,1288.0,0.653717,101,75.546894,710.0,68.227735,468.0,8.977223,275.0,1426.963238,57.0,0.842448,0.682277,0.505438,0.587239,0.564691,0.5436 - 0.6944,2.0,Segundo Quintil,"Programa de las Naciones Unidas para el Desarrollo (PNUD), 2019. Unidad del Informe sobre Desarrollo Humano. Perú",Polygon,-73.126626,-15.880841,532.9316,146.9331
04,AREQUIPA,0406,CONDESUYOS,040607,SALAMANCA,040607,Salamanca,506,1788.0,0.324432,1298,80.872351,125.0,64.284297,646.0,5.325276,1290.0,261.274734,1523.0,0.931206,0.642843,0.248259,0.399489,0.091795,0.2420 - 0.3928,4.0,Cuarto Quintil,"Programa de las Naciones Unidas para el Desarrollo (PNUD), 2019. Unidad del Informe sobre Desarrollo Humano. Perú",Polygon,-72.697377,-15.406114,1240.7684,178.3673
04,AREQUIPA,0406,CONDESUYOS,040608,YANAQUIHUA,040608,Yanaquihua,5425,783.0,0.582787,249,80.422924,161.0,56.650837,954.0,7.79217,508.0,1115.331173,176.0,0.923715,0.566508,0.421984,0.488935,0.438268,0.5436 - 0.6944,2.0,Segundo Quintil,"Programa de las Naciones Unidas para el Desarrollo (PNUD), 2019. Unidad del Informe sobre Desarrollo Humano. Perú",Polygon,-73.029091,-15.701929,1055.836,163.8916
04,AREQUIPA,0407,ISLAY,040703,DEAN VALDIVIA,040703,Dean Valdivia,6725,682.0,0.616391,179,77.651503,444.0,71.082295,351.0,8.361097,388.0,1182.892299,140.0,0.877525,0.710823,0.462049,0.573093,0.465676,0.5436 - 0.6944,2.0,Segundo Quintil,"Programa de las Naciones Unidas para el Desarrollo (PNUD), 2019. Unidad del Informe sobre Desarrollo Humano. Perú",Polygon,-71.829411,-17.097995,134.3572,52.1292
04,AREQUIPA,0403,CARAVELI,040311,LOMAS,040311,Lomas,1478,1441.0,0.514029,445,82.118979,59.0,54.018851,1055.0,9.200694,232.0,697.806463,613.0,0.951983,0.540189,0.521176,0.530597,0.268887,0.3928 - 0.5436,3.0,Tercer Quintil,"Programa de las Naciones Unidas para el Desarrollo (PNUD), 2019. Unidad del Informe sobre Desarrollo Humano. Perú",Polygon,-74.935099,-15.386714,446.6976,131.5312
04,AREQUIPA,0403,CARAVELI,040312,QUICACHA,040312,Quicacha,1907,1330.0,0.458186,637,84.055316,16.0,38.196593,1575.0,7.023671,716.0,677.654611,640.0,0.984255,0.381966,0.367864,0.374849,0.260712,0.3928 - 0.5436,3.0,Tercer Quintil,"Programa de las Naciones Unidas para el Desarrollo (PNUD), 2019. Unidad del Informe sobre Desarrollo Humano. Perú",Polygon,-73.730338,-15.567277,1036.3091,175.7328
04,AREQUIPA,0403,CARAVELI,040313,YAUCA,040313,Yauca,1740,1379.0,0.550687,334,82.866256,32.0,52.583976,1118.0,8.639279,342.0,883.142164,382.0,0.964438,0.52584,0.481639,0.503255,0.344074,0.5436 - 0.6944,2.0,Segundo Quintil,"Programa de las Naciones Unidas para el Desarrollo (PNUD), 2019. Unidad del Informe sobre Desarrollo Humano. Perú",Polygon,-74.428741,-15.633502,543.3221,132.1399
04,AREQUIPA,0404,CASTILLA,040401,APLAO,040401,Aplao,8415,563.0,0.602458,205,74.850241,807.0,64.231085,650.0,8.997712,270.0,1171.985128,145.0,0.830837,0.642311,0.506881,0.570592,0.461252,0.5436 - 0.6944,2.0,Segundo Quintil,"Programa de las Naciones Unidas para el Desarrollo (PNUD), 2019. Unidad del Informe sobre Desarrollo Humano. Perú",Polygon,-72.568143,-16.027172,618.6244,189.3132
04,AREQUIPA,0404,CASTILLA,040402,ANDAGUA,040402,Andagua,944,1623.0,0.504954,482,75.517742,715.0,74.173705,236.0,7.276301,645.0,739.782929,551.0,0.841962,0.741737,0.385655,0.534841,0.285916,0.3928 - 0.5436,3.0,Tercer Quintil,"Programa de las Naciones Unidas para el Desarrollo (PNUD), 2019. Unidad del Informe sobre Desarrollo Humano. Perú",Polygon,-72.376805,-15.485028,471.6732,128.8263
04,AREQUIPA,0404,CASTILLA,040403,AYO,040403,Ayo,320,1847.0,0.464133,611,72.565485,1161.0,39.559309,1535.0,7.899842,476.0,789.160541,488.0,0.792758,0.395593,0.429566,0.41223,0.305947,0.3928 - 0.5436,3.0,Tercer Quintil,"Programa de las Naciones Unidas para el Desarrollo (PNUD), 2019. Unidad del Informe sobre Desarrollo Humano. Perú",Polygon,-72.285069,-15.640942,285.2835,87.9049
04,AREQUIPA,0404,CASTILLA,040404,CHACHAS,040404,Chachas,1428,1456.0,0.426815,746,79.044236,279.0,45.51071,1371.0,5.629137,1177.0,642.398812,693.0,0.900737,0.455107,0.269658,0.350319,0.246409,0.3928 - 0.5436,3.0,Tercer Quintil,"Programa de las Naciones Unidas para el Desarrollo (PNUD), 2019. Unidad del Informe sobre Desarrollo Humano. Perú",Polygon,-72.115946,-15.181968,1195.7154,235.8377
04,AREQUIPA,0404,CASTILLA,040405,CHILCAYMARCA,040405,Chilcaymarca,1305,1498.0,0.49334,510,79.434787,241.0,49.449137,1248.0,7.050961,706.0,797.91588,478.0,0.907246,0.494491,0.369786,0.427617,0.309499,0.3928 - 0.5436,3.0,Tercer Quintil,"Programa de las Naciones Unidas para el Desarrollo (PNUD), 2019. Unidad del Informe sobre Desarrollo Humano. Perú",Polygon,-72.385265,-15.350608,182.3347,63.1263
04,AREQUIPA,0404,CASTILLA,040406,CHOCO,040406,Choco,768,1682.0,0.278307,1541,78.830722,305.0,18.543426,1858.0,4.637459,1553.0,342.675923,1316.0,0.897179,0.185434,0.199821,0.192493,0.124818,0.2420 - 0.3928,4.0,Cuarto Quintil,"Programa de las Naciones Unidas para el Desarrollo (PNUD), 2019. Unidad del Informe sobre Desarrollo Humano. Perú",Polygon,-72.068603,-15.414023,902.9522,189.657
04,AREQUIPA,0404,CASTILLA,040407,HUANCARQUI,040407,Huancarqui,1297,1499.0,0.574816,275,74.81857,811.0,59.019937,843.0,9.149795,240.0,1055.163593,220.0,0.83031,0.590199,0.517591,0.552704,0.413859,0.5436 - 0.6944,2.0,Segundo Quintil,"Programa de las Naciones Unidas para el Desarrollo (PNUD), 2019. Unidad del Informe sobre Desarrollo Humano. Perú",Polygon,-72.368137,-16.012351,797.1423,138.6668
04,AREQUIPA,0404,CASTILLA,040408,MACHAGUAY,040408,Machaguay,404,1825.0,0.404804,854,77.749809,432.0,34.614396,1663.0,6.881992,758.0,563.420454,815.0,0.879163,0.346144,0.357887,0.351966,0.214369,0.3928 - 0.5436,3.0,Tercer Quintil,"Programa de las Naciones Unidas para el Desarrollo (PNUD), 2019. Unidad del Informe sobre Desarrollo Humano. Perú",Polygon,-72.471747,-15.601116,246.9847,81.9183
04,AREQUIPA,0404,CASTILLA,040409,ORCOPAMPA,040409,Orcopampa,9613,504.0,0.585611,242,77.753836,430.0,44.591413,1403.0,9.016594,267.0,1217.75165,119.0,0.879231,0.445914,0.508211,0.476045,0.479818,0.5436 - 0.6944,2.0,Segundo Quintil,"Programa de las Naciones Unidas para el Desarrollo (PNUD), 2019. Unidad del Informe sobre Desarrollo Humano. Perú",Polygon,-72.248359,-15.116002,728.6265,169.4911
04,AREQUIPA,0404,CASTILLA,040410,PAMPACOLCA,040410,Pampacolca,1952,1310.0,0.424237,758,73.376659,1043.0,46.846551,1329.0,6.987618,729.0,599.258659,761.0,0.806278,0.468466,0.365325,0.413693,0.228908,0.3928 - 0.5436,3.0,Tercer Quintil,"Programa de las Naciones Unidas para el Desarrollo (PNUD), 2019. Unidad del Informe sobre Desarrollo Humano. Perú",Polygon,-72.619056,-15.670751,265.8364,87.9396
04,AREQUIPA,0404,CASTILLA,040411,TIPAN,040411,Tipan,412,1824.0,0.485008,537,78.281177,375.0,65.932182,564.0,7.856513,488.0,632.208457,711.0,0.88802,0.659322,0.426515,0.530293,0.242275,0.3928 - 0.5436,3.0,Tercer Quintil,"Programa de las Naciones Unidas para el Desarrollo (PNUD), 2019. Unidad del Informe sobre Desarrollo Humano. Perú",Polygon,-72.499678,-15.750762,55.4816,42.61
04,AREQUIPA,0404,CASTILLA,040412,UÑON,040412,Uñon,367,1836.0,0.524857,417,74.920103,801.0,65.932182,565.0,8.861725,300.0,783.093933,498.0,0.832002,0.659322,0.497305,0.572611,0.303486,0.3928 - 0.5436,3.0,Tercer Quintil,"Programa de las Naciones Unidas para el Desarrollo (PNUD), 2019. Unidad del Informe sobre Desarrollo Humano. Perú",Polygon,-72.383134,-15.757073,340.2513,97.7965
04,AREQUIPA,0404,CASTILLA,040413,URACA,040413,Uraca,6698,683.0,0.620866,166,77.743013,434.0,61.402491,749.0,8.699583,330.0,1263.672462,97.0,0.87905,0.614025,0.485886,0.546211,0.498447,0.5436 - 0.6944,2.0,Segundo Quintil,"Programa de las Naciones Unidas para el Desarrollo (PNUD), 2019. Unidad del Informe sobre Desarrollo Humano. Perú",Polygon,-72.525543,-16.261559,693.196,139.8659
04,AREQUIPA,0404,CASTILLA,040414,VIRACO,040414,Viraco,1366,1478.0,0.491623,515,75.212939,765.0,51.646876,1167.0,7.552823,573.0,800.122202,474.0,0.836882,0.516469,0.405128,0.457423,0.310394,0.3928 - 0.5436,3.0,Tercer Quintil,"Programa de las Naciones Unidas para el Desarrollo (PNUD), 2019. Unidad del Informe sobre Desarrollo Humano. Perú",Polygon,-72.566897,-15.616363,137.0917,51.941
04,AREQUIPA,0405,CAYLLOMA,040501,CHIVAY,040501,Chivay,7716,614.0,0.564936,300,77.382555,472.0,62.907999,695.0,8.553205,357.0,965.713525,292.0,0.873043,0.62908,0.475578,0.54697,0.377571,0.5436 - 0.6944,2.0,Segundo Quintil,"Programa de las Naciones Unidas para el Desarrollo (PNUD), 2019. Unidad del Informe sobre Desarrollo Humano. Perú",Polygon,-71.55012,-15.640071,242.4858,79.2416
04,AREQUIPA,0405,CAYLLOMA,040503,CABANACONDE,040503,Cabanaconde,2045,1291.0,0.451223,658,76.026146,647.0,66.025062,556.0,7.284938,640.0,562.2933,817.0,0.850436,0.660251,0.386263,0.505005,0.213912,0.3928 - 0.5436,3.0,Tercer Quintil,"Programa de las Naciones Unidas para el Desarrollo (PNUD), 2019. Unidad del Informe sobre Desarrollo Humano. Perú",Polygon,-71.959396,-15.674624,461.4604,103.4415
04,AREQUIPA,0405,CAYLLOMA,040505,CAYLLOMA,040505,Caylloma,2877,1115.0,0.537091,371,80.242402,178.0,52.067558,1150.0,7.490214,586.0,943.104752,322.0,0.920707,0.520676,0.400719,0.456776,0.368399,0.3928 - 0.5436,3.0,Tercer Quintil,"Programa de las Naciones Unidas para el Desarrollo (PNUD), 2019. Unidad del Informe sobre Desarrollo Humano. Perú",Polygon,-71.796548,-15.151563,1505.1172,261.089
04,AREQUIPA,0405,CAYLLOMA,040506,COPORAQUE,040506,Coporaque,1371,1474.0,0.468747,593,77.734119,435.0,54.349899,1048.0,6.734476,798.0,699.684959,607.0,0.878902,0.543499,0.347498,0.434586,0.269649,0.3928 - 0.5436,3.0,Tercer Quintil,"Programa de las Naciones Unidas para el Desarrollo (PNUD), 2019. Unidad del Informe sobre Desarrollo Humano. Perú",Polygon,-71.641222,-15.591318,114.0273,55.002
04,AREQUIPA,0405,CAYLLOMA,040507,HUAMBO,040507,Huambo,368,1835.0,0.404081,855,75.916058,660.0,47.538045,1304.0,6.957973,734.0,496.212886,945.0,0.848601,0.47538,0.363238,0.415543,0.187105,0.3928 - 0.5436,3.0,Tercer Quintil,"Programa de las Naciones Unidas para el Desarrollo (PNUD), 2019. Unidad del Informe sobre Desarrollo Humano. Perú",Polygon,-72.160437,-15.796214,715.3004,134.4517
04,AREQUIPA,0405,CAYLLOMA,040508,HUANCA,040508,Huanca,951,1618.0,0.463322,614,77.531365,461.0,62.85078,697.0,6.210723,960.0,668.769157,654.0,0.875523,0.628508,0.310614,0.441841,0.257107,0.3928 - 0.5436,3.0,Tercer Quintil,"Programa de las Naciones Unidas para el Desarrollo (PNUD), 2019. Unidad del Informe sobre Desarrollo Humano. Perú",Polygon,-71.827919,-16.006402,371.9038,113.4681
04,AREQUIPA,0405,CAYLLOMA,040509,ICHUPAMPA,040509,Ichupampa,568,1759.0,0.47152,580,78.211094,382.0,78.404761,106.0,5.494598,1222.0,680.144489,638.0,0.886852,0.784048,0.260183,0.451659,0.261722,0.3928 - 0.5436,3.0,Tercer Quintil,"Programa de las Naciones Unidas para el Desarrollo (PNUD), 2019. Unidad del Informe sobre Desarrollo Humano. Perú",Polygon,-71.7053,-15.586181,74.3745,46.0666
04,AREQUIPA,0405,CAYLLOMA,040510,LARI,040510,Lari,1284,1505.0,0.425704,752,81.034134,112.0,36.186813,1619.0,5.671805,1164.0,683.262296,631.0,0.933902,0.361868,0.272662,0.314114,0.262987,0.3928 - 0.5436,3.0,Tercer Quintil,"Programa de las Naciones Unidas para el Desarrollo (PNUD), 2019. Unidad del Informe sobre Desarrollo Humano. Perú",Polygon,-71.760418,-15.479918,389.0264,110.683
04,AREQUIPA,0405,CAYLLOMA,040511,LLUTA,040511,Lluta,763,1685.0,0.425399,753,74.266452,897.0,45.39223,1376.0,6.27488,945.0,646.037053,685.0,0.821108,0.453922,0.315132,0.378214,0.247885,0.3928 - 0.5436,3.0,Tercer Quintil,"Programa de las Naciones Unidas para el Desarrollo (PNUD), 2019. Unidad del Informe sobre Desarrollo Humano. Perú",Polygon,-72.018348,-15.967559,1226.6376,220.5372
04,AREQUIPA,0405,CAYLLOMA,040512,MACA,040512,Maca,575,1755.0,0.414889,804,80.884713,123.0,57.973225,901.0,6.932131,741.0,447.908595,1047.0,0.931412,0.579732,0.361418,0.45774,0.167509,0.3928 - 0.5436,3.0,Tercer Quintil,"Programa de las Naciones Unidas para el Desarrollo (PNUD), 2019. Unidad del Informe sobre Desarrollo Humano. Perú",Polygon,-71.797255,-15.731293,236.7617,76.1709
04,AREQUIPA,0405,CAYLLOMA,040513,MADRIGAL,040513,Madrigal,445,1812.0,0.397578,888,80.202459,184.0,52.613721,1117.0,5.814496,1101.0,471.573589,1003.0,0.920041,0.526137,0.282711,0.385674,0.177109,0.3928 - 0.5436,3.0,Tercer Quintil,"Programa de las Naciones Unidas para el Desarrollo (PNUD), 2019. Unidad del Informe sobre Desarrollo Humano. Perú",Polygon,-71.857436,-15.54133,159.23,65.0025
04,AREQUIPA,0407,ISLAY,040705,MEJIA,040705,Mejia,945,1622.0,0.680307,70,77.944667,413.0,78.407009,105.0,9.735922,163.0,1363.706616,76.0,0.882411,0.78407,0.558868,0.66196,0.539029,0.5436 - 0.6944,2.0,Segundo Quintil,"Programa de las Naciones Unidas para el Desarrollo (PNUD), 2019. Unidad del Informe sobre Desarrollo Humano. Perú",Polygon,-71.878621,-17.035725,102.8465,53.8712
04,AREQUIPA,0407,ISLAY,040706,PUNTA DE BOMBON,040706,Punta De Bombon,6370,707.0,0.606402,194,77.827378,423.0,75.486586,193.0,8.303531,404.0,1096.758695,188.0,0.880456,0.754866,0.457995,0.587984,0.430734,0.5436 - 0.6944,2.0,Segundo Quintil,"Programa de las Naciones Unidas para el Desarrollo (PNUD), 2019. Unidad del Informe sobre Desarrollo Humano. Perú",Polygon,-71.550705,-17.160022,756.4668,149.2183
04,AREQUIPA,0408,LA UNION,040801,COTAHUASI,040801,Cotahuasi,2826,1124.0,0.505489,479,78.851348,302.0,47.970321,1293.0,8.961208,278.0,756.225312,529.0,0.897522,0.479703,0.50431,0.491853,0.292586,0.3928 - 0.5436,3.0,Tercer Quintil,"Programa de las Naciones Unidas para el Desarrollo (PNUD), 2019. Unidad del Informe sobre Desarrollo Humano. Perú",Polygon,-72.861447,-15.2763,166.7022,75.4925
04,AREQUIPA,0408,LA UNION,040802,ALCA,040802,Alca,1777,1368.0,0.272906,1576,85.0,7.0,22.955021,1835.0,4.995801,1411.0,255.431518,1540.0,1.0,0.22955,0.225056,0.227292,0.089425,0.2420 - 0.3928,4.0,Cuarto Quintil,"Programa de las Naciones Unidas para el Desarrollo (PNUD), 2019. Unidad del Informe sobre Desarrollo Humano. Perú",Polygon,-72.711864,-15.167477,191.453,65.3136
04,AREQUIPA,0408,LA UNION,040803,CHARCANA,040803,Charcana,465,1802.0,0.382568,947,78.560478,339.0,42.150167,1472.0,6.391572,906.0,453.807704,1034.0,0.892675,0.421502,0.32335,0.369178,0.169902,0.2420 - 0.3928,4.0,Cuarto Quintil,"Programa de las Naciones Unidas para el Desarrollo (PNUD), 2019. Unidad del Informe sobre Desarrollo Humano. Perú",Polygon,-73.048777,-15.210864,162.2351,66.6669
04,AREQUIPA,0408,LA UNION,040804,HUAYNACOTAS,040804,Huaynacotas,1844,1351.0,0.344836,1163,84.593833,11.0,37.323812,1591.0,5.136384,1359.0,378.652374,1222.0,0.993231,0.373238,0.234957,0.296133,0.139413,0.2420 - 0.3928,4.0,Cuarto Quintil,"Programa de las Naciones Unidas para el Desarrollo (PNUD), 2019. Unidad del Informe sobre Desarrollo Humano. Perú",Polygon,-72.761348,-14.874852,935.1809,194.3988
04,AREQUIPA,0408,LA UNION,040805,PAMPAMARCA,040805,Pampamarca,1010,1599.0,0.199385,1793,85.0,9.0,38.637653,1561.0,4.251012,1672.0,110.658724,1830.0,1.0,0.386377,0.172606,0.258246,0.030693,0.0912 - 0.2420,5.0,Quinto Quintil,"Programa de las Naciones Unidas para el Desarrollo (PNUD), 2019. Unidad del Informe sobre Desarrollo Humano. Perú",Polygon,-72.930135,-14.989487,787.6117,151.9447
04,AREQUIPA,0408,LA UNION,040806,PUYCA,040806,Puyca,2458,1198.0,0.183998,1830,84.004967,18.0,29.48663,1765.0,3.237623,1841.0,125.37093,1813.0,0.983416,0.294866,0.101241,0.172779,0.036662,0.0912 - 0.2420,5.0,Quinto Quintil,"Programa de las Naciones Unidas para el Desarrollo (PNUD), 2019. Unidad del Informe sobre Desarrollo Humano. Perú",Polygon,-72.54707,-14.938867,1503.4081,213.5049
04,AREQUIPA,0408,LA UNION,040807,QUECHUALLA,040807,Quechualla,197,1868.0,0.349683,1129,76.467945,581.0,20.372581,1851.0,7.025548,715.0,483.756395,975.0,0.857799,0.203726,0.367996,0.273807,0.182051,0.2420 - 0.3928,4.0,Cuarto Quintil,"Programa de las Naciones Unidas para el Desarrollo (PNUD), 2019. Unidad del Informe sobre Desarrollo Humano. Perú",Polygon,-73.070421,-15.289806,135.3304,74.8703
04,AREQUIPA,0408,LA UNION,040808,SAYLA,040808,Sayla,467,1801.0,0.425323,754,80.417031,164.0,22.636201,1840.0,7.429194,600.0,720.487262,573.0,0.923617,0.226362,0.396422,0.299558,0.278088,0.3928 - 0.5436,3.0,Tercer Quintil,"Programa de las Naciones Unidas para el Desarrollo (PNUD), 2019. Unidad del Informe sobre Desarrollo Humano. Perú",Polygon,-73.245329,-15.324979,70.579,41.3178
04,AREQUIPA,0408,LA UNION,040809,TAURIA,040809,Tauria,282,1857.0,0.385947,938,82.437933,44.0,53.145863,1095.0,7.899925,475.0,344.812501,1311.0,0.957299,0.531459,0.429572,0.477807,0.125685,0.2420 - 0.3928,4.0,Cuarto Quintil,"Programa de las Naciones Unidas para el Desarrollo (PNUD), 2019. Unidad del Informe sobre Desarrollo Humano. Perú",Polygon,-73.172631,-15.404195,317.792,83.238
04,AREQUIPA,0408,LA UNION,040810,TOMEPAMPA,040810,Tomepampa,667,1716.0,0.37321,1005,81.951504,63.0,38.947581,1554.0,6.991881,728.0,392.736534,1189.0,0.949192,0.389476,0.365625,0.377362,0.145126,0.2420 - 0.3928,4.0,Cuarto Quintil,"Programa de las Naciones Unidas para el Desarrollo (PNUD), 2019. Unidad del Informe sobre Desarrollo Humano. Perú",Polygon,-72.785304,-15.213265,96.5007,48.6072
04,AREQUIPA,0408,LA UNION,040811,TORO,040811,Toro,454,1807.0,0.305804,1402,81.208193,99.0,54.849256,1025.0,6.599283,844.0,209.770695,1659.0,0.936803,0.548493,0.337978,0.430556,0.070901,0.2420 - 0.3928,4.0,Cuarto Quintil,"Programa de las Naciones Unidas para el Desarrollo (PNUD), 2019. Unidad del Informe sobre Desarrollo Humano. Perú",Polygon,-73.016049,-15.404719,525.9676,135.1589
04,AREQUIPA,0405,CAYLLOMA,040504,CALLALLI,040504,Callalli,1374,1472.0,0.46977,588,81.279823,92.0,51.769651,1164.0,5.826975,1094.0,746.030997,541.0,0.937997,0.517697,0.28359,0.383162,0.288451,0.3928 - 0.5436,3.0,Tercer Quintil,"Programa de las Naciones Unidas para el Desarrollo (PNUD), 2019. Unidad del Informe sobre Desarrollo Humano. Perú",Polygon,-71.24836,-15.521111,1538.6097,234.8782
04,AREQUIPA,0401,AREQUIPA,040115,QUEQUEÑA,040115,Quequeña,3250,1044.0,0.603549,199,76.577085,571.0,74.945745,208.0,9.867103,153.0,1001.184142,256.0,0.859618,0.749457,0.568106,0.652511,0.391961,0.5436 - 0.6944,2.0,Segundo Quintil,"Programa de las Naciones Unidas para el Desarrollo (PNUD), 2019. Unidad del Informe sobre Desarrollo Humano. Perú",Polygon,-71.443214,-16.544174,34.865,30.8627
04,AREQUIPA,0401,AREQUIPA,040119,SAN JUAN DE TARUCANI,040119,San Juan De Tarucani,1752,1376.0,0.468528,595,81.837469,67.0,70.743058,362.0,6.037752,1026.0,617.471591,728.0,0.947291,0.707431,0.298433,0.459479,0.236297,0.3928 - 0.5436,3.0,Tercer Quintil,"Programa de las Naciones Unidas para el Desarrollo (PNUD), 2019. Unidad del Informe sobre Desarrollo Humano. Perú",Polygon,-71.096999,-16.19373,2382.9689,288.5652
04,AREQUIPA,0401,AREQUIPA,040120,SANTA ISABEL DE SIGUAS,040120,Santa Isabel De Siguas,957,1615.0,0.572073,282,78.538402,344.0,57.56971,918.0,7.777746,512.0,1085.592882,198.0,0.892307,0.575697,0.420968,0.492291,0.426204,0.5436 - 0.6944,2.0,Segundo Quintil,"Programa de las Naciones Unidas para el Desarrollo (PNUD), 2019. Unidad del Informe sobre Desarrollo Humano. Perú",Polygon,-72.063182,-16.26766,183.0306,87.2021
04,AREQUIPA,0401,AREQUIPA,040121,SANTA RITA DE SIGUAS,040121,Santa Rita De Siguas,6383,705.0,0.608449,189,75.90495,663.0,64.412175,640.0,8.260115,412.0,1243.986901,108.0,0.848416,0.644122,0.454938,0.541327,0.490461,0.5436 - 0.6944,2.0,Segundo Quintil,"Programa de las Naciones Unidas para el Desarrollo (PNUD), 2019. Unidad del Informe sobre Desarrollo Humano. Perú",Polygon,-72.144082,-16.522799,425.1511,96.0447
04,AREQUIPA,0401,AREQUIPA,040122,SOCABAYA,040122,Socabaya,87112,70.0,0.666752,82,77.725199,436.0,79.847795,71.0,11.061117,48.0,1187.188318,136.0,0.878753,0.798478,0.652191,0.721637,0.467419,0.5436 - 0.6944,2.0,Segundo Quintil,"Programa de las Naciones Unidas para el Desarrollo (PNUD), 2019. Unidad del Informe sobre Desarrollo Humano. Perú",Polygon,-71.534678,-16.47364,25.5268,30.967
04,AREQUIPA,0401,AREQUIPA,040123,TIABAYA,040123,Tiabaya,14392,357.0,0.636178,128,79.029987,282.0,73.276958,263.0,9.90769,151.0,1124.635848,170.0,0.9005,0.73277,0.570964,0.646827,0.442043,0.5436 - 0.6944,2.0,Segundo Quintil,"Programa de las Naciones Unidas para el Desarrollo (PNUD), 2019. Unidad del Informe sobre Desarrollo Humano. Perú",Polygon,-71.598984,-16.463446,37.2195,34.5046
04,AREQUIPA,0401,AREQUIPA,040124,UCHUMAYO,040124,Uchumayo,14385,358.0,0.668901,80,80.68275,141.0,77.556003,132.0,10.46631,86.0,1190.454985,135.0,0.928046,0.77556,0.610304,0.687988,0.468744,0.5436 - 0.6944,2.0,Segundo Quintil,"Programa de las Naciones Unidas para el Desarrollo (PNUD), 2019. Unidad del Informe sobre Desarrollo Humano. Perú",Polygon,-71.690533,-16.460917,270.4945,102.0439
04,AREQUIPA,0401,AREQUIPA,040125,VITOR,040125,Vitor,2628,1158.0,0.645585,117,78.588263,338.0,78.384156,107.0,8.472481,371.0,1258.617288,100.0,0.893138,0.783842,0.469893,0.606895,0.496396,0.5436 - 0.6944,2.0,Segundo Quintil,"Programa de las Naciones Unidas para el Desarrollo (PNUD), 2019. Unidad del Informe sobre Desarrollo Humano. Perú",Polygon,-71.987577,-16.489123,1531.737,234.7952
04,AREQUIPA,0401,AREQUIPA,040127,YARABAMBA,040127,Yarabamba,1260,1516.0,0.627156,153,79.753647,218.0,72.296846,301.0,10.203674,112.0,1053.665111,222.0,0.912561,0.722968,0.591808,0.654109,0.413252,0.5436 - 0.6944,2.0,Segundo Quintil,"Programa de las Naciones Unidas para el Desarrollo (PNUD), 2019. Unidad del Informe sobre Desarrollo Humano. Perú",Polygon,-71.549859,-16.613499,485.6063,136.6118
04,AREQUIPA,0401,AREQUIPA,040128,YURA,040128,Yura,33335,170.0,0.600506,209,78.217042,380.0,77.402119,137.0,8.994743,271.0,996.014121,264.0,0.886951,0.774021,0.506672,0.626239,0.389864,0.5436 - 0.6944,2.0,Segundo Quintil,"Programa de las Naciones Unidas para el Desarrollo (PNUD), 2019. Unidad del Informe sobre Desarrollo Humano. Perú",Polygon,-71.606223,-16.130867,1918.4318,249.1994
04,AREQUIPA,0402,CAMANA,040201,CAMANA,040201,Camana,13756,375.0,0.64348,124,81.322426,90.0,75.994777,176.0,10.584932,74.0,1055.409248,219.0,0.938707,0.759948,0.618657,0.685673,0.413959,0.5436 - 0.6944,2.0,Segundo Quintil,"Programa de las Naciones Unidas para el Desarrollo (PNUD), 2019. Unidad del Informe sobre Desarrollo Humano. Perú",Polygon,-72.712879,-16.630913,11.1291,14.6523
04,AREQUIPA,0402,CAMANA,040202,JOSE MARIA QUIMPER,040202,Jose Maria Quimper,4313,895.0,0.633321,138,80.034584,195.0,75.565642,186.0,9.296353,220.0,1115.837714,175.0,0.917243,0.755656,0.527912,0.631601,0.438474,0.5436 - 0.6944,2.0,Segundo Quintil,"Programa de las Naciones Unidas para el Desarrollo (PNUD), 2019. Unidad del Informe sobre Desarrollo Humano. Perú",Polygon,-72.736606,-16.59649,16.2212,17.7587
04,AREQUIPA,0402,CAMANA,040203,MARIANO NICOLAS VALCARCEL,040203,Mariano Nicolas Valcarcel,7967,594.0,0.518391,431,82.843828,33.0,63.930607,659.0,8.692387,333.0,674.421445,645.0,0.964064,0.639306,0.485379,0.557051,0.2594,0.3928 - 0.5436,3.0,Tercer Quintil,"Programa de las Naciones Unidas para el Desarrollo (PNUD), 2019. Unidad del Informe sobre Desarrollo Humano. Perú",Polygon,-73.136092,-16.078224,555.0121,130.6712
04,AREQUIPA,0402,CAMANA,040204,MARISCAL CACERES,040204,Mariscal Caceres,6654,684.0,0.628491,151,82.784074,37.0,71.143499,345.0,8.056065,449.0,1169.964851,148.0,0.963068,0.711435,0.440568,0.559853,0.460432,0.5436 - 0.6944,2.0,Segundo Quintil,"Programa de las Naciones Unidas para el Desarrollo (PNUD), 2019. Unidad del Informe sobre Desarrollo Humano. Perú",Polygon,-72.832225,-16.455594,593.1425,131.6556
04,AREQUIPA,0402,CAMANA,040205,NICOLAS DE PIEROLA,040205,Nicolas De Pierola,6803,671.0,0.644541,120,81.262935,94.0,79.004551,90.0,9.278885,224.0,1126.181107,169.0,0.937716,0.790046,0.526682,0.64506,0.44267,0.5436 - 0.6944,2.0,Segundo Quintil,"Programa de las Naciones Unidas para el Desarrollo (PNUD), 2019. Unidad del Informe sobre Desarrollo Humano. Perú",Polygon,-72.634066,-16.479386,390.5062,118.6566
04,AREQUIPA,0402,CAMANA,040206,OCOÑA,040206,Ocoña,4521,876.0,0.619301,168,82.694082,40.0,66.926214,523.0,8.707696,327.0,1102.13981,185.0,0.961568,0.669262,0.486457,0.570585,0.432917,0.5436 - 0.6944,2.0,Segundo Quintil,"Programa de las Naciones Unidas para el Desarrollo (PNUD), 2019. Unidad del Informe sobre Desarrollo Humano. Perú",Polygon,-73.01082,-16.277913,1421.0443,189.2471
04,AREQUIPA,0402,CAMANA,040207,QUILCA,040207,Quilca,629,1730.0,0.550613,336,84.115181,15.0,66.079047,552.0,8.594478,352.0,777.751997,504.0,0.985253,0.66079,0.478484,0.562297,0.301319,0.5436 - 0.6944,2.0,Segundo Quintil,"Programa de las Naciones Unidas para el Desarrollo (PNUD), 2019. Unidad del Informe sobre Desarrollo Humano. Perú",Polygon,-72.351928,-16.700723,896.0971,251.6792
04,AREQUIPA,0402,CAMANA,040208,SAMUEL PASTOR,040208,Samuel Pastor,16527,320.0,0.643816,122,84.712186,10.0,69.359567,421.0,8.966373,277.0,1152.202471,159.0,0.995203,0.693596,0.504674,0.591642,0.453226,0.5436 - 0.6944,2.0,Segundo Quintil,"Programa de las Naciones Unidas para el Desarrollo (PNUD), 2019. Unidad del Informe sobre Desarrollo Humano. Perú",Polygon,-72.652439,-16.601332,113.0412,52.344
04,AREQUIPA,0403,CARAVELI,040301,CARAVELI,040301,Caraveli,3967,947.0,0.550944,332,81.709869,75.0,47.498535,1306.0,9.256627,226.0,908.302171,351.0,0.945164,0.474985,0.525115,0.499421,0.354281,0.5436 - 0.6944,2.0,Segundo Quintil,"Programa de las Naciones Unidas para el Desarrollo (PNUD), 2019. Unidad del Informe sobre Desarrollo Humano. Perú",Polygon,-73.331776,-15.829111,754.0855,139.4959
04,AREQUIPA,0403,CARAVELI,040303,ATICO,040303,Atico,4871,839.0,0.582004,251,81.066603,108.0,47.812982,1297.0,9.418004,207.0,1061.817349,215.0,0.934443,0.47813,0.536479,0.506465,0.416559,0.5436 - 0.6944,2.0,Segundo Quintil,"Programa de las Naciones Unidas para el Desarrollo (PNUD), 2019. Unidad del Informe sobre Desarrollo Humano. Perú",Polygon,-73.538236,-16.052907,3093.9784,278.5454
04,AREQUIPA,0403,CARAVELI,040304,ATIQUIPA,040304,Atiquipa,732,1694.0,0.575966,268,85.0,4.0,57.784589,909.0,8.237349,415.0,955.22129,306.0,1.0,0.577846,0.453334,0.511818,0.373315,0.5436 - 0.6944,2.0,Segundo Quintil,"Programa de las Naciones Unidas para el Desarrollo (PNUD), 2019. Unidad del Informe sobre Desarrollo Humano. Perú",Polygon,-74.303597,-15.689142,423.3436,133.8408
04,AREQUIPA,0403,CARAVELI,040306,CAHUACHO,040306,Cahuacho,762,1686.0,0.386963,934,83.268344,29.0,55.351553,1010.0,6.177335,972.0,391.056472,1191.0,0.971139,0.553516,0.308263,0.413072,0.144445,0.2420 - 0.3928,4.0,Cuarto Quintil,"Programa de las Naciones Unidas para el Desarrollo (PNUD), 2019. Unidad del Informe sobre Desarrollo Humano. Perú",Polygon,-73.431715,-15.540603,1384.8308,165.1785
04,AREQUIPA,0403,CARAVELI,040307,CHALA,040307,Chala,9167,528.0,0.655371,97,83.875839,19.0,68.071672,479.0,9.684057,170.0,1185.214977,138.0,0.981264,0.680717,0.555215,0.614772,0.466619,0.5436 - 0.6944,2.0,Segundo Quintil,"Programa de las Naciones Unidas para el Desarrollo (PNUD), 2019. Unidad del Informe sobre Desarrollo Humano. Perú",Polygon,-74.189721,-15.769485,341.0184,96.4903
04,AREQUIPA,0403,CARAVELI,040308,CHAPARRA,040308,Chaparra,5427,782.0,0.663188,86,85.0,2.0,62.380322,717.0,9.195113,234.0,1296.462734,88.0,1.0,0.623803,0.520783,0.56997,0.51175,0.5436 - 0.6944,2.0,Segundo Quintil,"Programa de las Naciones Unidas para el Desarrollo (PNUD), 2019. Unidad del Informe sobre Desarrollo Humano. Perú",Polygon,-73.945078,-15.824778,1502.2381,210.2854
04,AREQUIPA,0403,CARAVELI,040309,HUANUHUANU,040309,Huanuhuanu,3448,1019.0,0.658242,93,85.0,3.0,61.904416,733.0,8.706275,328.0,1316.254398,82.0,1.0,0.619044,0.486357,0.548705,0.519779,0.5436 - 0.6944,2.0,Segundo Quintil,"Programa de las Naciones Unidas para el Desarrollo (PNUD), 2019. Unidad del Informe sobre Desarrollo Humano. Perú",Polygon,-74.062789,-15.555712,705.566,176.5224
04,AREQUIPA,0403,CARAVELI,040310,JAQUI,040310,Jaqui,908,1638.0,0.534558,380,81.054851,109.0,46.126295,1351.0,8.158202,431.0,921.83589,342.0,0.934248,0.461263,0.447761,0.454462,0.359771,0.3928 - 0.5436,3.0,Tercer Quintil,"Programa de las Naciones Unidas para el Desarrollo (PNUD), 2019. Unidad del Informe sobre Desarrollo Humano. Perú",Polygon,-74.398137,-15.449077,423.0539,112.4566
04,AREQUIPA,0401,AREQUIPA,040114,POLOBAYA,040114,Polobaya,1161,1550.0,0.475356,564,76.01313,649.0,49.345466,1253.0,7.981481,459.0,706.921232,598.0,0.850219,0.493455,0.435316,0.463474,0.272585,0.3928 - 0.5436,3.0,Tercer Quintil,"Programa de las Naciones Unidas para el Desarrollo (PNUD), 2019. Unidad del Informe sobre Desarrollo Humano. Perú",Polygon,-71.357388,-16.641963,397.956,110.1975
04,AREQUIPA,0401,AREQUIPA,040103,CAYMA,040103,Cayma,97926,58.0,0.673855,77,78.167304,388.0,80.126512,66.0,11.266546,38.0,1199.618006,132.0,0.886122,0.801265,0.666658,0.730869,0.472462,0.5436 - 0.6944,2.0,Segundo Quintil,"Programa de las Naciones Unidas para el Desarrollo (PNUD), 2019. Unidad del Informe sobre Desarrollo Humano. Perú",Polygon,-71.45693,-16.252671,232.8581,85.2432
04,AREQUIPA,0401,AREQUIPA,040104,CERRO COLORADO,040104,Cerro Colorado,193412,27.0,0.641177,126,77.240832,492.0,78.204125,111.0,10.595705,71.0,1107.223862,178.0,0.870681,0.782041,0.619416,0.695995,0.434979,0.5436 - 0.6944,2.0,Segundo Quintil,"Programa de las Naciones Unidas para el Desarrollo (PNUD), 2019. Unidad del Informe sobre Desarrollo Humano. Perú",Polygon,-71.576568,-16.304442,174.9356,74.2823
04,AREQUIPA,0401,AREQUIPA,040111,MOLLEBAYA,040111,Mollebaya,3678,982.0,0.580001,257,77.108939,511.0,71.082858,350.0,9.487764,198.0,927.696754,338.0,0.868482,0.710829,0.541392,0.620352,0.362149,0.5436 - 0.6944,2.0,Segundo Quintil,"Programa de las Naciones Unidas para el Desarrollo (PNUD), 2019. Unidad del Informe sobre Desarrollo Humano. Perú",Polygon,-71.473845,-16.504079,31.2443,30.5136
04,AREQUIPA,0401,AREQUIPA,040113,POCSI,040113,Pocsi,427,1818.0,0.442697,694,76.598064,566.0,68.324491,463.0,7.250893,653.0,520.597509,896.0,0.859968,0.683245,0.383866,0.512127,0.196997,0.3928 - 0.5436,3.0,Tercer Quintil,"Programa de las Naciones Unidas para el Desarrollo (PNUD), 2019. Unidad del Informe sobre Desarrollo Humano. Perú",Polygon,-71.332166,-16.498882,169.6706,62.7845
04,AREQUIPA,0401,AREQUIPA,040116,SABANDIA,040116,Sabandia,4393,891.0,0.648849,109,77.622129,447.0,74.822745,213.0,10.31886,104.0,1180.955374,142.0,0.877035,0.748227,0.59992,0.669982,0.464891,0.5436 - 0.6944,2.0,Segundo Quintil,"Programa de las Naciones Unidas para el Desarrollo (PNUD), 2019. Unidad del Informe sobre Desarrollo Humano. Perú",Polygon,-71.460229,-16.448262,35.8328,35.739
04,AREQUIPA,0401,AREQUIPA,040118,SAN JUAN DE SIGUAS,040118,San Juan De Siguas,1227,1523.0,0.579635,258,77.566111,455.0,65.793955,576.0,8.230147,418.0,1038.843524,231.0,0.876102,0.65794,0.452827,0.545832,0.407239,0.5436 - 0.6944,2.0,Segundo Quintil,"Programa de las Naciones Unidas para el Desarrollo (PNUD), 2019. Unidad del Informe sobre Desarrollo Humano. Perú",Polygon,-72.163412,-16.405052,35.7366,38.3575
04,AREQUIPA,0403,CARAVELI,040302,ACARI,040302,Acari,3631,989.0,0.634185,135,81.507995,85.0,56.273614,968.0,8.785829,314.0,1303.788728,85.0,0.9418,0.562736,0.49196,0.526159,0.514722,0.5436 - 0.6944,2.0,Segundo Quintil,"Programa de las Naciones Unidas para el Desarrollo (PNUD), 2019. Unidad del Informe sobre Desarrollo Humano. Perú",Polygon,-74.558138,-15.341569,1157.5336,184.3455
04,AREQUIPA,0403,CARAVELI,040305,BELLA UNION,040305,Bella Union,6089,729.0,0.67976,71,85.0,1.0,57.626275,917.0,8.647491,341.0,1503.764204,44.0,1.0,0.576263,0.482218,0.527147,0.595848,0.5436 - 0.6944,2.0,Segundo Quintil,"Programa de las Naciones Unidas para el Desarrollo (PNUD), 2019. Unidad del Informe sobre Desarrollo Humano. Perú",Polygon,-74.7615,-15.375313,1194.8967,163.6219
08,CUSCO,0801,CUSCO,080108,WANCHAQ,080108,Wanchaq,61900,104.0,0.738901,30,77.128704,506.0,80.536595,60.0,13.123553,10.0,1463.259092,49.0,0.868812,0.805366,0.797433,0.80139,0.579415,0.6944 - 0.8452,1.0,Primer Quintil,"Programa de las Naciones Unidas para el Desarrollo (PNUD), 2019. Unidad del Informe sobre Desarrollo Humano. Perú",Polygon,-71.950677,-13.531682,5.9006,14.1651
04,AREQUIPA,0401,AREQUIPA,040101,AREQUIPA,040101,Arequipa,42333,146.0,0.762167,18,78.825498,306.0,81.650771,45.0,13.192212,7.0,1538.109987,40.0,0.897092,0.816508,0.802268,0.809357,0.609781,0.6944 - 0.8452,1.0,Primer Quintil,"Programa de las Naciones Unidas para el Desarrollo (PNUD), 2019. Unidad del Informe sobre Desarrollo Humano. Perú",Polygon,-71.538459,-16.406658,11.4136,20.8105
04,AREQUIPA,0401,AREQUIPA,040102,ALTO SELVA ALEGRE,040102,Alto Selva Alegre,91856,63.0,0.664431,83,77.947568,412.0,80.789861,56.0,11.207079,41.0,1154.977729,157.0,0.882459,0.807899,0.66247,0.73158,0.454352,0.5436 - 0.6944,2.0,Segundo Quintil,"Programa de las Naciones Unidas para el Desarrollo (PNUD), 2019. Unidad del Informe sobre Desarrollo Humano. Perú",Polygon,-71.48585,-16.330958,67.624,40.4373
04,AREQUIPA,0401,AREQUIPA,040129,JOSE LUIS BUSTAMANTE Y RIVERO,040129,Jose Luis Bustamante Y Rivero,76621,77.0,0.745374,25,79.458973,240.0,82.733984,31.0,12.665196,19.0,1448.531794,52.0,0.90765,0.82734,0.765155,0.79564,0.573441,0.6944 - 0.8452,1.0,Primer Quintil,"Programa de las Naciones Unidas para el Desarrollo (PNUD), 2019. Unidad del Informe sobre Desarrollo Humano. Perú",Polygon,-71.523473,-16.431491,11.1613,17.4571
04,AREQUIPA,0401,AREQUIPA,040110,MIRAFLORES,040110,Miraflores,53017,121.0,0.689308,58,78.724617,319.0,81.316771,50.0,11.552714,31.0,1241.497645,111.0,0.89541,0.813168,0.686811,0.747323,0.489451,0.5436 - 0.6944,2.0,Segundo Quintil,"Programa de las Naciones Unidas para el Desarrollo (PNUD), 2019. Unidad del Informe sobre Desarrollo Humano. Perú",Polygon,-71.471269,-16.356464,26.129,36.5403
04,AREQUIPA,0401,AREQUIPA,040112,PAUCARPATA,040112,Paucarpata,126057,47.0,0.649763,106,78.506775,351.0,79.585175,74.0,10.832142,57.0,1100.753356,187.0,0.89178,0.795852,0.636066,0.711488,0.432354,0.5436 - 0.6944,2.0,Segundo Quintil,"Programa de las Naciones Unidas para el Desarrollo (PNUD), 2019. Unidad del Informe sobre Desarrollo Humano. Perú",Polygon,-71.477981,-16.420049,28.3857,26.9713
04,AREQUIPA,0401,AREQUIPA,040117,SACHACA,040117,Sachaca,22541,255.0,0.685521,64,77.55287,458.0,78.529785,103.0,11.09516,46.0,1299.542561,87.0,0.875881,0.785298,0.654589,0.716971,0.512999,0.5436 - 0.6944,2.0,Segundo Quintil,"Programa de las Naciones Unidas para el Desarrollo (PNUD), 2019. Unidad del Informe sobre Desarrollo Humano. Perú",Polygon,-71.576245,-16.421168,14.2763,16.9518
04,AREQUIPA,0401,AREQUIPA,040107,JACOBO HUNTER,040107,Jacobo Hunter,46995,135.0,0.663175,87,78.63253,329.0,79.297819,84.0,10.779495,60.0,1170.824149,147.0,0.893876,0.792978,0.632359,0.708129,0.460781,0.5436 - 0.6944,2.0,Segundo Quintil,"Programa de las Naciones Unidas para el Desarrollo (PNUD), 2019. Unidad del Informe sobre Desarrollo Humano. Perú",Polygon,-71.562611,-16.4587,20.5168,23.427
04,AREQUIPA,0401,AREQUIPA,040109,MARIANO MELGAR,040109,Mariano Melgar,56183,115.0,0.669506,79,78.311572,369.0,82.771813,30.0,11.148828,44.0,1162.805855,151.0,0.888526,0.827718,0.658368,0.738203,0.457528,0.5436 - 0.6944,2.0,Segundo Quintil,"Programa de las Naciones Unidas para el Desarrollo (PNUD), 2019. Unidad del Informe sobre Desarrollo Humano. Perú",Polygon,-71.462872,-16.375382,28.9561,31.616
04,AREQUIPA,0401,AREQUIPA,040126,YANAHUARA,040126,Yanahuara,27293,204.0,0.765344,16,78.622655,330.0,83.515494,20.0,13.790439,4.0,1507.422866,43.0,0.893711,0.835155,0.844397,0.839763,0.597332,0.6944 - 0.8452,1.0,Primer Quintil,"Programa de las Naciones Unidas para el Desarrollo (PNUD), 2019. Unidad del Informe sobre Desarrollo Humano. Perú",Polygon,-71.550405,-16.394744,3.6672,14.3163
04,AREQUIPA,0407,ISLAY,040704,ISLAY,040704,Islay,7264,642.0,0.578404,262,74.737536,823.0,71.566796,329.0,10.005035,137.0,929.797674,334.0,0.828959,0.715668,0.577819,0.64306,0.363001,0.5436 - 0.6944,2.0,Segundo Quintil,"Programa de las Naciones Unidas para el Desarrollo (PNUD), 2019. Unidad del Informe sobre Desarrollo Humano. Perú",Polygon,-72.102212,-16.876308,364.1311,117.0743
05,AYACUCHO,0505,LA MAR,050510,ANCHIHUAY,050510,Anchihuay,3985,944.0,0.243634,1689,82.372316,47.0,24.54553,1825.0,4.155645,1694.0,219.748409,1637.0,0.956205,0.245455,0.16589,0.201789,0.074949,0.2420 - 0.3928,4.0,Cuarto Quintil,"Programa de las Naciones Unidas para el Desarrollo (PNUD), 2019. Unidad del Informe sobre Desarrollo Humano. Perú",Polygon,-73.712695,-12.956483,266.9531,109.3412
05,AYACUCHO,0504,HUANTA,050410,UCHURACCAY,050410,Uchuraccay,3492,1008.0,0.14193,1862,77.295851,481.0,36.303626,1612.0,1.957166,1874.0,162.559288,1751.0,0.871598,0.363036,0.011068,0.063388,0.051748,0.0912 - 0.2420,5.0,Quinto Quintil,"Programa de las Naciones Unidas para el Desarrollo (PNUD), 2019. Unidad del Informe sobre Desarrollo Humano. Perú",Polygon,-74.093174,-12.784521,255.5937,96.0669
08,CUSCO,0809,LA CONVENCION,080911,INKAWASI,080911,Inkawasi,3516,1003.0,0.302351,1410,77.511371,466.0,52.990828,1101.0,5.313007,1299.0,250.006344,1552.0,0.87519,0.529908,0.247395,0.362073,0.087224,0.2420 - 0.3928,4.0,Cuarto Quintil,"Programa de las Naciones Unidas para el Desarrollo (PNUD), 2019. Unidad del Informe sobre Desarrollo Humano. Perú",Polygon,-73.208977,-13.301912,771.4042,170.7143
05,AYACUCHO,0504,HUANTA,050411,PUCACOLPA,050411,Pucacolpa,2352,1221.0,0.198214,1795,80.510658,149.0,43.558494,1432.0,2.49989,1865.0,176.607647,1723.0,0.925178,0.435585,0.049288,0.146523,0.057447,0.0912 - 0.2420,5.0,Quinto Quintil,"Programa de las Naciones Unidas para el Desarrollo (PNUD), 2019. Unidad del Informe sobre Desarrollo Humano. Perú",Polygon,-74.383027,-12.33946,716.4662,153.5952
08,CUSCO,0809,LA CONVENCION,080912,VILLA VIRGEN,080912,Villa Virgen,2143,1269.0,0.421802,769,76.612613,563.0,47.200672,1317.0,6.027444,1030.0,608.680218,747.0,0.86021,0.472007,0.297707,0.37486,0.23273,0.3928 - 0.5436,3.0,Tercer Quintil,"Programa de las Naciones Unidas para el Desarrollo (PNUD), 2019. Unidad del Informe sobre Desarrollo Humano. Perú",Polygon,-73.339763,-13.054381,439.02,122.8044
09,HUANCAVELICA,0907,TAYACAJA,090720,ANDAYMARCA,090720,Andaymarca,2463,1197.0,0.2731,1573,66.511353,1707.0,42.760338,1458.0,4.126044,1703.0,309.209474,1402.0,0.691856,0.427603,0.163806,0.264658,0.111241,0.2420 - 0.3928,4.0,Cuarto Quintil,"Programa de las Naciones Unidas para el Desarrollo (PNUD), 2019. Unidad del Informe sobre Desarrollo Humano. Perú",Polygon,-74.632734,-12.298538,150.6707,76.6247
03,APURIMAC,0301,ABANCAY,030108,SAN PEDRO DE CACHORA,030108,San Pedro De Cachora,3070,1084.0,0.331681,1244,71.55121,1303.0,52.832642,1109.0,4.951497,1429.0,373.558764,1242.0,0.775853,0.528326,0.221936,0.342425,0.137346,0.2420 - 0.3928,4.0,Cuarto Quintil,"Programa de las Naciones Unidas para el Desarrollo (PNUD), 2019. Unidad del Informe sobre Desarrollo Humano. Perú",Polygon,-72.813995,-13.488839,117.9342,54.8142
03,APURIMAC,0306,CHINCHEROS,030601,CHINCHEROS,030601,Chincheros,6209,721.0,0.419216,778,68.179452,1624.0,60.591108,788.0,7.127031,681.0,564.301369,812.0,0.719658,0.605911,0.375143,0.476763,0.214727,0.3928 - 0.5436,3.0,Tercer Quintil,"Programa de las Naciones Unidas para el Desarrollo (PNUD), 2019. Unidad del Informe sobre Desarrollo Humano. Perú",Polygon,-73.748171,-13.518633,135.4735,52.5034
03,APURIMAC,0301,ABANCAY,030104,CURAHUASI,030104,Curahuasi,16627,319.0,0.377913,977,70.274459,1436.0,58.805362,854.0,5.787059,1111.0,468.910151,1005.0,0.754574,0.588054,0.280779,0.406341,0.176028,0.2420 - 0.3928,4.0,Cuarto Quintil,"Programa de las Naciones Unidas para el Desarrollo (PNUD), 2019. Unidad del Informe sobre Desarrollo Humano. Perú",Polygon,-72.618112,-13.63883,859.7137,160.7701
03,APURIMAC,0306,CHINCHEROS,030605,OCOBAMBA,030605,Ocobamba,8997,537.0,0.24131,1696,70.834834,1394.0,58.519139,866.0,4.887115,1452.0,162.121281,1754.0,0.763914,0.585191,0.217402,0.356682,0.05157,0.0912 - 0.2420,5.0,Quinto Quintil,"Programa de las Naciones Unidas para el Desarrollo (PNUD), 2019. Unidad del Informe sobre Desarrollo Humano. Perú",Polygon,-73.519586,-13.506102,216.9293,88.8829
03,APURIMAC,0301,ABANCAY,030105,HUANIPACA,030105,Huanipaca,3511,1004.0,0.269267,1594,69.495019,1511.0,40.420382,1515.0,4.441367,1629.0,271.664849,1497.0,0.741584,0.404204,0.186012,0.274202,0.09601,0.2420 - 0.3928,4.0,Cuarto Quintil,"Programa de las Naciones Unidas para el Desarrollo (PNUD), 2019. Unidad del Informe sobre Desarrollo Humano. Perú",Polygon,-72.97528,-13.476082,427.107,106.1005
03,APURIMAC,0302,ANDAHUAYLAS,030216,TALAVERA,030216,Talavera,17232,315.0,0.479313,550,75.371616,737.0,71.732193,323.0,7.118817,685.0,658.761072,665.0,0.839527,0.717322,0.374565,0.518347,0.253047,0.3928 - 0.5436,3.0,Tercer Quintil,"Programa de las Naciones Unidas para el Desarrollo (PNUD), 2019. Unidad del Informe sobre Desarrollo Humano. Perú",Polygon,-73.453008,-13.627486,158.0195,78.745
03,APURIMAC,0302,ANDAHUAYLAS,030208,PACOBAMBA,030208,Pacobamba,3318,1034.0,0.314086,1363,75.478513,724.0,67.6764,495.0,4.392991,1645.0,293.246483,1447.0,0.841309,0.676764,0.182605,0.35154,0.104765,0.2420 - 0.3928,4.0,Cuarto Quintil,"Programa de las Naciones Unidas para el Desarrollo (PNUD), 2019. Unidad del Informe sobre Desarrollo Humano. Perú",Polygon,-73.129693,-13.536026,259.3724,94.8209
03,APURIMAC,0306,CHINCHEROS,030602,ANCO_HUALLO,030602,Anco-Huallo,11472,441.0,0.383682,943,71.765253,1273.0,64.388533,643.0,6.202487,964.0,434.808003,1076.0,0.779421,0.643885,0.310034,0.446796,0.162194,0.2420 - 0.3928,4.0,Cuarto Quintil,"Programa de las Naciones Unidas para el Desarrollo (PNUD), 2019. Unidad del Informe sobre Desarrollo Humano. Perú",Polygon,-73.669264,-13.544293,91.012,48.6903
03,APURIMAC,0302,ANDAHUAYLAS,030202,ANDARAPA,030202,Andarapa,5702,756.0,0.178496,1838,78.712541,320.0,68.091261,478.0,3.776889,1765.0,85.861331,1856.0,0.895209,0.680913,0.139218,0.307888,0.020633,0.0912 - 0.2420,5.0,Quinto Quintil,"Programa de las Naciones Unidas para el Desarrollo (PNUD), 2019. Unidad del Informe sobre Desarrollo Humano. Perú",Polygon,-73.388573,-13.497287,185.6395,60.5578
03,APURIMAC,0306,CHINCHEROS,030608,RANRACANCHA,030608,Ranracancha,1727,1382.0,0.267554,1600,71.163818,1357.0,58.144072,898.0,3.74789,1774.0,252.275489,1546.0,0.769397,0.581441,0.137175,0.282417,0.088144,0.2420 - 0.3928,4.0,Cuarto Quintil,"Programa de las Naciones Unidas para el Desarrollo (PNUD), 2019. Unidad del Informe sobre Desarrollo Humano. Perú",Polygon,-73.596296,-13.547633,100.0064,45.467
03,APURIMAC,0302,ANDAHUAYLAS,030219,KAQUIABAMBA,030219,Kaquiabamba,2618,1162.0,0.257632,1641,75.903682,665.0,57.380669,926.0,4.277602,1667.0,192.023085,1701.0,0.848395,0.573807,0.174479,0.316413,0.063701,0.2420 - 0.3928,4.0,Cuarto Quintil,"Programa de las Naciones Unidas para el Desarrollo (PNUD), 2019. Unidad del Informe sobre Desarrollo Humano. Perú",Polygon,-73.279402,-13.511541,112.0903,46.9444
03,APURIMAC,0306,CHINCHEROS,030606,ONGOY,030606,Ongoy,5868,742.0,0.358659,1085,68.046638,1628.0,68.138705,473.0,4.978148,1419.0,440.914763,1060.0,0.717444,0.681387,0.223813,0.390517,0.164671,0.2420 - 0.3928,4.0,Cuarto Quintil,"Programa de las Naciones Unidas para el Desarrollo (PNUD), 2019. Unidad del Informe sobre Desarrollo Humano. Perú",Polygon,-73.650652,-13.415315,114.6898,62.9455
03,APURIMAC,0306,CHINCHEROS,030604,HUACCANA,030604,Huaccana,8150,582.0,0.368769,1029,69.598608,1501.0,73.14729,269.0,6.12359,991.0,387.398364,1204.0,0.74331,0.731473,0.304478,0.47193,0.142961,0.2420 - 0.3928,4.0,Cuarto Quintil,"Programa de las Naciones Unidas para el Desarrollo (PNUD), 2019. Unidad del Informe sobre Desarrollo Humano. Perú",Polygon,-73.731186,-13.319479,335.4132,137.3507
05,AYACUCHO,0501,HUAMANGA,050112,SOCOS,050112,Socos,6594,687.0,0.240548,1699,71.986593,1233.0,45.348453,1379.0,3.335733,1829.0,232.836739,1606.0,0.78311,0.453485,0.10815,0.22146,0.080258,0.0912 - 0.2420,5.0,Quinto Quintil,"Programa de las Naciones Unidas para el Desarrollo (PNUD), 2019. Unidad del Informe sobre Desarrollo Humano. Perú",Polygon,-74.284409,-13.261437,169.8023,75.9429
05,AYACUCHO,0501,HUAMANGA,050102,ACOCRO,050102,Acocro,9735,501.0,0.251198,1672,68.522999,1594.0,41.389808,1492.0,5.313682,1297.0,203.311196,1676.0,0.725383,0.413898,0.247442,0.320025,0.06828,0.2420 - 0.3928,4.0,Cuarto Quintil,"Programa de las Naciones Unidas para el Desarrollo (PNUD), 2019. Unidad del Informe sobre Desarrollo Humano. Perú",Polygon,-74.020935,-13.304277,430.1844,102.4118
05,AYACUCHO,0501,HUAMANGA,050113,TAMBILLO,050113,Tambillo,5595,765.0,0.255768,1654,69.853535,1474.0,47.166218,1321.0,4.494716,1611.0,219.408433,1639.0,0.747559,0.471662,0.189769,0.299177,0.074811,0.2420 - 0.3928,4.0,Cuarto Quintil,"Programa de las Naciones Unidas para el Desarrollo (PNUD), 2019. Unidad del Informe sobre Desarrollo Humano. Perú",Polygon,-74.142163,-13.190217,150.9694,56.8669
05,AYACUCHO,0501,HUAMANGA,050111,SANTIAGO DE PISCHA,050111,Santiago De Pischa,1766,1370.0,0.315942,1352,68.352438,1611.0,68.342551,461.0,5.391013,1262.0,293.802104,1445.0,0.722541,0.683426,0.252888,0.415729,0.104991,0.2420 - 0.3928,4.0,Cuarto Quintil,"Programa de las Naciones Unidas para el Desarrollo (PNUD), 2019. Unidad del Informe sobre Desarrollo Humano. Perú",Polygon,-74.364174,-13.074713,89.7531,40.3859
08,CUSCO,0803,ANTA,080305,HUAROCONDO,080305,Huarocondo,4927,828.0,0.334837,1227,78.428462,356.0,53.519473,1073.0,5.306039,1301.0,320.875103,1375.0,0.890474,0.535195,0.246904,0.363513,0.115974,0.2420 - 0.3928,4.0,Cuarto Quintil,"Programa de las Naciones Unidas para el Desarrollo (PNUD), 2019. Unidad del Informe sobre Desarrollo Humano. Perú",Polygon,-72.276707,-13.369649,220.3041,85.2122
08,CUSCO,0803,ANTA,080301,ANTA,080301,Anta,18329,301.0,0.446163,682,73.215027,1069.0,72.399283,296.0,7.637017,549.0,534.399353,872.0,0.803584,0.723993,0.411058,0.54553,0.202596,0.3928 - 0.5436,3.0,Tercer Quintil,"Programa de las Naciones Unidas para el Desarrollo (PNUD), 2019. Unidad del Informe sobre Desarrollo Humano. Perú",Polygon,-72.159965,-13.487899,187.4781,73.5799
08,CUSCO,0803,ANTA,080306,LIMATAMBO,080306,Limatambo,8685,551.0,0.340182,1199,71.109915,1364.0,48.969869,1268.0,5.376243,1266.0,394.561125,1187.0,0.768499,0.489699,0.251848,0.351183,0.145867,0.2420 - 0.3928,4.0,Cuarto Quintil,"Programa de las Naciones Unidas para el Desarrollo (PNUD), 2019. Unidad del Informe sobre Desarrollo Humano. Perú",Polygon,-72.445504,-13.475078,505.9607,125.1862
08,CUSCO,0803,ANTA,080307,MOLLEPATA,080307,Mollepata,2500,1188.0,0.403964,857,73.019621,1099.0,46.462787,1341.0,6.233386,952.0,568.090166,804.0,0.800327,0.464628,0.31221,0.38087,0.216264,0.3928 - 0.5436,3.0,Tercer Quintil,"Programa de las Naciones Unidas para el Desarrollo (PNUD), 2019. Unidad del Informe sobre Desarrollo Humano. Perú",Polygon,-72.623153,-13.463571,369.2098,99.3457
08,CUSCO,0803,ANTA,080308,PUCYURA,080308,Pucyura,3892,956.0,0.428173,742,78.292923,373.0,54.999469,1022.0,7.011218,722.0,519.900486,898.0,0.888215,0.549995,0.366987,0.449267,0.196714,0.3928 - 0.5436,3.0,Tercer Quintil,"Programa de las Naciones Unidas para el Desarrollo (PNUD), 2019. Unidad del Informe sobre Desarrollo Humano. Perú",Polygon,-72.093631,-13.48468,33.9674,30.7336
08,CUSCO,0803,ANTA,080309,ZURITE,080309,Zurite,3225,1050.0,0.429915,734,74.259169,899.0,79.515666,77.0,7.366336,619.0,462.327897,1014.0,0.820986,0.795157,0.391996,0.558299,0.173358,0.3928 - 0.5436,3.0,Tercer Quintil,"Programa de las Naciones Unidas para el Desarrollo (PNUD), 2019. Unidad del Informe sobre Desarrollo Humano. Perú",Polygon,-72.246616,-13.465719,60.8975,35.8977
08,CUSCO,0811,PAUCARTAMBO,081102,CAICAY,081102,Caicay,2732,1145.0,0.245333,1685,63.62241,1791.0,52.957767,1104.0,3.467142,1811.0,261.77286,1522.0,0.643707,0.529578,0.117404,0.249349,0.091997,0.2420 - 0.3928,4.0,Cuarto Quintil,"Programa de las Naciones Unidas para el Desarrollo (PNUD), 2019. Unidad del Informe sobre Desarrollo Humano. Perú",Polygon,-71.676444,-13.564298,106.8226,66.4807
08,CUSCO,0811,PAUCARTAMBO,081105,HUANCARANI,081105,Huancarani,7395,629.0,0.254172,1660,67.161216,1668.0,71.501176,331.0,3.933067,1741.0,210.761974,1657.0,0.702687,0.715012,0.150216,0.327729,0.071303,0.2420 - 0.3928,4.0,Cuarto Quintil,"Programa de las Naciones Unidas para el Desarrollo (PNUD), 2019. Unidad del Informe sobre Desarrollo Humano. Perú",Polygon,-71.631142,-13.510995,145.5439,70.0484
08,CUSCO,0804,CALCA,080401,CALCA,080401,Calca,23833,242.0,0.456296,639,70.991441,1380.0,58.884867,850.0,7.768452,516.0,649.104522,681.0,0.766524,0.588849,0.420314,0.497495,0.24913,0.3928 - 0.5436,3.0,Tercer Quintil,"Programa de las Naciones Unidas para el Desarrollo (PNUD), 2019. Unidad del Informe sobre Desarrollo Humano. Perú",Polygon,-71.95776,-13.268709,312.4361,93.4788
08,CUSCO,0804,CALCA,080403,LAMAY,080403,Lamay,5498,773.0,0.337324,1215,75.904121,664.0,57.871688,905.0,5.114447,1365.0,338.433853,1329.0,0.848402,0.578717,0.233412,0.367531,0.123097,0.2420 - 0.3928,4.0,Cuarto Quintil,"Programa de las Naciones Unidas para el Desarrollo (PNUD), 2019. Unidad del Informe sobre Desarrollo Humano. Perú",Polygon,-71.881082,-13.322057,95.49,43.5595
08,CUSCO,0813,URUBAMBA,081303,HUAYLLABAMBA,081303,Huayllabamba,5389,788.0,0.474684,568,74.7627,818.0,80.530648,61.0,8.225739,421.0,561.598916,819.0,0.829378,0.805306,0.452517,0.603668,0.21363,0.3928 - 0.5436,3.0,Tercer Quintil,"Programa de las Naciones Unidas para el Desarrollo (PNUD), 2019. Unidad del Informe sobre Desarrollo Humano. Perú",Polygon,-72.049807,-13.341889,76.7831,57.1424
08,CUSCO,0813,URUBAMBA,081305,MARAS,081305,Maras,5269,798.0,0.309122,1383,74.650604,837.0,55.220721,1014.0,5.263703,1318.0,274.747947,1492.0,0.82751,0.552207,0.243923,0.367009,0.097261,0.2420 - 0.3928,4.0,Cuarto Quintil,"Programa de las Naciones Unidas para el Desarrollo (PNUD), 2019. Unidad del Informe sobre Desarrollo Humano. Perú",Polygon,-72.162183,-13.336998,141.1382,56.8967
08,CUSCO,0813,URUBAMBA,081302,CHINCHERO,081302,Chinchero,10093,486.0,0.393922,900,77.117874,508.0,77.779753,123.0,6.957865,735.0,361.354041,1270.0,0.868631,0.777798,0.36323,0.531526,0.132395,0.3928 - 0.5436,3.0,Tercer Quintil,"Programa de las Naciones Unidas para el Desarrollo (PNUD), 2019. Unidad del Informe sobre Desarrollo Humano. Perú",Polygon,-72.038776,-13.409381,102.3994,45.0162
08,CUSCO,0801,CUSCO,080103,POROY,080103,Poroy,6254,716.0,0.527441,406,73.004252,1101.0,71.952312,319.0,7.81664,500.0,853.75784,409.0,0.800071,0.719523,0.423707,0.552148,0.332153,0.3928 - 0.5436,3.0,Tercer Quintil,"Programa de las Naciones Unidas para el Desarrollo (PNUD), 2019. Unidad del Informe sobre Desarrollo Humano. Perú",Polygon,-72.042299,-13.501916,13.3574,17.3315
08,CUSCO,0801,CUSCO,080104,SAN JERONIMO,080104,San Jeronimo,59699,107.0,0.654903,99,78.596375,336.0,78.626963,102.0,10.432612,90.0,1156.114896,156.0,0.893273,0.78627,0.60793,0.691373,0.454813,0.5436 - 0.6944,2.0,Segundo Quintil,"Programa de las Naciones Unidas para el Desarrollo (PNUD), 2019. Unidad del Informe sobre Desarrollo Humano. Perú",Polygon,-71.867449,-13.557389,95.6242,52.8842
08,CUSCO,0801,CUSCO,080107,SAYLLA,080107,Saylla,6457,695.0,0.519685,427,77.879334,419.0,69.467591,415.0,8.375865,387.0,727.116236,567.0,0.881322,0.694676,0.463089,0.567183,0.280777,0.3928 - 0.5436,3.0,Tercer Quintil,"Programa de las Naciones Unidas para el Desarrollo (PNUD), 2019. Unidad del Informe sobre Desarrollo Humano. Perú",Polygon,-71.831754,-13.553002,24.14,27.8688
08,CUSCO,0811,PAUCARTAMBO,081103,CHALLABAMBA,081103,Challabamba,9922,493.0,0.190753,1815,59.715596,1854.0,50.754987,1201.0,3.131025,1848.0,170.571193,1735.0,0.578593,0.50755,0.093734,0.218116,0.054998,0.0912 - 0.2420,5.0,Quinto Quintil,"Programa de las Naciones Unidas para el Desarrollo (PNUD), 2019. Unidad del Informe sobre Desarrollo Humano. Perú",Polygon,-71.769289,-13.139245,714.1023,141.3463
08,CUSCO,0809,LA CONVENCION,080910,PICHARI,080910,Pichari,22179,259.0,0.477639,555,75.769881,680.0,55.297962,1012.0,7.386781,614.0,715.563833,582.0,0.846165,0.55298,0.393435,0.466435,0.276091,0.3928 - 0.5436,3.0,Tercer Quintil,"Programa de las Naciones Unidas para el Desarrollo (PNUD), 2019. Unidad del Informe sobre Desarrollo Humano. Perú",Polygon,-73.810321,-12.368107,813.175,135.7375
08,CUSCO,0809,LA CONVENCION,080901,SANTA ANA,080901,Santa Ana,30810,182.0,0.580389,255,77.201582,495.0,80.097643,68.0,9.632935,175.0,868.325288,395.0,0.870026,0.800976,0.551615,0.664703,0.338063,0.5436 - 0.6944,2.0,Segundo Quintil,"Programa de las Naciones Unidas para el Desarrollo (PNUD), 2019. Unidad del Informe sobre Desarrollo Humano. Perú",Polygon,-72.743343,-12.876794,391.527,107.2012
08,CUSCO,0809,LA CONVENCION,080914,MEGANTONI,080914,Megantoni,6089,730.0,0.582218,250,76.191928,619.0,51.07438,1191.0,8.960514,279.0,1158.553251,152.0,0.853199,0.510744,0.504262,0.507492,0.455803,0.5436 - 0.6944,2.0,Segundo Quintil,"Programa de las Naciones Unidas para el Desarrollo (PNUD), 2019. Unidad del Informe sobre Desarrollo Humano. Perú",Polygon,-72.858627,-11.750845,10707.6776,652.6208
08,CUSCO,0809,LA CONVENCION,080903,HUAYOPATA,080903,Huayopata,3283,1040.0,0.470694,582,76.794062,543.0,61.644246,739.0,7.141255,677.0,653.417532,678.0,0.863234,0.616442,0.376145,0.48153,0.250879,0.3928 - 0.5436,3.0,Tercer Quintil,"Programa de las Naciones Unidas para el Desarrollo (PNUD), 2019. Unidad del Informe sobre Desarrollo Humano. Perú",Polygon,-72.473283,-13.050938,530.0339,114.3257
08,CUSCO,0804,CALCA,080404,LARES,080404,Lares,5502,772.0,0.231014,1730,69.70484,1488.0,39.260798,1545.0,3.436337,1821.0,226.759024,1622.0,0.745081,0.392608,0.115235,0.212702,0.077793,0.0912 - 0.2420,5.0,Quinto Quintil,"Programa de las Naciones Unidas para el Desarrollo (PNUD), 2019. Unidad del Informe sobre Desarrollo Humano. Perú",Polygon,-72.026011,-13.085985,731.8588,133.7503
08,CUSCO,0809,LA CONVENCION,080904,MARANURA,080904,Maranura,4086,925.0,0.418354,788,78.60421,335.0,65.972024,560.0,7.014702,719.0,445.441546,1053.0,0.893403,0.65972,0.367233,0.49221,0.166508,0.3928 - 0.5436,3.0,Tercer Quintil,"Programa de las Naciones Unidas para el Desarrollo (PNUD), 2019. Unidad del Informe sobre Desarrollo Humano. Perú",Polygon,-72.643813,-12.937554,164.6123,71.1045
08,CUSCO,0809,LA CONVENCION,080905,OCOBAMBA,080905,Ocobamba,5159,807.0,0.307545,1393,70.573737,1416.0,59.004933,845.0,5.923598,1067.0,263.057026,1520.0,0.759562,0.590049,0.290394,0.413941,0.092518,0.2420 - 0.3928,4.0,Cuarto Quintil,"Programa de las Naciones Unidas para el Desarrollo (PNUD), 2019. Unidad del Informe sobre Desarrollo Humano. Perú",Polygon,-72.362003,-12.916252,862.4618,186.7414
08,CUSCO,0809,LA CONVENCION,080906,QUELLOUNO,080906,Quellouno,17388,311.0,0.322427,1310,73.658916,998.0,66.527985,540.0,5.808948,1105.0,270.086973,1503.0,0.810982,0.66528,0.28232,0.433384,0.09537,0.2420 - 0.3928,4.0,Cuarto Quintil,"Programa de las Naciones Unidas para el Desarrollo (PNUD), 2019. Unidad del Informe sobre Desarrollo Humano. Perú",Polygon,-72.445057,-12.507088,1964.6255,234.091
08,CUSCO,0804,CALCA,080408,YANATILE,080408,Yanatile,11927,430.0,0.345829,1158,71.923561,1246.0,58.361387,882.0,5.5366,1210.0,367.661841,1255.0,0.782059,0.583614,0.263141,0.391883,0.134954,0.2420 - 0.3928,4.0,Cuarto Quintil,"Programa de las Naciones Unidas para el Desarrollo (PNUD), 2019. Unidad del Informe sobre Desarrollo Humano. Perú",Polygon,-72.105025,-12.795633,1992.616,248.4798
08,CUSCO,0809,LA CONVENCION,080907,KIMBIRI,080907,Kimbiri,14952,347.0,0.400052,874,73.404817,1038.0,49.292933,1256.0,6.08222,1011.0,542.396784,856.0,0.806747,0.492929,0.301565,0.385552,0.20584,0.3928 - 0.5436,3.0,Tercer Quintil,"Programa de las Naciones Unidas para el Desarrollo (PNUD), 2019. Unidad del Informe sobre Desarrollo Humano. Perú",Polygon,-73.638167,-12.614813,786.4656,181.6417
08,CUSCO,0809,LA CONVENCION,080908,SANTA TERESA,080908,Santa Teresa,5046,816.0,0.418338,789,76.398841,590.0,59.363989,827.0,6.559126,852.0,507.298977,915.0,0.856647,0.59364,0.33515,0.446047,0.191602,0.3928 - 0.5436,3.0,Tercer Quintil,"Programa de las Naciones Unidas para el Desarrollo (PNUD), 2019. Unidad del Informe sobre Desarrollo Humano. Perú",Polygon,-72.732905,-13.244325,1329.3811,194.0162
08,CUSCO,0809,LA CONVENCION,080909,VILCABAMBA,080909,Vilcabamba,14164,363.0,0.324865,1294,75.799985,674.0,52.19788,1142.0,5.638593,1173.0,300.733557,1423.0,0.846666,0.521979,0.270323,0.375637,0.107803,0.2420 - 0.3928,4.0,Cuarto Quintil,"Programa de las Naciones Unidas para el Desarrollo (PNUD), 2019. Unidad del Informe sobre Desarrollo Humano. Perú",Polygon,-73.051098,-13.053426,2329.3367,403.7741
08,CUSCO,0813,URUBAMBA,081304,MACHUPICCHU,081304,Machupicchu,8082,586.0,0.729357,36,79.041312,280.0,74.937817,209.0,10.793417,59.0,1576.324184,28.0,0.900689,0.749378,0.633339,0.68892,0.625284,0.6944 - 0.8452,1.0,Primer Quintil,"Programa de las Naciones Unidas para el Desarrollo (PNUD), 2019. Unidad del Informe sobre Desarrollo Humano. Perú",Polygon,-72.500141,-13.201452,361.145,93.2109
08,CUSCO,0813,URUBAMBA,081306,OLLANTAYTAMBO,081306,Ollantaytambo,11277,447.0,0.443691,689,73.23232,1068.0,68.317599,464.0,6.347812,923.0,607.596361,750.0,0.803872,0.683176,0.320268,0.46776,0.232291,0.3928 - 0.5436,3.0,Tercer Quintil,"Programa de las Naciones Unidas para el Desarrollo (PNUD), 2019. Unidad del Informe sobre Desarrollo Humano. Perú",Polygon,-72.31637,-13.23645,579.1803,163.7169
08,CUSCO,0813,URUBAMBA,081307,YUCAY,081307,Yucay,3183,1057.0,0.646744,112,79.231483,264.0,67.525945,509.0,10.132838,121.0,1206.994438,128.0,0.903858,0.675259,0.58682,0.629488,0.475454,0.5436 - 0.6944,2.0,Segundo Quintil,"Programa de las Naciones Unidas para el Desarrollo (PNUD), 2019. Unidad del Informe sobre Desarrollo Humano. Perú",Polygon,-72.073224,-13.294238,23.7743,26.316
08,CUSCO,0811,PAUCARTAMBO,081106,KOSÑIPATA,081106,Kosñipata,5309,795.0,0.361212,1069,62.740621,1814.0,65.88598,569.0,5.981485,1044.0,454.303625,1033.0,0.62901,0.65886,0.294471,0.440471,0.170103,0.2420 - 0.3928,4.0,Cuarto Quintil,"Programa de las Naciones Unidas para el Desarrollo (PNUD), 2019. Unidad del Informe sobre Desarrollo Humano. Perú",Polygon,-71.463494,-13.044875,3266.6132,400.9145
08,CUSCO,0813,URUBAMBA,081301,URUBAMBA,081301,Urubamba,21510,263.0,0.596123,223,78.530359,347.0,68.815319,442.0,9.019506,266.0,1024.51534,240.0,0.892173,0.688153,0.508416,0.591496,0.401426,0.5436 - 0.6944,2.0,Segundo Quintil,"Programa de las Naciones Unidas para el Desarrollo (PNUD), 2019. Unidad del Informe sobre Desarrollo Humano. Perú",Polygon,-72.131262,-13.244939,160.9523,58.1309
08,CUSCO,0803,ANTA,080302,ANCAHUASI,080302,Ancahuasi,6402,703.0,0.281117,1528,77.111008,509.0,59.782236,816.0,5.012239,1403.0,206.45732,1670.0,0.868517,0.597822,0.226214,0.367744,0.069557,0.2420 - 0.3928,4.0,Cuarto Quintil,"Programa de las Naciones Unidas para el Desarrollo (PNUD), 2019. Unidad del Informe sobre Desarrollo Humano. Perú",Polygon,-72.322224,-13.46162,124.0806,48.2823
08,CUSCO,0803,ANTA,080303,CACHIMAYO,080303,Cachimayo,2401,1208.0,0.550184,340,74.570181,852.0,79.681894,72.0,8.957892,281.0,819.048981,452.0,0.82617,0.796819,0.504077,0.633765,0.318073,0.5436 - 0.6944,2.0,Segundo Quintil,"Programa de las Naciones Unidas para el Desarrollo (PNUD), 2019. Unidad del Informe sobre Desarrollo Humano. Perú",Polygon,-72.055386,-13.4635,43.6222,37.1687
08,CUSCO,0803,ANTA,080304,CHINCHAYPUJIO,080304,Chinchaypujio,3523,1001.0,0.221263,1757,75.433453,728.0,44.465149,1406.0,4.401912,1639.0,146.292722,1787.0,0.840558,0.444651,0.183233,0.285438,0.045149,0.0912 - 0.2420,5.0,Quinto Quintil,"Programa de las Naciones Unidas para el Desarrollo (PNUD), 2019. Unidad del Informe sobre Desarrollo Humano. Perú",Polygon,-72.27154,-13.61292,395.8716,93.4041
05,AYACUCHO,0511,VILCAS HUAMAN,051104,CONCEPCION,051104,Concepcion,2565,1170.0,0.208998,1777,70.071085,1455.0,45.316149,1381.0,4.237398,1681.0,142.411857,1790.0,0.751185,0.453161,0.171648,0.278898,0.043575,0.0912 - 0.2420,5.0,Quinto Quintil,"Programa de las Naciones Unidas para el Desarrollo (PNUD), 2019. Unidad del Informe sobre Desarrollo Humano. Perú",Polygon,-73.880402,-13.542095,211.8224,67.965
05,AYACUCHO,0502,CANGALLO,050201,CANGALLO,050201,Cangallo,6409,701.0,0.401283,869,75.566047,707.0,58.30949,891.0,6.059351,1019.0,486.922229,967.0,0.842767,0.583095,0.299954,0.418213,0.183336,0.3928 - 0.5436,3.0,Tercer Quintil,"Programa de las Naciones Unidas para el Desarrollo (PNUD), 2019. Unidad del Informe sobre Desarrollo Humano. Perú",Polygon,-74.110066,-13.599728,184.2914,78.1546
05,AYACUCHO,0502,CANGALLO,050204,MARIA PARADO DE BELLIDO,050204,Maria Parado De Bellido,2107,1279.0,0.254006,1663,80.712715,138.0,52.474103,1125.0,3.969287,1733.0,188.659008,1704.0,0.928545,0.524741,0.152767,0.283131,0.062336,0.2420 - 0.3928,4.0,Cuarto Quintil,"Programa de las Naciones Unidas para el Desarrollo (PNUD), 2019. Unidad del Informe sobre Desarrollo Humano. Perú",Polygon,-74.27566,-13.568056,131.7704,58.1894
05,AYACUCHO,0502,CANGALLO,050203,LOS MOROCHUCOS,050203,Los Morochucos,7947,595.0,0.34068,1195,82.165118,55.0,69.53156,409.0,5.013679,1401.0,292.886529,1449.0,0.952752,0.695316,0.226315,0.396687,0.104619,0.2420 - 0.3928,4.0,Cuarto Quintil,"Programa de las Naciones Unidas para el Desarrollo (PNUD), 2019. Unidad del Informe sobre Desarrollo Humano. Perú",Polygon,-74.225654,-13.494213,249.4905,84.6186
05,AYACUCHO,0511,VILCAS HUAMAN,051108,VISCHONGO,051108,Vischongo,4498,880.0,0.34213,1178,72.396489,1181.0,57.245665,931.0,4.840737,1475.0,391.927602,1190.0,0.789941,0.572457,0.214136,0.35012,0.144798,0.2420 - 0.3928,4.0,Cuarto Quintil,"Programa de las Naciones Unidas para el Desarrollo (PNUD), 2019. Unidad del Informe sobre Desarrollo Humano. Perú",Polygon,-74.013669,-13.553687,264.8834,94.3879
05,AYACUCHO,0502,CANGALLO,050202,CHUSCHI,050202,Chuschi,7722,613.0,0.31827,1337,80.254912,176.0,50.51948,1211.0,5.212632,1337.0,282.659877,1473.0,0.920915,0.505195,0.240326,0.348442,0.100471,0.2420 - 0.3928,4.0,Cuarto Quintil,"Programa de las Naciones Unidas para el Desarrollo (PNUD), 2019. Unidad del Informe sobre Desarrollo Humano. Perú",Polygon,-74.436208,-13.493112,411.9168,138.1083
05,AYACUCHO,0502,CANGALLO,050205,PARAS,050205,Paras,3876,959.0,0.258777,1637,78.231373,379.0,42.593515,1463.0,4.069708,1714.0,219.52973,1638.0,0.88719,0.425935,0.159839,0.260923,0.07486,0.2420 - 0.3928,4.0,Cuarto Quintil,"Programa de las Naciones Unidas para el Desarrollo (PNUD), 2019. Unidad del Informe sobre Desarrollo Humano. Perú",Polygon,-74.719562,-13.460748,777.6048,148.1914
05,AYACUCHO,0502,CANGALLO,050206,TOTOS,050206,Totos,3026,1091.0,0.279804,1536,76.585546,569.0,60.095734,806.0,4.401205,1641.0,224.293465,1628.0,0.859759,0.600957,0.183183,0.331791,0.076792,0.2420 - 0.3928,4.0,Cuarto Quintil,"Programa de las Naciones Unidas para el Desarrollo (PNUD), 2019. Unidad del Informe sobre Desarrollo Humano. Perú",Polygon,-74.501181,-13.556164,115.2702,49.3441
05,AYACUCHO,0501,HUAMANGA,050106,OCROS,050106,Ocros,5819,745.0,0.230128,1734,69.172621,1544.0,47.737466,1299.0,4.51302,1599.0,170.116818,1736.0,0.73621,0.477375,0.191058,0.302004,0.054814,0.0912 - 0.2420,5.0,Quinto Quintil,"Programa de las Naciones Unidas para el Desarrollo (PNUD), 2019. Unidad del Informe sobre Desarrollo Humano. Perú",Polygon,-73.900297,-13.392599,300.857,93.6991
05,AYACUCHO,0501,HUAMANGA,050105,CHIARA,050105,Chiara,6998,662.0,0.324731,1295,68.575371,1587.0,46.661466,1332.0,5.125443,1364.0,386.592398,1209.0,0.726256,0.466615,0.234186,0.330567,0.142634,0.2420 - 0.3928,4.0,Cuarto Quintil,"Programa de las Naciones Unidas para el Desarrollo (PNUD), 2019. Unidad del Informe sobre Desarrollo Humano. Perú",Polygon,-74.158605,-13.375716,454.8036,120.5909
05,AYACUCHO,0501,HUAMANGA,050114,VINCHOS,050114,Vinchos,15618,335.0,0.185978,1825,69.852501,1475.0,39.770243,1531.0,3.164004,1846.0,143.52275,1788.0,0.747542,0.397702,0.096057,0.195453,0.044025,0.0912 - 0.2420,5.0,Quinto Quintil,"Programa de las Naciones Unidas para el Desarrollo (PNUD), 2019. Unidad del Informe sobre Desarrollo Humano. Perú",Polygon,-74.456415,-13.306273,914.8857,150.2876
05,AYACUCHO,0505,LA MAR,050511,ORONCCOY,050511,Oronccoy,1010,1600.0,0.284493,1520,81.765273,70.0,65.249401,601.0,3.954109,1737.0,225.687873,1626.0,0.946088,0.652494,0.151698,0.314614,0.077358,0.2420 - 0.3928,4.0,Cuarto Quintil,"Programa de las Naciones Unidas para el Desarrollo (PNUD), 2019. Unidad del Informe sobre Desarrollo Humano. Perú",Polygon,-73.3926,-13.346304,553.7368,135.987
05,AYACUCHO,0501,HUAMANGA,050110,SAN JUAN BAUTISTA,050110,San Juan Bautista,55908,116.0,0.543403,357,74.578524,849.0,77.178974,143.0,9.727501,164.0,764.233834,519.0,0.826309,0.77179,0.558275,0.656407,0.295835,0.3928 - 0.5436,3.0,Tercer Quintil,"Programa de las Naciones Unidas para el Desarrollo (PNUD), 2019. Unidad del Informe sobre Desarrollo Humano. Perú",Polygon,-74.212024,-13.195929,15.617,31.2487
05,AYACUCHO,0505,LA MAR,050504,CHILCAS,050504,Chilcas,2626,1159.0,0.277632,1545,78.53167,346.0,53.421978,1080.0,4.132029,1699.0,234.61079,1600.0,0.892195,0.53422,0.164227,0.296198,0.080978,0.2420 - 0.3928,4.0,Cuarto Quintil,"Programa de las Naciones Unidas para el Desarrollo (PNUD), 2019. Unidad del Informe sobre Desarrollo Humano. Perú",Polygon,-73.866039,-13.168607,154.2492,61.321
05,AYACUCHO,0501,HUAMANGA,050101,AYACUCHO,050101,Ayacucho,104521,54.0,0.550625,335,69.909288,1471.0,75.086226,205.0,10.154153,117.0,862.205167,401.0,0.748488,0.750862,0.588321,0.664641,0.33558,0.5436 - 0.6944,2.0,Segundo Quintil,"Programa de las Naciones Unidas para el Desarrollo (PNUD), 2019. Unidad del Informe sobre Desarrollo Humano. Perú",MultiPolygon,-74.252086,-13.134555,81.3234,48.7067
05,AYACUCHO,0501,HUAMANGA,050115,JESUS NAZARENO,050115,Jesus Nazareno,18408,300.0,0.576247,266,74.206664,911.0,79.402051,81.0,10.17052,116.0,875.665226,389.0,0.820111,0.794021,0.589473,0.684145,0.341041,0.5436 - 0.6944,2.0,Segundo Quintil,"Programa de las Naciones Unidas para el Desarrollo (PNUD), 2019. Unidad del Informe sobre Desarrollo Humano. Perú",Polygon,-74.208562,-13.121888,16.1179,29.8414
05,AYACUCHO,0501,HUAMANGA,050109,SAN JOSE DE TICLLAS,050109,San Jose De Ticllas,2654,1155.0,0.297131,1446,68.792904,1570.0,58.984879,846.0,4.059246,1717.0,324.200809,1362.0,0.729882,0.589849,0.159102,0.306343,0.117323,0.2420 - 0.3928,4.0,Cuarto Quintil,"Programa de las Naciones Unidas para el Desarrollo (PNUD), 2019. Unidad del Informe sobre Desarrollo Humano. Perú",Polygon,-74.326415,-13.125109,80.9686,43.3012
05,AYACUCHO,0501,HUAMANGA,050103,ACOS VINCHOS,050103,Acos Vinchos,5787,746.0,0.255009,1658,70.443635,1424.0,41.736956,1486.0,3.686775,1787.0,264.184189,1514.0,0.757394,0.41737,0.132872,0.235492,0.092975,0.2420 - 0.3928,4.0,Cuarto Quintil,"Programa de las Naciones Unidas para el Desarrollo (PNUD), 2019. Unidad del Informe sobre Desarrollo Humano. Perú",Polygon,-74.055604,-13.127935,154.4981,64.7715
05,AYACUCHO,0501,HUAMANGA,050108,QUINUA,050108,Quinua,5716,753.0,0.304726,1406,64.360394,1776.0,59.341577,828.0,5.078529,1380.0,322.252715,1370.0,0.656007,0.593416,0.230882,0.370148,0.116533,0.2420 - 0.3928,4.0,Cuarto Quintil,"Programa de las Naciones Unidas para el Desarrollo (PNUD), 2019. Unidad del Informe sobre Desarrollo Humano. Perú",Polygon,-74.134527,-13.061386,114.8651,58.9396
05,AYACUCHO,0501,HUAMANGA,050107,PACAYCASA,050107,Pacaycasa,3411,1023.0,0.360971,1073,65.314531,1747.0,56.311505,967.0,6.061298,1018.0,454.758809,1032.0,0.671909,0.563115,0.300091,0.411079,0.170288,0.2420 - 0.3928,4.0,Cuarto Quintil,"Programa de las Naciones Unidas para el Desarrollo (PNUD), 2019. Unidad del Informe sobre Desarrollo Humano. Perú",Polygon,-74.232689,-13.053187,53.9521,35.5376
05,AYACUCHO,0505,LA MAR,050502,ANCO,050502,Anco,10927,460.0,0.329762,1256,80.339926,168.0,56.15071,975.0,5.180462,1347.0,297.126282,1435.0,0.922332,0.561507,0.238061,0.365613,0.106339,0.2420 - 0.3928,4.0,Cuarto Quintil,"Programa de las Naciones Unidas para el Desarrollo (PNUD), 2019. Unidad del Informe sobre Desarrollo Humano. Perú",Polygon,-73.643313,-13.064692,787.7365,163.3444
05,AYACUCHO,0504,HUANTA,050403,HUAMANGUILLA,050403,Huamanguilla,4463,884.0,0.318212,1338,77.251505,489.0,52.465298,1126.0,4.999498,1409.0,300.268476,1425.0,0.870858,0.524653,0.225317,0.343821,0.107614,0.2420 - 0.3928,4.0,Cuarto Quintil,"Programa de las Naciones Unidas para el Desarrollo (PNUD), 2019. Unidad del Informe sobre Desarrollo Humano. Perú",Polygon,-74.158937,-12.99265,93.8706,51.5857
05,AYACUCHO,0505,LA MAR,050501,SAN MIGUEL,050501,San Miguel,9097,531.0,0.332045,1241,76.070703,640.0,65.353376,596.0,4.851251,1468.0,317.916103,1382.0,0.851178,0.653534,0.214877,0.374739,0.114773,0.2420 - 0.3928,4.0,Cuarto Quintil,"Programa de las Naciones Unidas para el Desarrollo (PNUD), 2019. Unidad del Informe sobre Desarrollo Humano. Perú",Polygon,-73.942628,-13.036048,451.0811,115.3876
05,AYACUCHO,0504,HUANTA,050404,IGUAIN,050404,Iguain,3208,1054.0,0.360496,1077,76.98716,525.0,58.515713,867.0,4.691213,1535.0,421.135991,1115.0,0.866453,0.585157,0.203607,0.345169,0.156647,0.2420 - 0.3928,4.0,Cuarto Quintil,"Programa de las Naciones Unidas para el Desarrollo (PNUD), 2019. Unidad del Informe sobre Desarrollo Humano. Perú",Polygon,-74.21823,-12.983081,60.5214,46.5957
05,AYACUCHO,0505,LA MAR,050508,TAMBO,050508,Tambo,17575,308.0,0.242115,1694,78.609957,332.0,51.629386,1168.0,3.602766,1799.0,187.937573,1705.0,0.893499,0.516294,0.126955,0.25602,0.062044,0.2420 - 0.3928,4.0,Cuarto Quintil,"Programa de las Naciones Unidas para el Desarrollo (PNUD), 2019. Unidad del Informe sobre Desarrollo Humano. Perú",Polygon,-74.023089,-12.912289,309.1711,96.4333
05,AYACUCHO,0504,HUANTA,050401,HUANTA,050401,Huanta,45976,138.0,0.449341,670,74.144342,921.0,69.22697,433.0,7.465487,593.0,554.528815,832.0,0.819072,0.69227,0.398978,0.525548,0.210762,0.3928 - 0.5436,3.0,Tercer Quintil,"Programa de las Naciones Unidas para el Desarrollo (PNUD), 2019. Unidad del Informe sobre Desarrollo Humano. Perú",Polygon,-74.211441,-12.912026,164.722,63.9496
05,AYACUCHO,0504,HUANTA,050405,LURICOCHA,050405,Luricocha,5435,781.0,0.353696,1109,75.003935,792.0,67.026745,522.0,5.385231,1263.0,353.138873,1288.0,0.833399,0.670267,0.252481,0.411376,0.129062,0.2420 - 0.3928,4.0,Cuarto Quintil,"Programa de las Naciones Unidas para el Desarrollo (PNUD), 2019. Unidad del Informe sobre Desarrollo Humano. Perú",Polygon,-74.274423,-12.860804,141.8955,57.9584
05,AYACUCHO,0504,HUANTA,050406,SANTILLANA,050406,Santillana,5787,747.0,0.246427,1683,77.039188,518.0,43.422374,1439.0,3.781613,1762.0,207.775276,1665.0,0.86732,0.434224,0.13955,0.246163,0.070091,0.2420 - 0.3928,4.0,Cuarto Quintil,"Programa de las Naciones Unidas para el Desarrollo (PNUD), 2019. Unidad del Informe sobre Desarrollo Humano. Perú",Polygon,-74.241984,-12.671184,286.1106,103.2073
05,AYACUCHO,0505,LA MAR,050507,SANTA ROSA,050507,Santa Rosa,10588,468.0,0.411985,817,76.640185,557.0,48.364364,1282.0,5.705294,1149.0,584.133567,780.0,0.86067,0.483644,0.275021,0.364708,0.222772,0.3928 - 0.5436,3.0,Tercer Quintil,"Programa de las Naciones Unidas para el Desarrollo (PNUD), 2019. Unidad del Informe sobre Desarrollo Humano. Perú",Polygon,-73.78927,-12.764608,389.1995,91.8615
05,AYACUCHO,0505,LA MAR,050503,AYNA,050503,Ayna,10572,469.0,0.41563,801,73.794651,978.0,58.148418,896.0,6.388915,907.0,537.03674,865.0,0.813244,0.581484,0.323163,0.433491,0.203666,0.3928 - 0.5436,3.0,Tercer Quintil,"Programa de las Naciones Unidas para el Desarrollo (PNUD), 2019. Unidad del Informe sobre Desarrollo Humano. Perú",Polygon,-73.890833,-12.728437,285.3065,108.7884
05,AYACUCHO,0504,HUANTA,050402,AYAHUANCO,050402,Ayahuanco,6751,680.0,0.25659,1650,68.438182,1603.0,61.58703,741.0,3.467084,1812.0,248.913289,1557.0,0.72397,0.61587,0.1174,0.268893,0.08678,0.2420 - 0.3928,4.0,Cuarto Quintil,"Programa de las Naciones Unidas para el Desarrollo (PNUD), 2019. Unidad del Informe sobre Desarrollo Humano. Perú",Polygon,-74.30535,-12.531479,370.3669,98.0871
05,AYACUCHO,0504,HUANTA,050407,SIVIA,050407,Sivia,12291,423.0,0.386658,936,77.009388,521.0,52.555946,1122.0,5.26395,1317.0,494.108425,950.0,0.866823,0.525559,0.24394,0.358057,0.186251,0.2420 - 0.3928,4.0,Cuarto Quintil,"Programa de las Naciones Unidas para el Desarrollo (PNUD), 2019. Unidad del Informe sobre Desarrollo Humano. Perú",Polygon,-73.996407,-12.603796,896.7224,133.9562
05,AYACUCHO,0504,HUANTA,050408,LLOCHEGUA,050408,Llochegua,11958,429.0,0.411874,818,73.584489,1008.0,51.504532,1174.0,6.164632,979.0,569.577022,803.0,0.809741,0.515045,0.307368,0.39788,0.216867,0.3928 - 0.5436,3.0,Tercer Quintil,"Programa de las Naciones Unidas para el Desarrollo (PNUD), 2019. Unidad del Informe sobre Desarrollo Humano. Perú",Polygon,-74.082519,-12.444428,515.9586,132.4223
05,AYACUCHO,0504,HUANTA,050409,CANAYRE,050409,Canayre,3547,999.0,0.371225,1017,73.472763,1025.0,52.712328,1116.0,5.86133,1084.0,437.010537,1067.0,0.807879,0.527123,0.286009,0.388281,0.163087,0.2420 - 0.3928,4.0,Cuarto Quintil,"Programa de las Naciones Unidas para el Desarrollo (PNUD), 2019. Unidad del Informe sobre Desarrollo Humano. Perú",Polygon,-74.1021,-12.340615,269.1788,100.8016
05,AYACUCHO,0505,LA MAR,050509,SAMUGARI,050509,Samugari,10953,459.0,0.370171,1022,82.069852,60.0,43.637121,1429.0,5.14681,1353.0,444.892865,1054.0,0.951164,0.436371,0.235691,0.3207,0.166285,0.2420 - 0.3928,4.0,Cuarto Quintil,"Programa de las Naciones Unidas para el Desarrollo (PNUD), 2019. Unidad del Informe sobre Desarrollo Humano. Perú",Polygon,-73.720715,-12.860284,379.9022,108.2183
05,AYACUCHO,0505,LA MAR,050506,LUIS CARRANZA,050506,Luis Carranza,851,1658.0,0.203487,1787,79.60442,229.0,46.480139,1338.0,4.476814,1619.0,112.099718,1828.0,0.910074,0.464801,0.188508,0.296005,0.031278,0.0912 - 0.2420,5.0,Quinto Quintil,"Programa de las Naciones Unidas para el Desarrollo (PNUD), 2019. Unidad del Informe sobre Desarrollo Humano. Perú",Polygon,-73.891003,-13.239375,133.8219,70.58
05,AYACUCHO,0501,HUAMANGA,050104,CARMEN ALTO,050104,Carmen Alto,27606,199.0,0.530512,396,73.766821,982.0,68.456517,456.0,8.941396,285.0,806.746945,464.0,0.81278,0.684565,0.502915,0.586752,0.313082,0.3928 - 0.5436,3.0,Tercer Quintil,"Programa de las Naciones Unidas para el Desarrollo (PNUD), 2019. Unidad del Informe sobre Desarrollo Humano. Perú",Polygon,-74.235594,-13.204081,16.9518,28.3972
08,CUSCO,0811,PAUCARTAMBO,081101,PAUCARTAMBO,081101,Paucartambo,12676,410.0,0.246623,1682,59.50772,1855.0,42.678908,1460.0,3.991374,1727.0,285.513026,1467.0,0.575129,0.426789,0.154322,0.256638,0.101628,0.2420 - 0.3928,4.0,Cuarto Quintil,"Programa de las Naciones Unidas para el Desarrollo (PNUD), 2019. Unidad del Informe sobre Desarrollo Humano. Perú",Polygon,-71.464019,-13.301329,1091.1404,165.1235
08,CUSCO,0811,PAUCARTAMBO,081104,COLQUEPATA,081104,Colquepata,9398,519.0,0.174745,1843,66.075256,1723.0,55.642701,994.0,2.96975,1855.0,124.741964,1815.0,0.684588,0.556427,0.082377,0.214095,0.036406,0.0912 - 0.2420,5.0,Quinto Quintil,"Programa de las Naciones Unidas para el Desarrollo (PNUD), 2019. Unidad del Informe sobre Desarrollo Humano. Perú",Polygon,-71.654229,-13.403006,459.461,155.5434
08,CUSCO,0804,CALCA,080402,COYA,080402,Coya,3745,972.0,0.360594,1076,71.363164,1333.0,64.803806,618.0,6.177703,971.0,369.634649,1252.0,0.772719,0.648038,0.308289,0.446971,0.135754,0.2420 - 0.3928,4.0,Cuarto Quintil,"Programa de las Naciones Unidas para el Desarrollo (PNUD), 2019. Unidad del Informe sobre Desarrollo Humano. Perú",Polygon,-71.915323,-13.402413,70.2397,47.1518
08,CUSCO,0804,CALCA,080405,PISAC,080405,Pisac,10179,482.0,0.416864,793,76.749402,548.0,64.553274,635.0,6.067768,1016.0,505.036945,923.0,0.86249,0.645533,0.300547,0.440469,0.190684,0.3928 - 0.5436,3.0,Tercer Quintil,"Programa de las Naciones Unidas para el Desarrollo (PNUD), 2019. Unidad del Informe sobre Desarrollo Humano. Perú",Polygon,-71.80834,-13.389133,147.7066,61.4493
08,CUSCO,0804,CALCA,080406,SAN SALVADOR,080406,San Salvador,5531,769.0,0.302626,1409,73.963258,949.0,51.573882,1169.0,4.44307,1628.0,305.203703,1410.0,0.816054,0.515739,0.186132,0.309831,0.109616,0.2420 - 0.3928,4.0,Cuarto Quintil,"Programa de las Naciones Unidas para el Desarrollo (PNUD), 2019. Unidad del Informe sobre Desarrollo Humano. Perú",Polygon,-71.774199,-13.488209,128.046,56.9683
08,CUSCO,0804,CALCA,080407,TARAY,080407,Taray,4673,864.0,0.385461,939,78.887979,298.0,75.262986,198.0,5.9427,1061.0,370.45025,1250.0,0.898133,0.75263,0.291739,0.468585,0.136085,0.2420 - 0.3928,4.0,Cuarto Quintil,"Programa de las Naciones Unidas para el Desarrollo (PNUD), 2019. Unidad del Informe sobre Desarrollo Humano. Perú",Polygon,-71.883828,-13.460217,54.86,34.0409
08,CUSCO,0812,QUISPICANCHI,081209,MARCAPATA,081209,Marcapata,4200,910.0,0.204971,1785,63.128699,1805.0,30.492884,1750.0,3.843593,1755.0,194.455198,1695.0,0.635478,0.304929,0.143915,0.209485,0.064688,0.0912 - 0.2420,5.0,Quinto Quintil,"Programa de las Naciones Unidas para el Desarrollo (PNUD), 2019. Unidad del Informe sobre Desarrollo Humano. Perú",Polygon,-70.912649,-13.639751,1300.2053,202.917
08,CUSCO,0812,QUISPICANCHI,081210,OCONGATE,081210,Ocongate,16119,326.0,0.270143,1586,67.030869,1680.0,59.596346,821.0,3.690268,1784.0,281.294823,1477.0,0.700514,0.595963,0.133117,0.281661,0.099917,0.2420 - 0.3928,4.0,Cuarto Quintil,"Programa de las Naciones Unidas para el Desarrollo (PNUD), 2019. Unidad del Informe sobre Desarrollo Humano. Perú",Polygon,-71.268922,-13.687648,947.8146,162.0575
08,CUSCO,0812,QUISPICANCHI,081211,OROPESA,081211,Oropesa,8658,553.0,0.506558,472,64.793709,1760.0,77.154174,144.0,8.358129,390.0,844.311783,423.0,0.663228,0.771542,0.46184,0.596933,0.328321,0.3928 - 0.5436,3.0,Tercer Quintil,"Programa de las Naciones Unidas para el Desarrollo (PNUD), 2019. Unidad del Informe sobre Desarrollo Humano. Perú",Polygon,-71.788647,-13.574086,78.3065,40.8476
08,CUSCO,0812,QUISPICANCHI,081204,CCARHUAYO,081204,Ccarhuayo,2972,1102.0,0.176846,1841,62.555958,1816.0,48.97896,1267.0,3.327041,1832.0,129.905458,1808.0,0.625933,0.48979,0.107538,0.229502,0.038501,0.0912 - 0.2420,5.0,Quinto Quintil,"Programa de las Naciones Unidas para el Desarrollo (PNUD), 2019. Unidad del Informe sobre Desarrollo Humano. Perú",Polygon,-71.343979,-13.53697,303.327,90.7372
08,CUSCO,0812,QUISPICANCHI,081205,CCATCA,081205,Ccatca,17390,310.0,0.206934,1781,70.184291,1444.0,51.553667,1171.0,3.191923,1844.0,164.027405,1749.0,0.753072,0.515537,0.098023,0.224798,0.052344,0.0912 - 0.2420,5.0,Quinto Quintil,"Programa de las Naciones Unidas para el Desarrollo (PNUD), 2019. Unidad del Informe sobre Desarrollo Humano. Perú",Polygon,-71.505745,-13.600362,296.7595,101.8701
08,CUSCO,0801,CUSCO,080101,CUSCO,080101,Cusco,122605,49.0,0.659084,92,75.614652,698.0,81.097094,52.0,11.294407,37.0,1171.113417,146.0,0.843578,0.810971,0.66862,0.736364,0.460898,0.5436 - 0.6944,2.0,Segundo Quintil,"Programa de las Naciones Unidas para el Desarrollo (PNUD), 2019. Unidad del Informe sobre Desarrollo Humano. Perú",Polygon,-71.987614,-13.492535,101.4195,53.2206
08,CUSCO,0812,QUISPICANCHI,081203,CAMANTI,081203,Camanti,2072,1287.0,0.456269,640,57.228144,1864.0,65.702088,579.0,7.857171,487.0,858.410439,405.0,0.537136,0.657021,0.426561,0.529396,0.334041,0.3928 - 0.5436,3.0,Tercer Quintil,"Programa de las Naciones Unidas para el Desarrollo (PNUD), 2019. Unidad del Informe sobre Desarrollo Humano. Perú",Polygon,-70.748818,-13.342221,3361.3991,323.71
09,HUANCAVELICA,0907,TAYACAJA,090718,TINTAY PUNCU,090718,Tintay Puncu,10006,490.0,0.328338,1270,67.625314,1650.0,46.451307,1343.0,5.452125,1244.0,390.332678,1194.0,0.710422,0.464513,0.257192,0.345643,0.144151,0.2420 - 0.3928,4.0,Cuarto Quintil,"Programa de las Naciones Unidas para el Desarrollo (PNUD), 2019. Unidad del Informe sobre Desarrollo Humano. Perú",Polygon,-74.503956,-12.177111,255.7218,100.0138
09,HUANCAVELICA,0907,TAYACAJA,090717,SURCUBAMBA,090717,Surcubamba,4487,881.0,0.3436,1170,66.340613,1715.0,68.629979,450.0,4.961316,1427.0,406.2834,1151.0,0.68901,0.6863,0.222628,0.390883,0.150622,0.2420 - 0.3928,4.0,Cuarto Quintil,"Programa de las Naciones Unidas para el Desarrollo (PNUD), 2019. Unidad del Informe sobre Desarrollo Humano. Perú",Polygon,-74.652352,-12.150708,282.6327,104.9657
09,HUANCAVELICA,0907,TAYACAJA,090707,HUACHOCOLPA,090707,Huachocolpa,5492,774.0,0.296219,1453,66.481201,1710.0,65.7212,578.0,6.18117,970.0,240.803159,1580.0,0.691353,0.657212,0.308533,0.450302,0.08349,0.2420 - 0.3928,4.0,Cuarto Quintil,"Programa de las Naciones Unidas para el Desarrollo (PNUD), 2019. Unidad del Informe sobre Desarrollo Humano. Perú",Polygon,-74.545813,-12.056652,265.7826,86.2676
09,HUANCAVELICA,0907,TAYACAJA,090702,ACOSTAMBO,090702,Acostambo,3265,1041.0,0.319751,1328,73.356009,1047.0,47.73247,1301.0,4.747968,1514.0,352.63529,1289.0,0.805933,0.477325,0.207603,0.314792,0.128858,0.2420 - 0.3928,4.0,Cuarto Quintil,"Programa de las Naciones Unidas para el Desarrollo (PNUD), 2019. Unidad del Informe sobre Desarrollo Humano. Perú",Polygon,-75.011754,-12.412671,164.3231,69.4081
09,HUANCAVELICA,0906,HUAYTARA,090616,TAMBO,090616,Tambo,213,1867.0,0.37819,975,61.960628,1825.0,62.447481,713.0,6.662538,822.0,503.07527,928.0,0.61601,0.624475,0.342432,0.462429,0.189889,0.2420 - 0.3928,4.0,Cuarto Quintil,"Programa de las Naciones Unidas para el Desarrollo (PNUD), 2019. Unidad del Informe sobre Desarrollo Humano. Perú",Polygon,-75.176206,-13.58969,227.6232,103.7092
09,HUANCAVELICA,0906,HUAYTARA,090601,HUAYTARA,090601,Huaytara,2062,1289.0,0.525859,411,73.821565,972.0,52.912022,1106.0,8.902807,296.0,891.28326,373.0,0.813693,0.52912,0.500198,0.514456,0.347377,0.3928 - 0.5436,3.0,Tercer Quintil,"Programa de las Naciones Unidas para el Desarrollo (PNUD), 2019. Unidad del Informe sobre Desarrollo Humano. Perú",Polygon,-75.392689,-13.653519,393.754,137.3114
09,HUANCAVELICA,0906,HUAYTARA,090609,QUITO-ARMA,090609,Quito-Arma,689,1704.0,0.314285,1360,64.328488,1778.0,32.280544,1722.0,5.951746,1057.0,415.005021,1134.0,0.655475,0.322805,0.292377,0.307214,0.15416,0.2420 - 0.3928,4.0,Cuarto Quintil,"Programa de las Naciones Unidas para el Desarrollo (PNUD), 2019. Unidad del Informe sobre Desarrollo Humano. Perú",Polygon,-75.406,-13.538631,239.2231,70.3438
09,HUANCAVELICA,0906,HUAYTARA,090610,SAN ANTONIO DE CUSICANCHA,090610,San Antonio De Cusicancha,1487,1437.0,0.251497,1670,68.589452,1586.0,36.315612,1610.0,4.88552,1453.0,227.139594,1621.0,0.726491,0.363156,0.21729,0.28091,0.077947,0.2420 - 0.3928,4.0,Cuarto Quintil,"Programa de las Naciones Unidas para el Desarrollo (PNUD), 2019. Unidad del Informe sobre Desarrollo Humano. Perú",Polygon,-75.237674,-13.465411,238.8734,78.9859
09,HUANCAVELICA,0904,CASTROVIRREYNA,090413,TICRAPO,090413,Ticrapo,1392,1466.0,0.447935,677,68.901664,1562.0,47.516048,1305.0,7.89534,478.0,705.437717,600.0,0.731694,0.47516,0.429249,0.451622,0.271983,0.3928 - 0.5436,3.0,Tercer Quintil,"Programa de las Naciones Unidas para el Desarrollo (PNUD), 2019. Unidad del Informe sobre Desarrollo Humano. Perú",Polygon,-75.40973,-13.418054,182.5774,75.6888
09,HUANCAVELICA,0904,CASTROVIRREYNA,090404,CAPILLAS,090404,Capillas,1172,1547.0,0.341117,1189,59.282312,1857.0,46.114177,1352.0,7.126424,682.0,446.735581,1050.0,0.571372,0.461142,0.3751,0.415902,0.167033,0.2420 - 0.3928,4.0,Cuarto Quintil,"Programa de las Naciones Unidas para el Desarrollo (PNUD), 2019. Unidad del Informe sobre Desarrollo Humano. Perú",Polygon,-75.611028,-13.342436,400.2315,111.4814
09,HUANCAVELICA,0904,CASTROVIRREYNA,090406,COCAS,090406,Cocas,796,1672.0,0.263694,1617,63.150898,1804.0,38.735909,1558.0,6.074814,1015.0,243.158485,1577.0,0.635848,0.387359,0.301043,0.341485,0.084446,0.2420 - 0.3928,4.0,Cuarto Quintil,"Programa de las Naciones Unidas para el Desarrollo (PNUD), 2019. Unidad del Informe sobre Desarrollo Humano. Perú",Polygon,-75.363074,-13.274161,80.9631,49.3286
09,HUANCAVELICA,0906,HUAYTARA,090607,PILPICHACA,090607,Pilpichaca,3328,1033.0,0.299795,1429,72.830033,1126.0,46.426472,1345.0,4.99751,1410.0,292.688144,1450.0,0.797167,0.464265,0.225177,0.323329,0.104539,0.2420 - 0.3928,4.0,Cuarto Quintil,"Programa de las Naciones Unidas para el Desarrollo (PNUD), 2019. Unidad del Informe sobre Desarrollo Humano. Perú",Polygon,-74.94607,-13.409414,2179.5162,332.6764
09,HUANCAVELICA,0904,CASTROVIRREYNA,090410,SAN JUAN,090410,San Juan,428,1817.0,0.374977,997,57.3458,1862.0,44.668435,1401.0,7.326686,630.0,613.197805,736.0,0.539097,0.446684,0.389203,0.416954,0.234563,0.2420 - 0.3928,4.0,Cuarto Quintil,"Programa de las Naciones Unidas para el Desarrollo (PNUD), 2019. Unidad del Informe sobre Desarrollo Humano. Perú",Polygon,-75.688475,-13.272122,195.668,78.1275
09,HUANCAVELICA,0904,CASTROVIRREYNA,090401,CASTROVIRREYNA,090401,Castrovirreyna,3028,1090.0,0.416396,797,64.527708,1770.0,54.819239,1027.0,7.110606,690.0,631.610706,712.0,0.658795,0.548192,0.373986,0.452787,0.242033,0.3928 - 0.5436,3.0,Tercer Quintil,"Programa de las Naciones Unidas para el Desarrollo (PNUD), 2019. Unidad del Informe sobre Desarrollo Humano. Perú",Polygon,-75.29126,-13.153558,922.7246,199.776
09,HUANCAVELICA,0904,CASTROVIRREYNA,090409,MOLLEPAMPA,090409,Mollepampa,1498,1434.0,0.309524,1380,62.880359,1810.0,50.082791,1226.0,6.079454,1013.0,333.018714,1343.0,0.631339,0.500828,0.30137,0.388503,0.1209,0.2420 - 0.3928,4.0,Cuarto Quintil,"Programa de las Naciones Unidas para el Desarrollo (PNUD), 2019. Unidad del Informe sobre Desarrollo Humano. Perú",Polygon,-75.431951,-13.291862,170.6303,85.0608
09,HUANCAVELICA,0904,CASTROVIRREYNA,090407,HUACHOS,090407,Huachos,1206,1533.0,0.399933,875,64.820517,1757.0,59.911539,811.0,7.409777,607.0,523.35863,891.0,0.663675,0.599115,0.395055,0.486501,0.198117,0.3928 - 0.5436,3.0,Tercer Quintil,"Programa de las Naciones Unidas para el Desarrollo (PNUD), 2019. Unidad del Informe sobre Desarrollo Humano. Perú",Polygon,-75.483397,-13.214707,175.3893,67.7662
09,HUANCAVELICA,0903,ANGARAES,090311,SANTO TOMAS DE PATA,090311,Santo Tomas De Pata,2498,1189.0,0.344695,1165,70.867349,1390.0,46.459398,1342.0,5.503747,1220.0,414.363707,1135.0,0.764456,0.464594,0.260827,0.348107,0.1539,0.2420 - 0.3928,4.0,Cuarto Quintil,"Programa de las Naciones Unidas para el Desarrollo (PNUD), 2019. Unidad del Informe sobre Desarrollo Humano. Perú",Polygon,-74.470984,-13.14355,139.1972,59.5061
09,HUANCAVELICA,0904,CASTROVIRREYNA,090402,ARMA,090402,Arma,1173,1546.0,0.335098,1225,68.895583,1563.0,47.343888,1313.0,6.105182,996.0,369.640502,1251.0,0.731593,0.473439,0.303182,0.378864,0.135757,0.2420 - 0.3928,4.0,Cuarto Quintil,"Programa de las Naciones Unidas para el Desarrollo (PNUD), 2019. Unidad del Informe sobre Desarrollo Humano. Perú",Polygon,-75.511129,-13.110472,300.5668,90.2507
09,HUANCAVELICA,0904,CASTROVIRREYNA,090412,TANTARA,090412,Tantara,617,1733.0,0.431949,731,70.597235,1415.0,53.212965,1093.0,7.899489,477.0,581.78295,781.0,0.759954,0.53213,0.429542,0.478092,0.221819,0.3928 - 0.5436,3.0,Tercer Quintil,"Programa de las Naciones Unidas para el Desarrollo (PNUD), 2019. Unidad del Informe sobre Desarrollo Humano. Perú",Polygon,-75.621352,-13.126551,111.2314,54.2493
09,HUANCAVELICA,0904,CASTROVIRREYNA,090408,HUAMATAMBO,090408,Huamatambo,339,1842.0,0.391447,911,57.175287,1865.0,66.838431,527.0,7.042093,710.0,590.064649,771.0,0.536255,0.668384,0.369161,0.496731,0.225178,0.2420 - 0.3928,4.0,Cuarto Quintil,"Programa de las Naciones Unidas para el Desarrollo (PNUD), 2019. Unidad del Informe sobre Desarrollo Humano. Perú",Polygon,-75.682499,-13.108942,59.3843,38.9905
09,HUANCAVELICA,0903,ANGARAES,090310,SAN ANTONIO DE ANTAPARCO,090310,San Antonio De Antaparco,6290,715.0,0.288567,1494,73.146986,1080.0,85.316144,14.0,7.697661,532.0,159.002285,1761.0,0.80245,0.853161,0.415328,0.595266,0.050305,0.2420 - 0.3928,4.0,Cuarto Quintil,"Programa de las Naciones Unidas para el Desarrollo (PNUD), 2019. Unidad del Informe sobre Desarrollo Humano. Perú",Polygon,-74.430666,-13.06552,33.8537,25.649
09,HUANCAVELICA,0904,CASTROVIRREYNA,090403,AURAHUA,090403,Aurahua,1887,1338.0,0.262794,1622,62.680224,1815.0,44.791965,1398.0,6.763301,790.0,215.036535,1645.0,0.628004,0.44792,0.349528,0.395677,0.073037,0.2420 - 0.3928,4.0,Cuarto Quintil,"Programa de las Naciones Unidas para el Desarrollo (PNUD), 2019. Unidad del Informe sobre Desarrollo Humano. Perú",Polygon,-75.442771,-12.956658,347.2145,110.4716
09,HUANCAVELICA,0903,ANGARAES,090312,SECCLLA,090312,Secclla,3863,961.0,0.292265,1469,72.813274,1129.0,63.043589,689.0,5.592228,1198.0,223.202461,1632.0,0.796888,0.630436,0.267058,0.410321,0.07635,0.2420 - 0.3928,4.0,Cuarto Quintil,"Programa de las Naciones Unidas para el Desarrollo (PNUD), 2019. Unidad del Informe sobre Desarrollo Humano. Perú",Polygon,-74.54151,-13.080836,162.7669,60.0238
09,HUANCAVELICA,0904,CASTROVIRREYNA,090411,SANTA ANA,090411,Santa Ana,1663,1396.0,0.58351,246,67.157743,1670.0,69.268919,426.0,7.274479,647.0,1383.774769,67.0,0.702629,0.692689,0.385527,0.516769,0.54717,0.5436 - 0.6944,2.0,Segundo Quintil,"Programa de las Naciones Unidas para el Desarrollo (PNUD), 2019. Unidad del Informe sobre Desarrollo Humano. Perú",Polygon,-75.131139,-13.088133,643.5293,126.9769
09,HUANCAVELICA,0903,ANGARAES,090301,LIRCAY,090301,Lircay,24733,230.0,0.364878,1050,72.613862,1157.0,50.197096,1224.0,5.638488,1174.0,444.639304,1055.0,0.793564,0.501971,0.270316,0.368362,0.166182,0.2420 - 0.3928,4.0,Cuarto Quintil,"Programa de las Naciones Unidas para el Desarrollo (PNUD), 2019. Unidad del Informe sobre Desarrollo Humano. Perú",Polygon,-74.737528,-13.103701,825.9136,155.857
09,HUANCAVELICA,0903,ANGARAES,090309,JULCAMARCA,090309,Julcamarca,1885,1339.0,0.509657,463,72.659201,1149.0,80.760943,57.0,8.305182,402.0,710.414126,592.0,0.79432,0.807609,0.458111,0.608256,0.274002,0.3928 - 0.5436,3.0,Tercer Quintil,"Programa de las Naciones Unidas para el Desarrollo (PNUD), 2019. Unidad del Informe sobre Desarrollo Humano. Perú",Polygon,-74.430952,-13.012515,51.2558,35.3536
09,HUANCAVELICA,0901,HUANCAVELICA,090106,HUACHOCOLPA,090106,Huachocolpa,2303,1230.0,0.488231,523,69.436767,1518.0,51.354507,1181.0,6.587871,847.0,965.860218,291.0,0.740613,0.513545,0.337174,0.416118,0.377631,0.3928 - 0.5436,3.0,Tercer Quintil,"Programa de las Naciones Unidas para el Desarrollo (PNUD), 2019. Unidad del Informe sobre Desarrollo Humano. Perú",Polygon,-74.95698,-13.045872,337.5816,100.3052
09,HUANCAVELICA,0904,CASTROVIRREYNA,090405,CHUPAMARCA,090405,Chupamarca,1082,1580.0,0.338513,1208,72.185764,1208.0,55.951868,984.0,6.727571,802.0,310.932707,1396.0,0.786429,0.559519,0.347012,0.440636,0.11194,0.2420 - 0.3928,4.0,Cuarto Quintil,"Programa de las Naciones Unidas para el Desarrollo (PNUD), 2019. Unidad del Informe sobre Desarrollo Humano. Perú",Polygon,-75.529613,-12.894008,366.0164,117.1479
09,HUANCAVELICA,0903,ANGARAES,090306,CONGALLA,090306,Congalla,4039,933.0,0.216229,1765,68.505129,1598.0,45.72833,1363.0,4.10955,1705.0,161.024614,1756.0,0.725085,0.457283,0.162644,0.272717,0.051126,0.0912 - 0.2420,5.0,Quinto Quintil,"Programa de las Naciones Unidas para el Desarrollo (PNUD), 2019. Unidad del Informe sobre Desarrollo Humano. Perú",Polygon,-74.540465,-12.981796,209.238,73.2922
09,HUANCAVELICA,0903,ANGARAES,090304,CCOCHACCASA,090304,Ccochaccasa,2398,1210.0,0.405663,848,69.450979,1515.0,60.391848,799.0,6.090903,1006.0,554.954018,830.0,0.74085,0.603918,0.302176,0.427188,0.210935,0.3928 - 0.5436,3.0,Tercer Quintil,"Programa de las Naciones Unidas para el Desarrollo (PNUD), 2019. Unidad del Informe sobre Desarrollo Humano. Perú",Polygon,-74.805178,-12.935054,107.3806,72.1371
09,HUANCAVELICA,0903,ANGARAES,090302,ANCHONGA,090302,Anchonga,8176,579.0,0.204763,1786,74.359782,878.0,49.351816,1252.0,3.880681,1752.0,130.662305,1807.0,0.822663,0.493518,0.146527,0.268912,0.038808,0.0912 - 0.2420,5.0,Quinto Quintil,"Programa de las Naciones Unidas para el Desarrollo (PNUD), 2019. Unidad del Informe sobre Desarrollo Humano. Perú",Polygon,-74.706032,-12.88732,75.3933,49.3157
09,HUANCAVELICA,0902,ACOBAMBA,090204,CAJA,090204,Caja,2195,1252.0,0.321353,1318,74.90554,804.0,45.588765,1368.0,5.338403,1287.0,326.795955,1353.0,0.831759,0.455888,0.249183,0.337045,0.118376,0.2420 - 0.3928,4.0,Cuarto Quintil,"Programa de las Naciones Unidas para el Desarrollo (PNUD), 2019. Unidad del Informe sobre Desarrollo Humano. Perú",Polygon,-74.473411,-12.872869,86.9364,52.7118
09,HUANCAVELICA,0903,ANGARAES,090307,HUANCA-HUANCA,090307,Huanca-Huanca,1412,1463.0,0.216265,1764,73.565513,1011.0,26.550327,1805.0,3.842846,1756.0,192.612025,1700.0,0.809425,0.265503,0.143862,0.195438,0.06394,0.0912 - 0.2420,5.0,Quinto Quintil,"Programa de las Naciones Unidas para el Desarrollo (PNUD), 2019. Unidad del Informe sobre Desarrollo Humano. Perú",Polygon,-74.626452,-12.964791,107.3031,53.1947
09,HUANCAVELICA,0903,ANGARAES,090305,CHINCHO,090305,Chincho,2782,1134.0,0.30865,1388,71.595074,1300.0,54.411404,1044.0,5.161544,1349.0,295.05057,1443.0,0.776585,0.544114,0.236728,0.358897,0.105497,0.2420 - 0.3928,4.0,Cuarto Quintil,"Programa de las Naciones Unidas para el Desarrollo (PNUD), 2019. Unidad del Informe sobre Desarrollo Humano. Perú",Polygon,-74.343186,-12.984761,172.7289,68.0783
09,HUANCAVELICA,0903,ANGARAES,090308,HUAYLLAY GRANDE,090308,Huayllay Grande,1858,1347.0,0.236425,1710,74.718388,826.0,35.482727,1643.0,3.711565,1782.0,214.874988,1646.0,0.82864,0.354827,0.134617,0.218554,0.072972,0.0912 - 0.2420,5.0,Quinto Quintil,"Programa de las Naciones Unidas para el Desarrollo (PNUD), 2019. Unidad del Informe sobre Desarrollo Humano. Perú",Polygon,-74.671081,-12.923568,31.8339,24.8807
09,HUANCAVELICA,0902,ACOBAMBA,090207,POMACOCHA,090207,Pomacocha,3080,1077.0,0.379512,965,74.454373,864.0,61.75305,735.0,5.730639,1139.0,430.387134,1094.0,0.82424,0.617531,0.276806,0.413444,0.1604,0.2420 - 0.3928,4.0,Cuarto Quintil,"Programa de las Naciones Unidas para el Desarrollo (PNUD), 2019. Unidad del Informe sobre Desarrollo Humano. Perú",Polygon,-74.520011,-12.861568,55.2152,36.091
09,HUANCAVELICA,0903,ANGARAES,090303,CALLANMARCA,090303,Callanmarca,556,1761.0,0.289361,1488,79.260108,257.0,73.779273,251.0,3.689609,1785.0,245.764894,1566.0,0.904335,0.737793,0.133071,0.313335,0.085503,0.2420 - 0.3928,4.0,Cuarto Quintil,"Programa de las Naciones Unidas para el Desarrollo (PNUD), 2019. Unidad del Informe sobre Desarrollo Humano. Perú",Polygon,-74.624539,-12.878572,24.6909,25.8909
09,HUANCAVELICA,0902,ACOBAMBA,090201,ACOBAMBA,090201,Acobamba,9622,503.0,0.44941,668,75.139994,778.0,62.33788,721.0,7.097958,695.0,590.169156,770.0,0.835667,0.623379,0.373096,0.482265,0.225221,0.3928 - 0.5436,3.0,Tercer Quintil,"Programa de las Naciones Unidas para el Desarrollo (PNUD), 2019. Unidad del Informe sobre Desarrollo Humano. Perú",Polygon,-74.566385,-12.823306,123.4091,66.0395
09,HUANCAVELICA,0902,ACOBAMBA,090205,MARCAS,090205,Marcas,1907,1329.0,0.306713,1399,76.398264,591.0,46.744849,1330.0,4.65744,1546.0,305.709872,1409.0,0.856638,0.467448,0.201228,0.306698,0.109821,0.2420 - 0.3928,4.0,Cuarto Quintil,"Programa de las Naciones Unidas para el Desarrollo (PNUD), 2019. Unidad del Informe sobre Desarrollo Humano. Perú",Polygon,-74.397776,-12.874419,171.7885,62.9945
09,HUANCAVELICA,0901,HUANCAVELICA,090101,HUANCAVELICA,090101,Huancavelica,41539,147.0,0.611558,186,69.471511,1513.0,81.413413,48.0,10.846606,54.0,1091.214473,192.0,0.741192,0.814134,0.637085,0.720189,0.428485,0.5436 - 0.6944,2.0,Segundo Quintil,"Programa de las Naciones Unidas para el Desarrollo (PNUD), 2019. Unidad del Informe sobre Desarrollo Humano. Perú",Polygon,-75.008609,-12.862831,510.6351,140.1287
09,HUANCAVELICA,0902,ACOBAMBA,090203,ANTA,090203,Anta,7592,623.0,0.139387,1864,72.857697,1122.0,52.282519,1135.0,3.199179,1843.0,71.873587,1866.0,0.797628,0.522825,0.098534,0.226971,0.014959,0.0912 - 0.2420,5.0,Quinto Quintil,"Programa de las Naciones Unidas para el Desarrollo (PNUD), 2019. Unidad del Informe sobre Desarrollo Humano. Perú",Polygon,-74.663844,-12.817277,91.8604,59.5022
09,HUANCAVELICA,0901,HUANCAVELICA,090117,YAULI,090117,Yauli,26998,208.0,0.190911,1814,62.770795,1812.0,50.853487,1197.0,4.56775,1579.0,121.540994,1821.0,0.629513,0.508535,0.194912,0.314833,0.035108,0.0912 - 0.2420,5.0,Quinto Quintil,"Programa de las Naciones Unidas para el Desarrollo (PNUD), 2019. Unidad del Informe sobre Desarrollo Humano. Perú",Polygon,-74.829,-12.817163,320.5724,108.8982
09,HUANCAVELICA,0901,HUANCAVELICA,090118,ASCENSION,090118,Ascension,13749,376.0,0.587028,241,75.856022,668.0,69.975469,393.0,9.505482,195.0,989.715812,270.0,0.8476,0.699755,0.54264,0.61621,0.387309,0.5436 - 0.6944,2.0,Segundo Quintil,"Programa de las Naciones Unidas para el Desarrollo (PNUD), 2019. Unidad del Informe sobre Desarrollo Humano. Perú",Polygon,-75.18658,-12.828421,408.9381,147.4656
09,HUANCAVELICA,0902,ACOBAMBA,090206,PAUCARA,090206,Paucara,29603,187.0,0.307095,1396,76.817147,539.0,65.381211,594.0,5.215337,1336.0,243.456037,1572.0,0.863619,0.653812,0.240517,0.396551,0.084566,0.2420 - 0.3928,4.0,Cuarto Quintil,"Programa de las Naciones Unidas para el Desarrollo (PNUD), 2019. Unidad del Informe sobre Desarrollo Humano. Perú",Polygon,-74.727374,-12.72305,220.2517,73.9456
09,HUANCAVELICA,0902,ACOBAMBA,090208,ROSARIO,090208,Rosario,6748,681.0,0.221527,1756,74.814738,812.0,56.520317,961.0,3.771459,1769.0,150.222009,1775.0,0.830246,0.565203,0.138835,0.280125,0.046743,0.0912 - 0.2420,5.0,Quinto Quintil,"Programa de las Naciones Unidas para el Desarrollo (PNUD), 2019. Unidad del Informe sobre Desarrollo Humano. Perú",Polygon,-74.599937,-12.742324,95.7049,51.7099
09,HUANCAVELICA,0902,ACOBAMBA,090202,ANDABAMBA,090202,Andabamba,4718,860.0,0.19703,1798,72.137108,1215.0,44.349191,1413.0,4.403161,1638.0,119.16938,1824.0,0.785618,0.443492,0.183321,0.285134,0.034146,0.0912 - 0.2420,5.0,Quinto Quintil,"Programa de las Naciones Unidas para el Desarrollo (PNUD), 2019. Unidad del Informe sobre Desarrollo Humano. Perú",Polygon,-74.654926,-12.661184,81.893,48.3496
09,HUANCAVELICA,0901,HUANCAVELICA,090103,ACORIA,090103,Acoria,29100,191.0,0.266345,1607,65.454574,1739.0,57.33358,928.0,4.41312,1633.0,247.665248,1561.0,0.674243,0.573336,0.184023,0.324818,0.086274,0.2420 - 0.3928,4.0,Cuarto Quintil,"Programa de las Naciones Unidas para el Desarrollo (PNUD), 2019. Unidad del Informe sobre Desarrollo Humano. Perú",Polygon,-74.823496,-12.599557,543.5825,126.9112
09,HUANCAVELICA,0901,HUANCAVELICA,090114,PALCA,090114,Palca,2250,1240.0,0.28602,1510,64.766402,1764.0,65.625435,583.0,5.074836,1385.0,258.694731,1533.0,0.662773,0.656254,0.230622,0.389033,0.090748,0.2420 - 0.3928,4.0,Cuarto Quintil,"Programa de las Naciones Unidas para el Desarrollo (PNUD), 2019. Unidad del Informe sobre Desarrollo Humano. Perú",Polygon,-74.979132,-12.669578,80.8763,43.9141
09,HUANCAVELICA,0901,HUANCAVELICA,090102,ACOBAMBILLA,090102,Acobambilla,3460,1016.0,0.298679,1434,53.944497,1872.0,60.738434,778.0,6.878822,760.0,327.110405,1352.0,0.482408,0.607384,0.357664,0.466089,0.118503,0.2420 - 0.3928,4.0,Cuarto Quintil,"Programa de las Naciones Unidas para el Desarrollo (PNUD), 2019. Unidad del Informe sobre Desarrollo Humano. Perú",Polygon,-75.371254,-12.704077,736.8624,154.6488
09,HUANCAVELICA,0901,HUANCAVELICA,090110,MANTA,090110,Manta,1307,1496.0,0.32174,1316,64.238771,1781.0,62.51853,709.0,5.944179,1060.0,328.891277,1346.0,0.65398,0.625185,0.291844,0.427149,0.119226,0.2420 - 0.3928,4.0,Cuarto Quintil,"Programa de las Naciones Unidas para el Desarrollo (PNUD), 2019. Unidad del Informe sobre Desarrollo Humano. Perú",Polygon,-75.160489,-12.608757,158.5826,62.1948
09,HUANCAVELICA,0901,HUANCAVELICA,090119,HUANDO,090119,Huando,6426,699.0,0.280164,1534,68.87894,1566.0,56.777771,946.0,4.867314,1460.0,246.653723,1564.0,0.731316,0.567778,0.216008,0.350206,0.085864,0.2420 - 0.3928,4.0,Cuarto Quintil,"Programa de las Naciones Unidas para el Desarrollo (PNUD), 2019. Unidad del Informe sobre Desarrollo Humano. Perú",Polygon,-75.013575,-12.627268,195.4792,93.1724
09,HUANCAVELICA,0901,HUANCAVELICA,090113,NUEVO OCCORO,090113,Nuevo Occoro,2129,1273.0,0.261549,1628,65.494671,1738.0,60.874772,772.0,4.865187,1462.0,215.270822,1643.0,0.674911,0.608748,0.215858,0.362496,0.073132,0.2420 - 0.3928,4.0,Cuarto Quintil,"Programa de las Naciones Unidas para el Desarrollo (PNUD), 2019. Unidad del Informe sobre Desarrollo Humano. Perú",Polygon,-75.139195,-12.707723,246.0268,110.2458
09,HUANCAVELICA,0901,HUANCAVELICA,090109,LARIA,090109,Laria,1048,1587.0,0.232528,1723,65.943588,1726.0,44.406544,1408.0,5.490536,1226.0,168.685081,1742.0,0.682393,0.444065,0.259897,0.339722,0.054233,0.0912 - 0.2420,5.0,Quinto Quintil,"Programa de las Naciones Unidas para el Desarrollo (PNUD), 2019. Unidad del Informe sobre Desarrollo Humano. Perú",Polygon,-75.080246,-12.553244,64.3752,44.7152
09,HUANCAVELICA,0901,HUANCAVELICA,090108,IZCUCHACA,090108,Izcuchaca,701,1703.0,0.43821,709,61.45071,1832.0,89.576693,3.0,8.519664,360.0,559.422982,823.0,0.607512,0.895767,0.473216,0.651069,0.212748,0.3928 - 0.5436,3.0,Tercer Quintil,"Programa de las Naciones Unidas para el Desarrollo (PNUD), 2019. Unidad del Informe sobre Desarrollo Humano. Perú",Polygon,-75.013555,-12.496344,12.3494,18.6829
09,HUANCAVELICA,0901,HUANCAVELICA,090104,CONAYCA,090104,Conayca,938,1626.0,0.300203,1425,67.454164,1660.0,60.998,766.0,5.701499,1151.0,265.232026,1512.0,0.707569,0.60998,0.274753,0.409383,0.0934,0.2420 - 0.3928,4.0,Cuarto Quintil,"Programa de las Naciones Unidas para el Desarrollo (PNUD), 2019. Unidad del Informe sobre Desarrollo Humano. Perú",Polygon,-75.039818,-12.517956,41.4348,36.7148
09,HUANCAVELICA,0901,HUANCAVELICA,090116,VILCA,090116,Vilca,2079,1285.0,0.226237,1743,61.599401,1829.0,51.24331,1182.0,5.667938,1165.0,160.24759,1758.0,0.60999,0.512433,0.27239,0.373606,0.05081,0.0912 - 0.2420,5.0,Quinto Quintil,"Programa de las Naciones Unidas para el Desarrollo (PNUD), 2019. Unidad del Informe sobre Desarrollo Humano. Perú",Polygon,-75.268856,-12.533017,308.6097,110.7142
09,HUANCAVELICA,0901,HUANCAVELICA,090112,MOYA,090112,Moya,1703,1388.0,0.349719,1127,62.286675,1818.0,30.646338,1748.0,6.858475,764.0,548.470992,846.0,0.621445,0.306463,0.356231,0.330411,0.208305,0.2420 - 0.3928,4.0,Cuarto Quintil,"Programa de las Naciones Unidas para el Desarrollo (PNUD), 2019. Unidad del Informe sobre Desarrollo Humano. Perú",Polygon,-75.131764,-12.463774,94.5395,47.1657
09,HUANCAVELICA,0901,HUANCAVELICA,090107,HUAYLLAHUARA,090107,Huayllahuara,474,1797.0,0.261315,1630,60.785705,1842.0,59.208726,833.0,5.772494,1117.0,216.205713,1641.0,0.596428,0.592087,0.279753,0.406987,0.073511,0.2420 - 0.3928,4.0,Cuarto Quintil,"Programa de las Naciones Unidas para el Desarrollo (PNUD), 2019. Unidad del Informe sobre Desarrollo Humano. Perú",Polygon,-75.182965,-12.401471,36.4271,27.1374
09,HUANCAVELICA,0901,HUANCAVELICA,090105,CUENCA,090105,Cuenca,1195,1537.0,0.180869,1837,65.399421,1742.0,55.114505,1017.0,3.969276,1734.0,109.651745,1831.0,0.673324,0.551145,0.152766,0.290166,0.030285,0.0912 - 0.2420,5.0,Quinto Quintil,"Programa de las Naciones Unidas para el Desarrollo (PNUD), 2019. Unidad del Informe sobre Desarrollo Humano. Perú",Polygon,-75.055798,-12.459901,55.0602,44.6092
09,HUANCAVELICA,0907,TAYACAJA,090703,ACRAQUIA,090703,Acraquia,3681,981.0,0.358396,1087,72.750471,1136.0,50.769991,1198.0,5.392351,1261.0,432.860201,1084.0,0.795841,0.5077,0.252982,0.358384,0.161404,0.2420 - 0.3928,4.0,Cuarto Quintil,"Programa de las Naciones Unidas para el Desarrollo (PNUD), 2019. Unidad del Informe sobre Desarrollo Humano. Perú",Polygon,-74.939265,-12.396375,108.4775,47.1025
09,HUANCAVELICA,0901,HUANCAVELICA,090115,PILCHACA,090115,Pilchaca,318,1851.0,0.297161,1445,67.1617,1667.0,32.306348,1720.0,5.414035,1250.0,356.019545,1281.0,0.702695,0.323063,0.254509,0.286745,0.130231,0.2420 - 0.3928,4.0,Cuarto Quintil,"Programa de las Naciones Unidas para el Desarrollo (PNUD), 2019. Unidad del Informe sobre Desarrollo Humano. Perú",Polygon,-75.088991,-12.413612,39.7036,30.3901
09,HUANCAVELICA,0907,TAYACAJA,090706,DANIEL HERNANDEZ,090706,Daniel Hernandez,9414,518.0,0.436269,716,73.718113,989.0,63.44364,678.0,5.685319,1159.0,640.03032,701.0,0.811969,0.634436,0.273614,0.416642,0.245448,0.3928 - 0.5436,3.0,Tercer Quintil,"Programa de las Naciones Unidas para el Desarrollo (PNUD), 2019. Unidad del Informe sobre Desarrollo Humano. Perú",Polygon,-74.833649,-12.345333,104.9546,56.724
09,HUANCAVELICA,0907,TAYACAJA,090701,PAMPAS,090701,Pampas,10082,488.0,0.497813,500,76.188465,621.0,75.158491,201.0,8.220987,422.0,646.431859,684.0,0.853141,0.751585,0.452182,0.582969,0.248045,0.3928 - 0.5436,3.0,Tercer Quintil,"Programa de las Naciones Unidas para el Desarrollo (PNUD), 2019. Unidad del Informe sobre Desarrollo Humano. Perú",Polygon,-74.851683,-12.451358,74.5988,56.4518
09,HUANCAVELICA,0907,TAYACAJA,090704,AHUAYCHA,090704,Ahuaycha,4622,867.0,0.307278,1394,70.239213,1440.0,63.208232,683.0,5.20707,1338.0,278.563906,1484.0,0.753987,0.632082,0.239935,0.389433,0.098809,0.2420 - 0.3928,4.0,Cuarto Quintil,"Programa de las Naciones Unidas para el Desarrollo (PNUD), 2019. Unidad del Informe sobre Desarrollo Humano. Perú",Polygon,-74.906133,-12.444133,99.4898,80.7614
09,HUANCAVELICA,0907,TAYACAJA,090710,ÑAHUIMPUQUIO,090710,Ñahuimpuquio,1221,1528.0,0.476906,557,73.058644,1088.0,60.887088,770.0,4.859243,1464.0,956.659389,305.0,0.800977,0.608871,0.21544,0.362181,0.373898,0.3928 - 0.5436,3.0,Tercer Quintil,"Programa de las Naciones Unidas para el Desarrollo (PNUD), 2019. Unidad del Informe sobre Desarrollo Humano. Perú",Polygon,-75.091101,-12.329185,66.3661,37.8311
09,HUANCAVELICA,0907,TAYACAJA,090709,HUARIBAMBA,090709,Huaribamba,5284,796.0,0.374102,999,77.110113,510.0,51.181887,1186.0,4.200371,1686.0,540.200969,862.0,0.868502,0.511819,0.16904,0.294139,0.20495,0.2420 - 0.3928,4.0,Cuarto Quintil,"Programa de las Naciones Unidas para el Desarrollo (PNUD), 2019. Unidad del Informe sobre Desarrollo Humano. Perú",Polygon,-74.908879,-12.262094,149.4902,88.7195
09,HUANCAVELICA,0907,TAYACAJA,090711,PAZOS,090711,Pazos,5515,770.0,0.277837,1544,76.34676,595.0,56.087961,977.0,4.776256,1498.0,215.17787,1644.0,0.855779,0.56088,0.209596,0.342867,0.073094,0.2420 - 0.3928,4.0,Cuarto Quintil,"Programa de las Naciones Unidas para el Desarrollo (PNUD), 2019. Unidad del Informe sobre Desarrollo Humano. Perú",Polygon,-75.026232,-12.221552,226.3322,102.0623
09,HUANCAVELICA,0907,TAYACAJA,090713,QUISHUAR,090713,Quishuar,753,1688.0,0.339496,1202,78.191386,385.0,43.935569,1422.0,4.163714,1691.0,437.316235,1066.0,0.886523,0.439356,0.166459,0.270434,0.163211,0.2420 - 0.3928,4.0,Cuarto Quintil,"Programa de las Naciones Unidas para el Desarrollo (PNUD), 2019. Unidad del Informe sobre Desarrollo Humano. Perú",Polygon,-74.767201,-12.249779,32.6384,24.973
09,HUANCAVELICA,0907,TAYACAJA,090714,SALCABAMBA,090714,Salcabamba,3595,996.0,0.308783,1386,72.50944,1168.0,53.194022,1094.0,4.057592,1718.0,350.166329,1291.0,0.791824,0.53194,0.158985,0.29081,0.127857,0.2420 - 0.3928,4.0,Cuarto Quintil,"Programa de las Naciones Unidas para el Desarrollo (PNUD), 2019. Unidad del Informe sobre Desarrollo Humano. Perú",Polygon,-74.783209,-12.194896,190.1489,95.0602
09,HUANCAVELICA,0907,TAYACAJA,090716,SAN MARCOS DE ROCCHAC,090716,San Marcos De Rocchac,1932,1314.0,0.259476,1633,74.267152,896.0,51.821441,1162.0,4.779432,1497.0,194.047,1696.0,0.821119,0.518214,0.209819,0.329744,0.064522,0.2420 - 0.3928,4.0,Cuarto Quintil,"Programa de las Naciones Unidas para el Desarrollo (PNUD), 2019. Unidad del Informe sobre Desarrollo Humano. Perú",Polygon,-74.948876,-12.079234,287.7544,98.2091
09,HUANCAVELICA,0907,TAYACAJA,090715,SALCAHUASI,090715,Salcahuasi,2368,1216.0,0.232202,1725,63.606685,1792.0,52.556496,1121.0,4.300198,1662.0,192.66906,1699.0,0.643445,0.525565,0.17607,0.304198,0.063963,0.0912 - 0.2420,5.0,Quinto Quintil,"Programa de las Naciones Unidas para el Desarrollo (PNUD), 2019. Unidad del Informe sobre Desarrollo Humano. Perú",Polygon,-74.751436,-12.106502,117.0478,49.2521
09,HUANCAVELICA,0905,CHURCAMPA,090504,EL CARMEN,090504,El Carmen,2658,1154.0,0.208963,1778,61.106673,1837.0,35.214024,1646.0,4.486845,1613.0,179.795108,1718.0,0.601778,0.35214,0.189214,0.258128,0.05874,0.0912 - 0.2420,5.0,Quinto Quintil,"Programa de las Naciones Unidas para el Desarrollo (PNUD), 2019. Unidad del Informe sobre Desarrollo Humano. Perú",Polygon,-74.4974,-12.711424,76.856,44.6067
09,HUANCAVELICA,0905,CHURCAMPA,090501,CHURCAMPA,090501,Churcampa,4912,831.0,0.425866,751,69.142111,1546.0,67.829731,489.0,6.278265,943.0,594.515208,768.0,0.735702,0.678297,0.315371,0.46251,0.226984,0.3928 - 0.5436,3.0,Tercer Quintil,"Programa de las Naciones Unidas para el Desarrollo (PNUD), 2019. Unidad del Informe sobre Desarrollo Humano. Perú",Polygon,-74.384871,-12.710491,135.0759,65.5766
09,HUANCAVELICA,0905,CHURCAMPA,090511,COSME,090511,Cosme,1555,1420.0,0.187364,1822,59.121237,1858.0,59.821583,814.0,3.728327,1777.0,135.028847,1801.0,0.568687,0.598216,0.135798,0.28502,0.04058,0.0912 - 0.2420,5.0,Quinto Quintil,"Programa de las Naciones Unidas para el Desarrollo (PNUD), 2019. Unidad del Informe sobre Desarrollo Humano. Perú",Polygon,-74.645237,-12.570507,106.4243,48.5515
09,HUANCAVELICA,0907,TAYACAJA,090719,QUICHUAS,090719,Quichuas,3746,971.0,0.237127,1708,67.359072,1661.0,48.34286,1283.0,3.957778,1736.0,206.767088,1668.0,0.705985,0.483429,0.151956,0.271035,0.069682,0.0912 - 0.2420,5.0,Quinto Quintil,"Programa de las Naciones Unidas para el Desarrollo (PNUD), 2019. Unidad del Informe sobre Desarrollo Humano. Perú",Polygon,-74.727395,-12.467822,118.4897,63.0306
09,HUANCAVELICA,0905,CHURCAMPA,090505,LA MERCED,090505,La Merced,1684,1390.0,0.376534,985,68.950983,1558.0,69.467665,414.0,7.076707,700.0,388.575865,1199.0,0.732516,0.694677,0.371599,0.508076,0.143438,0.2420 - 0.3928,4.0,Cuarto Quintil,"Programa de las Naciones Unidas para el Desarrollo (PNUD), 2019. Unidad del Informe sobre Desarrollo Humano. Perú",Polygon,-74.329775,-12.794898,72.8071,41.8745
09,HUANCAVELICA,0905,CHURCAMPA,090507,PAUCARBAMBA,090507,Paucarbamba,6176,723.0,0.246933,1681,62.272143,1819.0,54.44494,1043.0,4.340739,1656.0,226.428781,1624.0,0.621202,0.544449,0.178925,0.312115,0.077659,0.2420 - 0.3928,4.0,Cuarto Quintil,"Programa de las Naciones Unidas para el Desarrollo (PNUD), 2019. Unidad del Informe sobre Desarrollo Humano. Perú",Polygon,-74.526192,-12.569141,97.4599,55.7936
09,HUANCAVELICA,0905,CHURCAMPA,090508,SAN MIGUEL DE MAYOCC,090508,San Miguel De Mayocc,1074,1583.0,0.491312,516,76.133982,631.0,53.511507,1074.0,7.834759,498.0,754.319953,532.0,0.852233,0.535115,0.424983,0.47688,0.291813,0.3928 - 0.5436,3.0,Tercer Quintil,"Programa de las Naciones Unidas para el Desarrollo (PNUD), 2019. Unidad del Informe sobre Desarrollo Humano. Perú",Polygon,-74.410003,-12.787891,29.3131,25.4131
09,HUANCAVELICA,0905,CHURCAMPA,090509,SAN PEDRO DE CORIS,090509,San Pedro De Coris,2110,1278.0,0.507785,467,66.14726,1721.0,67.792603,492.0,7.012217,721.0,978.425206,279.0,0.685788,0.677926,0.367058,0.498837,0.382728,0.3928 - 0.5436,3.0,Tercer Quintil,"Programa de las Naciones Unidas para el Desarrollo (PNUD), 2019. Unidad del Informe sobre Desarrollo Humano. Perú",Polygon,-74.400232,-12.60734,128.5306,64.8969
09,HUANCAVELICA,0905,CHURCAMPA,090510,PACHAMARCA,090510,Pachamarca,1950,1311.0,0.326587,1284,66.982691,1686.0,53.907888,1060.0,4.126754,1702.0,447.893008,1048.0,0.699712,0.539079,0.163856,0.297206,0.167502,0.2420 - 0.3928,4.0,Cuarto Quintil,"Programa de las Naciones Unidas para el Desarrollo (PNUD), 2019. Unidad del Informe sobre Desarrollo Humano. Perú",Polygon,-74.460478,-12.505335,155.8288,53.2992
09,HUANCAVELICA,0905,CHURCAMPA,090506,LOCROJA,090506,Locroja,3395,1026.0,0.24942,1674,68.881464,1564.0,63.237093,681.0,4.331588,1657.0,190.755263,1702.0,0.731358,0.632371,0.178281,0.335767,0.063187,0.2420 - 0.3928,4.0,Cuarto Quintil,"Programa de las Naciones Unidas para el Desarrollo (PNUD), 2019. Unidad del Informe sobre Desarrollo Humano. Perú",Polygon,-74.454703,-12.717343,92.2747,57.2982
09,HUANCAVELICA,0905,CHURCAMPA,090503,CHINCHIHUASI,090503,Chinchihuasi,2915,1111.0,0.26489,1612,61.34931,1833.0,51.872005,1159.0,4.359928,1651.0,282.303397,1474.0,0.605822,0.51872,0.180277,0.305799,0.100326,0.2420 - 0.3928,4.0,Cuarto Quintil,"Programa de las Naciones Unidas para el Desarrollo (PNUD), 2019. Unidad del Informe sobre Desarrollo Humano. Perú",Polygon,-74.569935,-12.452252,161.698,69.1361
09,HUANCAVELICA,0905,CHURCAMPA,090502,ANCO,090502,Anco,6301,713.0,0.266987,1602,67.319009,1663.0,57.909891,904.0,3.94718,1739.0,259.769035,1530.0,0.705317,0.579099,0.15121,0.295915,0.091184,0.2420 - 0.3928,4.0,Cuarto Quintil,"Programa de las Naciones Unidas para el Desarrollo (PNUD), 2019. Unidad del Informe sobre Desarrollo Humano. Perú",Polygon,-74.563048,-12.643527,149.2723,59.656
09,HUANCAVELICA,0907,TAYACAJA,090705,COLCABAMBA,090705,Colcabamba,10766,464.0,0.375844,992,69.846493,1476.0,60.295455,803.0,4.558986,1583.0,546.553317,850.0,0.747442,0.602955,0.194295,0.342273,0.207527,0.2420 - 0.3928,4.0,Cuarto Quintil,"Programa de las Naciones Unidas para el Desarrollo (PNUD), 2019. Unidad del Informe sobre Desarrollo Humano. Perú",Polygon,-74.700457,-12.38512,324.708,91.8959
11,ICA,1105,PISCO,110502,HUANCANO,110502,Huancano,1223,1526.0,0.537268,370,73.262785,1063.0,86.124723,10.0,8.338593,394.0,789.68519,487.0,0.80438,0.861247,0.460464,0.629741,0.30616,0.3928 - 0.5436,3.0,Tercer Quintil,"Programa de las Naciones Unidas para el Desarrollo (PNUD), 2019. Unidad del Informe sobre Desarrollo Humano. Perú",Polygon,-75.615866,-13.555156,898.9213,160.9717
11,ICA,1102,CHINCHA,110202,ALTO LARAN,110202,Alto Laran,8210,578.0,0.558797,315,78.870904,299.0,58.24442,893.0,8.6511,339.0,938.677312,326.0,0.897848,0.582444,0.482472,0.530107,0.366603,0.5436 - 0.6944,2.0,Segundo Quintil,"Programa de las Naciones Unidas para el Desarrollo (PNUD), 2019. Unidad del Informe sobre Desarrollo Humano. Perú",Polygon,-75.938975,-13.382183,364.8042,113.0212
11,ICA,1102,CHINCHA,110203,CHAVIN,110203,Chavin,1928,1317.0,0.602497,204,78.425984,357.0,49.46674,1247.0,10.468913,85.0,1136.753532,162.0,0.890433,0.494667,0.610487,0.549534,0.446959,0.5436 - 0.6944,2.0,Segundo Quintil,"Programa de las Naciones Unidas para el Desarrollo (PNUD), 2019. Unidad del Informe sobre Desarrollo Humano. Perú",Polygon,-75.942637,-13.120243,426.5379,108.0531
11,ICA,1102,CHINCHA,110204,CHINCHA BAJA,110204,Chincha Baja,12461,417.0,0.575109,272,80.487515,152.0,69.977339,392.0,8.914117,292.0,891.303282,372.0,0.924792,0.699773,0.500994,0.5921,0.347385,0.5436 - 0.6944,2.0,Segundo Quintil,"Programa de las Naciones Unidas para el Desarrollo (PNUD), 2019. Unidad del Informe sobre Desarrollo Humano. Perú",Polygon,-76.150847,-13.49667,73.1092,47.7727
11,ICA,1102,CHINCHA,110205,EL CARMEN,110205,El Carmen,13864,371.0,0.533712,384,79.336599,254.0,61.568045,742.0,8.261682,411.0,816.791786,455.0,0.90561,0.61568,0.455048,0.529305,0.317157,0.3928 - 0.5436,3.0,Tercer Quintil,"Programa de las Naciones Unidas para el Desarrollo (PNUD), 2019. Unidad del Informe sobre Desarrollo Humano. Perú",Polygon,-75.915354,-13.512184,755.3622,155.2634
11,ICA,1102,CHINCHA,110206,GROCIO PRADO,110206,Grocio Prado,26661,212.0,0.573674,278,81.674739,76.0,68.160857,471.0,9.138786,244.0,865.117677,399.0,0.944579,0.681609,0.516816,0.59352,0.336762,0.5436 - 0.6944,2.0,Segundo Quintil,"Programa de las Naciones Unidas para el Desarrollo (PNUD), 2019. Unidad del Informe sobre Desarrollo Humano. Perú",Polygon,-76.16741,-13.31157,178.0437,83.1389
11,ICA,1102,CHINCHA,110208,SAN JUAN DE YANAC,110208,San Juan De Yanac,527,1780.0,0.340635,1196,74.073054,933.0,53.271874,1088.0,7.521722,579.0,292.112682,1452.0,0.817884,0.532719,0.402938,0.463306,0.104305,0.2420 - 0.3928,4.0,Cuarto Quintil,"Programa de las Naciones Unidas para el Desarrollo (PNUD), 2019. Unidad del Informe sobre Desarrollo Humano. Perú",Polygon,-75.814302,-13.224698,441.5962,122.6854
11,ICA,1102,CHINCHA,110209,SAN PEDRO DE HUACARPANA,110209,San Pedro De Huacarpana,1345,1482.0,0.300686,1420,77.716229,438.0,67.564328,505.0,7.120457,684.0,186.591173,1709.0,0.878604,0.675643,0.37468,0.50314,0.061497,0.2420 - 0.3928,4.0,Cuarto Quintil,"Programa de las Naciones Unidas para el Desarrollo (PNUD), 2019. Unidad del Informe sobre Desarrollo Humano. Perú",Polygon,-75.728344,-13.078605,206.5909,91.1132
11,ICA,1102,CHINCHA,110211,TAMBO DE MORA,110211,Tambo De Mora,5314,794.0,0.593545,225,79.822706,216.0,65.404711,592.0,9.55443,187.0,978.918294,277.0,0.913712,0.654047,0.546087,0.597634,0.382928,0.5436 - 0.6944,2.0,Segundo Quintil,"Programa de las Naciones Unidas para el Desarrollo (PNUD), 2019. Unidad del Informe sobre Desarrollo Humano. Perú",Polygon,-76.183413,-13.46034,12.6282,23.1253
12,JUNIN,1201,HUANCAYO,120133,SAPALLANGA,120133,Sapallanga,16344,324.0,0.475997,560,72.235256,1194.0,71.058481,352.0,7.73435,527.0,654.677095,674.0,0.787254,0.710585,0.417912,0.544942,0.25139,0.3928 - 0.5436,3.0,Tercer Quintil,"Programa de las Naciones Unidas para el Desarrollo (PNUD), 2019. Unidad del Informe sobre Desarrollo Humano. Perú",Polygon,-75.139733,-12.113854,123.5711,53.496
12,JUNIN,1209,CHUPACA,120903,CHONGOS BAJO,120903,Chongos Bajo,3892,957.0,0.465817,605,71.989947,1232.0,65.878647,570.0,8.017015,453.0,627.366552,716.0,0.783166,0.658786,0.437818,0.537055,0.240311,0.3928 - 0.5436,3.0,Tercer Quintil,"Programa de las Naciones Unidas para el Desarrollo (PNUD), 2019. Unidad del Informe sobre Desarrollo Humano. Perú",Polygon,-75.284421,-12.194827,96.3712,61.8311
12,JUNIN,1201,HUANCAYO,120126,PUCARA,120126,Pucara,4211,908.0,0.40201,865,70.87128,1389.0,59.081147,838.0,6.743488,796.0,496.892613,943.0,0.764521,0.590811,0.348133,0.453521,0.18738,0.3928 - 0.5436,3.0,Tercer Quintil,"Programa de las Naciones Unidas para el Desarrollo (PNUD), 2019. Unidad del Informe sobre Desarrollo Humano. Perú",Polygon,-75.100509,-12.180195,111.3288,52.773
12,JUNIN,1201,HUANCAYO,120119,HUANCAN,120119,Huancan,26022,217.0,0.492869,511,71.448784,1320.0,71.382035,335.0,8.536672,358.0,690.110684,626.0,0.774146,0.71382,0.474414,0.581933,0.265765,0.3928 - 0.5436,3.0,Tercer Quintil,"Programa de las Naciones Unidas para el Desarrollo (PNUD), 2019. Unidad del Informe sobre Desarrollo Humano. Perú",Polygon,-75.204098,-12.110517,12.2709,17.7649
12,JUNIN,1202,CONCEPCION,120204,CHAMBARA,120204,Chambara,2686,1151.0,0.331443,1245,71.045355,1373.0,56.20106,973.0,6.831665,773.0,297.074196,1436.0,0.767423,0.562011,0.354343,0.446256,0.106318,0.2420 - 0.3928,4.0,Cuarto Quintil,"Programa de las Naciones Unidas para el Desarrollo (PNUD), 2019. Unidad del Informe sobre Desarrollo Humano. Perú",Polygon,-75.436476,-12.005604,109.2138,57.2245
12,JUNIN,1201,HUANCAYO,120101,HUANCAYO,120101,Huancayo,119236,50.0,0.608341,190,71.669826,1287.0,76.351181,166.0,11.052432,49.0,1046.538533,226.0,0.77783,0.763512,0.65158,0.705329,0.41036,0.5436 - 0.6944,2.0,Segundo Quintil,"Programa de las Naciones Unidas para el Desarrollo (PNUD), 2019. Unidad del Informe sobre Desarrollo Humano. Perú",Polygon,-75.071262,-11.993316,226.8571,98.594
12,JUNIN,1202,CONCEPCION,120211,MITO,120211,Mito,1270,1510.0,0.509432,464,69.800462,1479.0,68.308144,465.0,8.906553,294.0,781.489885,500.0,0.746674,0.683081,0.500461,0.584684,0.302836,0.3928 - 0.5436,3.0,Tercer Quintil,"Programa de las Naciones Unidas para el Desarrollo (PNUD), 2019. Unidad del Informe sobre Desarrollo Humano. Perú",Polygon,-75.35175,-11.9288,25.224,23.9703
12,JUNIN,1202,CONCEPCION,120201,CONCEPCION,120201,Concepcion,14877,348.0,0.559004,314,69.165219,1545.0,70.405421,379.0,9.96712,143.0,954.260308,307.0,0.736087,0.704054,0.575149,0.636346,0.372925,0.5436 - 0.6944,2.0,Segundo Quintil,"Programa de las Naciones Unidas para el Desarrollo (PNUD), 2019. Unidad del Informe sobre Desarrollo Humano. Perú",Polygon,-75.313514,-11.912461,18.2444,20.9803
12,JUNIN,1201,HUANCAYO,120130,SAN JERONIMO DE TUNAN,120130,San Jeronimo De Tunan,11142,452.0,0.546179,353,72.19386,1203.0,72.712891,282.0,9.620112,179.0,841.900108,425.0,0.786564,0.727129,0.550712,0.632802,0.327343,0.5436 - 0.6944,2.0,Segundo Quintil,"Programa de las Naciones Unidas para el Desarrollo (PNUD), 2019. Unidad del Informe sobre Desarrollo Humano. Perú",Polygon,-75.286372,-11.937408,21.0327,23.7676
12,JUNIN,1201,HUANCAYO,120122,INGENIO,120122,Ingenio,2246,1242.0,0.445106,686,72.90993,1114.0,62.598537,705.0,6.160521,982.0,655.907381,669.0,0.798499,0.625985,0.307079,0.438437,0.251889,0.3928 - 0.5436,3.0,Tercer Quintil,"Programa de las Naciones Unidas para el Desarrollo (PNUD), 2019. Unidad del Informe sobre Desarrollo Humano. Perú",Polygon,-75.222942,-11.85373,54.1279,52.1381
12,JUNIN,1201,HUANCAYO,120124,PARIAHUANCA,120124,Pariahuanca,4241,906.0,0.184792,1827,71.599506,1299.0,56.629908,955.0,4.343973,1654.0,97.878276,1845.0,0.776658,0.566299,0.179153,0.318519,0.025508,0.0912 - 0.2420,5.0,Quinto Quintil,"Programa de las Naciones Unidas para el Desarrollo (PNUD), 2019. Unidad del Informe sobre Desarrollo Humano. Perú",Polygon,-74.876976,-11.952163,580.8085,126.3663
12,JUNIN,1202,CONCEPCION,120212,NUEVE DE JULIO,120212,Nueve De Julio,1555,1419.0,0.506475,473,71.136466,1361.0,59.296084,831.0,8.24845,414.0,837.602649,433.0,0.768941,0.592961,0.454116,0.518915,0.325599,0.3928 - 0.5436,3.0,Tercer Quintil,"Programa de las Naciones Unidas para el Desarrollo (PNUD), 2019. Unidad del Informe sobre Desarrollo Humano. Perú",Polygon,-75.314627,-11.889898,6.8525,10.7297
12,JUNIN,1204,JAUJA,120431,SINCOS,120431,Sincos,4768,853.0,0.382942,946,69.53519,1506.0,61.903025,734.0,7.605765,558.0,405.699365,1153.0,0.742253,0.61903,0.408857,0.503085,0.150385,0.2420 - 0.3928,4.0,Cuarto Quintil,"Programa de las Naciones Unidas para el Desarrollo (PNUD), 2019. Unidad del Informe sobre Desarrollo Humano. Perú",Polygon,-75.513106,-11.942062,231.1561,104.8618
12,JUNIN,1201,HUANCAYO,120134,SICAYA,120134,Sicaya,13113,400.0,0.528564,402,73.425012,1035.0,72.994021,275.0,8.4809,366.0,804.614619,469.0,0.807084,0.72994,0.470486,0.586026,0.312217,0.3928 - 0.5436,3.0,Tercer Quintil,"Programa de las Naciones Unidas para el Desarrollo (PNUD), 2019. Unidad del Informe sobre Desarrollo Humano. Perú",Polygon,-75.287507,-12.019056,42.0179,30.005
12,JUNIN,1202,CONCEPCION,120208,MANZANARES,120208,Manzanares,1293,1501.0,0.466591,602,75.079986,784.0,70.960888,356.0,8.904987,295.0,538.459761,863.0,0.834666,0.709609,0.500351,0.595864,0.204243,0.3928 - 0.5436,3.0,Tercer Quintil,"Programa de las Naciones Unidas para el Desarrollo (PNUD), 2019. Unidad del Informe sobre Desarrollo Humano. Perú",Polygon,-75.364486,-12.001881,17.3919,23.0835
12,JUNIN,1201,HUANCAYO,120129,SAN AGUSTIN,120129,San Agustin,14174,362.0,0.548894,343,71.856283,1261.0,78.177297,112.0,9.458372,201.0,838.899352,431.0,0.780938,0.781773,0.539322,0.649328,0.326125,0.5436 - 0.6944,2.0,Segundo Quintil,"Programa de las Naciones Unidas para el Desarrollo (PNUD), 2019. Unidad del Informe sobre Desarrollo Humano. Perú",Polygon,-75.234474,-11.98901,26.2216,27.9618
12,JUNIN,1201,HUANCAYO,120132,SAÑO,120132,Saño,4751,857.0,0.475958,561,71.174203,1354.0,75.535979,191.0,6.902458,749.0,697.904534,612.0,0.76957,0.75536,0.359328,0.520982,0.268927,0.3928 - 0.5436,3.0,Tercer Quintil,"Programa de las Naciones Unidas para el Desarrollo (PNUD), 2019. Unidad del Informe sobre Desarrollo Humano. Perú",Polygon,-75.246883,-11.950617,12.9947,22.966
12,JUNIN,1201,HUANCAYO,120117,HUALHUAS,120117,Hualhuas,5267,799.0,0.51031,459,71.524408,1306.0,75.723888,182.0,9.092332,251.0,712.461255,589.0,0.775407,0.757239,0.513545,0.623599,0.274832,0.3928 - 0.5436,3.0,Tercer Quintil,"Programa de las Naciones Unidas para el Desarrollo (PNUD), 2019. Unidad del Informe sobre Desarrollo Humano. Perú",Polygon,-75.244119,-11.967975,13.6286,19.5299
12,JUNIN,1202,CONCEPCION,120213,ORCOTUNA,120213,Orcotuna,4404,888.0,0.440693,701,77.241995,491.0,65.231584,603.0,7.529687,577.0,507.286572,916.0,0.8707,0.652316,0.403499,0.513039,0.191597,0.3928 - 0.5436,3.0,Tercer Quintil,"Programa de las Naciones Unidas para el Desarrollo (PNUD), 2019. Unidad del Informe sobre Desarrollo Humano. Perú",Polygon,-75.328225,-11.97533,45.0928,34.4334
12,JUNIN,1202,CONCEPCION,120202,ACO,120202,Aco,1414,1460.0,0.377311,980,74.076015,932.0,57.335334,927.0,7.049151,707.0,386.630712,1208.0,0.817934,0.573353,0.369659,0.460375,0.142649,0.2420 - 0.3928,4.0,Cuarto Quintil,"Programa de las Naciones Unidas para el Desarrollo (PNUD), 2019. Unidad del Informe sobre Desarrollo Humano. Perú",Polygon,-75.397078,-11.955336,38.9285,36.1722
12,JUNIN,1201,HUANCAYO,120128,QUILCAS,120128,Quilcas,4151,918.0,0.462722,619,71.382472,1327.0,67.9676,481.0,7.246178,655.0,653.758343,677.0,0.773041,0.679676,0.383534,0.510567,0.251018,0.3928 - 0.5436,3.0,Tercer Quintil,"Programa de las Naciones Unidas para el Desarrollo (PNUD), 2019. Unidad del Informe sobre Desarrollo Humano. Perú",Polygon,-75.166149,-11.882242,159.6596,71.6982
12,JUNIN,1201,HUANCAYO,120105,CHACAPAMPA,120105,Chacapampa,529,1778.0,0.270411,1583,71.329434,1335.0,56.584761,958.0,5.607395,1186.0,197.056474,1689.0,0.772157,0.565848,0.268126,0.389511,0.065743,0.2420 - 0.3928,4.0,Cuarto Quintil,"Programa de las Naciones Unidas para el Desarrollo (PNUD), 2019. Unidad del Informe sobre Desarrollo Humano. Perú",Polygon,-75.257118,-12.410411,125.3832,67.404
12,JUNIN,1201,HUANCAYO,120104,CARHUACALLANGA,120104,Carhuacallanga,1141,1558.0,0.39116,913,79.398209,244.0,72.73093,280.0,7.353118,625.0,340.114545,1325.0,0.906637,0.727309,0.391065,0.533315,0.123779,0.2420 - 0.3928,4.0,Cuarto Quintil,"Programa de las Naciones Unidas para el Desarrollo (PNUD), 2019. Unidad del Informe sobre Desarrollo Humano. Perú",Polygon,-75.20258,-12.355429,13.1008,16.7303
12,JUNIN,1201,HUANCAYO,120120,HUASICANCHA,120120,Huasicancha,674,1714.0,0.328706,1265,74.328057,885.0,46.871044,1327.0,6.388115,908.0,308.636015,1404.0,0.822134,0.46871,0.323107,0.389157,0.111009,0.2420 - 0.3928,4.0,Cuarto Quintil,"Programa de las Naciones Unidas para el Desarrollo (PNUD), 2019. Unidad del Informe sobre Desarrollo Humano. Perú",Polygon,-75.286085,-12.371221,52.0392,35.5603
12,JUNIN,1201,HUANCAYO,120108,CHONGOS ALTO,120108,Chongos Alto,1136,1560.0,0.483322,541,75.243823,758.0,69.925156,394.0,6.526658,864.0,723.884948,571.0,0.837397,0.699252,0.332863,0.482447,0.279467,0.3928 - 0.5436,3.0,Tercer Quintil,"Programa de las Naciones Unidas para el Desarrollo (PNUD), 2019. Unidad del Informe sobre Desarrollo Humano. Perú",Polygon,-75.437194,-12.485624,702.4069,149.0375
12,JUNIN,1201,HUANCAYO,120106,CHICCHE,120106,Chicche,485,1793.0,0.322327,1311,71.787719,1271.0,72.244842,306.0,5.355161,1272.0,283.90659,1470.0,0.779795,0.722448,0.250363,0.425294,0.100976,0.2420 - 0.3928,4.0,Cuarto Quintil,"Programa de las Naciones Unidas para el Desarrollo (PNUD), 2019. Unidad del Informe sobre Desarrollo Humano. Perú",Polygon,-75.293378,-12.290753,41.4807,37.6546
12,JUNIN,1201,HUANCAYO,120112,COLCA,120112,Colca,1458,1447.0,0.449673,666,71.86157,1260.0,50.218975,1223.0,6.295893,937.0,754.688252,531.0,0.781026,0.50219,0.316612,0.398747,0.291963,0.3928 - 0.5436,3.0,Tercer Quintil,"Programa de las Naciones Unidas para el Desarrollo (PNUD), 2019. Unidad del Informe sobre Desarrollo Humano. Perú",Polygon,-75.191232,-12.314225,110.8946,60.407
12,JUNIN,1201,HUANCAYO,120113,CULLHUAS,120113,Cullhuas,1421,1458.0,0.185466,1826,75.425432,732.0,49.23429,1258.0,4.358203,1652.0,97.828295,1846.0,0.840424,0.492343,0.180155,0.297822,0.025488,0.0912 - 0.2420,5.0,Quinto Quintil,"Programa de las Naciones Unidas para el Desarrollo (PNUD), 2019. Unidad del Informe sobre Desarrollo Humano. Perú",Polygon,-75.1547,-12.251789,110.9114,48.9012
12,JUNIN,1201,HUANCAYO,120116,HUACRAPUQUIO,120116,Huacrapuquio,1188,1538.0,0.366542,1040,76.832824,538.0,68.26642,466.0,5.950601,1058.0,349.570926,1294.0,0.86388,0.682664,0.292296,0.446699,0.127615,0.2420 - 0.3928,4.0,Cuarto Quintil,"Programa de las Naciones Unidas para el Desarrollo (PNUD), 2019. Unidad del Informe sobre Desarrollo Humano. Perú",Polygon,-75.20935,-12.186699,24.3473,22.7786
12,JUNIN,1201,HUANCAYO,120111,CHUPURO,120111,Chupuro,1587,1407.0,0.429226,738,71.468195,1316.0,73.353559,259.0,7.390909,612.0,503.342934,927.0,0.77447,0.733536,0.393726,0.537412,0.189997,0.3928 - 0.5436,3.0,Tercer Quintil,"Programa de las Naciones Unidas para el Desarrollo (PNUD), 2019. Unidad del Informe sobre Desarrollo Humano. Perú",Polygon,-75.241129,-12.209824,41.601,33.6385
12,JUNIN,1201,HUANCAYO,120136,VIQUES,120136,Viques,2367,1217.0,0.432237,729,73.894101,960.0,69.215666,434.0,7.14727,675.0,513.469196,907.0,0.814902,0.692157,0.376568,0.510533,0.194105,0.3928 - 0.5436,3.0,Tercer Quintil,"Programa de las Naciones Unidas para el Desarrollo (PNUD), 2019. Unidad del Informe sobre Desarrollo Humano. Perú",Polygon,-75.227676,-12.160532,6.1031,12.7818
12,JUNIN,1201,HUANCAYO,120121,HUAYUCACHI,120121,Huayucachi,9078,533.0,0.486901,529,71.277586,1342.0,70.984628,354.0,8.427567,377.0,675.919212,644.0,0.771293,0.709846,0.46673,0.575592,0.260008,0.3928 - 0.5436,3.0,Tercer Quintil,"Programa de las Naciones Unidas para el Desarrollo (PNUD), 2019. Unidad del Informe sobre Desarrollo Humano. Perú",Polygon,-75.222066,-12.13441,14.0513,16.7207
12,JUNIN,1209,CHUPACA,120909,YANACANCHA,120909,Yanacancha,3090,1075.0,0.362346,1064,71.228074,1348.0,51.372608,1180.0,5.946596,1059.0,427.976077,1100.0,0.770468,0.513726,0.292014,0.387318,0.159422,0.2420 - 0.3928,4.0,Cuarto Quintil,"Programa de las Naciones Unidas para el Desarrollo (PNUD), 2019. Unidad del Informe sobre Desarrollo Humano. Perú",Polygon,-75.473778,-12.253668,757.5471,150.4011
12,JUNIN,1209,CHUPACA,120906,SAN JUAN DE ISCOS,120906,San Juan De Iscos,1967,1304.0,0.522327,423,73.452943,1028.0,76.058146,175.0,8.414793,381.0,765.782438,518.0,0.807549,0.760581,0.465831,0.595233,0.296463,0.3928 - 0.5436,3.0,Tercer Quintil,"Programa de las Naciones Unidas para el Desarrollo (PNUD), 2019. Unidad del Informe sobre Desarrollo Humano. Perú",Polygon,-75.301593,-12.119345,26.3063,28.293
12,JUNIN,1209,CHUPACA,120902,AHUAC,120902,Ahuac,5463,778.0,0.473665,574,70.86243,1391.0,67.898062,486.0,8.058978,447.0,661.451459,663.0,0.764374,0.678981,0.440773,0.547062,0.254139,0.3928 - 0.5436,3.0,Tercer Quintil,"Programa de las Naciones Unidas para el Desarrollo (PNUD), 2019. Unidad del Informe sobre Desarrollo Humano. Perú",Polygon,-75.351553,-12.081997,72.089,40.2052
12,JUNIN,1209,CHUPACA,120907,SAN JUAN DE JARPA,120907,San Juan De Jarpa,2998,1098.0,0.287166,1504,75.133519,779.0,51.855736,1160.0,5.358387,1271.0,228.801557,1616.0,0.835559,0.518557,0.250591,0.36048,0.078621,0.2420 - 0.3928,4.0,Cuarto Quintil,"Programa de las Naciones Unidas para el Desarrollo (PNUD), 2019. Unidad del Informe sobre Desarrollo Humano. Perú",Polygon,-75.451009,-12.123489,136.0741,61.7166
12,JUNIN,1201,HUANCAYO,120107,CHILCA,120107,Chilca,91776,64.0,0.550565,337,73.413349,1036.0,75.344507,196.0,9.620272,178.0,826.471893,448.0,0.806889,0.753445,0.550723,0.644158,0.321084,0.5436 - 0.6944,2.0,Segundo Quintil,"Programa de las Naciones Unidas para el Desarrollo (PNUD), 2019. Unidad del Informe sobre Desarrollo Humano. Perú",Polygon,-75.183152,-12.07905,26.8446,32.1791
12,JUNIN,1202,CONCEPCION,120214,SAN JOSE DE QUERO,120214,San Jose De Quero,5513,771.0,0.241515,1695,73.443162,1030.0,58.736356,856.0,6.114835,992.0,136.806869,1798.0,0.807386,0.587364,0.303862,0.422466,0.041301,0.0912 - 0.2420,5.0,Quinto Quintil,"Programa de las Naciones Unidas para el Desarrollo (PNUD), 2019. Unidad del Informe sobre Desarrollo Humano. Perú",Polygon,-75.572673,-12.076246,308.1952,91.445
12,JUNIN,1209,CHUPACA,120905,HUAMANCACA CHICO,120905,Huamancaca Chico,8103,585.0,0.554449,325,73.04003,1094.0,69.492107,410.0,8.493885,364.0,951.828063,313.0,0.800667,0.694921,0.4714,0.572351,0.371938,0.5436 - 0.6944,2.0,Segundo Quintil,"Programa de las Naciones Unidas para el Desarrollo (PNUD), 2019. Unidad del Informe sobre Desarrollo Humano. Perú",Polygon,-75.248767,-12.079625,11.0244,15.8901
12,JUNIN,1209,CHUPACA,120901,CHUPACA,120901,Chupaca,21173,268.0,0.548493,346,71.687104,1285.0,72.11551,314.0,9.507802,194.0,870.503323,393.0,0.778118,0.721155,0.542803,0.625656,0.338947,0.5436 - 0.6944,2.0,Segundo Quintil,"Programa de las Naciones Unidas para el Desarrollo (PNUD), 2019. Unidad del Informe sobre Desarrollo Humano. Perú",Polygon,-75.286068,-12.070923,20.4836,27.0148
12,JUNIN,1209,CHUPACA,120904,HUACHAC,120904,Huachac,3560,998.0,0.538633,368,73.882842,961.0,68.81067,443.0,8.629227,345.0,856.905139,407.0,0.814714,0.688107,0.480931,0.575267,0.33343,0.3928 - 0.5436,3.0,Tercer Quintil,"Programa de las Naciones Unidas para el Desarrollo (PNUD), 2019. Unidad del Informe sobre Desarrollo Humano. Perú",Polygon,-75.342652,-12.035589,23.9253,26.6977
12,JUNIN,1204,JAUJA,120413,LEONOR ORDOÑEZ,120413,Leonor Ordoñez,1410,1464.0,0.51332,450,70.286514,1433.0,78.226768,110.0,8.695357,331.0,751.723402,536.0,0.754775,0.782268,0.485588,0.616328,0.29076,0.3928 - 0.5436,3.0,Tercer Quintil,"Programa de las Naciones Unidas para el Desarrollo (PNUD), 2019. Unidad del Informe sobre Desarrollo Humano. Perú",Polygon,-75.43138,-11.869144,21.1193,22.538
12,JUNIN,1202,CONCEPCION,120210,MATAHUASI,120210,Matahuasi,5279,797.0,0.51501,442,70.89081,1387.0,60.879812,771.0,8.807737,310.0,838.172719,432.0,0.764847,0.608798,0.493503,0.548127,0.325831,0.3928 - 0.5436,3.0,Tercer Quintil,"Programa de las Naciones Unidas para el Desarrollo (PNUD), 2019. Unidad del Informe sobre Desarrollo Humano. Perú",Polygon,-75.357433,-11.881846,23.6216,23.8391
12,JUNIN,1202,CONCEPCION,120215,SANTA ROSA DE OCOPA,120215,Santa Rosa De Ocopa,1892,1334.0,0.516636,436,71.325618,1336.0,67.940537,484.0,7.844207,492.0,853.671659,410.0,0.772094,0.679405,0.425648,0.537762,0.332118,0.3928 - 0.5436,3.0,Tercer Quintil,"Programa de las Naciones Unidas para el Desarrollo (PNUD), 2019. Unidad del Informe sobre Desarrollo Humano. Perú",Polygon,-75.306845,-11.86993,16.1336,20.8488
12,JUNIN,1204,JAUJA,120423,PACCHA,120423,Paccha,1268,1512.0,0.453776,649,70.051218,1458.0,65.443531,590.0,6.899167,751.0,667.773054,656.0,0.750854,0.654435,0.359096,0.484773,0.256703,0.3928 - 0.5436,3.0,Tercer Quintil,"Programa de las Naciones Unidas para el Desarrollo (PNUD), 2019. Unidad del Informe sobre Desarrollo Humano. Perú",Polygon,-75.533422,-11.880047,89.1738,54.2147
12,JUNIN,1201,HUANCAYO,120127,QUICHUAY,120127,Quichuay,1571,1412.0,0.473028,575,73.205995,1072.0,70.610923,370.0,6.435694,888.0,711.360828,590.0,0.803433,0.706109,0.326457,0.480119,0.274386,0.3928 - 0.5436,3.0,Tercer Quintil,"Programa de las Naciones Unidas para el Desarrollo (PNUD), 2019. Unidad del Informe sobre Desarrollo Humano. Perú",Polygon,-75.248663,-11.845601,30.4708,32.5045
12,JUNIN,1204,JAUJA,120403,APATA,120403,Apata,3234,1047.0,0.461935,622,69.780541,1482.0,72.238772,307.0,6.895745,754.0,674.40732,646.0,0.746342,0.722388,0.358855,0.509149,0.259394,0.3928 - 0.5436,3.0,Tercer Quintil,"Programa de las Naciones Unidas para el Desarrollo (PNUD), 2019. Unidad del Informe sobre Desarrollo Humano. Perú",Polygon,-75.272451,-11.680628,419.892,152.6588
12,JUNIN,1204,JAUJA,120420,MUQUI,120420,Muqui,943,1624.0,0.510372,457,73.881558,962.0,59.32016,830.0,8.771793,317.0,780.341928,501.0,0.814693,0.593202,0.490971,0.539671,0.30237,0.3928 - 0.5436,3.0,Tercer Quintil,"Programa de las Naciones Unidas para el Desarrollo (PNUD), 2019. Unidad del Informe sobre Desarrollo Humano. Perú",Polygon,-75.437654,-11.838418,11.9498,14.3258
12,JUNIN,1202,CONCEPCION,120207,HEROINAS TOLEDO,120207,Heroinas Toledo,859,1656.0,0.30584,1401,71.465489,1318.0,35.178315,1647.0,5.262076,1319.0,345.928406,1307.0,0.774425,0.351783,0.243808,0.292861,0.126137,0.2420 - 0.3928,4.0,Cuarto Quintil,"Programa de las Naciones Unidas para el Desarrollo (PNUD), 2019. Unidad del Informe sobre Desarrollo Humano. Perú",Polygon,-75.281777,-11.838739,25.1139,21.5262
12,JUNIN,1204,JAUJA,120421,MUQUIYAUYO,120421,Muquiyauyo,2198,1251.0,0.542297,360,74.965323,797.0,69.85884,397.0,8.483949,365.0,858.240832,406.0,0.832755,0.698588,0.470701,0.573434,0.333972,0.3928 - 0.5436,3.0,Tercer Quintil,"Programa de las Naciones Unidas para el Desarrollo (PNUD), 2019. Unidad del Informe sobre Desarrollo Humano. Perú",Polygon,-75.459362,-11.835044,20.7767,23.8875
12,JUNIN,1204,JAUJA,120409,HUARIPAMPA,120409,Huaripampa,735,1693.0,0.544037,356,73.044399,1091.0,66.790106,529.0,9.046956,262.0,884.027231,380.0,0.80074,0.667901,0.510349,0.583834,0.344433,0.5436 - 0.6944,2.0,Segundo Quintil,"Programa de las Naciones Unidas para el Desarrollo (PNUD), 2019. Unidad del Informe sobre Desarrollo Humano. Perú",Polygon,-75.480601,-11.821277,14.3367,18.9629
12,JUNIN,1204,JAUJA,120428,SAN LORENZO,120428,San Lorenzo,2559,1172.0,0.507016,469,73.802062,977.0,63.858479,661.0,8.358201,389.0,762.340865,521.0,0.813368,0.638585,0.461845,0.543072,0.295067,0.3928 - 0.5436,3.0,Tercer Quintil,"Programa de las Naciones Unidas para el Desarrollo (PNUD), 2019. Unidad del Informe sobre Desarrollo Humano. Perú",Polygon,-75.378522,-11.838666,24.3334,31.2748
12,JUNIN,1204,JAUJA,120407,EL MANTARO,120407,El Mantaro,2552,1174.0,0.540671,365,74.812216,813.0,71.172262,343.0,9.179283,235.0,806.635721,466.0,0.830204,0.711723,0.519668,0.608161,0.313037,0.3928 - 0.5436,3.0,Tercer Quintil,"Programa de las Naciones Unidas para el Desarrollo (PNUD), 2019. Unidad del Informe sobre Desarrollo Humano. Perú",Polygon,-75.391569,-11.817831,17.8951,21.1735
12,JUNIN,1204,JAUJA,120408,HUAMALI,120408,Huamali,1568,1414.0,0.492667,512,71.261723,1343.0,64.582168,633.0,8.756732,320.0,714.660265,584.0,0.771029,0.645822,0.489911,0.56249,0.275724,0.3928 - 0.5436,3.0,Tercer Quintil,"Programa de las Naciones Unidas para el Desarrollo (PNUD), 2019. Unidad del Informe sobre Desarrollo Humano. Perú",Polygon,-75.404086,-11.789627,19.6721,28.9474
12,JUNIN,1204,JAUJA,120425,PARCO,120425,Parco,918,1633.0,0.476617,558,69.189588,1541.0,73.168936,266.0,7.97487,462.0,677.428542,642.0,0.736493,0.731689,0.43485,0.56407,0.26062,0.3928 - 0.5436,3.0,Tercer Quintil,"Programa de las Naciones Unidas para el Desarrollo (PNUD), 2019. Unidad del Informe sobre Desarrollo Humano. Perú",Polygon,-75.540601,-11.820615,33.9845,31.4319
12,JUNIN,1204,JAUJA,120404,ATAURA,120404,Ataura,1096,1574.0,0.55587,320,70.769322,1403.0,68.54774,452.0,9.405195,208.0,951.022349,314.0,0.762822,0.685477,0.535577,0.605909,0.371612,0.5436 - 0.6944,2.0,Segundo Quintil,"Programa de las Naciones Unidas para el Desarrollo (PNUD), 2019. Unidad del Informe sobre Desarrollo Humano. Perú",Polygon,-75.447094,-11.795464,5.6255,11.6626
12,JUNIN,1204,JAUJA,120434,YAUYOS,120434,Yauyos,8828,545.0,0.555888,319,72.203452,1200.0,69.304557,424.0,9.550225,188.0,910.109545,349.0,0.786724,0.693046,0.54579,0.615027,0.355014,0.5436 - 0.6944,2.0,Segundo Quintil,"Programa de las Naciones Unidas para el Desarrollo (PNUD), 2019. Unidad del Informe sobre Desarrollo Humano. Perú",Polygon,-75.514276,-11.795838,19.6057,23.329
12,JUNIN,1204,JAUJA,120414,LLOCLLAPAMPA,120414,Llocllapampa,846,1660.0,0.476508,559,68.665278,1581.0,64.676495,630.0,7.78927,509.0,736.657493,555.0,0.727755,0.646765,0.42178,0.522295,0.284648,0.3928 - 0.5436,3.0,Tercer Quintil,"Programa de las Naciones Unidas para el Desarrollo (PNUD), 2019. Unidad del Informe sobre Desarrollo Humano. Perú",Polygon,-75.625047,-11.834839,109.257,60.2081
12,JUNIN,1204,JAUJA,120410,HUERTAS,120410,Huertas,1705,1387.0,0.463146,615,70.338386,1431.0,64.256688,648.0,8.633217,344.0,617.812691,727.0,0.75564,0.642567,0.481212,0.556068,0.236435,0.3928 - 0.5436,3.0,Tercer Quintil,"Programa de las Naciones Unidas para el Desarrollo (PNUD), 2019. Unidad del Informe sobre Desarrollo Humano. Perú",Polygon,-75.466739,-11.764383,12.0497,17.1822
12,JUNIN,1201,HUANCAYO,120135,SANTO DOMINGO DE ACOBAMBA,120135,Santo Domingo De Acobamba,6242,717.0,0.384106,940,71.465811,1317.0,55.953322,982.0,6.898965,752.0,437.419133,1065.0,0.77443,0.559533,0.359082,0.448239,0.163253,0.2420 - 0.3928,4.0,Cuarto Quintil,"Programa de las Naciones Unidas para el Desarrollo (PNUD), 2019. Unidad del Informe sobre Desarrollo Humano. Perú",Polygon,-74.69359,-11.854741,877.0371,159.7117
12,JUNIN,1204,JAUJA,120401,JAUJA,120401,Jauja,14305,360.0,0.579335,259,70.26773,1437.0,73.928453,245.0,10.3964,97.0,984.615373,274.0,0.754462,0.739285,0.60538,0.66899,0.38524,0.5436 - 0.6944,2.0,Segundo Quintil,"Programa de las Naciones Unidas para el Desarrollo (PNUD), 2019. Unidad del Informe sobre Desarrollo Humano. Perú",Polygon,-75.491138,-11.774085,9.4821,17.8083
12,JUNIN,1208,YAULI,120809,SUITUCANCHA,120809,Suitucancha,892,1645.0,0.361181,1071,73.346636,1053.0,48.206082,1287.0,7.034722,713.0,376.918981,1228.0,0.805777,0.482061,0.368642,0.421554,0.13871,0.2420 - 0.3928,4.0,Cuarto Quintil,"Programa de las Naciones Unidas para el Desarrollo (PNUD), 2019. Unidad del Informe sobre Desarrollo Humano. Perú",Polygon,-75.978171,-11.833311,215.4507,77.0853
12,JUNIN,1204,JAUJA,120416,MASMA,120416,Masma,1823,1354.0,0.393393,903,68.689855,1578.0,57.865566,907.0,7.531262,576.0,461.457171,1017.0,0.728164,0.578656,0.40361,0.483271,0.173005,0.3928 - 0.5436,3.0,Tercer Quintil,"Programa de las Naciones Unidas para el Desarrollo (PNUD), 2019. Unidad del Informe sobre Desarrollo Humano. Perú",Polygon,-75.422018,-11.780825,14.5111,19.6332
12,JUNIN,1204,JAUJA,120405,CANCHAYLLO,120405,Canchayllo,1564,1416.0,0.425123,755,67.961392,1631.0,57.771004,910.0,7.80674,502.0,570.062,801.0,0.716023,0.57771,0.42301,0.494345,0.217064,0.3928 - 0.5436,3.0,Tercer Quintil,"Programa de las Naciones Unidas para el Desarrollo (PNUD), 2019. Unidad del Informe sobre Desarrollo Humano. Perú",Polygon,-75.799982,-11.914946,946.7882,163.8706
12,JUNIN,1204,JAUJA,120424,PANCAN,120424,Pancan,1184,1543.0,0.514194,444,68.29188,1615.0,74.473923,226.0,8.130468,436.0,841.060493,426.0,0.721531,0.744739,0.445808,0.576203,0.327002,0.3928 - 0.5436,3.0,Tercer Quintil,"Programa de las Naciones Unidas para el Desarrollo (PNUD), 2019. Unidad del Informe sobre Desarrollo Humano. Perú",Polygon,-75.499028,-11.747512,11.3934,15.0018
12,JUNIN,1204,JAUJA,120411,JANJAILLO,120411,Janjaillo,458,1805.0,0.247372,1680,70.383279,1429.0,54.15414,1051.0,5.096173,1370.0,174.138498,1726.0,0.756388,0.541541,0.232125,0.354549,0.056446,0.2420 - 0.3928,4.0,Cuarto Quintil,"Programa de las Naciones Unidas para el Desarrollo (PNUD), 2019. Unidad del Informe sobre Desarrollo Humano. Perú",Polygon,-75.618719,-11.76563,32.5174,28.6954
12,JUNIN,1204,JAUJA,120417,MASMA CHICCHE,120417,Masma Chicche,591,1746.0,0.416738,794,75.448582,726.0,76.953818,152.0,4.98537,1417.0,545.689924,852.0,0.84081,0.769538,0.224322,0.415481,0.207176,0.3928 - 0.5436,3.0,Tercer Quintil,"Programa de las Naciones Unidas para el Desarrollo (PNUD), 2019. Unidad del Informe sobre Desarrollo Humano. Perú",Polygon,-75.364661,-11.774962,33.7654,38.6963
12,JUNIN,1204,JAUJA,120412,JULCAN,120412,Julcan,600,1742.0,0.5168,435,71.504677,1311.0,69.245624,430.0,8.436658,376.0,806.636081,465.0,0.775078,0.692456,0.46737,0.568888,0.313037,0.3928 - 0.5436,3.0,Tercer Quintil,"Programa de las Naciones Unidas para el Desarrollo (PNUD), 2019. Unidad del Informe sobre Desarrollo Humano. Perú",Polygon,-75.428885,-11.754255,19.1135,17.7337
12,JUNIN,1204,JAUJA,120415,MARCO,120415,Marco,1219,1529.0,0.413335,815,72.16198,1211.0,58.360287,883.0,7.382511,615.0,497.333013,942.0,0.786033,0.583603,0.393135,0.478993,0.187559,0.3928 - 0.5436,3.0,Tercer Quintil,"Programa de las Naciones Unidas para el Desarrollo (PNUD), 2019. Unidad del Informe sobre Desarrollo Humano. Perú",Polygon,-75.567747,-11.76045,28.7311,23.8724
12,JUNIN,1204,JAUJA,120406,CURICACA,120406,Curicaca,1425,1457.0,0.454564,646,68.734448,1577.0,55.056709,1020.0,7.076811,699.0,737.237129,554.0,0.728907,0.550567,0.371606,0.452321,0.284883,0.3928 - 0.5436,3.0,Tercer Quintil,"Programa de las Naciones Unidas para el Desarrollo (PNUD), 2019. Unidad del Informe sobre Desarrollo Humano. Perú",Polygon,-75.66916,-11.768439,65.5467,44.3743
12,JUNIN,1208,YAULI,120802,CHACAPALPA,120802,Chacapalpa,546,1764.0,0.414222,810,75.105986,780.0,46.633401,1334.0,6.409264,897.0,574.210085,793.0,0.8351,0.466334,0.324596,0.389063,0.218746,0.3928 - 0.5436,3.0,Tercer Quintil,"Programa de las Naciones Unidas para el Desarrollo (PNUD), 2019. Unidad del Informe sobre Desarrollo Humano. Perú",Polygon,-75.821234,-11.724618,186.1324,61.458
12,JUNIN,1204,JAUJA,120418,MOLINOS,120418,Molinos,1317,1492.0,0.357353,1094,73.353891,1049.0,56.72248,949.0,6.370749,916.0,361.664193,1269.0,0.805898,0.567225,0.321884,0.427294,0.132521,0.2420 - 0.3928,4.0,Cuarto Quintil,"Programa de las Naciones Unidas para el Desarrollo (PNUD), 2019. Unidad del Informe sobre Desarrollo Humano. Perú",Polygon,-75.339225,-11.594189,314.2384,110.7381
12,JUNIN,1202,CONCEPCION,120203,ANDAMARCA,120203,Andamarca,3484,1012.0,0.263475,1618,74.105501,926.0,47.755987,1298.0,4.025066,1721.0,236.380499,1596.0,0.818425,0.47756,0.156695,0.273553,0.081696,0.2420 - 0.3928,4.0,Cuarto Quintil,"Programa de las Naciones Unidas para el Desarrollo (PNUD), 2019. Unidad del Informe sobre Desarrollo Humano. Perú",Polygon,-74.857144,-11.696328,505.9069,134.283
12,JUNIN,1204,JAUJA,120402,ACOLLA,120402,Acolla,5696,758.0,0.484661,538,71.7097,1280.0,62.978405,690.0,7.681609,538.0,740.789976,550.0,0.778495,0.629784,0.414198,0.51074,0.286325,0.3928 - 0.5436,3.0,Tercer Quintil,"Programa de las Naciones Unidas para el Desarrollo (PNUD), 2019. Unidad del Informe sobre Desarrollo Humano. Perú",Polygon,-75.567555,-11.662651,120.1548,74.7855
12,JUNIN,1202,CONCEPCION,120206,COMAS,120206,Comas,4486,882.0,0.374191,998,72.788079,1130.0,54.533168,1040.0,4.887825,1451.0,505.886537,919.0,0.796468,0.545332,0.217452,0.34436,0.191029,0.2420 - 0.3928,4.0,Cuarto Quintil,"Programa de las Naciones Unidas para el Desarrollo (PNUD), 2019. Unidad del Informe sobre Desarrollo Humano. Perú",Polygon,-75.048906,-11.665449,949.1261,225.3134
12,JUNIN,1204,JAUJA,120426,POMACANCHA,120426,Pomacancha,1471,1442.0,0.33309,1236,69.330484,1525.0,37.66962,1584.0,4.926899,1436.0,463.095539,1013.0,0.738841,0.376696,0.220204,0.288011,0.17367,0.2420 - 0.3928,4.0,Cuarto Quintil,"Programa de las Naciones Unidas para el Desarrollo (PNUD), 2019. Unidad del Informe sobre Desarrollo Humano. Perú",Polygon,-75.689167,-11.632878,281.5129,83.1455
12,JUNIN,1204,JAUJA,120422,PACA,120422,Paca,759,1687.0,0.444032,688,72.700634,1143.0,73.349848,260.0,6.445356,883.0,589.141461,772.0,0.795011,0.733498,0.327138,0.489852,0.224804,0.3928 - 0.5436,3.0,Tercer Quintil,"Programa de las Naciones Unidas para el Desarrollo (PNUD), 2019. Unidad del Informe sobre Desarrollo Humano. Perú",Polygon,-75.528448,-11.683166,34.0199,36.6772
12,JUNIN,1202,CONCEPCION,120205,COCHAS,120205,Cochas,1405,1465.0,0.394322,898,72.77042,1133.0,45.261035,1383.0,5.074508,1387.0,622.587533,721.0,0.796174,0.45261,0.230599,0.323066,0.238372,0.3928 - 0.5436,3.0,Tercer Quintil,"Programa de las Naciones Unidas para el Desarrollo (PNUD), 2019. Unidad del Informe sobre Desarrollo Humano. Perú",Polygon,-75.141358,-11.62006,108.4404,58.5451
12,JUNIN,1204,JAUJA,120433,YAULI,120433,Yauli,897,1642.0,0.467765,596,68.554271,1588.0,70.021885,388.0,7.474379,589.0,692.036309,621.0,0.725905,0.700219,0.399604,0.528971,0.266546,0.3928 - 0.5436,3.0,Tercer Quintil,"Programa de las Naciones Unidas para el Desarrollo (PNUD), 2019. Unidad del Informe sobre Desarrollo Humano. Perú",Polygon,-75.471344,-11.678845,93.1406,49.7673
12,JUNIN,1204,JAUJA,120432,TUNAN MARCA,120432,Tunan Marca,957,1616.0,0.477757,554,75.00045,793.0,74.423261,227.0,7.130196,679.0,645.287425,686.0,0.833341,0.744233,0.375366,0.528545,0.247581,0.3928 - 0.5436,3.0,Tercer Quintil,"Programa de las Naciones Unidas para el Desarrollo (PNUD), 2019. Unidad del Informe sobre Desarrollo Humano. Perú",Polygon,-75.594736,-11.706819,32.6995,32.0346
12,JUNIN,1208,YAULI,120803,HUAY-HUAY,120803,Huay-Huay,1539,1425.0,0.632549,143,77.89143,416.0,64.045223,656.0,9.965072,144.0,1201.233338,130.0,0.881524,0.640452,0.575005,0.606847,0.473117,0.5436 - 0.6944,2.0,Segundo Quintil,"Programa de las Naciones Unidas para el Desarrollo (PNUD), 2019. Unidad del Informe sobre Desarrollo Humano. Perú",Polygon,-75.965322,-11.717132,193.1508,72.5493
12,JUNIN,1208,YAULI,120810,YAULI,120810,Yauli,4923,830.0,0.704505,46,76.038669,643.0,68.745549,445.0,10.75616,61.0,1573.7987,29.0,0.850644,0.687455,0.630716,0.658475,0.624259,0.6944 - 0.8452,1.0,Primer Quintil,"Programa de las Naciones Unidas para el Desarrollo (PNUD), 2019. Unidad del Informe sobre Desarrollo Humano. Perú",Polygon,-76.098114,-11.709602,410.7839,118.4466
12,JUNIN,1202,CONCEPCION,120209,MARISCAL CASTILLA,120209,Mariscal Castilla,1572,1411.0,0.153132,1857,74.598254,845.0,46.667452,1331.0,5.342087,1284.0,66.38368,1869.0,0.826638,0.466675,0.249443,0.341187,0.012732,0.0912 - 0.2420,5.0,Quinto Quintil,"Programa de las Naciones Unidas para el Desarrollo (PNUD), 2019. Unidad del Informe sobre Desarrollo Humano. Perú",Polygon,-75.105337,-11.58905,56.2711,44.3391
12,JUNIN,1208,YAULI,120808,SANTA ROSA DE SACCO,120808,Santa Rosa De Sacco,9043,536.0,0.632146,145,78.727674,318.0,73.40856,255.0,9.962928,145.0,1105.45951,180.0,0.895461,0.734086,0.574854,0.649609,0.434263,0.5436 - 0.6944,2.0,Segundo Quintil,"Programa de las Naciones Unidas para el Desarrollo (PNUD), 2019. Unidad del Informe sobre Desarrollo Humano. Perú",Polygon,-75.986449,-11.557601,100.3406,50.0462
12,JUNIN,1204,JAUJA,120427,RICRAN,120427,Ricran,1185,1541.0,0.358272,1088,72.011541,1228.0,44.344251,1414.0,5.203591,1340.0,478.771897,985.0,0.783526,0.443443,0.23969,0.326019,0.180029,0.2420 - 0.3928,4.0,Cuarto Quintil,"Programa de las Naciones Unidas para el Desarrollo (PNUD), 2019. Unidad del Informe sobre Desarrollo Humano. Perú",Polygon,-75.457509,-11.560023,320.0693,89.7246
12,JUNIN,1208,YAULI,120801,LA OROYA,120801,La Oroya,8997,538.0,0.621171,165,75.515085,716.0,70.901013,357.0,10.049672,129.0,1128.403546,168.0,0.841918,0.70901,0.580963,0.641801,0.443571,0.5436 - 0.6944,2.0,Segundo Quintil,"Programa de las Naciones Unidas para el Desarrollo (PNUD), 2019. Unidad del Informe sobre Desarrollo Humano. Perú",Polygon,-75.856678,-11.605256,380.1143,117.3779
12,JUNIN,1207,TARMA,120703,HUARICOLCA,120703,Huaricolca,2513,1184.0,0.395812,893,75.65908,692.0,57.276116,929.0,5.534415,1211.0,501.470115,934.0,0.844318,0.572761,0.262987,0.388109,0.189237,0.3928 - 0.5436,3.0,Tercer Quintil,"Programa de las Naciones Unidas para el Desarrollo (PNUD), 2019. Unidad del Informe sobre Desarrollo Humano. Perú",Polygon,-75.616967,-11.525644,164.7583,66.599
12,JUNIN,1207,TARMA,120701,TARMA,120701,Tarma,43269,144.0,0.549326,342,73.030349,1096.0,68.829169,441.0,9.228586,228.0,885.643922,379.0,0.800506,0.688292,0.52314,0.600061,0.345089,0.5436 - 0.6944,2.0,Segundo Quintil,"Programa de las Naciones Unidas para el Desarrollo (PNUD), 2019. Unidad del Informe sobre Desarrollo Humano. Perú",Polygon,-75.758766,-11.455546,445.6074,114.6211
12,JUNIN,1206,SATIPO,120603,LLAYLLA,120603,Llaylla,6984,664.0,0.391309,912,72.679194,1147.0,64.762471,623.0,5.532282,1213.0,485.498833,970.0,0.794653,0.647625,0.262837,0.412577,0.182758,0.2420 - 0.3928,4.0,Cuarto Quintil,"Programa de las Naciones Unidas para el Desarrollo (PNUD), 2019. Unidad del Informe sobre Desarrollo Humano. Perú",Polygon,-74.648954,-11.462927,308.4127,112.166
12,JUNIN,1206,SATIPO,120605,PAMPA HERMOSA,120605,Pampa Hermosa,8248,573.0,0.311928,1373,75.346092,741.0,39.888281,1528.0,5.453841,1242.0,313.298232,1388.0,0.839102,0.398883,0.257313,0.320371,0.1129,0.2420 - 0.3928,4.0,Cuarto Quintil,"Programa de las Naciones Unidas para el Desarrollo (PNUD), 2019. Unidad del Informe sobre Desarrollo Humano. Perú",Polygon,-74.841827,-11.413733,950.7549,170.7803
12,JUNIN,1207,TARMA,120709,TAPO,120709,Tapo,5155,808.0,0.278301,1542,76.278318,609.0,46.010787,1354.0,4.744785,1515.0,236.263929,1597.0,0.854639,0.460108,0.207379,0.308896,0.081649,0.2420 - 0.3928,4.0,Cuarto Quintil,"Programa de las Naciones Unidas para el Desarrollo (PNUD), 2019. Unidad del Informe sobre Desarrollo Humano. Perú",Polygon,-75.528409,-11.429555,215.1027,67.3413
12,JUNIN,1208,YAULI,120806,PACCHA,120806,Paccha,1495,1436.0,0.60201,206,75.795737,675.0,73.058995,274.0,9.146056,242.0,1068.313199,210.0,0.846596,0.73059,0.517328,0.61478,0.419194,0.5436 - 0.6944,2.0,Segundo Quintil,"Programa de las Naciones Unidas para el Desarrollo (PNUD), 2019. Unidad del Informe sobre Desarrollo Humano. Perú",Polygon,-75.992259,-11.440111,322.8771,84.4157
12,JUNIN,1207,TARMA,120705,LA UNION,120705,La Union,2744,1142.0,0.513566,448,76.036269,644.0,77.611858,130.0,7.801083,504.0,720.397926,574.0,0.850604,0.776119,0.422611,0.57271,0.278052,0.3928 - 0.5436,3.0,Tercer Quintil,"Programa de las Naciones Unidas para el Desarrollo (PNUD), 2019. Unidad del Informe sobre Desarrollo Humano. Perú",Polygon,-75.822632,-11.360987,151.5371,68.1034
12,JUNIN,1207,TARMA,120702,ACOBAMBA,120702,Acobamba,11238,449.0,0.419982,775,73.154191,1078.0,65.529955,588.0,7.228365,659.0,489.586568,960.0,0.80257,0.6553,0.382279,0.500507,0.184416,0.3928 - 0.5436,3.0,Tercer Quintil,"Programa de las Naciones Unidas para el Desarrollo (PNUD), 2019. Unidad del Informe sobre Desarrollo Humano. Perú",Polygon,-75.656829,-11.349132,107.2524,52.0388
12,JUNIN,1204,JAUJA,120419,MONOBAMBA,120419,Monobamba,1130,1561.0,0.418738,781,71.338869,1334.0,59.450534,822.0,6.203774,963.0,580.76133,783.0,0.772314,0.594505,0.310125,0.429384,0.221404,0.3928 - 0.5436,3.0,Tercer Quintil,"Programa de las Naciones Unidas para el Desarrollo (PNUD), 2019. Unidad del Informe sobre Desarrollo Humano. Perú",Polygon,-75.231055,-11.408549,935.4234,206.7458
12,JUNIN,1206,SATIPO,120606,PANGOA,120606,Pangoa,66993,95.0,0.357082,1096,73.749325,984.0,43.805659,1425.0,6.484926,876.0,398.354193,1174.0,0.812489,0.438057,0.329924,0.380165,0.147405,0.2420 - 0.3928,4.0,Cuarto Quintil,"Programa de las Naciones Unidas para el Desarrollo (PNUD), 2019. Unidad del Informe sobre Desarrollo Humano. Perú",Polygon,-74.322133,-11.769205,4416.4028,385.0321
12,JUNIN,1207,TARMA,120706,PALCA,120706,Palca,4755,856.0,0.378531,972,75.335192,743.0,49.903943,1231.0,5.362208,1268.0,485.420452,971.0,0.83892,0.499039,0.25086,0.35382,0.182726,0.2420 - 0.3928,4.0,Cuarto Quintil,"Programa de las Naciones Unidas para el Desarrollo (PNUD), 2019. Unidad del Informe sobre Desarrollo Humano. Perú",Polygon,-75.505155,-11.317133,270.5818,90.5798
12,JUNIN,1206,SATIPO,120602,COVIRIALI,120602,Coviriali,6339,710.0,0.386862,935,72.986393,1103.0,49.621854,1243.0,6.539492,862.0,473.490492,998.0,0.799773,0.496219,0.333767,0.406966,0.177887,0.2420 - 0.3928,4.0,Cuarto Quintil,"Programa de las Naciones Unidas para el Desarrollo (PNUD), 2019. Unidad del Informe sobre Desarrollo Humano. Perú",Polygon,-74.65147,-11.317463,97.6152,41.8129
12,JUNIN,1208,YAULI,120804,MARCAPOMACOCHA,120804,Marcapomacocha,1047,1588.0,0.530257,397,77.372931,475.0,48.705997,1273.0,7.851958,489.0,959.114115,299.0,0.872882,0.48706,0.426194,0.455612,0.374894,0.3928 - 0.5436,3.0,Tercer Quintil,"Programa de las Naciones Unidas para el Desarrollo (PNUD), 2019. Unidad del Informe sobre Desarrollo Humano. Perú",Polygon,-76.257664,-11.404861,883.6206,145.3543
12,JUNIN,1206,SATIPO,120601,SATIPO,120601,Satipo,42934,145.0,0.505554,478,71.648348,1291.0,59.716611,818.0,8.33022,395.0,816.746575,456.0,0.777472,0.597166,0.459875,0.524043,0.317139,0.3928 - 0.5436,3.0,Tercer Quintil,"Programa de las Naciones Unidas para el Desarrollo (PNUD), 2019. Unidad del Informe sobre Desarrollo Humano. Perú",Polygon,-74.611805,-11.179581,815.6893,216.8078
12,JUNIN,1207,TARMA,120707,PALCAMAYO,120707,Palcamayo,7061,653.0,0.387383,931,77.125813,507.0,66.328665,548.0,5.673656,1163.0,422.76652,1110.0,0.868764,0.663287,0.272793,0.42537,0.157309,0.2420 - 0.3928,4.0,Cuarto Quintil,"Programa de las Naciones Unidas para el Desarrollo (PNUD), 2019. Unidad del Informe sobre Desarrollo Humano. Perú",Polygon,-75.777819,-11.270185,167.879,75.3111
12,JUNIN,1206,SATIPO,120607,RIO NEGRO,120607,Rio Negro,27485,201.0,0.389645,921,73.529445,1016.0,58.128475,899.0,6.818498,778.0,432.770655,1085.0,0.808824,0.581285,0.353415,0.453249,0.161367,0.2420 - 0.3928,4.0,Cuarto Quintil,"Programa de las Naciones Unidas para el Desarrollo (PNUD), 2019. Unidad del Informe sobre Desarrollo Humano. Perú",Polygon,-74.690931,-11.103154,488.5058,135.3695
12,JUNIN,1203,CHANCHAMAYO,120306,VITOC,120306,Vitoc,782,1674.0,0.550828,333,73.023814,1098.0,59.235912,832.0,7.360744,620.0,1103.675235,183.0,0.800397,0.592359,0.391602,0.481631,0.43354,0.5436 - 0.6944,2.0,Segundo Quintil,"Programa de las Naciones Unidas para el Desarrollo (PNUD), 2019. Unidad del Informe sobre Desarrollo Humano. Perú",Polygon,-75.236607,-11.265012,393.345,118.8058
12,JUNIN,1207,TARMA,120708,SAN PEDRO DE CAJAS,120708,San Pedro De Cajas,4341,894.0,0.380672,959,78.772452,312.0,56.814212,944.0,5.920102,1071.0,408.700342,1143.0,0.896208,0.568142,0.290148,0.406011,0.151603,0.2420 - 0.3928,4.0,Cuarto Quintil,"Programa de las Naciones Unidas para el Desarrollo (PNUD), 2019. Unidad del Informe sobre Desarrollo Humano. Perú",Polygon,-75.785681,-11.12337,512.3039,163.7451
12,JUNIN,1203,CHANCHAMAYO,120305,SAN RAMON,120305,San Ramon,25836,218.0,0.552431,330,74.692784,831.0,62.924176,694.0,8.661675,338.0,944.975733,321.0,0.828213,0.629242,0.483217,0.551416,0.369159,0.5436 - 0.6944,2.0,Segundo Quintil,"Programa de las Naciones Unidas para el Desarrollo (PNUD), 2019. Unidad del Informe sobre Desarrollo Humano. Perú",Polygon,-75.405079,-11.156792,621.7274,179.8106
12,JUNIN,1208,YAULI,120807,SANTA BARBARA DE CARHUACAYAN,120807,Santa Barbara De Carhuacaya,1961,1307.0,0.575104,273,79.067674,276.0,53.02669,1099.0,8.339758,392.0,1087.895356,197.0,0.901128,0.530267,0.460546,0.494179,0.427138,0.5436 - 0.6944,2.0,Segundo Quintil,"Programa de las Naciones Unidas para el Desarrollo (PNUD), 2019. Unidad del Informe sobre Desarrollo Humano. Perú",Polygon,-76.364834,-11.198033,680.4919,138.0916
12,JUNIN,1205,JUNIN,120501,JUNIN,120501,Junin,6833,669.0,0.488132,524,69.772521,1483.0,66.901552,524.0,8.731602,324.0,707.322962,595.0,0.746209,0.669016,0.488141,0.571466,0.272748,0.3928 - 0.5436,3.0,Tercer Quintil,"Programa de las Naciones Unidas para el Desarrollo (PNUD), 2019. Unidad del Informe sobre Desarrollo Humano. Perú",Polygon,-76.011844,-11.188764,870.004,184.7634
12,JUNIN,1205,JUNIN,120503,ONDORES,120503,Ondores,454,1808.0,0.496938,504,67.883571,1636.0,73.876764,248.0,7.695027,534.0,799.242583,476.0,0.714726,0.738768,0.415143,0.5538,0.310038,0.3928 - 0.5436,3.0,Tercer Quintil,"Programa de las Naciones Unidas para el Desarrollo (PNUD), 2019. Unidad del Informe sobre Desarrollo Humano. Perú",Polygon,-76.181981,-11.091398,289.5762,109.6097
12,JUNIN,1204,JAUJA,120430,SAUSA,120430,Sausa,3048,1088.0,0.544322,354,74.661405,835.0,74.496656,220.0,9.102229,249.0,811.003726,461.0,0.82769,0.744967,0.514241,0.618945,0.314809,0.5436 - 0.6944,2.0,Segundo Quintil,"Programa de las Naciones Unidas para el Desarrollo (PNUD), 2019. Unidad del Informe sobre Desarrollo Humano. Perú",Polygon,-75.483291,-11.792653,4.6927,10.2302
12,JUNIN,1204,JAUJA,120429,SAN PEDRO DE CHUNAN,120429,San Pedro De Chunan,685,1708.0,0.423442,764,67.936224,1634.0,55.840908,987.0,7.858708,486.0,570.80252,799.0,0.715604,0.558409,0.42667,0.488115,0.217364,0.3928 - 0.5436,3.0,Tercer Quintil,"Programa de las Naciones Unidas para el Desarrollo (PNUD), 2019. Unidad del Informe sobre Desarrollo Humano. Perú",Polygon,-75.489306,-11.718923,8.7147,13.633
17,MADRE DE DIOS,1701,TAMBOPATA,170102,INAMBARI,170102,Inambari,11049,454.0,0.584761,244,74.226986,905.0,56.547835,959.0,8.321017,397.0,1213.903166,124.0,0.82045,0.565478,0.459227,0.509591,0.478257,0.5436 - 0.6944,2.0,Segundo Quintil,"Programa de las Naciones Unidas para el Desarrollo (PNUD), 2019. Unidad del Informe sobre Desarrollo Humano. Perú",Polygon,-69.938739,-12.976616,4849.1056,390.7553
17,MADRE DE DIOS,1702,MANU,170204,HUEPETUHE,170204,Huepetuhe,7358,633.0,0.649243,107,74.634605,841.0,66.588759,537.0,8.305058,403.0,1511.465991,42.0,0.827243,0.665888,0.458103,0.552309,0.598972,0.5436 - 0.6944,2.0,Segundo Quintil,"Programa de las Naciones Unidas para el Desarrollo (PNUD), 2019. Unidad del Informe sobre Desarrollo Humano. Perú",Polygon,-70.652067,-13.00312,1523.234,283.5736
17,MADRE DE DIOS,1702,MANU,170201,MANU,170201,Manu,1430,1455.0,0.546307,352,74.794488,815.0,57.213381,934.0,8.137462,435.0,993.375608,266.0,0.829908,0.572134,0.4463,0.505315,0.388793,0.5436 - 0.6944,2.0,Segundo Quintil,"Programa de las Naciones Unidas para el Desarrollo (PNUD), 2019. Unidad del Informe sobre Desarrollo Humano. Perú",Polygon,-71.518031,-12.361724,8694.025,589.1864
17,MADRE DE DIOS,1701,TAMBOPATA,170104,LABERINTO,170104,Laberinto,4575,872.0,0.530688,395,75.214556,763.0,61.353505,753.0,7.418086,605.0,928.483313,337.0,0.836909,0.613535,0.39564,0.492685,0.362468,0.3928 - 0.5436,3.0,Tercer Quintil,"Programa de las Naciones Unidas para el Desarrollo (PNUD), 2019. Unidad del Informe sobre Desarrollo Humano. Perú",Polygon,-69.92344,-12.513062,2677.5698,536.4125
17,MADRE DE DIOS,1702,MANU,170203,MADRE DE DIOS,170203,Madre De Dios,9439,516.0,0.589623,233,75.01665,791.0,61.501035,747.0,8.220913,423.0,1184.429542,139.0,0.833611,0.61501,0.452177,0.527346,0.4663,0.5436 - 0.6944,2.0,Segundo Quintil,"Programa de las Naciones Unidas para el Desarrollo (PNUD), 2019. Unidad del Informe sobre Desarrollo Humano. Perú",Polygon,-70.674811,-12.629229,7845.7329,725.0939
17,MADRE DE DIOS,1701,TAMBOPATA,170101,TAMBOPATA,170101,Tambopata,88507,68.0,0.633164,139,72.206411,1198.0,67.61754,500.0,10.029363,133.0,1305.419539,84.0,0.786774,0.676175,0.579533,0.625992,0.515383,0.5436 - 0.6944,2.0,Segundo Quintil,"Programa de las Naciones Unidas para el Desarrollo (PNUD), 2019. Unidad del Informe sobre Desarrollo Humano. Perú",Polygon,-70.285532,-12.046915,20714.4575,1869.279
17,MADRE DE DIOS,1701,TAMBOPATA,170103,LAS PIEDRAS,170103,Las Piedras,9163,529.0,0.525748,412,74.038237,938.0,58.200487,894.0,8.141897,434.0,894.682358,366.0,0.817304,0.582005,0.446612,0.509834,0.348756,0.3928 - 0.5436,3.0,Tercer Quintil,"Programa de las Naciones Unidas para el Desarrollo (PNUD), 2019. Unidad del Informe sobre Desarrollo Humano. Perú",Polygon,-69.539613,-12.003306,7741.4308,929.4919
17,MADRE DE DIOS,1702,MANU,170202,FITZCARRALD,170202,Fitzcarrald,1583,1410.0,0.403663,858,75.549639,709.0,34.021528,1680.0,6.040391,1024.0,638.769319,703.0,0.842494,0.340215,0.298619,0.318739,0.244937,0.3928 - 0.5436,3.0,Tercer Quintil,"Programa de las Naciones Unidas para el Desarrollo (PNUD), 2019. Unidad del Informe sobre Desarrollo Humano. Perú",Polygon,-71.634635,-11.850024,10656.7013,1110.0051
17,MADRE DE DIOS,1703,TAHUAMANU,170303,TAHUAMANU,170303,Tahuamanu,3379,1029.0,0.597618,218,82.267218,51.0,48.480977,1278.0,7.809538,501.0,1251.942824,102.0,0.954454,0.48481,0.423207,0.452962,0.493689,0.5436 - 0.6944,2.0,Segundo Quintil,"Programa de las Naciones Unidas para el Desarrollo (PNUD), 2019. Unidad del Informe sobre Desarrollo Humano. Perú",Polygon,-69.531999,-11.679565,3512.4147,519.5279
17,MADRE DE DIOS,1703,TAHUAMANU,170302,IBERIA,170302,Iberia,8313,568.0,0.658171,95,82.297404,49.0,57.448458,922.0,9.1737,236.0,1382.445172,69.0,0.954957,0.574485,0.519275,0.546182,0.546631,0.5436 - 0.6944,2.0,Segundo Quintil,"Programa de las Naciones Unidas para el Desarrollo (PNUD), 2019. Unidad del Informe sobre Desarrollo Humano. Perú",Polygon,-69.679201,-11.435044,2584.3718,251.785
21,PUNO,2103,CARABAYA,210304,COASA,210304,Coasa,12761,408.0,0.280906,1529,62.192543,1821.0,62.846862,698.0,5.452907,1243.0,254.218228,1543.0,0.619876,0.628469,0.257247,0.402084,0.088932,0.2420 - 0.3928,4.0,Cuarto Quintil,"Programa de las Naciones Unidas para el Desarrollo (PNUD), 2019. Unidad del Informe sobre Desarrollo Humano. Perú",Polygon,-69.89712,-13.643024,3119.1141,407.7205
21,PUNO,2112,SANDIA,211203,LIMBANI,211203,Limbani,3926,953.0,0.405464,850,71.114252,1363.0,73.095403,271.0,6.795263,784.0,456.607991,1025.0,0.768571,0.730954,0.351779,0.507084,0.171038,0.3928 - 0.5436,3.0,Tercer Quintil,"Programa de las Naciones Unidas para el Desarrollo (PNUD), 2019. Unidad del Informe sobre Desarrollo Humano. Perú",Polygon,-69.607062,-13.778139,2392.1255,385.0739
21,PUNO,2112,SANDIA,211210,SAN PEDRO DE PUTINA PUNCO,211210,San Pedro De Putina Puncu,11371,443.0,0.466905,600,79.349655,252.0,68.978475,438.0,7.152805,673.0,578.191303,788.0,0.905828,0.689785,0.376958,0.509922,0.220362,0.3928 - 0.5436,3.0,Tercer Quintil,"Programa de las Naciones Unidas para el Desarrollo (PNUD), 2019. Unidad del Informe sobre Desarrollo Humano. Perú",Polygon,-69.147595,-13.548192,5538.3737,568.91
21,PUNO,2103,CARABAYA,210303,AYAPATA,210303,Ayapata,12277,424.0,0.381645,951,66.41201,1713.0,69.235781,432.0,5.847071,1089.0,481.917614,978.0,0.6902,0.692358,0.285005,0.444213,0.181305,0.2420 - 0.3928,4.0,Cuarto Quintil,"Programa de las Naciones Unidas para el Desarrollo (PNUD), 2019. Unidad del Informe sobre Desarrollo Humano. Perú",Polygon,-70.24328,-13.500849,2049.9694,325.9647
21,PUNO,2103,CARABAYA,210309,SAN GABAN,210309,San Gaban,5358,790.0,0.460549,630,64.713029,1766.0,74.871351,211.0,7.395117,611.0,704.796776,602.0,0.661884,0.748714,0.394022,0.543148,0.271723,0.3928 - 0.5436,3.0,Tercer Quintil,"Programa de las Naciones Unidas para el Desarrollo (PNUD), 2019. Unidad del Informe sobre Desarrollo Humano. Perú",Polygon,-70.394825,-13.52402,745.2318,145.9288
15,LIMA,1501,LIMA,150138,SANTA MARIA DEL MAR,150138,Santa Maria Del Mar,1631,1402.0,0.74666,24,79.0591,277.0,64.032471,658.0,10.538937,76.0,1849.18807,14.0,0.900985,0.640325,0.615418,0.627748,0.735979,0.6944 - 0.8452,1.0,Primer Quintil,"Programa de las Naciones Unidas para el Desarrollo (PNUD), 2019. Unidad del Informe sobre Desarrollo Humano. Perú",MultiPolygon,-76.767308,-12.408711,7.8132,16.9437
15,LIMA,1510,YAUYOS,151011,COLONIA,151011,Colonia,1159,1551.0,0.268037,1597,68.879693,1565.0,51.94721,1154.0,7.990192,457.0,171.395268,1733.0,0.731328,0.519472,0.435929,0.475871,0.055333,0.2420 - 0.3928,4.0,Cuarto Quintil,"Programa de las Naciones Unidas para el Desarrollo (PNUD), 2019. Unidad del Informe sobre Desarrollo Humano. Perú",Polygon,-75.84597,-12.584259,346.4659,103.0458
15,LIMA,1505,CAÑETE,150501,SAN VICENTE DE CAÑETE,150501,San Vicente De Cañete,60076,106.0,0.70679,45,79.529163,234.0,82.803167,29.0,10.462097,87.0,1382.473893,68.0,0.908819,0.828032,0.610007,0.710707,0.546643,0.6944 - 0.8452,1.0,Primer Quintil,"Programa de las Naciones Unidas para el Desarrollo (PNUD), 2019. Unidad del Informe sobre Desarrollo Humano. Perú",Polygon,-76.257552,-13.171923,519.8821,113.5457
15,LIMA,1505,CAÑETE,150502,ASIA,150502,Asia,10998,456.0,0.67407,76,78.062706,403.0,82.23752,37.0,9.29636,219.0,1330.620821,79.0,0.884378,0.822375,0.527913,0.658895,0.525607,0.5436 - 0.6944,2.0,Segundo Quintil,"Programa de las Naciones Unidas para el Desarrollo (PNUD), 2019. Unidad del Informe sobre Desarrollo Humano. Perú",Polygon,-76.511232,-12.796715,282.2884,97.5256
15,LIMA,1505,CAÑETE,150505,CHILCA,150505,Chilca,18760,295.0,0.703305,47,79.27699,255.0,78.757877,98.0,10.49598,81.0,1399.966152,64.0,0.904617,0.787579,0.612393,0.694484,0.553739,0.6944 - 0.8452,1.0,Primer Quintil,"Programa de las Naciones Unidas para el Desarrollo (PNUD), 2019. Unidad del Informe sobre Desarrollo Humano. Perú",Polygon,-76.629911,-12.429802,483.263,124.1357
15,LIMA,1505,CAÑETE,150507,IMPERIAL,150507,Imperial,40902,148.0,0.686345,60,82.297749,48.0,79.493293,78.0,10.211792,110.0,1251.167233,103.0,0.954962,0.794933,0.59238,0.686223,0.493374,0.5436 - 0.6944,2.0,Segundo Quintil,"Programa de las Naciones Unidas para el Desarrollo (PNUD), 2019. Unidad del Informe sobre Desarrollo Humano. Perú",Polygon,-76.369609,-13.033099,52.2811,47.2947
15,LIMA,1505,CAÑETE,150509,MALA,150509,Mala,36837,160.0,0.685814,63,80.26354,175.0,82.210053,38.0,10.090706,125.0,1281.046442,91.0,0.921059,0.822101,0.583853,0.69281,0.505496,0.5436 - 0.6944,2.0,Segundo Quintil,"Programa de las Naciones Unidas para el Desarrollo (PNUD), 2019. Unidad del Informe sobre Desarrollo Humano. Perú",Polygon,-76.601657,-12.653467,131.1123,54.2184
15,LIMA,1505,CAÑETE,150512,QUILMANA,150512,Quilmana,16516,321.0,0.64729,110,79.140315,269.0,72.312284,299.0,8.385321,386.0,1314.365603,83.0,0.902339,0.723123,0.463755,0.579096,0.519012,0.5436 - 0.6944,2.0,Segundo Quintil,"Programa de las Naciones Unidas para el Desarrollo (PNUD), 2019. Unidad del Informe sobre Desarrollo Humano. Perú",Polygon,-76.345243,-12.869545,449.1223,102.0892
15,LIMA,1505,CAÑETE,150515,SANTA CRUZ DE FLORES,150515,Santa Cruz De Flores,3122,1066.0,0.702148,48,79.507523,238.0,89.215043,4.0,9.739598,162.0,1364.915355,75.0,0.908459,0.89215,0.559127,0.706275,0.539519,0.6944 - 0.8452,1.0,Primer Quintil,"Programa de las Naciones Unidas para el Desarrollo (PNUD), 2019. Unidad del Informe sobre Desarrollo Humano. Perú",Polygon,-76.646194,-12.549885,94.3314,48.2994
15,LIMA,1506,HUARAL,150601,HUARAL,150601,Huaral,104439,55.0,0.644705,119,79.928737,207.0,69.722423,401.0,9.344739,212.0,1220.460893,118.0,0.915479,0.697224,0.53132,0.608645,0.480917,0.5436 - 0.6944,2.0,Segundo Quintil,"Programa de las Naciones Unidas para el Desarrollo (PNUD), 2019. Unidad del Informe sobre Desarrollo Humano. Perú",Polygon,-77.171071,-11.387065,645.2187,144.0125
15,LIMA,1506,HUARAL,150605,CHANCAY,150605,Chancay,65702,98.0,0.632899,142,79.852284,214.0,72.517859,291.0,8.650574,340.0,1190.673404,134.0,0.914205,0.725179,0.482435,0.591482,0.468833,0.5436 - 0.6944,2.0,Segundo Quintil,"Programa de las Naciones Unidas para el Desarrollo (PNUD), 2019. Unidad del Informe sobre Desarrollo Humano. Perú",Polygon,-77.291825,-11.501116,155.0153,74.739
15,LIMA,1506,HUARAL,150611,SUMBILCA,150611,Sumbilca,573,1757.0,0.40037,873,81.213738,98.0,60.928476,769.0,6.850033,765.0,397.740752,1176.0,0.936896,0.609285,0.355636,0.465493,0.147156,0.3928 - 0.5436,3.0,Tercer Quintil,"Programa de las Naciones Unidas para el Desarrollo (PNUD), 2019. Unidad del Informe sobre Desarrollo Humano. Perú",Polygon,-76.855424,-11.394394,236.8543,87.5969
15,LIMA,1507,HUAROCHIRI,150701,MATUCANA,150701,Matucana,3417,1022.0,0.578208,263,69.945541,1468.0,79.319412,83.0,10.405431,94.0,952.489679,312.0,0.749092,0.793194,0.606016,0.693317,0.372207,0.5436 - 0.6944,2.0,Segundo Quintil,"Programa de las Naciones Unidas para el Desarrollo (PNUD), 2019. Unidad del Informe sobre Desarrollo Humano. Perú",Polygon,-76.379416,-11.816136,180.6003,74.7015
15,LIMA,1507,HUAROCHIRI,150702,ANTIOQUIA,150702,Antioquia,1176,1544.0,0.474992,566,71.831715,1265.0,64.779919,622.0,5.88923,1079.0,818.591519,453.0,0.780529,0.647799,0.287974,0.431914,0.317887,0.3928 - 0.5436,3.0,Tercer Quintil,"Programa de las Naciones Unidas para el Desarrollo (PNUD), 2019. Unidad del Informe sobre Desarrollo Humano. Perú",Polygon,-76.589113,-12.061547,417.6321,114.8709
15,LIMA,1507,HUAROCHIRI,150703,CALLAHUANCA,150703,Callahuanca,3187,1055.0,0.565217,298,71.982881,1234.0,65.024372,613.0,9.911168,150.0,967.690645,289.0,0.783048,0.650244,0.571209,0.609447,0.378373,0.5436 - 0.6944,2.0,Segundo Quintil,"Programa de las Naciones Unidas para el Desarrollo (PNUD), 2019. Unidad del Informe sobre Desarrollo Humano. Perú",Polygon,-76.5753,-11.813705,50.6375,37.4957
15,LIMA,1507,HUAROCHIRI,150704,CARAMPOMA,150704,Carampoma,1374,1473.0,0.509911,461,76.163484,626.0,78.772382,96.0,7.568213,567.0,712.528642,588.0,0.852725,0.787724,0.406212,0.56567,0.274859,0.3928 - 0.5436,3.0,Tercer Quintil,"Programa de las Naciones Unidas para el Desarrollo (PNUD), 2019. Unidad del Informe sobre Desarrollo Humano. Perú",Polygon,-76.38303,-11.639695,231.8886,108.0786
15,LIMA,1507,HUAROCHIRI,150705,CHICLA,150705,Chicla,6122,726.0,0.74811,23,71.690315,1284.0,68.093041,477.0,11.546293,32.0,1975.043673,4.0,0.778172,0.68093,0.686359,0.683639,0.787036,0.6944 - 0.8452,1.0,Primer Quintil,"Programa de las Naciones Unidas para el Desarrollo (PNUD), 2019. Unidad del Informe sobre Desarrollo Humano. Perú",Polygon,-76.243782,-11.664485,235.134,81.2777
15,LIMA,1507,HUAROCHIRI,150706,CUENCA,150706,Cuenca,419,1821.0,0.313482,1364,73.501575,1020.0,51.373292,1179.0,4.319115,1659.0,346.172817,1306.0,0.80836,0.513733,0.177402,0.30189,0.126236,0.2420 - 0.3928,4.0,Cuarto Quintil,"Programa de las Naciones Unidas para el Desarrollo (PNUD), 2019. Unidad del Informe sobre Desarrollo Humano. Perú",Polygon,-76.456918,-12.156528,67.555,47.1109
15,LIMA,1507,HUAROCHIRI,150707,HUACHUPAMPA,150707,Huachupampa,2223,1248.0,0.419167,779,70.556491,1418.0,61.540923,744.0,10.201106,113.0,431.252741,1089.0,0.759275,0.615409,0.591627,0.603401,0.160752,0.3928 - 0.5436,3.0,Tercer Quintil,"Programa de las Naciones Unidas para el Desarrollo (PNUD), 2019. Unidad del Informe sobre Desarrollo Humano. Perú",Polygon,-76.595794,-11.696852,78.8083,45.3998
15,LIMA,1507,HUAROCHIRI,150708,HUANZA,150708,Huanza,2257,1236.0,0.458454,636,75.280441,752.0,64.705885,626.0,8.684871,335.0,541.036741,860.0,0.838007,0.647059,0.48485,0.560113,0.205289,0.3928 - 0.5436,3.0,Tercer Quintil,"Programa de las Naciones Unidas para el Desarrollo (PNUD), 2019. Unidad del Informe sobre Desarrollo Humano. Perú",Polygon,-76.443638,-11.561135,234.1375,72.5924
15,LIMA,1507,HUAROCHIRI,150709,HUAROCHIRI,150709,Huarochiri,1102,1571.0,0.438765,706,77.762951,428.0,60.59414,787.0,8.810076,309.0,467.915876,1008.0,0.879383,0.605941,0.493667,0.546931,0.175625,0.3928 - 0.5436,3.0,Tercer Quintil,"Programa de las Naciones Unidas para el Desarrollo (PNUD), 2019. Unidad del Informe sobre Desarrollo Humano. Perú",Polygon,-76.272527,-12.069428,240.4961,115.3273
15,LIMA,1501,LIMA,150106,CARABAYLLO,150106,Carabayllo,356854,13.0,0.649869,105,78.849674,303.0,74.114567,239.0,9.217868,229.0,1246.479589,104.0,0.897495,0.741146,0.522385,0.622225,0.491472,0.5436 - 0.6944,2.0,Segundo Quintil,"Programa de las Naciones Unidas para el Desarrollo (PNUD), 2019. Unidad del Informe sobre Desarrollo Humano. Perú",Polygon,-76.972937,-11.807415,312.2639,96.9662
15,LIMA,1501,LIMA,150109,CIENEGUILLA,150109,Cieneguilla,48261,132.0,0.637172,127,77.288096,482.0,69.643266,404.0,9.015039,268.0,1265.041999,96.0,0.871468,0.696433,0.508101,0.59486,0.499003,0.5436 - 0.6944,2.0,Segundo Quintil,"Programa de las Naciones Unidas para el Desarrollo (PNUD), 2019. Unidad del Informe sobre Desarrollo Humano. Perú",Polygon,-76.777452,-12.076541,225.2623,66.984
15,LIMA,1501,LIMA,150119,LURIN,150119,Lurin,95909,60.0,0.690924,56,78.416261,361.0,70.974363,355.0,9.826485,155.0,1476.835195,47.0,0.890271,0.709744,0.565245,0.633387,0.584923,0.5436 - 0.6944,2.0,Segundo Quintil,"Programa de las Naciones Unidas para el Desarrollo (PNUD), 2019. Unidad del Informe sobre Desarrollo Humano. Perú",Polygon,-76.801544,-12.234344,188.3598,86.3242
15,LIMA,1501,LIMA,150123,PACHACAMAC,150123,Pachacamac,140978,43.0,0.646311,113,77.518722,464.0,70.892348,358.0,9.278997,223.0,1279.230283,94.0,0.875312,0.708923,0.52669,0.611051,0.504759,0.5436 - 0.6944,2.0,Segundo Quintil,"Programa de las Naciones Unidas para el Desarrollo (PNUD), 2019. Unidad del Informe sobre Desarrollo Humano. Perú",Polygon,-76.809865,-12.159996,185.556,95.6538
15,LIMA,1501,LIMA,150124,PUCUSANA,150124,Pucusana,19084,288.0,0.59894,214,77.007445,522.0,66.791919,528.0,9.320308,216.0,1062.346355,214.0,0.866791,0.667919,0.529599,0.594752,0.416773,0.5436 - 0.6944,2.0,Segundo Quintil,"Programa de las Naciones Unidas para el Desarrollo (PNUD), 2019. Unidad del Informe sobre Desarrollo Humano. Perú",MultiPolygon,-76.775984,-12.466233,29.4168,45.4069
15,LIMA,1501,LIMA,150126,PUNTA HERMOSA,150126,Punta Hermosa,12551,416.0,0.695989,55,77.130703,505.0,67.89627,487.0,10.144341,119.0,1549.281979,38.0,0.868845,0.678963,0.58763,0.631648,0.614313,0.6944 - 0.8452,1.0,Primer Quintil,"Programa de las Naciones Unidas para el Desarrollo (PNUD), 2019. Unidad del Informe sobre Desarrollo Humano. Perú",Polygon,-76.743728,-12.269239,121.8663,65.6353
15,LIMA,1501,LIMA,150127,PUNTA NEGRA,150127,Punta Negra,8293,569.0,0.699762,51,76.102463,637.0,67.491697,510.0,10.594361,72.0,1568.892518,31.0,0.851708,0.674917,0.619321,0.646522,0.622269,0.6944 - 0.8452,1.0,Primer Quintil,"Programa de las Naciones Unidas para el Desarrollo (PNUD), 2019. Unidad del Informe sobre Desarrollo Humano. Perú",Polygon,-76.709414,-12.303617,129.6087,65.517
15,LIMA,1501,LIMA,150129,SAN BARTOLO,150129,San Bartolo,8667,552.0,0.723834,41,79.665473,224.0,76.375259,165.0,10.576618,75.0,1528.397784,41.0,0.911091,0.763753,0.618072,0.687062,0.605841,0.6944 - 0.8452,1.0,Primer Quintil,"Programa de las Naciones Unidas para el Desarrollo (PNUD), 2019. Unidad del Informe sobre Desarrollo Humano. Perú",Polygon,-76.724142,-12.369381,53.6524,41.7841
15,LIMA,1507,HUAROCHIRI,150710,LAHUAYTAMBO,150710,Lahuaytambo,532,1774.0,0.262608,1623,79.383135,246.0,34.752521,1660.0,7.015794,718.0,172.853999,1728.0,0.906386,0.347525,0.367309,0.35728,0.055925,0.2420 - 0.3928,4.0,Cuarto Quintil,"Programa de las Naciones Unidas para el Desarrollo (PNUD), 2019. Unidad del Informe sobre Desarrollo Humano. Perú",Polygon,-76.391878,-12.093281,82.014,44.3398
15,LIMA,1507,HUAROCHIRI,150711,LANGA,150711,Langa,724,1697.0,0.293286,1467,76.032201,645.0,58.411724,877.0,6.066692,1017.0,209.521305,1661.0,0.850537,0.584117,0.300471,0.41894,0.0708,0.2420 - 0.3928,4.0,Cuarto Quintil,"Programa de las Naciones Unidas para el Desarrollo (PNUD), 2019. Unidad del Informe sobre Desarrollo Humano. Perú",Polygon,-76.375679,-12.159277,76.7355,52.63
15,LIMA,1507,HUAROCHIRI,150712,LARAOS,150712,Laraos,1910,1325.0,0.457538,638,78.338724,366.0,49.232739,1259.0,10.055729,128.0,531.418429,879.0,0.888979,0.492327,0.581389,0.535008,0.201387,0.3928 - 0.5436,3.0,Tercer Quintil,"Programa de las Naciones Unidas para el Desarrollo (PNUD), 2019. Unidad del Informe sobre Desarrollo Humano. Perú",Polygon,-76.531671,-11.585163,117.3706,77.662
15,LIMA,1507,HUAROCHIRI,150713,MARIATANA,150713,Mariatana,1279,1507.0,0.142214,1861,74.447965,866.0,45.445605,1374.0,3.713284,1780.0,69.7657,1867.0,0.824133,0.454456,0.134738,0.247452,0.014104,0.0912 - 0.2420,5.0,Quinto Quintil,"Programa de las Naciones Unidas para el Desarrollo (PNUD), 2019. Unidad del Informe sobre Desarrollo Humano. Perú",Polygon,-76.365313,-12.261631,168.5467,52.6857
15,LIMA,1507,HUAROCHIRI,150714,RICARDO PALMA,150714,Ricardo Palma,6761,677.0,0.625897,157,73.561087,1012.0,67.592257,501.0,10.299464,106.0,1209.052082,126.0,0.809351,0.675923,0.598554,0.636063,0.476289,0.5436 - 0.6944,2.0,Segundo Quintil,"Programa de las Naciones Unidas para el Desarrollo (PNUD), 2019. Unidad del Informe sobre Desarrollo Humano. Perú",Polygon,-76.622914,-11.937819,35.0351,28.529
15,LIMA,1507,HUAROCHIRI,150715,SAN ANDRES DE TUPICOCHA,150715,San Andres De Tupicocha,1227,1524.0,0.188965,1819,73.374925,1044.0,50.666702,1204.0,5.704088,1150.0,90.273339,1851.0,0.806249,0.506667,0.274936,0.37323,0.022423,0.0912 - 0.2420,5.0,Quinto Quintil,"Programa de las Naciones Unidas para el Desarrollo (PNUD), 2019. Unidad del Informe sobre Desarrollo Humano. Perú",Polygon,-76.458033,-11.988057,96.5357,46.0005
15,LIMA,1507,HUAROCHIRI,150716,SAN ANTONIO,150716,San Antonio,3383,1028.0,0.37559,993,70.633059,1412.0,39.073602,1550.0,7.42786,601.0,471.375423,1004.0,0.760551,0.390736,0.396328,0.393522,0.177029,0.2420 - 0.3928,4.0,Cuarto Quintil,"Programa de las Naciones Unidas para el Desarrollo (PNUD), 2019. Unidad del Informe sobre Desarrollo Humano. Perú",Polygon,-76.773512,-11.816628,570.2644,142.6565
15,LIMA,1507,HUAROCHIRI,150717,SAN BARTOLOME,150717,San Bartolome,2035,1293.0,0.541561,363,75.155984,776.0,76.193524,174.0,9.229871,227.0,776.793165,507.0,0.835933,0.761935,0.52323,0.631401,0.30093,0.3928 - 0.5436,3.0,Tercer Quintil,"Programa de las Naciones Unidas para el Desarrollo (PNUD), 2019. Unidad del Informe sobre Desarrollo Humano. Perú",Polygon,-76.501408,-11.914079,42.8244,35.5081
15,LIMA,1507,HUAROCHIRI,150718,SAN DAMIAN,150718,San Damian,957,1614.0,0.326506,1285,74.637746,840.0,36.217187,1618.0,6.949248,737.0,321.183595,1372.0,0.827296,0.362172,0.362623,0.362397,0.116099,0.2420 - 0.3928,4.0,Cuarto Quintil,"Programa de las Naciones Unidas para el Desarrollo (PNUD), 2019. Unidad del Informe sobre Desarrollo Humano. Perú",Polygon,-76.332964,-11.964457,333.5742,91.3757
15,LIMA,1507,HUAROCHIRI,150719,SAN JUAN DE IRIS,150719,San Juan De Iris,1568,1415.0,0.454192,647,72.030825,1223.0,80.146319,65.0,8.927997,290.0,499.539107,937.0,0.783847,0.801463,0.501972,0.634281,0.188454,0.3928 - 0.5436,3.0,Tercer Quintil,"Programa de las Naciones Unidas para el Desarrollo (PNUD), 2019. Unidad del Informe sobre Desarrollo Humano. Perú",Polygon,-76.469089,-11.718966,128.3957,52.8785
15,LIMA,1507,HUAROCHIRI,150720,SAN JUAN DE TANTARANCHE,150720,San Juan De Tantaranche,412,1823.0,0.298898,1433,76.052357,642.0,34.462917,1668.0,7.458311,596.0,243.759348,1571.0,0.850873,0.344629,0.398473,0.370574,0.084689,0.2420 - 0.3928,4.0,Cuarto Quintil,"Programa de las Naciones Unidas para el Desarrollo (PNUD), 2019. Unidad del Informe sobre Desarrollo Humano. Perú",Polygon,-76.156968,-11.992907,138.8868,84.0754
15,LIMA,1507,HUAROCHIRI,150721,SAN LORENZO DE QUINTI,150721,San Lorenzo De Quinti,1320,1490.0,0.398189,886,75.321764,745.0,56.65137,953.0,7.669169,540.0,418.469615,1121.0,0.838696,0.566514,0.413322,0.483893,0.155566,0.3928 - 0.5436,3.0,Tercer Quintil,"Programa de las Naciones Unidas para el Desarrollo (PNUD), 2019. Unidad del Informe sobre Desarrollo Humano. Perú",Polygon,-76.118782,-12.108904,450.1362,128.9695
15,LIMA,1507,HUAROCHIRI,150722,SAN MATEO,150722,San Mateo,4715,861.0,0.587549,238,71.080965,1370.0,60.278545,804.0,8.947878,282.0,1216.826443,120.0,0.768016,0.602785,0.503372,0.55084,0.479443,0.5436 - 0.6944,2.0,Segundo Quintil,"Programa de las Naciones Unidas para el Desarrollo (PNUD), 2019. Unidad del Informe sobre Desarrollo Humano. Perú",Polygon,-76.218982,-11.819772,416.8227,120.6132
15,LIMA,1507,HUAROCHIRI,150723,SAN MATEO DE OTAO,150723,San Mateo De Otao,1343,1483.0,0.420072,774,69.565389,1503.0,66.653554,532.0,7.622256,552.0,505.574184,921.0,0.742756,0.666536,0.410018,0.522773,0.190902,0.3928 - 0.5436,3.0,Tercer Quintil,"Programa de las Naciones Unidas para el Desarrollo (PNUD), 2019. Unidad del Informe sobre Desarrollo Humano. Perú",Polygon,-76.530419,-11.840588,134.53,61.7299
15,LIMA,1507,HUAROCHIRI,150724,SAN PEDRO DE CASTA,150724,San Pedro De Casta,1146,1557.0,0.414441,809,70.856608,1392.0,64.987215,614.0,7.398151,610.0,488.589558,961.0,0.764277,0.649872,0.394236,0.506165,0.184012,0.3928 - 0.5436,3.0,Tercer Quintil,"Programa de las Naciones Unidas para el Desarrollo (PNUD), 2019. Unidad del Informe sobre Desarrollo Humano. Perú",Polygon,-76.555119,-11.765039,82.2915,48.4922
15,LIMA,1507,HUAROCHIRI,150725,SAN PEDRO DE HUANCAYRE,150725,San Pedro De Huancayre,214,1866.0,0.343482,1171,75.061237,787.0,49.232739,1260.0,7.797867,506.0,297.541049,1434.0,0.834354,0.492327,0.422385,0.456017,0.106508,0.2420 - 0.3928,4.0,Cuarto Quintil,"Programa de las Naciones Unidas para el Desarrollo (PNUD), 2019. Unidad del Informe sobre Desarrollo Humano. Perú",Polygon,-76.196632,-12.086706,39.4074,34.2074
15,LIMA,1507,HUAROCHIRI,150726,SANGALLAYA,150726,Sangallaya,536,1769.0,0.37261,1010,75.569973,705.0,41.027282,1504.0,6.904357,747.0,428.982092,1097.0,0.842833,0.410273,0.359462,0.384028,0.15983,0.2420 - 0.3928,4.0,Cuarto Quintil,"Programa de las Naciones Unidas para el Desarrollo (PNUD), 2019. Unidad del Informe sobre Desarrollo Humano. Perú",Polygon,-76.262696,-12.219141,92.6193,55.4426
15,LIMA,1507,HUAROCHIRI,150727,SANTA CRUZ DE COCACHACRA,150727,Santa Cruz De Cocachacra,2539,1176.0,0.631753,147,72.226249,1195.0,77.613964,129.0,9.613796,180.0,1243.286029,109.0,0.787104,0.77614,0.550267,0.653517,0.490177,0.5436 - 0.6944,2.0,Segundo Quintil,"Programa de las Naciones Unidas para el Desarrollo (PNUD), 2019. Unidad del Informe sobre Desarrollo Humano. Perú",Polygon,-76.560768,-11.925969,33.1522,25.377
15,LIMA,1507,HUAROCHIRI,150728,SANTA EULALIA,150728,Santa Eulalia,13713,378.0,0.63557,129,71.655525,1290.0,68.476961,454.0,10.03356,132.0,1326.612983,80.0,0.777592,0.68477,0.579828,0.630118,0.523981,0.5436 - 0.6944,2.0,Segundo Quintil,"Programa de las Naciones Unidas para el Desarrollo (PNUD), 2019. Unidad del Informe sobre Desarrollo Humano. Perú",Polygon,-76.648981,-11.858342,116.8197,57.5141
15,LIMA,1507,HUAROCHIRI,150729,SANTIAGO DE ANCHUCAYA,150729,Santiago De Anchucaya,391,1828.0,0.426062,749,73.844609,969.0,57.006329,942.0,7.544762,574.0,522.65916,892.0,0.814077,0.570063,0.404561,0.480235,0.197833,0.3928 - 0.5436,3.0,Tercer Quintil,"Programa de las Naciones Unidas para el Desarrollo (PNUD), 2019. Unidad del Informe sobre Desarrollo Humano. Perú",Polygon,-76.199597,-12.031914,94.8221,49.6594
15,LIMA,1507,HUAROCHIRI,150730,SANTIAGO DE TUNA,150730,Santiago De Tuna,629,1728.0,0.286343,1507,71.462703,1319.0,47.263429,1314.0,6.503964,871.0,223.874415,1630.0,0.774378,0.472634,0.331265,0.395686,0.076622,0.2420 - 0.3928,4.0,Cuarto Quintil,"Programa de las Naciones Unidas para el Desarrollo (PNUD), 2019. Unidad del Informe sobre Desarrollo Humano. Perú",Polygon,-76.528456,-11.978059,62.8585,44.3904
15,LIMA,1507,HUAROCHIRI,150731,SANTO DOMINGO DE LOS OLLEROS,150731,Santo Domingo De Los Ollero,4821,846.0,0.40817,829,68.280734,1616.0,53.822231,1063.0,7.465059,594.0,536.485101,866.0,0.721346,0.538222,0.398948,0.463382,0.203442,0.3928 - 0.5436,3.0,Tercer Quintil,"Programa de las Naciones Unidas para el Desarrollo (PNUD), 2019. Unidad del Informe sobre Desarrollo Humano. Perú",Polygon,-76.536186,-12.261297,577.8344,149.1477
15,LIMA,1507,HUAROCHIRI,150732,SURCO,150732,Surco,1712,1384.0,0.518585,430,70.777751,1401.0,74.833763,212.0,8.623345,347.0,786.398581,493.0,0.762963,0.748338,0.480517,0.599658,0.304827,0.3928 - 0.5436,3.0,Tercer Quintil,"Programa de las Naciones Unidas para el Desarrollo (PNUD), 2019. Unidad del Informe sobre Desarrollo Humano. Perú",Polygon,-76.445353,-11.877107,106.8464,47.2536
15,LIMA,1508,HUAURA,150801,HUACHO,150801,Huacho,62016,103.0,0.732735,34,78.209038,383.0,76.314927,168.0,13.642918,5.0,1405.669822,62.0,0.886817,0.763149,0.834008,0.797792,0.556053,0.6944 - 0.8452,1.0,Primer Quintil,"Programa de las Naciones Unidas para el Desarrollo (PNUD), 2019. Unidad del Informe sobre Desarrollo Humano. Perú",Polygon,-77.492746,-11.271633,711.1359,146.5885
15,LIMA,1508,HUAURA,150803,CALETA DE CARQUIN,150803,Caleta De Carquin,7919,596.0,0.555856,321,78.065125,402.0,63.825984,665.0,9.927398,147.0,826.980552,447.0,0.884419,0.63826,0.572352,0.604408,0.32129,0.5436 - 0.6944,2.0,Segundo Quintil,"Programa de las Naciones Unidas para el Desarrollo (PNUD), 2019. Unidad del Informe sobre Desarrollo Humano. Perú",Polygon,-77.620022,-11.087981,3.2927,8.3211
15,LIMA,1508,HUAURA,150805,HUALMAY,150805,Hualmay,29505,188.0,0.653365,102,78.294981,372.0,78.34374,109.0,10.421389,93.0,1157.285327,154.0,0.88825,0.783437,0.60714,0.689678,0.455288,0.5436 - 0.6944,2.0,Segundo Quintil,"Programa de las Naciones Unidas para el Desarrollo (PNUD), 2019. Unidad del Informe sobre Desarrollo Humano. Perú",Polygon,-77.606951,-11.092777,6.0579,11.5453
15,LIMA,1508,HUAURA,150810,SANTA MARIA,150810,Santa Maria,37973,156.0,0.625654,158,76.866877,533.0,74.486864,223.0,9.794028,158.0,1113.456224,177.0,0.864448,0.744869,0.56296,0.647558,0.437508,0.5436 - 0.6944,2.0,Segundo Quintil,"Programa de las Naciones Unidas para el Desarrollo (PNUD), 2019. Unidad del Informe sobre Desarrollo Humano. Perú",Polygon,-77.473276,-11.116133,135.4749,71.8881
15,LIMA,1510,YAUYOS,151006,CACRA,151006,Cacra,246,1863.0,0.377306,981,79.523245,236.0,54.637176,1034.0,6.667397,821.0,371.68109,1247.0,0.908721,0.546372,0.342774,0.432761,0.136585,0.2420 - 0.3928,4.0,Cuarto Quintil,"Programa de las Naciones Unidas para el Desarrollo (PNUD), 2019. Unidad del Informe sobre Desarrollo Humano. Perú",Polygon,-75.747916,-12.766207,209.9154,124.9942
15,LIMA,1510,YAUYOS,151008,CATAHUASI,151008,Catahuasi,901,1640.0,0.505882,476,80.510322,150.0,43.09599,1448.0,9.566166,186.0,745.501648,542.0,0.925172,0.43096,0.546913,0.485487,0.288236,0.3928 - 0.5436,3.0,Tercer Quintil,"Programa de las Naciones Unidas para el Desarrollo (PNUD), 2019. Unidad del Informe sobre Desarrollo Humano. Perú",Polygon,-75.881997,-12.742778,118.2983,93.3995
15,LIMA,1510,YAUYOS,151009,CHOCOS,151009,Chocos,1100,1572.0,0.296848,1448,75.23019,760.0,61.203548,758.0,5.446593,1246.0,229.275565,1615.0,0.83717,0.612035,0.256802,0.396449,0.078814,0.2420 - 0.3928,4.0,Cuarto Quintil,"Programa de las Naciones Unidas para el Desarrollo (PNUD), 2019. Unidad del Informe sobre Desarrollo Humano. Perú",Polygon,-75.924052,-12.922378,212.2698,72.748
15,LIMA,1510,YAUYOS,151012,HONGOS,151012,Hongos,338,1843.0,0.197668,1797,75.17755,773.0,16.477878,1866.0,5.975095,1048.0,138.426279,1795.0,0.836292,0.164779,0.294021,0.22011,0.041958,0.0912 - 0.2420,5.0,Quinto Quintil,"Programa de las Naciones Unidas para el Desarrollo (PNUD), 2019. Unidad del Informe sobre Desarrollo Humano. Perú",Polygon,-75.672823,-12.766488,121.0587,63.838
15,LIMA,1510,YAUYOS,151015,HUANGASCAR,151015,Huangascar,547,1762.0,0.443344,691,73.328766,1056.0,58.588012,863.0,8.226568,420.0,552.888007,836.0,0.805479,0.58588,0.452575,0.514932,0.210097,0.3928 - 0.5436,3.0,Tercer Quintil,"Programa de las Naciones Unidas para el Desarrollo (PNUD), 2019. Unidad del Informe sobre Desarrollo Humano. Perú",Polygon,-75.821847,-12.941555,50.0622,38.4091
15,LIMA,1510,YAUYOS,151019,LINCHA,151019,Lincha,799,1671.0,0.162973,1850,76.326967,600.0,39.546908,1537.0,5.465231,1236.0,74.039707,1863.0,0.855449,0.395469,0.258115,0.319494,0.015838,0.0912 - 0.2420,5.0,Quinto Quintil,"Programa de las Naciones Unidas para el Desarrollo (PNUD), 2019. Unidad del Informe sobre Desarrollo Humano. Perú",Polygon,-75.630676,-12.810938,218.3466,85.7782
15,LIMA,1510,YAUYOS,151023,PUTINZA,151023,Putinza,493,1792.0,0.405038,852,73.383878,1041.0,61.365892,752.0,9.009768,269.0,398.892946,1172.0,0.806398,0.613659,0.50773,0.558187,0.147624,0.3928 - 0.5436,3.0,Tercer Quintil,"Programa de las Naciones Unidas para el Desarrollo (PNUD), 2019. Unidad del Informe sobre Desarrollo Humano. Perú",Polygon,-75.922761,-12.666511,71.383,40.6159
15,LIMA,1510,YAUYOS,151031,TUPE,151031,Tupe,601,1741.0,0.328191,1271,77.030114,519.0,21.185844,1846.0,6.403348,900.0,418.424403,1122.0,0.867169,0.211858,0.324179,0.262069,0.155547,0.2420 - 0.3928,4.0,Cuarto Quintil,"Programa de las Naciones Unidas para el Desarrollo (PNUD), 2019. Unidad del Informe sobre Desarrollo Humano. Perú",Polygon,-75.736062,-12.690278,290.3251,125.4771
15,LIMA,1510,YAUYOS,151032,VIÑAC,151032,Viñac,1781,1367.0,0.353468,1110,78.769818,313.0,48.996169,1265.0,5.011157,1406.0,399.931458,1168.0,0.896164,0.489962,0.226138,0.332865,0.148045,0.2420 - 0.3928,4.0,Cuarto Quintil,"Programa de las Naciones Unidas para el Desarrollo (PNUD), 2019. Unidad del Informe sobre Desarrollo Humano. Perú",Polygon,-75.770426,-12.887556,157.004,90.3834
15,LIMA,1504,CANTA,150401,CANTA,150401,Canta,2411,1206.0,0.618661,170,76.684849,553.0,63.855697,662.0,10.129689,122.0,1142.116767,161.0,0.861414,0.638557,0.586598,0.612026,0.449135,0.5436 - 0.6944,2.0,Segundo Quintil,"Programa de las Naciones Unidas para el Desarrollo (PNUD), 2019. Unidad del Informe sobre Desarrollo Humano. Perú",Polygon,-76.582291,-11.475303,134.1719,59.3442
15,LIMA,1504,CANTA,150402,ARAHUAY,150402,Arahuay,675,1712.0,0.408034,830,73.236449,1067.0,68.863361,439.0,6.367409,918.0,477.584212,989.0,0.803941,0.688634,0.321649,0.470636,0.179547,0.3928 - 0.5436,3.0,Tercer Quintil,"Programa de las Naciones Unidas para el Desarrollo (PNUD), 2019. Unidad del Informe sobre Desarrollo Humano. Perú",Polygon,-76.675097,-11.640709,135.268,63.3195
15,LIMA,1504,CANTA,150403,HUAMANTANGA,150403,Huamantanga,951,1619.0,0.377658,978,74.434278,868.0,58.979443,847.0,7.559871,570.0,364.475463,1266.0,0.823905,0.589794,0.405625,0.489117,0.133661,0.2420 - 0.3928,4.0,Cuarto Quintil,"Programa de las Naciones Unidas para el Desarrollo (PNUD), 2019. Unidad del Informe sobre Desarrollo Humano. Perú",Polygon,-76.84377,-11.550327,493.3084,132.9911
15,LIMA,1504,CANTA,150404,HUAROS,150404,Huaros,617,1734.0,0.424069,763,75.996577,652.0,59.411527,824.0,7.91694,471.0,472.198805,1002.0,0.849943,0.594115,0.43077,0.505893,0.177363,0.3928 - 0.5436,3.0,Tercer Quintil,"Programa de las Naciones Unidas para el Desarrollo (PNUD), 2019. Unidad del Informe sobre Desarrollo Humano. Perú",Polygon,-76.502396,-11.401305,327.3891,101.7477
15,LIMA,1504,CANTA,150405,LACHAQUI,150405,Lachaqui,766,1683.0,0.436413,715,74.225095,906.0,66.518169,541.0,7.531915,575.0,516.945452,903.0,0.820418,0.665182,0.403656,0.518174,0.195515,0.3928 - 0.5436,3.0,Tercer Quintil,"Programa de las Naciones Unidas para el Desarrollo (PNUD), 2019. Unidad del Informe sobre Desarrollo Humano. Perú",Polygon,-76.611593,-11.555632,128.3838,59.9104
15,LIMA,1504,CANTA,150406,SAN BUENAVENTURA,150406,San Buenaventura,533,1772.0,0.446731,681,76.02901,646.0,68.458283,455.0,8.478891,368.0,490.372793,958.0,0.850484,0.684583,0.470344,0.567441,0.184735,0.3928 - 0.5436,3.0,Tercer Quintil,"Programa de las Naciones Unidas para el Desarrollo (PNUD), 2019. Unidad del Informe sobre Desarrollo Humano. Perú",Polygon,-76.662922,-11.440493,107.565,60.6683
15,LIMA,1504,CANTA,150407,SANTA ROSA DE QUIVES,150407,Santa Rosa De Quives,8161,580.0,0.600015,212,76.384234,593.0,64.467441,638.0,7.461641,595.0,1261.389054,98.0,0.856404,0.644674,0.398707,0.506987,0.497521,0.5436 - 0.6944,2.0,Segundo Quintil,"Programa de las Naciones Unidas para el Desarrollo (PNUD), 2019. Unidad del Informe sobre Desarrollo Humano. Perú",Polygon,-76.843115,-11.671026,409.4165,136.9249
15,LIMA,1505,CAÑETE,150503,CALANGO,150503,Calango,2356,1219.0,0.602966,202,78.915581,292.0,77.700943,125.0,7.977907,460.0,1069.292627,208.0,0.898593,0.777009,0.435064,0.58142,0.419591,0.5436 - 0.6944,2.0,Segundo Quintil,"Programa de las Naciones Unidas para el Desarrollo (PNUD), 2019. Unidad del Informe sobre Desarrollo Humano. Perú",Polygon,-76.454578,-12.487046,526.9897,116.5917
15,LIMA,1505,CAÑETE,150504,CERRO AZUL,150504,Cerro Azul,8733,550.0,0.653161,103,78.925362,291.0,84.055936,19.0,9.06059,257.0,1200.760854,131.0,0.898756,0.840559,0.511309,0.65558,0.472925,0.5436 - 0.6944,2.0,Segundo Quintil,"Programa de las Naciones Unidas para el Desarrollo (PNUD), 2019. Unidad del Informe sobre Desarrollo Humano. Perú",Polygon,-76.464703,-12.965894,120.1637,59.2846
15,LIMA,1505,CAÑETE,150506,COAYLLO,150506,Coayllo,1068,1584.0,0.623068,161,82.785987,36.0,83.024611,26.0,6.942159,739.0,1164.06684,150.0,0.9631,0.830246,0.362124,0.548317,0.458039,0.5436 - 0.6944,2.0,Segundo Quintil,"Programa de las Naciones Unidas para el Desarrollo (PNUD), 2019. Unidad del Informe sobre Desarrollo Humano. Perú",Polygon,-76.406699,-12.658702,600.4448,115.2093
15,LIMA,1505,CAÑETE,150508,LUNAHUANA,150508,Lunahuana,4696,862.0,0.662332,88,78.790223,309.0,85.20947,15.0,8.426719,378.0,1301.904739,86.0,0.896504,0.852095,0.46667,0.630593,0.513957,0.5436 - 0.6944,2.0,Segundo Quintil,"Programa de las Naciones Unidas para el Desarrollo (PNUD), 2019. Unidad del Informe sobre Desarrollo Humano. Perú",Polygon,-76.117369,-13.019318,493.6546,104.7289
15,LIMA,1505,CAÑETE,150510,NUEVO IMPERIAL,150510,Nuevo Imperial,27350,203.0,0.654614,100,77.616468,450.0,76.600398,161.0,9.075327,255.0,1293.647044,89.0,0.876941,0.766004,0.512347,0.626466,0.510607,0.5436 - 0.6944,2.0,Segundo Quintil,"Programa de las Naciones Unidas para el Desarrollo (PNUD), 2019. Unidad del Informe sobre Desarrollo Humano. Perú",Polygon,-76.258525,-12.960462,320.3208,103.6655
15,LIMA,1505,CAÑETE,150511,PACARAN,150511,Pacaran,1807,1357.0,0.661703,89,81.670193,77.0,78.157529,114.0,8.934563,287.0,1241.63936,110.0,0.944503,0.781575,0.502434,0.62665,0.489509,0.5436 - 0.6944,2.0,Segundo Quintil,"Programa de las Naciones Unidas para el Desarrollo (PNUD), 2019. Unidad del Informe sobre Desarrollo Humano. Perú",Polygon,-76.070426,-12.897888,238.5194,84.6048
15,LIMA,1505,CAÑETE,150513,SAN ANTONIO,150513,San Antonio,4509,878.0,0.737676,31,79.669218,223.0,84.385242,18.0,11.247038,39.0,1484.391525,45.0,0.911154,0.843852,0.665284,0.749268,0.587988,0.6944 - 0.8452,1.0,Primer Quintil,"Programa de las Naciones Unidas para el Desarrollo (PNUD), 2019. Unidad del Informe sobre Desarrollo Humano. Perú",Polygon,-76.674177,-12.613167,39.3072,38.5937
15,LIMA,1505,CAÑETE,150514,SAN LUIS,150514,San Luis,13592,381.0,0.685163,66,82.71533,39.0,77.077495,146.0,8.299593,405.0,1422.698318,59.0,0.961922,0.770775,0.457718,0.593968,0.562961,0.5436 - 0.6944,2.0,Segundo Quintil,"Programa de las Naciones Unidas para el Desarrollo (PNUD), 2019. Unidad del Informe sobre Desarrollo Humano. Perú",Polygon,-76.423716,-13.051993,37.4671,26.9694
15,LIMA,1505,CAÑETE,150516,ZUÑIGA,150516,Zuñiga,1692,1389.0,0.686133,61,77.84585,421.0,68.737112,446.0,8.99319,272.0,1567.042132,32.0,0.880764,0.687371,0.506563,0.590082,0.621518,0.5436 - 0.6944,2.0,Segundo Quintil,"Programa de las Naciones Unidas para el Desarrollo (PNUD), 2019. Unidad del Informe sobre Desarrollo Humano. Perú",Polygon,-76.014055,-12.82986,129.352,64.4841
15,LIMA,1506,HUARAL,150602,ATAVILLOS ALTO,150602,Atavillos Alto,281,1858.0,0.531689,393,77.002058,523.0,68.096533,476.0,7.190704,663.0,875.772643,388.0,0.866701,0.680965,0.379627,0.508442,0.341084,0.3928 - 0.5436,3.0,Tercer Quintil,"Programa de las Naciones Unidas para el Desarrollo (PNUD), 2019. Unidad del Informe sobre Desarrollo Humano. Perú",Polygon,-76.595164,-11.277492,345.1534,101.2219
15,LIMA,1506,HUARAL,150603,ATAVILLOS BAJO,150603,Atavillos Bajo,776,1676.0,0.522331,422,80.651084,143.0,61.982602,729.0,8.693712,332.0,725.420709,569.0,0.927518,0.619826,0.485473,0.548551,0.28009,0.3928 - 0.5436,3.0,Tercer Quintil,"Programa de las Naciones Unidas para el Desarrollo (PNUD), 2019. Unidad del Informe sobre Desarrollo Humano. Perú",Polygon,-76.761054,-11.34645,176.5727,64.3853
15,LIMA,1506,HUARAL,150604,AUCALLAMA,150604,Aucallama,20981,270.0,0.606012,195,79.105802,273.0,64.1438,652.0,7.172096,665.0,1269.987961,95.0,0.901763,0.641438,0.378317,0.492612,0.501009,0.5436 - 0.6944,2.0,Segundo Quintil,"Programa de las Naciones Unidas para el Desarrollo (PNUD), 2019. Unidad del Informe sobre Desarrollo Humano. Perú",Polygon,-77.049901,-11.517722,719.4704,149.5037
15,LIMA,1506,HUARAL,150606,IHUARI,150606,Ihuari,1795,1361.0,0.338208,1210,77.084833,513.0,52.326809,1134.0,5.731382,1138.0,323.613785,1365.0,0.868081,0.523268,0.276858,0.380619,0.117085,0.2420 - 0.3928,4.0,Cuarto Quintil,"Programa de las Naciones Unidas para el Desarrollo (PNUD), 2019. Unidad del Informe sobre Desarrollo Humano. Perú",Polygon,-76.960853,-11.187268,474.1287,109.8349
15,LIMA,1506,HUARAL,150607,LAMPIAN,150607,Lampian,243,1865.0,0.474146,570,81.375768,87.0,77.19445,142.0,6.91312,746.0,565.420418,810.0,0.939596,0.771944,0.360079,0.52722,0.215181,0.3928 - 0.5436,3.0,Tercer Quintil,"Programa de las Naciones Unidas para el Desarrollo (PNUD), 2019. Unidad del Informe sobre Desarrollo Humano. Perú",Polygon,-76.863814,-11.247323,147.9456,64.1627
15,LIMA,1506,HUARAL,150608,PACARAOS,150608,Pacaraos,320,1848.0,0.50088,494,82.403505,46.0,44.838478,1396.0,7.649487,547.0,788.337171,490.0,0.956725,0.448385,0.411936,0.429774,0.305613,0.3928 - 0.5436,3.0,Tercer Quintil,"Programa de las Naciones Unidas para el Desarrollo (PNUD), 2019. Unidad del Informe sobre Desarrollo Humano. Perú",Polygon,-76.664807,-11.127123,305.6868,103.9145
15,LIMA,1506,HUARAL,150609,SAN MIGUEL DE ACOS,150609,San Miguel De Acos,678,1711.0,0.562415,307,80.522209,147.0,72.477011,294.0,8.573013,354.0,840.981558,427.0,0.92537,0.72477,0.476973,0.587959,0.32697,0.5436 - 0.6944,2.0,Segundo Quintil,"Programa de las Naciones Unidas para el Desarrollo (PNUD), 2019. Unidad del Informe sobre Desarrollo Humano. Perú",Polygon,-76.767504,-11.292969,41.5856,39.3379
15,LIMA,1506,HUARAL,150610,SANTA CRUZ DE ANDAMARCA,150610,Santa Cruz De Andamarca,1195,1536.0,0.533854,383,79.377036,247.0,65.946116,563.0,9.824264,156.0,712.900475,587.0,0.906284,0.659461,0.565089,0.610454,0.27501,0.3928 - 0.5436,3.0,Tercer Quintil,"Programa de las Naciones Unidas para el Desarrollo (PNUD), 2019. Unidad del Informe sobre Desarrollo Humano. Perú",Polygon,-76.565508,-11.147011,216.2923,69.1275
15,LIMA,1506,HUARAL,150612,VEINTISIETE DE NOVIEMBRE,150612,Veintisiete de Noviembre,280,1859.0,0.462771,618,79.246675,259.0,47.22484,1316.0,6.051011,1020.0,753.631902,533.0,0.904111,0.472248,0.299367,0.375999,0.291534,0.3928 - 0.5436,3.0,Tercer Quintil,"Programa de las Naciones Unidas para el Desarrollo (PNUD), 2019. Unidad del Informe sobre Desarrollo Humano. Perú",Polygon,-76.772799,-11.148843,206.8218,76.5103
15,LIMA,1508,HUAURA,150807,LEONCIO PRADO,150807,Leoncio Prado,1878,1342.0,0.387158,933,76.172173,624.0,52.443683,1129.0,6.375301,914.0,443.025293,1057.0,0.85287,0.524437,0.322204,0.411067,0.165528,0.2420 - 0.3928,4.0,Cuarto Quintil,"Programa de las Naciones Unidas para el Desarrollo (PNUD), 2019. Unidad del Informe sobre Desarrollo Humano. Perú",Polygon,-76.918528,-11.050805,294.7246,101.7907
15,LIMA,1510,YAUYOS,151001,YAUYOS,151001,Yauyos,2309,1229.0,0.578646,261,71.279591,1341.0,68.601779,451.0,9.498561,196.0,1050.287832,225.0,0.771327,0.686018,0.542152,0.609857,0.411881,0.5436 - 0.6944,2.0,Segundo Quintil,"Programa de las Naciones Unidas para el Desarrollo (PNUD), 2019. Unidad del Informe sobre Desarrollo Humano. Perú",Polygon,-75.955083,-12.472555,332.4037,102.0959
15,LIMA,1510,YAUYOS,151002,ALIS,151002,Alis,783,1673.0,0.646897,111,74.731261,824.0,69.474298,413.0,10.839519,56.0,1245.610186,105.0,0.828854,0.694743,0.636586,0.665029,0.49112,0.5436 - 0.6944,2.0,Segundo Quintil,"Programa de las Naciones Unidas para el Desarrollo (PNUD), 2019. Unidad del Informe sobre Desarrollo Humano. Perú",Polygon,-75.703963,-12.28878,140.7392,76.1879
15,LIMA,1510,YAUYOS,151003,ALLAUCA,151003,Ayauca,1943,1312.0,0.544152,355,77.883755,418.0,43.1674,1444.0,9.455299,202.0,969.094127,288.0,0.881396,0.431674,0.539106,0.482408,0.378943,0.5436 - 0.6944,2.0,Segundo Quintil,"Programa de las Naciones Unidas para el Desarrollo (PNUD), 2019. Unidad del Informe sobre Desarrollo Humano. Perú",Polygon,-76.038311,-12.640017,517.9729,159.6765
15,LIMA,1510,YAUYOS,151004,AYAVIRI,151004,Ayaviri,585,1750.0,0.401128,870,81.052556,110.0,53.236222,1091.0,8.476672,370.0,375.39503,1234.0,0.934209,0.532362,0.470188,0.50031,0.138091,0.3928 - 0.5436,3.0,Tercer Quintil,"Programa de las Naciones Unidas para el Desarrollo (PNUD), 2019. Unidad del Informe sobre Desarrollo Humano. Perú",Polygon,-76.042275,-12.365451,244.8493,80.281
15,LIMA,1510,YAUYOS,151005,AZANGARO,151005,Azangaro,434,1814.0,0.269716,1590,72.175929,1209.0,50.639334,1206.0,7.655004,544.0,169.617825,1738.0,0.786265,0.506393,0.412324,0.456944,0.054612,0.2420 - 0.3928,4.0,Cuarto Quintil,"Programa de las Naciones Unidas para el Desarrollo (PNUD), 2019. Unidad del Informe sobre Desarrollo Humano. Perú",Polygon,-75.825562,-13.009078,77.4519,39.5007
15,LIMA,1510,YAUYOS,151007,CARANIA,151007,Carania,269,1860.0,0.381522,953,83.494874,26.0,32.955757,1709.0,7.374333,616.0,425.382223,1106.0,0.974915,0.329558,0.392559,0.359681,0.15837,0.2420 - 0.3928,4.0,Cuarto Quintil,"Programa de las Naciones Unidas para el Desarrollo (PNUD), 2019. Unidad del Informe sobre Desarrollo Humano. Perú",Polygon,-75.881634,-12.35586,122.0811,55.745
15,LIMA,1510,YAUYOS,151010,COCHAS,151010,Cochas,383,1831.0,0.405525,849,80.369497,166.0,74.150453,237.0,8.97535,276.0,326.0149,1356.0,0.922825,0.741505,0.505306,0.612117,0.118059,0.3928 - 0.5436,3.0,Tercer Quintil,"Programa de las Naciones Unidas para el Desarrollo (PNUD), 2019. Unidad del Informe sobre Desarrollo Humano. Perú",Polygon,-76.195698,-12.285836,38.2936,29.5097
15,LIMA,1510,YAUYOS,151013,HUAMPARA,151013,Huampara,95,1873.0,0.362834,1061,73.044617,1090.0,24.716818,1822.0,8.168298,430.0,476.656457,991.0,0.800744,0.247168,0.448472,0.332938,0.179171,0.2420 - 0.3928,4.0,Cuarto Quintil,"Programa de las Naciones Unidas para el Desarrollo (PNUD), 2019. Unidad del Informe sobre Desarrollo Humano. Perú",Polygon,-76.190597,-12.354291,54.0399,39.1285
15,LIMA,1510,YAUYOS,151014,HUANCAYA,151014,Huancaya,1166,1549.0,0.472777,576,84.222796,13.0,81.420105,47.0,10.290424,107.0,413.234032,1137.0,0.987047,0.814201,0.597917,0.697728,0.153442,0.3928 - 0.5436,3.0,Tercer Quintil,"Programa de las Naciones Unidas para el Desarrollo (PNUD), 2019. Unidad del Informe sobre Desarrollo Humano. Perú",Polygon,-75.834792,-12.090351,277.557,87.3483
15,LIMA,1510,YAUYOS,151016,HUANTAN,151016,Huantan,962,1612.0,0.502161,493,83.819704,21.0,52.729211,1114.0,8.278256,410.0,684.179865,630.0,0.980328,0.527292,0.456215,0.490468,0.263359,0.3928 - 0.5436,3.0,Tercer Quintil,"Programa de las Naciones Unidas para el Desarrollo (PNUD), 2019. Unidad del Informe sobre Desarrollo Humano. Perú",Polygon,-75.704069,-12.513051,513.3073,139.2003
15,LIMA,1510,YAUYOS,151017,HUAÑEC,151017,Huañec,459,1804.0,0.36917,1026,70.261057,1438.0,35.951735,1629.0,7.655235,543.0,462.007671,1015.0,0.754351,0.359517,0.41234,0.385024,0.173228,0.2420 - 0.3928,4.0,Cuarto Quintil,"Programa de las Naciones Unidas para el Desarrollo (PNUD), 2019. Unidad del Informe sobre Desarrollo Humano. Perú",Polygon,-76.079493,-12.274801,42.3466,39.1556
15,LIMA,1510,YAUYOS,151018,LARAOS,151018,Laraos,539,1767.0,0.615805,181,76.62723,560.0,56.024786,979.0,10.20813,111.0,1196.509186,133.0,0.860454,0.560248,0.592122,0.575964,0.4712,0.5436 - 0.6944,2.0,Segundo Quintil,"Programa de las Naciones Unidas para el Desarrollo (PNUD), 2019. Unidad del Informe sobre Desarrollo Humano. Perú",Polygon,-75.676187,-12.38448,409.6074,125.4173
15,LIMA,1510,YAUYOS,151020,MADEAN,151020,Madean,675,1713.0,0.178409,1839,70.009787,1463.0,59.320362,829.0,6.101631,1000.0,79.019016,1860.0,0.750163,0.593204,0.302932,0.423911,0.017858,0.0912 - 0.2420,5.0,Quinto Quintil,"Programa de las Naciones Unidas para el Desarrollo (PNUD), 2019. Unidad del Informe sobre Desarrollo Humano. Perú",Polygon,-75.698321,-12.961132,208.6642,72.6748
15,LIMA,1510,YAUYOS,151021,MIRAFLORES,151021,Miraflores,330,1846.0,0.415099,802,72.235628,1193.0,12.358409,1873.0,8.627133,346.0,953.749016,308.0,0.78726,0.123584,0.480784,0.243757,0.372718,0.3928 - 0.5436,3.0,Tercer Quintil,"Programa de las Naciones Unidas para el Desarrollo (PNUD), 2019. Unidad del Informe sobre Desarrollo Humano. Perú",Polygon,-75.889205,-12.234628,201.9279,85.6938
15,LIMA,1510,YAUYOS,151022,OMAS,151022,Omas,531,1775.0,0.316207,1349,71.976336,1235.0,55.365671,1009.0,7.691742,535.0,242.685769,1579.0,0.782939,0.553657,0.414911,0.47929,0.084254,0.2420 - 0.3928,4.0,Cuarto Quintil,"Programa de las Naciones Unidas para el Desarrollo (PNUD), 2019. Unidad del Informe sobre Desarrollo Humano. Perú",Polygon,-76.250775,-12.47629,294.4947,108.2692
15,LIMA,1510,YAUYOS,151024,QUINCHES,151024,Quinches,738,1691.0,0.387392,930,74.450588,865.0,42.98577,1453.0,7.315896,633.0,460.522164,1018.0,0.824176,0.429858,0.388443,0.408626,0.172626,0.2420 - 0.3928,4.0,Cuarto Quintil,"Programa de las Naciones Unidas para el Desarrollo (PNUD), 2019. Unidad del Informe sobre Desarrollo Humano. Perú",Polygon,-76.091731,-12.311544,114.7459,67.0963
15,LIMA,1510,YAUYOS,151025,QUINOCAY,151025,Quinocay,432,1816.0,0.270148,1585,74.172325,918.0,60.841397,773.0,7.2456,656.0,157.765598,1765.0,0.819539,0.608414,0.383493,0.483035,0.049803,0.2420 - 0.3928,4.0,Cuarto Quintil,"Programa de las Naciones Unidas para el Desarrollo (PNUD), 2019. Unidad del Informe sobre Desarrollo Humano. Perú",Polygon,-76.284311,-12.350633,157.464,58.3773
15,LIMA,1510,YAUYOS,151026,SAN JOAQUIN,151026,San Joaquin,354,1839.0,0.441891,695,84.218113,14.0,84.743374,16.0,9.120827,247.0,361.039437,1271.0,0.986969,0.847434,0.515551,0.660981,0.132268,0.3928 - 0.5436,3.0,Tercer Quintil,"Programa de las Naciones Unidas para el Desarrollo (PNUD), 2019. Unidad del Informe sobre Desarrollo Humano. Perú",Polygon,-76.10552,-12.245827,75.5839,44.0977
15,LIMA,1510,YAUYOS,151027,SAN PEDRO DE PILAS,151027,San Pedro De Pilas,305,1852.0,0.331201,1247,73.042184,1093.0,65.911513,567.0,6.897284,753.0,264.939249,1513.0,0.800703,0.659115,0.358964,0.486414,0.093282,0.2420 - 0.3928,4.0,Cuarto Quintil,"Programa de las Naciones Unidas para el Desarrollo (PNUD), 2019. Unidad del Informe sobre Desarrollo Humano. Perú",Polygon,-76.18609,-12.49298,100.37,45.8979
15,LIMA,1510,YAUYOS,151028,TANTA,151028,Tanta,499,1790.0,0.392348,906,84.03799,17.0,49.433635,1250.0,7.16791,668.0,385.01132,1212.0,0.983967,0.494336,0.378022,0.432285,0.141992,0.2420 - 0.3928,4.0,Cuarto Quintil,"Programa de las Naciones Unidas para el Desarrollo (PNUD), 2019. Unidad del Informe sobre Desarrollo Humano. Perú",Polygon,-75.9913,-12.132017,346.0038,95.2336
15,LIMA,1510,YAUYOS,151029,TAURIPAMPA,151029,Tauripampa,370,1834.0,0.255715,1656,70.65822,1410.0,60.841397,774.0,6.04678,1022.0,161.9796,1755.0,0.76097,0.608414,0.299069,0.426565,0.051513,0.2420 - 0.3928,4.0,Cuarto Quintil,"Programa de las Naciones Unidas para el Desarrollo (PNUD), 2019. Unidad del Informe sobre Desarrollo Humano. Perú",Polygon,-76.181414,-12.68315,530.5641,105.1841
15,LIMA,1510,YAUYOS,151030,TOMAS,151030,Tomas,882,1648.0,0.532313,390,71.367697,1330.0,59.78021,817.0,11.170357,43.0,801.021152,472.0,0.772795,0.597802,0.659884,0.628077,0.310759,0.3928 - 0.5436,3.0,Tercer Quintil,"Programa de las Naciones Unidas para el Desarrollo (PNUD), 2019. Unidad del Informe sobre Desarrollo Humano. Perú",Polygon,-75.706808,-12.16391,291.5916,90.7024
15,LIMA,1510,YAUYOS,151033,VITIS,151033,Vitis,545,1765.0,0.515071,441,83.788655,22.0,58.157218,895.0,9.054435,261.0,665.690659,659.0,0.979811,0.581572,0.510876,0.545079,0.255858,0.3928 - 0.5436,3.0,Tercer Quintil,"Programa de las Naciones Unidas para el Desarrollo (PNUD), 2019. Unidad del Informe sobre Desarrollo Humano. Perú",Polygon,-75.857417,-12.169527,104.9161,67.9125
07,CALLAO,0701,CALLAO,070106,VENTANILLA,070106,Ventanilla,410328,8.0,0.600316,211,79.164047,267.0,69.088719,437.0,9.57195,185.0,995.664619,265.0,0.902734,0.690887,0.54732,0.614928,0.389722,0.5436 - 0.6944,2.0,Segundo Quintil,"Programa de las Naciones Unidas para el Desarrollo (PNUD), 2019. Unidad del Informe sobre Desarrollo Humano. Perú",Polygon,-77.13087,-11.87915,78.0578,55.0443
08,CUSCO,0801,CUSCO,080105,SAN SEBASTIAN,080105,San Sebastian,131241,45.0,0.680629,69,77.514478,465.0,82.659981,32.0,11.0444,50.0,1245.537239,106.0,0.875241,0.8266,0.651014,0.733572,0.49109,0.5436 - 0.6944,2.0,Segundo Quintil,"Programa de las Naciones Unidas para el Desarrollo (PNUD), 2019. Unidad del Informe sobre Desarrollo Humano. Perú",Polygon,-71.925755,-13.533211,68.1543,49.4372
07,CALLAO,0701,CALLAO,070104,LA PERLA,070104,La Perla,58026,112.0,0.739658,29,81.923121,65.0,77.329009,138.0,11.863813,23.0,1455.248011,51.0,0.948719,0.77329,0.708719,0.740301,0.576166,0.6944 - 0.8452,1.0,Primer Quintil,"Programa de las Naciones Unidas para el Desarrollo (PNUD), 2019. Unidad del Informe sobre Desarrollo Humano. Perú",Polygon,-77.116138,-12.070289,3.2632,8.2774
07,CALLAO,0701,CALLAO,070103,CARMEN DE LA LEGUA REYNOSO,070103,Carmen De La Legua Reynoso,40808,150.0,0.676407,74,80.939239,121.0,73.918414,246.0,10.401247,95.0,1257.818804,101.0,0.932321,0.739184,0.605722,0.669134,0.496073,0.5436 - 0.6944,2.0,Segundo Quintil,"Programa de las Naciones Unidas para el Desarrollo (PNUD), 2019. Unidad del Informe sobre Desarrollo Humano. Perú",Polygon,-77.090494,-12.042823,1.9127,5.9609
07,CALLAO,0701,CALLAO,070101,CALLAO,070101,Callao,431182,7.0,0.676201,75,80.996926,115.0,75.827554,178.0,10.623435,67.0,1224.713201,117.0,0.933282,0.758276,0.621369,0.686417,0.482642,0.5436 - 0.6944,2.0,Segundo Quintil,"Programa de las Naciones Unidas para el Desarrollo (PNUD), 2019. Unidad del Informe sobre Desarrollo Humano. Perú",Polygon,-77.121624,-12.016531,50.0385,67.0403
07,CALLAO,0701,CALLAO,070102,BELLAVISTA,070102,Bellavista,70075,91.0,0.72852,38,81.606077,79.0,77.639226,128.0,11.686408,29.0,1409.085241,61.0,0.943435,0.776392,0.696226,0.735217,0.557438,0.6944 - 0.8452,1.0,Primer Quintil,"Programa de las Naciones Unidas para el Desarrollo (PNUD), 2019. Unidad del Informe sobre Desarrollo Humano. Perú",Polygon,-77.109946,-12.06,4.5638,12.4074
07,CALLAO,0701,CALLAO,070105,LA PUNTA,070105,La Punta,2449,1200.0,0.752697,22,81.225202,96.0,69.272934,425.0,12.939153,13.0,1556.718249,35.0,0.937087,0.692729,0.784447,0.737163,0.61733,0.6944 - 0.8452,1.0,Primer Quintil,"Programa de las Naciones Unidas para el Desarrollo (PNUD), 2019. Unidad del Informe sobre Desarrollo Humano. Perú",Polygon,-77.162831,-12.071665,0.7932,6.6626
09,HUANCAVELICA,0901,HUANCAVELICA,090111,MARISCAL CACERES,090111,Mariscal Caceres,891,1646.0,0.407853,833,64.782418,1761.0,86.150262,9.0,6.724972,804.0,496.426827,944.0,0.66304,0.861503,0.346829,0.546621,0.187191,0.3928 - 0.5436,3.0,Tercer Quintil,"Programa de las Naciones Unidas para el Desarrollo (PNUD), 2019. Unidad del Informe sobre Desarrollo Humano. Perú",Polygon,-74.935306,-12.54792,5.2346,10.1813
11,ICA,1102,CHINCHA,110210,SUNAMPE,110210,Sunampe,30277,185.0,0.598768,216,81.761162,72.0,67.589093,502.0,9.529645,192.0,957.188317,303.0,0.946019,0.675891,0.544341,0.60656,0.374113,0.5436 - 0.6944,2.0,Segundo Quintil,"Programa de las Naciones Unidas para el Desarrollo (PNUD), 2019. Unidad del Informe sobre Desarrollo Humano. Perú",Polygon,-76.162842,-13.426889,16.1695,17.7648
11,ICA,1102,CHINCHA,110201,CHINCHA ALTA,110201,Chincha Alta,66625,97.0,0.605573,197,80.582138,146.0,70.638396,366.0,10.391391,98.0,938.908292,325.0,0.926369,0.706384,0.605028,0.653744,0.366697,0.5436 - 0.6944,2.0,Segundo Quintil,"Programa de las Naciones Unidas para el Desarrollo (PNUD), 2019. Unidad del Informe sobre Desarrollo Humano. Perú",Polygon,-76.034528,-13.324519,225.2881,83.25
11,ICA,1102,CHINCHA,110207,PUEBLO NUEVO,110207,Pueblo Nuevo,65357,100.0,0.59247,229,81.160315,103.0,67.027851,521.0,10.029023,134.0,913.781946,346.0,0.936005,0.670279,0.579509,0.623243,0.356504,0.5436 - 0.6944,2.0,Segundo Quintil,"Programa de las Naciones Unidas para el Desarrollo (PNUD), 2019. Unidad del Informe sobre Desarrollo Humano. Perú",Polygon,-76.088851,-13.258431,210.6495,95.1207
12,JUNIN,1201,HUANCAYO,120114,EL TAMBO,120114,El Tambo,167366,33.0,0.634962,133,73.347394,1052.0,78.850407,95.0,11.216599,40.0,1118.012743,172.0,0.80579,0.788504,0.663141,0.723111,0.439356,0.5436 - 0.6944,2.0,Segundo Quintil,"Programa de las Naciones Unidas para el Desarrollo (PNUD), 2019. Unidad del Informe sobre Desarrollo Humano. Perú",Polygon,-75.161072,-11.971947,166.4698,81.1251
12,JUNIN,1201,HUANCAYO,120125,PILCOMAYO,120125,Pilcomayo,20078,279.0,0.570858,285,71.934198,1243.0,79.223954,87.0,9.891854,152.0,907.47713,353.0,0.782237,0.79224,0.569849,0.671905,0.353946,0.5436 - 0.6944,2.0,Segundo Quintil,"Programa de las Naciones Unidas para el Desarrollo (PNUD), 2019. Unidad del Informe sobre Desarrollo Humano. Perú",Polygon,-75.254268,-12.047474,8.8843,15.2242
12,JUNIN,1209,CHUPACA,120908,TRES DE DICIEMBRE,120908,Tres De Diciembre,2399,1209.0,0.503352,489,76.441102,586.0,60.991902,767.0,8.66177,337.0,710.402349,593.0,0.857352,0.609919,0.483223,0.542888,0.273997,0.3928 - 0.5436,3.0,Tercer Quintil,"Programa de las Naciones Unidas para el Desarrollo (PNUD), 2019. Unidad del Informe sobre Desarrollo Humano. Perú",Polygon,-75.245852,-12.114015,11.7705,16.6168
15,LIMA,1501,LIMA,150102,ANCON,150102,Ancon,54956,117.0,0.668889,81,77.659716,441.0,72.117976,313.0,9.343569,213.0,1392.956247,66.0,0.877662,0.72118,0.531237,0.618965,0.550895,0.5436 - 0.6944,2.0,Segundo Quintil,"Programa de las Naciones Unidas para el Desarrollo (PNUD), 2019. Unidad del Informe sobre Desarrollo Humano. Perú",Polygon,-77.095864,-11.702553,310.8494,104.7036
15,LIMA,1501,LIMA,150103,ATE,150103,Ate,684922,3.0,0.686855,59,79.623632,227.0,76.308946,169.0,9.209138,230.0,1425.449863,58.0,0.910394,0.763089,0.52177,0.630997,0.564077,0.5436 - 0.6944,2.0,Segundo Quintil,"Programa de las Naciones Unidas para el Desarrollo (PNUD), 2019. Unidad del Informe sobre Desarrollo Humano. Perú",Polygon,-76.87732,-12.032662,84.596,64.5796
15,LIMA,1501,LIMA,150107,CHACLACAYO,150107,Chaclacayo,43756,142.0,0.741054,28,80.728737,136.0,77.769115,124.0,11.206344,42.0,1539.763506,39.0,0.928812,0.777691,0.662419,0.717744,0.610452,0.6944 - 0.8452,1.0,Primer Quintil,"Programa de las Naciones Unidas para el Desarrollo (PNUD), 2019. Unidad del Informe sobre Desarrollo Humano. Perú",Polygon,-76.766968,-11.99164,42.8023,33.7785
15,LIMA,1501,LIMA,150108,CHORRILLOS,150108,Chorrillos,333655,14.0,0.758355,20,79.825956,215.0,76.765127,157.0,11.463514,34.0,1662.777147,21.0,0.913766,0.767651,0.680529,0.722779,0.660356,0.6944 - 0.8452,1.0,Primer Quintil,"Programa de las Naciones Unidas para el Desarrollo (PNUD), 2019. Unidad del Informe sobre Desarrollo Humano. Perú",Polygon,-77.005985,-12.192645,36.8685,34.9036
15,LIMA,1501,LIMA,150125,PUENTE PIEDRA,150125,Puente Piedra,383699,10.0,0.663263,85,79.151556,268.0,73.192237,265.0,9.62967,176.0,1289.452648,90.0,0.902526,0.731922,0.551385,0.635273,0.508906,0.5436 - 0.6944,2.0,Segundo Quintil,"Programa de las Naciones Unidas para el Desarrollo (PNUD), 2019. Unidad del Informe sobre Desarrollo Humano. Perú",Polygon,-77.086763,-11.872083,50.4586,45.6349
15,LIMA,1501,LIMA,150133,SAN JUAN DE MIRAFLORES,150133,San Juan De Miraflores,384729,9.0,0.729,37,80.509263,151.0,76.912482,153.0,10.358587,103.0,1551.106644,37.0,0.925154,0.769125,0.602717,0.680856,0.615053,0.6944 - 0.8452,1.0,Primer Quintil,"Programa de las Naciones Unidas para el Desarrollo (PNUD), 2019. Unidad del Informe sobre Desarrollo Humano. Perú",Polygon,-76.966521,-12.157818,22.3479,28.1393
15,LIMA,1501,LIMA,150140,SANTIAGO DE SURCO,150140,Santiago De Surco,359777,12.0,0.801757,12,80.484873,155.0,78.743024,99.0,13.156716,9.0,1766.148806,17.0,0.924748,0.78743,0.799769,0.793576,0.702292,0.6944 - 0.8452,1.0,Primer Quintil,"Programa de las Naciones Unidas para el Desarrollo (PNUD), 2019. Unidad del Informe sobre Desarrollo Humano. Perú",Polygon,-76.984514,-12.127224,34.6265,39.7281
15,LIMA,1501,LIMA,150142,VILLA EL SALVADOR,150142,Villa El Salvador,459161,5.0,0.699048,52,80.145979,188.0,74.385168,229.0,10.004398,138.0,1432.504429,55.0,0.9191,0.743852,0.577774,0.655575,0.566939,0.6944 - 0.8452,1.0,Primer Quintil,"Programa de las Naciones Unidas para el Desarrollo (PNUD), 2019. Unidad del Informe sobre Desarrollo Humano. Perú",Polygon,-76.94544,-12.219174,33.8632,26.2392
15,LIMA,1501,LIMA,150143,VILLA MARIA DEL TRIUNFO,150143,Villa Maria Del Triunfo,452660,6.0,0.689812,57,79.880157,212.0,73.895534,247.0,9.755251,161.0,1409.843227,60.0,0.914669,0.738955,0.560229,0.643416,0.557746,0.5436 - 0.6944,2.0,Segundo Quintil,"Programa de las Naciones Unidas para el Desarrollo (PNUD), 2019. Unidad del Informe sobre Desarrollo Humano. Perú",Polygon,-76.918994,-12.1703,66.2212,37.0917
15,LIMA,1501,LIMA,150135,SAN MARTIN DE PORRES,150135,San Martin De Porres,739416,2.0,0.741998,27,80.318223,170.0,79.004464,91.0,11.084204,47.0,1554.686897,36.0,0.92197,0.790045,0.653817,0.71871,0.616506,0.6944 - 0.8452,1.0,Primer Quintil,"Programa de las Naciones Unidas para el Desarrollo (PNUD), 2019. Unidad del Informe sobre Desarrollo Humano. Perú",Polygon,-77.088492,-11.992781,36.4534,45.7847
15,LIMA,1501,LIMA,150110,COMAS,150110,Comas,530000,4.0,0.721893,42,80.090208,190.0,77.958189,118.0,10.971588,51.0,1458.320609,50.0,0.91817,0.779582,0.645887,0.709592,0.577412,0.6944 - 0.8452,1.0,Primer Quintil,"Programa de las Naciones Unidas para el Desarrollo (PNUD), 2019. Unidad del Informe sobre Desarrollo Humano. Perú",Polygon,-77.038914,-11.929098,48.8719,35.3968
15,LIMA,1501,LIMA,150111,EL AGUSTINO,150111,El Agustino,203380,24.0,0.697062,53,81.405012,86.0,73.571515,254.0,9.635174,174.0,1428.892506,56.0,0.940084,0.735715,0.551773,0.63714,0.565474,0.6944 - 0.8452,1.0,Primer Quintil,"Programa de las Naciones Unidas para el Desarrollo (PNUD), 2019. Unidad del Informe sobre Desarrollo Humano. Perú",Polygon,-76.987494,-12.040108,13.289,30.3122
15,LIMA,1501,LIMA,150114,LA MOLINA,150114,La Molina,160839,34.0,0.845217,1,80.647669,144.0,78.16154,113.0,14.70027,1.0,1939.467209,8.0,0.927461,0.781615,0.90847,0.842659,0.772603,0.6944 - 0.8452,1.0,Primer Quintil,"Programa de las Naciones Unidas para el Desarrollo (PNUD), 2019. Unidad del Informe sobre Desarrollo Humano. Perú",Polygon,-76.925897,-12.087998,48.6224,34.5911
15,LIMA,1501,LIMA,150117,LOS OLIVOS,150117,Los Olivos,363988,11.0,0.758463,19,80.519223,148.0,79.200456,88.0,11.33839,35.0,1628.566115,25.0,0.92532,0.792005,0.671718,0.729386,0.646477,0.6944 - 0.8452,1.0,Primer Quintil,"Programa de las Naciones Unidas para el Desarrollo (PNUD), 2019. Unidad del Informe sobre Desarrollo Humano. Perú",Polygon,-77.074375,-11.972516,18.201,25.8702
15,LIMA,1501,LIMA,150118,LURIGANCHO,150118,Lurigancho,255144,18.0,0.683195,67,78.608739,333.0,74.490008,222.0,10.004202,139.0,1376.047242,72.0,0.893479,0.7449,0.577761,0.656029,0.544035,0.5436 - 0.6944,2.0,Segundo Quintil,"Programa de las Naciones Unidas para el Desarrollo (PNUD), 2019. Unidad del Informe sobre Desarrollo Humano. Perú",Polygon,-76.801542,-11.958592,245.5343,94.9124
15,LIMA,1501,LIMA,150113,JESUS MARIA,150113,Jesus Maria,74873,85.0,0.83719,3,80.41921,163.0,81.092223,53.0,13.037629,11.0,1989.773896,2.0,0.923653,0.810922,0.791382,0.801093,0.793012,0.6944 - 0.8452,1.0,Primer Quintil,"Programa de las Naciones Unidas para el Desarrollo (PNUD), 2019. Unidad del Informe sobre Desarrollo Humano. Perú",Polygon,-77.048242,-12.078089,4.3351,9.6513
15,LIMA,1501,LIMA,150116,LINCE,150116,Lince,46299,136.0,0.842428,2,80.467942,158.0,82.555665,34.0,12.702343,18.0,2037.326546,1.0,0.924466,0.825557,0.767771,0.79614,0.812303,0.6944 - 0.8452,1.0,Primer Quintil,"Programa de las Naciones Unidas para el Desarrollo (PNUD), 2019. Unidad del Informe sobre Desarrollo Humano. Perú",Polygon,-77.035691,-12.08577,2.7459,7.8771
15,LIMA,1501,LIMA,150122,MIRAFLORES,150122,Miraflores,87899,69.0,0.83264,6,80.31446,171.0,77.784099,122.0,13.965074,2.0,1925.786897,10.0,0.921908,0.777841,0.856695,0.816317,0.767054,0.6944 - 0.8452,1.0,Primer Quintil,"Programa de las Naciones Unidas para el Desarrollo (PNUD), 2019. Unidad del Informe sobre Desarrollo Humano. Perú",Polygon,-77.029088,-12.120793,9.178,21.0537
15,LIMA,1501,LIMA,150120,MAGDALENA DEL MAR,150120,Magdalena Del Mar,57879,114.0,0.833929,4,80.461971,159.0,79.649577,73.0,12.999281,12.0,1986.267298,3.0,0.924366,0.796496,0.788682,0.792579,0.791589,0.6944 - 0.8452,1.0,Primer Quintil,"Programa de las Naciones Unidas para el Desarrollo (PNUD), 2019. Unidad del Informe sobre Desarrollo Humano. Perú",Polygon,-77.067015,-12.094578,3.6395,8.6736
15,LIMA,1501,LIMA,150121,PUEBLO LIBRE,150121,Magdalena Vieja,78731,75.0,0.833695,5,80.471,157.0,82.379479,35.0,13.182552,8.0,1936.245752,9.0,0.924517,0.823795,0.801588,0.812616,0.771296,0.6944 - 0.8452,1.0,Primer Quintil,"Programa de las Naciones Unidas para el Desarrollo (PNUD), 2019. Unidad del Informe sobre Desarrollo Humano. Perú",Polygon,-77.065788,-12.075079,4.6364,9.1511
15,LIMA,1501,LIMA,150130,SAN BORJA,150130,San Borja,106585,53.0,0.823616,7,80.641345,145.0,78.762975,97.0,13.635913,6.0,1867.853206,12.0,0.927356,0.78763,0.833515,0.810248,0.743551,0.6944 - 0.8452,1.0,Primer Quintil,"Programa de las Naciones Unidas para el Desarrollo (PNUD), 2019. Unidad del Informe sobre Desarrollo Humano. Perú",Polygon,-76.995262,-12.097535,10.3268,13.3242
15,LIMA,1501,LIMA,150134,SAN LUIS,150134,San Luis,53673,119.0,0.793258,13,81.516311,84.0,80.699041,58.0,11.778593,25.0,1769.655751,16.0,0.941939,0.80699,0.702718,0.753051,0.703714,0.6944 - 0.8452,1.0,Primer Quintil,"Programa de las Naciones Unidas para el Desarrollo (PNUD), 2019. Unidad del Informe sobre Desarrollo Humano. Perú",Polygon,-76.997298,-12.074105,3.4723,10.6267
15,LIMA,1501,LIMA,150136,SAN MIGUEL,150136,San Miguel,146886,39.0,0.822401,8,80.326177,169.0,76.66409,158.0,12.776359,16.0,1966.554093,5.0,0.922103,0.766641,0.772983,0.769805,0.783592,0.6944 - 0.8452,1.0,Primer Quintil,"Programa de las Naciones Unidas para el Desarrollo (PNUD), 2019. Unidad del Informe sobre Desarrollo Humano. Perú",Polygon,-77.090089,-12.076598,9.685,14.7731
15,LIMA,1501,LIMA,150137,SANTA ANITA,150137,Santa Anita,229835,21.0,0.734731,33,80.700148,139.0,76.479814,164.0,10.519505,79.0,1571.815098,30.0,0.928336,0.764798,0.61405,0.685291,0.623454,0.6944 - 0.8452,1.0,Primer Quintil,"Programa de las Naciones Unidas para el Desarrollo (PNUD), 2019. Unidad del Informe sobre Desarrollo Humano. Perú",Polygon,-76.963252,-12.043235,10.7156,15.8553
15,LIMA,1501,LIMA,150141,SURQUILLO,150141,Surquillo,88766,66.0,0.817114,10,80.217404,182.0,79.576586,75.0,12.295076,21.0,1940.453432,7.0,0.92029,0.795766,0.73909,0.766904,0.773003,0.6944 - 0.8452,1.0,Primer Quintil,"Programa de las Naciones Unidas para el Desarrollo (PNUD), 2019. Unidad del Informe sobre Desarrollo Humano. Perú",Polygon,-77.01299,-12.113401,4.6038,12.3374
15,LIMA,1501,LIMA,150105,BREÑA,150105,Breña,75598,83.0,0.812114,11,79.979044,201.0,78.948953,92.0,12.905725,15.0,1868.666016,11.0,0.916317,0.78949,0.782093,0.785783,0.743881,0.6944 - 0.8452,1.0,Primer Quintil,"Programa de las Naciones Unidas para el Desarrollo (PNUD), 2019. Unidad del Informe sobre Desarrollo Humano. Perú",Polygon,-77.050611,-12.059135,3.1947,7.2882
15,LIMA,1501,LIMA,150128,RIMAC,150128,Rimac,156760,37.0,0.730004,35,80.217245,183.0,75.116396,204.0,10.636846,65.0,1559.041186,34.0,0.920287,0.751164,0.622313,0.68371,0.618272,0.6944 - 0.8452,1.0,Primer Quintil,"Programa de las Naciones Unidas para el Desarrollo (PNUD), 2019. Unidad del Informe sobre Desarrollo Humano. Perú",Polygon,-77.032643,-12.023596,12.0743,17.7592
15,LIMA,1501,LIMA,150112,INDEPENDENCIA,150112,Independencia,217177,22.0,0.685338,65,80.043469,194.0,76.324286,167.0,8.817292,308.0,1443.328322,54.0,0.917391,0.763243,0.494175,0.614146,0.57133,0.5436 - 0.6944,2.0,Segundo Quintil,"Programa de las Naciones Unidas para el Desarrollo (PNUD), 2019. Unidad del Informe sobre Desarrollo Humano. Perú",Polygon,-77.046007,-11.987476,16.1172,18.4484
15,LIMA,1501,LIMA,150132,SAN JUAN DE LURIGANCHO,150132,San Juan De Lurigancho,1150285,1.0,0.701053,50,79.628676,226.0,73.146948,270.0,10.064318,127.0,1464.692616,48.0,0.910478,0.731469,0.581994,0.652465,0.579997,0.6944 - 0.8452,1.0,Primer Quintil,"Programa de las Naciones Unidas para el Desarrollo (PNUD), 2019. Unidad del Informe sobre Desarrollo Humano. Perú",MultiPolygon,-76.97146,-11.945957,140.3823,62.6528
15,LIMA,1501,LIMA,150139,SANTA ROSA,150139,Santa Rosa,26603,213.0,0.660577,90,77.160286,499.0,67.61856,499.0,9.917281,149.0,1349.63493,77.0,0.869338,0.676186,0.57164,0.621719,0.53332,0.5436 - 0.6944,2.0,Segundo Quintil,"Programa de las Naciones Unidas para el Desarrollo (PNUD), 2019. Unidad del Informe sobre Desarrollo Humano. Perú",Polygon,-77.163321,-11.804886,17.5559,22.7017
15,LIMA,1501,LIMA,150131,SAN ISIDRO,150131,San Isidro,53212,120.0,0.788832,14,80.35414,167.0,78.470219,104.0,13.858206,3.0,1641.655293,22.0,0.922569,0.784702,0.849169,0.8163,0.651787,0.6944 - 0.8452,1.0,Primer Quintil,"Programa de las Naciones Unidas para el Desarrollo (PNUD), 2019. Unidad del Informe sobre Desarrollo Humano. Perú",Polygon,-77.036772,-12.099001,9.7633,18.6149
15,LIMA,1501,LIMA,150115,LA VICTORIA,150115,La Victoria,156888,36.0,0.714159,44,79.908299,209.0,74.791799,214.0,10.522505,77.0,1482.479365,46.0,0.915138,0.747918,0.614261,0.677803,0.587213,0.6944 - 0.8452,1.0,Primer Quintil,"Programa de las Naciones Unidas para el Desarrollo (PNUD), 2019. Unidad del Informe sobre Desarrollo Humano. Perú",Polygon,-77.017371,-12.072318,9.1154,14.101
15,LIMA,1501,LIMA,150104,BARRANCO,150104,Barranco,27482,202.0,0.820764,9,80.149769,187.0,78.347218,108.0,12.592455,20.0,1956.551731,6.0,0.919163,0.783472,0.760032,0.771663,0.779534,0.6944 - 0.8452,1.0,Primer Quintil,"Programa de las Naciones Unidas para el Desarrollo (PNUD), 2019. Unidad del Informe sobre Desarrollo Humano. Perú",Polygon,-77.020878,-12.144073,2.7515,10.1565
05,AYACUCHO,0501,HUAMANGA,050116,ANDRES AVELINO CACERES DORREGARAY,050116,Andrés Avelino Caceres Dorregaray,35359,164.0,0.489944,519,67.47987,1658.0,71.178529,340.0,8.937907,286.0,719.554362,577.0,0.707998,0.711785,0.502669,0.598158,0.27771,0.3928 - 0.5436,3.0,Tercer Quintil,"Programa de las Naciones Unidas para el Desarrollo (PNUD), 2019. Unidad del Informe sobre Desarrollo Humano. Perú",Polygon,-74.200218,-13.1546,9.144,14.4535
12,JUNIN,1208,YAULI,120805,MOROCOCHA,120805,Morococha,4146,919.0,0.727764,39,80.047986,193.0,69.544055,407.0,10.377666,100.0,1632.82079,24.0,0.917466,0.695441,0.604061,0.648142,0.648203,0.6944 - 0.8452,1.0,Primer Quintil,"Programa de las Naciones Unidas para el Desarrollo (PNUD), 2019. Unidad del Informe sobre Desarrollo Humano. Perú",Polygon,-76.123311,-11.544531,264.915,87.1773
07,CALLAO,0701,CALLAO,070107,MI PERU,070107,Mi Perú,31589,179.0,0.64371,123,81.18662,101.0,67.812626,490.0,8.896615,297.0,1241.061299,112.0,0.936444,0.678126,0.499762,0.582152,0.489274,0.5436 - 0.6944,2.0,Segundo Quintil,"Programa de las Naciones Unidas para el Desarrollo (PNUD), 2019. Unidad del Informe sobre Desarrollo Humano. Perú",Polygon,-77.120556,-11.854338,2.812,9.2298
01,AMAZONAS,0101,CHACHAPOYAS,010106,CHUQUIBAMBA,010106,Chuquibamba,1789,1365.0,0.26927,1593,67.014161,1682.0,30.431499,1751.0,5.881404,1080.0,267.387503,1510.0,0.700236,0.304315,0.287423,0.295748,0.094275,0.2420 - 0.3928,4.0,Cuarto Quintil,"Programa de las Naciones Unidas para el Desarrollo (PNUD), 2019. Unidad del Informe sobre Desarrollo Humano. Perú",Polygon,-77.895067,-6.934893,183.7115,75.118
10,HUANUCO,1001,HUANUCO,100101,HUANUCO,100101,Huanuco,93515,62.0,0.589321,234,71.444747,1321.0,72.323373,298.0,10.150837,118.0,1034.37424,233.0,0.774079,0.723234,0.588087,0.652169,0.405426,0.5436 - 0.6944,2.0,Segundo Quintil,"Programa de las Naciones Unidas para el Desarrollo (PNUD), 2019. Unidad del Informe sobre Desarrollo Humano. Perú",Polygon,-76.296694,-9.896566,127.8894,80.8121
10,HUANUCO,1001,HUANUCO,100102,AMARILIS,100102,Amarilis,74636,87.0,0.618044,174,74.03039,940.0,77.036426,149.0,10.109576,123.0,1095.641521,190.0,0.817173,0.770364,0.585181,0.671419,0.430281,0.5436 - 0.6944,2.0,Segundo Quintil,"Programa de las Naciones Unidas para el Desarrollo (PNUD), 2019. Unidad del Informe sobre Desarrollo Humano. Perú",Polygon,-76.18822,-9.950237,133.366,50.7059
10,HUANUCO,1001,HUANUCO,100110,YARUMAYO,100110,Yarumayo,2255,1237.0,0.316098,1351,76.750891,547.0,52.580641,1119.0,4.242865,1678.0,335.122627,1337.0,0.862515,0.525806,0.172033,0.300759,0.121754,0.2420 - 0.3928,4.0,Cuarto Quintil,"Programa de las Naciones Unidas para el Desarrollo (PNUD), 2019. Unidad del Informe sobre Desarrollo Humano. Perú",Polygon,-76.44014,-9.955818,61.6979,38.6686
10,HUANUCO,1001,HUANUCO,100111,PILLCO MARCA,100111,Pillco Marca,39141,152.0,0.621616,164,73.834452,971.0,82.320019,36.0,9.834239,154.0,1100.92959,186.0,0.813908,0.8232,0.565791,0.682466,0.432426,0.5436 - 0.6944,2.0,Segundo Quintil,"Programa de las Naciones Unidas para el Desarrollo (PNUD), 2019. Unidad del Informe sobre Desarrollo Humano. Perú",Polygon,-76.281231,-10.040376,77.3657,69.9905
10,HUANUCO,1001,HUANUCO,100104,CHURUBAMBA,100104,Churubamba,24762,229.0,0.198576,1794,77.557144,457.0,34.957061,1655.0,2.038512,1873.0,322.565927,1369.0,0.875952,0.349571,0.016797,0.076626,0.11666,0.0912 - 0.2420,5.0,Quinto Quintil,"Programa de las Naciones Unidas para el Desarrollo (PNUD), 2019. Unidad del Informe sobre Desarrollo Humano. Perú",Polygon,-76.265705,-9.68523,513.6893,170.0213
10,HUANUCO,1001,HUANUCO,100106,QUISQUI (KICHKI),100106,Quisqui,6470,694.0,0.257309,1645,76.060495,641.0,38.961393,1553.0,3.925341,1743.0,239.343569,1588.0,0.851008,0.389614,0.149672,0.241483,0.082898,0.2420 - 0.3928,4.0,Cuarto Quintil,"Programa de las Naciones Unidas para el Desarrollo (PNUD), 2019. Unidad del Informe sobre Desarrollo Humano. Perú",Polygon,-76.420802,-9.869236,174.4729,63.5373
10,HUANUCO,1001,HUANUCO,100107,SAN FRANCISCO DE CAYRAN,100107,San Francisco De Cayran,5329,792.0,0.379256,967,75.205473,768.0,61.937096,731.0,5.133824,1361.0,456.418264,1026.0,0.836758,0.619371,0.234776,0.381331,0.170961,0.2420 - 0.3928,4.0,Cuarto Quintil,"Programa de las Naciones Unidas para el Desarrollo (PNUD), 2019. Unidad del Informe sobre Desarrollo Humano. Perú",Polygon,-76.330522,-9.99675,148.0885,58.4925
10,HUANUCO,1001,HUANUCO,100108,SAN PEDRO DE CHAULAN,100108,San Pedro De Chaulan,5737,750.0,0.215152,1768,79.123039,272.0,27.138396,1798.0,3.24276,1838.0,198.899263,1681.0,0.902051,0.271384,0.101603,0.166052,0.066491,0.0912 - 0.2420,5.0,Quinto Quintil,"Programa de las Naciones Unidas para el Desarrollo (PNUD), 2019. Unidad del Informe sobre Desarrollo Humano. Perú",Polygon,-76.421803,-10.078513,269.5732,94.0078
10,HUANUCO,1001,HUANUCO,100112,YACUS,100112,Yacus,5317,793.0,0.317978,1339,80.300641,172.0,63.09677,688.0,3.959125,1735.0,312.606413,1392.0,0.921677,0.630968,0.152051,0.309741,0.112619,0.2420 - 0.3928,4.0,Cuarto Quintil,"Programa de las Naciones Unidas para el Desarrollo (PNUD), 2019. Unidad del Informe sobre Desarrollo Humano. Perú",Polygon,-76.511243,-9.946053,70.767,42.0004
10,HUANUCO,1003,DOS DE MAYO,100307,CHUQUIS,100307,Chuquis,4779,850.0,0.347239,1150,69.632,1496.0,44.006856,1420.0,4.466251,1625.0,517.657526,900.0,0.743867,0.440069,0.187764,0.287453,0.195804,0.2420 - 0.3928,4.0,Cuarto Quintil,"Programa de las Naciones Unidas para el Desarrollo (PNUD), 2019. Unidad del Informe sobre Desarrollo Humano. Perú",Polygon,-76.632327,-9.648276,151.6718,59.3424
10,HUANUCO,1003,DOS DE MAYO,100313,PACHAS,100313,Pachas,9976,491.0,0.401358,867,66.833081,1695.0,53.49853,1075.0,5.334454,1288.0,661.40848,664.0,0.697218,0.534985,0.248905,0.364912,0.254121,0.3928 - 0.5436,3.0,Tercer Quintil,"Programa de las Naciones Unidas para el Desarrollo (PNUD), 2019. Unidad del Informe sobre Desarrollo Humano. Perú",Polygon,-76.830723,-9.691968,268.9556,113.6709
10,HUANUCO,1003,DOS DE MAYO,100317,RIPAN,100317,Ripan,6239,718.0,0.407901,831,67.957256,1632.0,61.681921,738.0,6.589655,846.0,547.282817,848.0,0.715954,0.616819,0.3373,0.456128,0.207823,0.3928 - 0.5436,3.0,Tercer Quintil,"Programa de las Naciones Unidas para el Desarrollo (PNUD), 2019. Unidad del Informe sobre Desarrollo Humano. Perú",Polygon,-76.843687,-9.81053,76.2249,43.3937
10,HUANUCO,1003,DOS DE MAYO,100321,SHUNQUI,100321,Shunqui,1827,1353.0,0.27503,1564,70.146781,1451.0,37.772682,1582.0,4.284119,1666.0,300.125235,1426.0,0.752446,0.377727,0.174938,0.257058,0.107556,0.2420 - 0.3928,4.0,Cuarto Quintil,"Programa de las Naciones Unidas para el Desarrollo (PNUD), 2019. Unidad del Informe sobre Desarrollo Humano. Perú",Polygon,-76.809771,-9.750515,32.5819,26.6635
10,HUANUCO,1008,PACHITEA,100801,PANAO,100801,Panao,22297,257.0,0.24881,1676,69.007841,1552.0,38.256631,1573.0,3.461547,1816.0,279.667817,1483.0,0.733464,0.382566,0.11701,0.211576,0.099257,0.2420 - 0.3928,4.0,Cuarto Quintil,"Programa de las Naciones Unidas para el Desarrollo (PNUD), 2019. Unidad del Informe sobre Desarrollo Humano. Perú",Polygon,-75.896618,-10.14829,1610.0329,241.2801
10,HUANUCO,1011,YAROWILCA,101102,CAHUAC,101102,Cahuac,3491,1009.0,0.355398,1101,74.68449,833.0,58.145007,897.0,6.316664,931.0,345.721014,1308.0,0.828075,0.58145,0.318075,0.430052,0.126053,0.2420 - 0.3928,4.0,Cuarto Quintil,"Programa de las Naciones Unidas para el Desarrollo (PNUD), 2019. Unidad del Informe sobre Desarrollo Humano. Perú",Polygon,-76.64932,-9.864631,29.6442,34.5574
10,HUANUCO,1011,YAROWILCA,101103,CHACABAMBA,101103,Chacabamba,2622,1161.0,0.340452,1197,76.560608,572.0,74.741146,216.0,6.195178,966.0,270.338213,1502.0,0.859343,0.747411,0.30952,0.480977,0.095472,0.2420 - 0.3928,4.0,Cuarto Quintil,"Programa de las Naciones Unidas para el Desarrollo (PNUD), 2019. Unidad del Informe sobre Desarrollo Humano. Perú",Polygon,-76.632137,-9.900566,16.446,17.4661
10,HUANUCO,1011,YAROWILCA,101104,APARICIO POMARES,101104,Aparicio Pomares,4656,865.0,0.279604,1537,74.301473,890.0,57.043976,939.0,4.265836,1670.0,243.350935,1574.0,0.821691,0.57044,0.17365,0.314733,0.084524,0.2420 - 0.3928,4.0,Cuarto Quintil,"Programa de las Naciones Unidas para el Desarrollo (PNUD), 2019. Unidad del Informe sobre Desarrollo Humano. Perú",Polygon,-76.576865,-9.71624,183.7269,74.3187
10,HUANUCO,1011,YAROWILCA,101105,JACAS CHICO,101105,Jacas Chico,1267,1514.0,0.276387,1551,69.547766,1504.0,61.049293,763.0,4.77482,1502.0,231.005803,1609.0,0.742463,0.610493,0.209494,0.357624,0.079516,0.2420 - 0.3928,4.0,Cuarto Quintil,"Programa de las Naciones Unidas para el Desarrollo (PNUD), 2019. Unidad del Informe sobre Desarrollo Humano. Perú",Polygon,-76.509083,-9.875167,37.9555,31.4152
10,HUANUCO,1011,YAROWILCA,101107,PAMPAMARCA,101107,Pampamarca,1334,1484.0,0.2701,1589,72.938561,1110.0,36.968739,1597.0,4.906579,1443.0,248.767557,1558.0,0.798976,0.369687,0.218773,0.28439,0.086721,0.2420 - 0.3928,4.0,Cuarto Quintil,"Programa de las Naciones Unidas para el Desarrollo (PNUD), 2019. Unidad del Informe sobre Desarrollo Humano. Perú",Polygon,-76.707742,-9.765879,72.967,56.3448
10,HUANUCO,1011,YAROWILCA,101108,CHORAS,101108,Choras,1107,1569.0,0.296899,1447,73.208672,1071.0,44.237873,1416.0,4.673854,1540.0,303.338748,1418.0,0.803478,0.442379,0.202384,0.299216,0.10886,0.2420 - 0.3928,4.0,Cuarto Quintil,"Programa de las Naciones Unidas para el Desarrollo (PNUD), 2019. Unidad del Informe sobre Desarrollo Humano. Perú",Polygon,-76.571823,-9.911816,61.0463,42.135
10,HUANUCO,1010,LAURICOCHA,101004,QUEROPALCA,101004,Queropalca,2484,1192.0,0.447781,678,71.484679,1313.0,53.743337,1067.0,8.565457,355.0,599.532307,760.0,0.774745,0.537433,0.476441,0.506019,0.229019,0.3928 - 0.5436,3.0,Tercer Quintil,"Programa de las Naciones Unidas para el Desarrollo (PNUD), 2019. Unidad del Informe sobre Desarrollo Humano. Perú",Polygon,-76.865851,-10.18751,133.2288,58.9161
10,HUANUCO,1010,LAURICOCHA,101006,SAN FRANCISCO DE ASIS,101006,San Francisco De Asis,1269,1511.0,0.349698,1128,75.069153,786.0,53.938558,1059.0,5.801597,1107.0,359.008357,1276.0,0.834486,0.539386,0.281803,0.389872,0.131444,0.2420 - 0.3928,4.0,Cuarto Quintil,"Programa de las Naciones Unidas para el Desarrollo (PNUD), 2019. Unidad del Informe sobre Desarrollo Humano. Perú",Polygon,-76.627507,-9.978369,86.2999,45.3136
10,HUANUCO,1010,LAURICOCHA,101007,SAN MIGUEL DE CAURI,101007,San Miguel De Cauri,8238,574.0,0.47583,563,69.511223,1510.0,50.932147,1195.0,7.851299,491.0,803.381811,470.0,0.741854,0.509321,0.426148,0.465882,0.311717,0.3928 - 0.5436,3.0,Tercer Quintil,"Programa de las Naciones Unidas para el Desarrollo (PNUD), 2019. Unidad del Informe sobre Desarrollo Humano. Perú",Polygon,-76.637532,-10.298903,821.041,150.6044
10,HUANUCO,1001,HUANUCO,100103,CHINCHAO,100103,Chinchao,19257,287.0,0.309655,1379,76.174312,622.0,44.881333,1394.0,3.774794,1768.0,378.479493,1223.0,0.852905,0.448813,0.13907,0.249833,0.139343,0.2420 - 0.3928,4.0,Cuarto Quintil,"Programa de las Naciones Unidas para el Desarrollo (PNUD), 2019. Unidad del Informe sobre Desarrollo Humano. Perú",Polygon,-76.110711,-9.615344,806.7199,155.3848
10,HUANUCO,1003,DOS DE MAYO,100323,YANAS,100323,Yanas,2624,1160.0,0.364656,1053,69.722054,1486.0,45.279985,1382.0,4.13794,1698.0,622.315921,722.0,0.745368,0.4528,0.164644,0.27304,0.238262,0.2420 - 0.3928,4.0,Cuarto Quintil,"Programa de las Naciones Unidas para el Desarrollo (PNUD), 2019. Unidad del Informe sobre Desarrollo Humano. Perú",Polygon,-76.731531,-9.714658,37.3395,32.7972
10,HUANUCO,1001,HUANUCO,100105,MARGOS,100105,Margos,7080,650.0,0.274908,1565,78.939992,288.0,43.205798,1442.0,4.780764,1496.0,224.160463,1629.0,0.899,0.432058,0.209913,0.301155,0.076739,0.2420 - 0.3928,4.0,Cuarto Quintil,"Programa de las Naciones Unidas para el Desarrollo (PNUD), 2019. Unidad del Informe sobre Desarrollo Humano. Perú",Polygon,-76.533176,-10.063226,209.1405,77.27
10,HUANUCO,1008,PACHITEA,100802,CHAGLLA,100802,Chaglla,10070,489.0,0.343377,1173,72.046678,1221.0,40.612862,1511.0,4.010338,1725.0,541.215455,859.0,0.784111,0.406129,0.155658,0.25143,0.205361,0.2420 - 0.3928,4.0,Cuarto Quintil,"Programa de las Naciones Unidas para el Desarrollo (PNUD), 2019. Unidad del Informe sobre Desarrollo Humano. Perú",Polygon,-75.797395,-9.737038,1078.6439,250.4764
10,HUANUCO,1001,HUANUCO,100109,SANTA MARIA DEL VALLE,100109,Santa Maria Del Valle,19018,290.0,0.270127,1588,78.996326,285.0,40.65596,1510.0,3.466742,1813.0,282.147801,1476.0,0.899939,0.40656,0.117376,0.21845,0.100263,0.2420 - 0.3928,4.0,Cuarto Quintil,"Programa de las Naciones Unidas para el Desarrollo (PNUD), 2019. Unidad del Informe sobre Desarrollo Humano. Perú",Polygon,-76.312652,-9.793362,452.149,140.7209
10,HUANUCO,1003,DOS DE MAYO,100316,QUIVILLA,100316,Quivilla,2564,1171.0,0.407256,837,66.919773,1690.0,48.019463,1292.0,6.767816,789.0,616.441286,731.0,0.698663,0.480195,0.349846,0.409871,0.235879,0.3928 - 0.5436,3.0,Tercer Quintil,"Programa de las Naciones Unidas para el Desarrollo (PNUD), 2019. Unidad del Informe sobre Desarrollo Humano. Perú",Polygon,-76.68727,-9.576024,37.2078,35.6786
10,HUANUCO,1005,HUAMALIES,100510,SINGA,100510,Singa,2391,1211.0,0.358608,1086,75.583686,702.0,67.936124,485.0,4.971522,1421.0,381.160922,1216.0,0.843061,0.679361,0.223347,0.389529,0.14043,0.2420 - 0.3928,4.0,Cuarto Quintil,"Programa de las Naciones Unidas para el Desarrollo (PNUD), 2019. Unidad del Informe sobre Desarrollo Humano. Perú",Polygon,-76.835704,-9.36276,159.7454,61.8497
10,HUANUCO,1006,LEONCIO PRADO,100601,RUPA-RUPA,100601,Rupa-Rupa,59227,108.0,0.581834,252,73.844365,970.0,70.006542,390.0,9.541274,190.0,1000.426042,258.0,0.814073,0.700065,0.54516,0.617776,0.391654,0.5436 - 0.6944,2.0,Segundo Quintil,"Programa de las Naciones Unidas para el Desarrollo (PNUD), 2019. Unidad del Informe sobre Desarrollo Humano. Perú",Polygon,-76.104263,-9.190366,260.6433,140.5549
10,HUANUCO,1003,DOS DE MAYO,100311,MARIAS,100311,Marias,8225,576.0,0.231744,1727,68.276307,1617.0,36.10639,1622.0,3.866108,1753.0,220.574427,1635.0,0.721272,0.361064,0.145501,0.229205,0.075284,0.0912 - 0.2420,5.0,Quinto Quintil,"Programa de las Naciones Unidas para el Desarrollo (PNUD), 2019. Unidad del Informe sobre Desarrollo Humano. Perú",Polygon,-76.423461,-9.546901,642.7106,167.3359
10,HUANUCO,1005,HUAMALIES,100501,LLATA,100501,Llata,13538,384.0,0.424192,760,71.142037,1360.0,59.365139,826.0,6.543172,860.0,584.417375,779.0,0.769034,0.593651,0.334026,0.445303,0.222887,0.3928 - 0.5436,3.0,Tercer Quintil,"Programa de las Naciones Unidas para el Desarrollo (PNUD), 2019. Unidad del Informe sobre Desarrollo Humano. Perú",Polygon,-76.903247,-9.613967,413.9082,128.1043
10,HUANUCO,1005,HUAMALIES,100503,CHAVIN DE PARIARCA,100503,Chavin De Pariarca,3095,1073.0,0.313132,1365,76.757131,545.0,32.639315,1715.0,4.832407,1480.0,367.322129,1257.0,0.862619,0.326393,0.21355,0.26401,0.134816,0.2420 - 0.3928,4.0,Cuarto Quintil,"Programa de las Naciones Unidas para el Desarrollo (PNUD), 2019. Unidad del Informe sobre Desarrollo Humano. Perú",Polygon,-76.755037,-9.437207,92.6489,49.5039
10,HUANUCO,1005,HUAMALIES,100504,JACAS GRANDE,100504,Jacas Grande,4969,823.0,0.336248,1220,78.110494,396.0,45.460566,1373.0,4.697073,1532.0,382.628066,1215.0,0.885175,0.454606,0.204019,0.304546,0.141026,0.2420 - 0.3928,4.0,Cuarto Quintil,"Programa de las Naciones Unidas para el Desarrollo (PNUD), 2019. Unidad del Informe sobre Desarrollo Humano. Perú",Polygon,-76.668406,-9.515193,219.3535,74.7752
10,HUANUCO,1005,HUAMALIES,100505,JIRCAN,100505,Jircan,2648,1156.0,0.315701,1353,72.506928,1169.0,34.449475,1670.0,4.76453,1506.0,400.269587,1167.0,0.791782,0.344495,0.20877,0.268179,0.148182,0.2420 - 0.3928,4.0,Cuarto Quintil,"Programa de las Naciones Unidas para el Desarrollo (PNUD), 2019. Unidad del Informe sobre Desarrollo Humano. Perú",Polygon,-76.644378,-9.216584,238.7119,74.1194
10,HUANUCO,1006,LEONCIO PRADO,100602,DANIEL ALOMIA ROBLES,100602,Daniel Alomia Robles,7530,625.0,0.354329,1105,74.371195,875.0,40.663685,1509.0,4.612991,1564.0,504.539057,924.0,0.822853,0.406637,0.198098,0.28382,0.190482,0.2420 - 0.3928,4.0,Cuarto Quintil,"Programa de las Naciones Unidas para el Desarrollo (PNUD), 2019. Unidad del Informe sobre Desarrollo Humano. Perú",Polygon,-75.775338,-9.360384,703.9335,162.1815
10,HUANUCO,1005,HUAMALIES,100502,ARANCAY,100502,Arancay,1186,1540.0,0.325459,1290,73.336681,1055.0,24.105272,1826.0,5.288895,1306.0,468.433997,1007.0,0.805611,0.241053,0.245697,0.243364,0.175835,0.2420 - 0.3928,4.0,Cuarto Quintil,"Programa de las Naciones Unidas para el Desarrollo (PNUD), 2019. Unidad del Informe sobre Desarrollo Humano. Perú",Polygon,-76.733754,-9.137408,117.7338,60.4202
10,HUANUCO,1006,LEONCIO PRADO,100605,LUYANDO,100605,Luyando,10103,485.0,0.426977,744,73.179005,1076.0,55.278725,1013.0,6.353019,922.0,602.59629,756.0,0.802983,0.552787,0.320635,0.421002,0.230262,0.3928 - 0.5436,3.0,Tercer Quintil,"Programa de las Naciones Unidas para el Desarrollo (PNUD), 2019. Unidad del Informe sobre Desarrollo Humano. Perú",Polygon,-75.953221,-9.24065,111.4298,83.011
10,HUANUCO,1007,MARAÑON,100701,HUACRACHUCO,100701,Huacrachuco,14485,355.0,0.314754,1358,66.759759,1698.0,41.344492,1496.0,4.947836,1430.0,399.797574,1170.0,0.695996,0.413445,0.221679,0.302741,0.147991,0.2420 - 0.3928,4.0,Cuarto Quintil,"Programa de las Naciones Unidas para el Desarrollo (PNUD), 2019. Unidad del Informe sobre Desarrollo Humano. Perú",Polygon,-77.173028,-8.6048,700.6918,136.1221
10,HUANUCO,1007,MARAÑON,100703,SAN BUENAVENTURA,100703,San Buenaventura,2327,1224.0,0.22555,1744,71.51145,1307.0,30.309856,1752.0,3.390277,1826.0,233.039093,1605.0,0.775191,0.303099,0.111991,0.18424,0.08034,0.0912 - 0.2420,5.0,Quinto Quintil,"Programa de las Naciones Unidas para el Desarrollo (PNUD), 2019. Unidad del Informe sobre Desarrollo Humano. Perú",Polygon,-77.148028,-8.768784,92.5917,53.1323
10,HUANUCO,1002,AMBO,100207,SAN RAFAEL,100207,San Rafael,9852,496.0,0.270128,1587,73.64856,1000.0,44.541068,1404.0,3.986089,1729.0,263.842693,1515.0,0.810809,0.445411,0.15395,0.261861,0.092837,0.2420 - 0.3928,4.0,Cuarto Quintil,"Programa de las Naciones Unidas para el Desarrollo (PNUD), 2019. Unidad del Informe sobre Desarrollo Humano. Perú",Polygon,-76.126319,-10.328922,440.5527,108.9592
10,HUANUCO,1002,AMBO,100201,AMBO,100201,Ambo,18842,291.0,0.440957,699,71.993869,1230.0,62.37771,718.0,6.367924,917.0,637.400457,704.0,0.783231,0.623777,0.321685,0.44795,0.244382,0.3928 - 0.5436,3.0,Tercer Quintil,"Programa de las Naciones Unidas para el Desarrollo (PNUD), 2019. Unidad del Informe sobre Desarrollo Humano. Perú",Polygon,-76.141168,-10.150132,287.1425,87.423
10,HUANUCO,1002,AMBO,100202,CAYNA,100202,Cayna,2494,1190.0,0.223944,1752,76.648329,555.0,29.766871,1759.0,3.988944,1728.0,185.138692,1711.0,0.860805,0.297669,0.154151,0.21421,0.060908,0.0912 - 0.2420,5.0,Quinto Quintil,"Programa de las Naciones Unidas para el Desarrollo (PNUD), 2019. Unidad del Informe sobre Desarrollo Humano. Perú",Polygon,-76.370592,-10.215206,157.0535,75.3777
10,HUANUCO,1002,AMBO,100203,COLPAS,100203,Colpas,1763,1373.0,0.228659,1740,77.082703,514.0,32.373101,1718.0,3.721656,1779.0,197.200463,1687.0,0.868045,0.323731,0.135328,0.209308,0.065801,0.0912 - 0.2420,5.0,Quinto Quintil,"Programa de las Naciones Unidas para el Desarrollo (PNUD), 2019. Unidad del Informe sobre Desarrollo Humano. Perú",Polygon,-76.464349,-10.244391,176.9267,71.5228
10,HUANUCO,1002,AMBO,100204,CONCHAMARCA,100204,Conchamarca,5709,755.0,0.409976,822,75.217546,762.0,49.325232,1255.0,4.99344,1412.0,644.352838,687.0,0.836959,0.493252,0.22489,0.333058,0.247202,0.3928 - 0.5436,3.0,Tercer Quintil,"Programa de las Naciones Unidas para el Desarrollo (PNUD), 2019. Unidad del Informe sobre Desarrollo Humano. Perú",Polygon,-76.209581,-10.04868,112.1505,82.6712
10,HUANUCO,1002,AMBO,100205,HUACAR,100205,Huacar,6573,688.0,0.314244,1361,76.939453,531.0,54.538962,1038.0,4.22817,1683.0,324.349137,1361.0,0.865658,0.54539,0.170998,0.305386,0.117383,0.2420 - 0.3928,4.0,Cuarto Quintil,"Programa de las Naciones Unidas para el Desarrollo (PNUD), 2019. Unidad del Informe sobre Desarrollo Humano. Perú",Polygon,-76.269594,-10.195294,237.934,74.1964
10,HUANUCO,1002,AMBO,100206,SAN FRANCISCO,100206,San Francisco,2198,1250.0,0.275184,1562,75.587101,700.0,53.01803,1100.0,4.420987,1632.0,229.759424,1612.0,0.843118,0.53018,0.184577,0.312824,0.07901,0.2420 - 0.3928,4.0,Cuarto Quintil,"Programa de las Naciones Unidas para el Desarrollo (PNUD), 2019. Unidad del Informe sobre Desarrollo Humano. Perú",Polygon,-76.287324,-10.332384,118.8989,61.3002
10,HUANUCO,1002,AMBO,100208,TOMAY KICHWA,100208,Tomay Kichwa,2191,1255.0,0.485016,536,73.056054,1089.0,62.374913,719.0,7.414682,606.0,742.075472,547.0,0.800934,0.623749,0.3954,0.496619,0.286846,0.3928 - 0.5436,3.0,Tercer Quintil,"Programa de las Naciones Unidas para el Desarrollo (PNUD), 2019. Unidad del Informe sobre Desarrollo Humano. Perú",Polygon,-76.179145,-10.064873,41.6038,46.8089
10,HUANUCO,1003,DOS DE MAYO,100301,LA UNION,100301,La Union,6433,698.0,0.512274,452,65.070157,1750.0,67.140849,518.0,9.083482,252.0,880.544361,384.0,0.667836,0.671408,0.512921,0.586839,0.34302,0.3928 - 0.5436,3.0,Tercer Quintil,"Programa de las Naciones Unidas para el Desarrollo (PNUD), 2019. Unidad del Informe sobre Desarrollo Humano. Perú",Polygon,-76.794685,-9.907885,169.2826,74.1168
10,HUANUCO,1003,DOS DE MAYO,100322,SILLAPATA,100322,Sillapata,1611,1404.0,0.306793,1397,67.943298,1633.0,50.113929,1225.0,4.55263,1584.0,354.080283,1286.0,0.715722,0.501139,0.193847,0.31168,0.129444,0.2420 - 0.3928,4.0,Cuarto Quintil,"Programa de las Naciones Unidas para el Desarrollo (PNUD), 2019. Unidad del Informe sobre Desarrollo Humano. Perú",Polygon,-76.766857,-9.793822,72.947,41.5014
10,HUANUCO,1008,PACHITEA,100803,MOLINO,100803,Molino,13371,392.0,0.254014,1662,74.217003,909.0,36.76564,1603.0,2.946112,1856.0,320.913238,1373.0,0.820283,0.367656,0.080712,0.172262,0.115989,0.2420 - 0.3928,4.0,Cuarto Quintil,"Programa de las Naciones Unidas para el Desarrollo (PNUD), 2019. Unidad del Informe sobre Desarrollo Humano. Perú",Polygon,-76.058066,-9.996384,237.7712,75.6999
10,HUANUCO,1008,PACHITEA,100804,UMARI,100804,Umari,17266,313.0,0.26249,1624,73.4706,1026.0,30.809999,1746.0,3.01307,1853.0,375.161011,1235.0,0.807843,0.3081,0.085427,0.162235,0.137996,0.2420 - 0.3928,4.0,Cuarto Quintil,"Programa de las Naciones Unidas para el Desarrollo (PNUD), 2019. Unidad del Informe sobre Desarrollo Humano. Perú",Polygon,-76.02789,-9.868124,157.1411,67.1535
10,HUANUCO,1011,YAROWILCA,101101,CHAVINILLO,101101,Chavinillo,6043,735.0,0.230691,1731,70.695622,1408.0,49.559541,1244.0,4.495997,1610.0,164.540603,1748.0,0.761594,0.495595,0.189859,0.306746,0.052552,0.0912 - 0.2420,5.0,Quinto Quintil,"Programa de las Naciones Unidas para el Desarrollo (PNUD), 2019. Unidad del Informe sobre Desarrollo Humano. Perú",Polygon,-76.551277,-9.808065,206.1852,68.3445
10,HUANUCO,1011,YAROWILCA,101106,OBAS,101106,Obas,3693,979.0,0.365259,1045,73.903711,957.0,61.54849,743.0,5.344693,1282.0,410.989809,1139.0,0.815062,0.615485,0.249626,0.391971,0.152531,0.2420 - 0.3928,4.0,Cuarto Quintil,"Programa de las Naciones Unidas para el Desarrollo (PNUD), 2019. Unidad del Informe sobre Desarrollo Humano. Perú",Polygon,-76.681305,-9.826922,124.1711,78.3861
10,HUANUCO,1010,LAURICOCHA,101001,JESUS,101001,Jesus,3809,968.0,0.399863,876,70.084148,1454.0,48.805478,1272.0,7.390837,613.0,513.464105,908.0,0.751402,0.488055,0.393721,0.438358,0.194103,0.3928 - 0.5436,3.0,Tercer Quintil,"Programa de las Naciones Unidas para el Desarrollo (PNUD), 2019. Unidad del Informe sobre Desarrollo Humano. Perú",Polygon,-76.755504,-10.218499,454.8741,153.8252
10,HUANUCO,1010,LAURICOCHA,101002,BAÑOS,101002,Baños,5227,802.0,0.420447,772,68.261758,1619.0,65.029437,612.0,7.282866,642.0,542.088551,857.0,0.721029,0.650294,0.386117,0.501089,0.205715,0.3928 - 0.5436,3.0,Tercer Quintil,"Programa de las Naciones Unidas para el Desarrollo (PNUD), 2019. Unidad del Informe sobre Desarrollo Humano. Perú",Polygon,-76.783854,-10.107364,192.0897,78.4874
10,HUANUCO,1010,LAURICOCHA,101003,JIVIA,101003,Jivia,1956,1309.0,0.346284,1154,71.84468,1263.0,45.609601,1367.0,7.040532,711.0,354.546777,1283.0,0.780745,0.456096,0.369052,0.410272,0.129634,0.2420 - 0.3928,4.0,Cuarto Quintil,"Programa de las Naciones Unidas para el Desarrollo (PNUD), 2019. Unidad del Informe sobre Desarrollo Humano. Perú",Polygon,-76.656317,-10.035473,62.0825,59.0899
10,HUANUCO,1010,LAURICOCHA,101005,RONDOS,101005,Rondos,5456,780.0,0.367851,1034,74.364918,877.0,50.240576,1221.0,6.520447,865.0,399.914859,1169.0,0.822749,0.502406,0.332426,0.408672,0.148038,0.2420 - 0.3928,4.0,Cuarto Quintil,"Programa de las Naciones Unidas para el Desarrollo (PNUD), 2019. Unidad del Informe sobre Desarrollo Humano. Perú",Polygon,-76.720431,-9.968486,172.6357,85.3631
10,HUANUCO,1005,HUAMALIES,100506,MIRAFLORES,100506,Miraflores,3011,1096.0,0.291071,1476,79.741523,220.0,57.69849,912.0,4.502002,1604.0,236.078566,1598.0,0.912359,0.576985,0.190282,0.331345,0.081573,0.2420 - 0.3928,4.0,Cuarto Quintil,"Programa de las Naciones Unidas para el Desarrollo (PNUD), 2019. Unidad del Informe sobre Desarrollo Humano. Perú",Polygon,-76.871035,-9.449626,94.8868,57.1675
10,HUANUCO,1005,HUAMALIES,100507,MONZON,100507,Monzon,25825,219.0,0.39462,897,71.733131,1277.0,47.621135,1303.0,5.973792,1049.0,554.827973,831.0,0.778886,0.476211,0.293929,0.374129,0.210884,0.3928 - 0.5436,3.0,Tercer Quintil,"Programa de las Naciones Unidas para el Desarrollo (PNUD), 2019. Unidad del Informe sobre Desarrollo Humano. Perú",Polygon,-76.38782,-9.331083,1403.7257,228.9757
10,HUANUCO,1005,HUAMALIES,100508,PUNCHAO,100508,Punchao,2176,1262.0,0.355522,1100,77.328965,480.0,42.27462,1469.0,5.246197,1326.0,431.5164,1087.0,0.872149,0.422746,0.24269,0.320306,0.160859,0.2420 - 0.3928,4.0,Cuarto Quintil,"Programa de las Naciones Unidas para el Desarrollo (PNUD), 2019. Unidad del Informe sobre Desarrollo Humano. Perú",Polygon,-76.836489,-9.44146,40.7593,36.6561
10,HUANUCO,1005,HUAMALIES,100509,PUÑOS,100509,Puños,3521,1002.0,0.27457,1566,77.011896,520.0,42.326783,1465.0,4.290341,1665.0,251.039352,1549.0,0.866865,0.423268,0.175376,0.272454,0.087643,0.2420 - 0.3928,4.0,Cuarto Quintil,"Programa de las Naciones Unidas para el Desarrollo (PNUD), 2019. Unidad del Informe sobre Desarrollo Humano. Perú",Polygon,-76.896897,-9.503081,98.3182,64.7595
10,HUANUCO,1009,PUERTO INCA,100901,PUERTO INCA,100901,Puerto Inca,6199,722.0,0.414221,811,70.468567,1423.0,35.519418,1640.0,6.414637,896.0,715.447358,583.0,0.757809,0.355194,0.324974,0.339748,0.276044,0.3928 - 0.5436,3.0,Tercer Quintil,"Programa de las Naciones Unidas para el Desarrollo (PNUD), 2019. Unidad del Informe sobre Desarrollo Humano. Perú",Polygon,-74.966781,-9.288896,2391.3233,296.8943
10,HUANUCO,1009,PUERTO INCA,100902,CODO DEL POZUZO,100902,Codo Del Pozuzo,6595,686.0,0.354047,1106,70.998127,1379.0,27.80665,1790.0,4.781382,1495.0,625.572055,717.0,0.766635,0.278067,0.209956,0.241623,0.239583,0.2420 - 0.3928,4.0,Cuarto Quintil,"Programa de las Naciones Unidas para el Desarrollo (PNUD), 2019. Unidad del Informe sobre Desarrollo Humano. Perú",Polygon,-75.466328,-9.634254,3223.6113,266.2995
10,HUANUCO,1005,HUAMALIES,100511,TANTAMAYO,100511,Tantamayo,2366,1218.0,0.256041,1653,75.721239,684.0,21.198459,1845.0,4.749027,1513.0,268.271624,1509.0,0.845354,0.211985,0.207678,0.20982,0.094634,0.2420 - 0.3928,4.0,Cuarto Quintil,"Programa de las Naciones Unidas para el Desarrollo (PNUD), 2019. Unidad del Informe sobre Desarrollo Humano. Perú",Polygon,-76.67001,-9.375564,280.6412,78.8152
10,HUANUCO,1006,LEONCIO PRADO,100606,MARIANO DAMASO BERAUN,100606,Mariano Damaso Beraun,9591,505.0,0.351417,1120,72.329134,1185.0,38.300756,1572.0,4.884885,1454.0,505.140235,922.0,0.788819,0.383008,0.217245,0.288456,0.190726,0.2420 - 0.3928,4.0,Cuarto Quintil,"Programa de las Naciones Unidas para el Desarrollo (PNUD), 2019. Unidad del Informe sobre Desarrollo Humano. Perú",Polygon,-76.031019,-9.394391,746.5344,140.8487
10,HUANUCO,1004,HUACAYBAMBA,100401,HUACAYBAMBA,100401,Huacaybamba,6503,692.0,0.341046,1191,74.117615,923.0,35.61859,1636.0,5.600459,1195.0,421.863075,1113.0,0.818627,0.356186,0.267638,0.308754,0.156942,0.2420 - 0.3928,4.0,Cuarto Quintil,"Programa de las Naciones Unidas para el Desarrollo (PNUD), 2019. Unidad del Informe sobre Desarrollo Humano. Perú",Polygon,-76.839276,-8.958629,551.5801,123.1882
10,HUANUCO,1004,HUACAYBAMBA,100402,CANCHABAMBA,100402,Canchabamba,2851,1119.0,0.276862,1550,77.621552,448.0,43.771169,1426.0,4.356993,1653.0,247.461359,1562.0,0.877026,0.437712,0.18007,0.280747,0.086191,0.2420 - 0.3928,4.0,Cuarto Quintil,"Programa de las Naciones Unidas para el Desarrollo (PNUD), 2019. Unidad del Informe sobre Desarrollo Humano. Perú",Polygon,-77.107749,-8.847413,184.4623,63.1287
10,HUANUCO,1004,HUACAYBAMBA,100403,COCHABAMBA,100403,Cochabamba,2797,1132.0,0.36072,1075,73.153979,1079.0,39.102244,1549.0,5.490404,1227.0,487.223225,965.0,0.802566,0.391022,0.259888,0.318782,0.183458,0.2420 - 0.3928,4.0,Cuarto Quintil,"Programa de las Naciones Unidas para el Desarrollo (PNUD), 2019. Unidad del Informe sobre Desarrollo Humano. Perú",Polygon,-76.626389,-9.097563,682.7248,209.3422
10,HUANUCO,1004,HUACAYBAMBA,100404,PINRA,100404,Pinra,7815,601.0,0.284552,1519,77.267879,485.0,50.456468,1215.0,4.50053,1605.0,245.465879,1567.0,0.871131,0.504565,0.190178,0.30977,0.085382,0.2420 - 0.3928,4.0,Cuarto Quintil,"Programa de las Naciones Unidas para el Desarrollo (PNUD), 2019. Unidad del Informe sobre Desarrollo Humano. Perú",Polygon,-77.000742,-8.914402,285.834,83.3726
10,HUANUCO,1006,LEONCIO PRADO,100604,JOSE CRESPO Y CASTILLO,100604,Jose Crespo Y Castillo,32955,172.0,0.448898,671,72.322332,1187.0,48.830993,1271.0,6.808039,780.0,716.252056,581.0,0.788706,0.48831,0.352679,0.41499,0.27637,0.3928 - 0.5436,3.0,Tercer Quintil,"Programa de las Naciones Unidas para el Desarrollo (PNUD), 2019. Unidad del Informe sobre Desarrollo Humano. Perú",Polygon,-76.177596,-8.932351,1502.2116,336.7344
10,HUANUCO,1007,MARAÑON,100702,CHOLON,100702,Cholon,11708,436.0,0.32782,1275,66.536407,1706.0,40.681238,1508.0,5.354469,1274.0,428.102816,1099.0,0.692273,0.406812,0.250315,0.31911,0.159474,0.2420 - 0.3928,4.0,Cuarto Quintil,"Programa de las Naciones Unidas para el Desarrollo (PNUD), 2019. Unidad del Informe sobre Desarrollo Humano. Perú",Polygon,-76.740953,-8.658102,2201.6541,299.9782
10,HUANUCO,1009,PUERTO INCA,100903,HONORIA,100903,Honoria,5209,803.0,0.370893,1020,72.541857,1164.0,39.461444,1540.0,5.764426,1123.0,513.196304,909.0,0.792364,0.394614,0.279185,0.331919,0.193994,0.2420 - 0.3928,4.0,Cuarto Quintil,"Programa de las Naciones Unidas para el Desarrollo (PNUD), 2019. Unidad del Informe sobre Desarrollo Humano. Perú",Polygon,-74.696795,-8.713845,949.2731,142.2765
10,HUANUCO,1009,PUERTO INCA,100904,TOURNAVISTA,100904,Tournavista,3932,952.0,0.4245,757,72.018932,1227.0,31.500817,1740.0,6.085778,1009.0,815.363103,458.0,0.783649,0.315008,0.301815,0.308341,0.316577,0.3928 - 0.5436,3.0,Tercer Quintil,"Programa de las Naciones Unidas para el Desarrollo (PNUD), 2019. Unidad del Informe sobre Desarrollo Humano. Perú",Polygon,-74.866343,-9.001266,1740.9316,283.9529
12,JUNIN,1207,TARMA,120704,HUASAHUASI,120704,Huasahuasi,11960,428.0,0.409431,827,74.639789,839.0,46.46618,1340.0,5.324449,1291.0,637.159952,705.0,0.82733,0.464662,0.248201,0.339602,0.244284,0.3928 - 0.5436,3.0,Tercer Quintil,"Programa de las Naciones Unidas para el Desarrollo (PNUD), 2019. Unidad del Informe sobre Desarrollo Humano. Perú",Polygon,-75.62563,-11.127572,637.3074,201.6623
12,JUNIN,1206,SATIPO,120608,RIO TAMBO,120608,Rio Tambo,50184,126.0,0.280451,1531,78.557797,340.0,33.325465,1703.0,5.094068,1371.0,254.082578,1544.0,0.89263,0.333255,0.231977,0.278042,0.088877,0.2420 - 0.3928,4.0,Cuarto Quintil,"Programa de las Naciones Unidas para el Desarrollo (PNUD), 2019. Unidad del Informe sobre Desarrollo Humano. Perú",Polygon,-73.813668,-11.530261,10214.155,789.2983
12,JUNIN,1203,CHANCHAMAYO,120301,CHANCHAMAYO,120301,Chanchamayo,24595,234.0,0.587431,239,75.058372,788.0,65.277784,598.0,9.160287,239.0,1064.616048,213.0,0.834306,0.652778,0.51833,0.581682,0.417694,0.5436 - 0.6944,2.0,Segundo Quintil,"Programa de las Naciones Unidas para el Desarrollo (PNUD), 2019. Unidad del Informe sobre Desarrollo Humano. Perú",Polygon,-75.35641,-11.032746,739.0621,268.362
12,JUNIN,1203,CHANCHAMAYO,120302,PERENE,120302,Perene,73768,89.0,0.429586,737,74.5292,855.0,56.248733,970.0,6.69766,813.0,572.465804,796.0,0.825487,0.562487,0.344906,0.44046,0.218039,0.3928 - 0.5436,3.0,Tercer Quintil,"Programa de las Naciones Unidas para el Desarrollo (PNUD), 2019. Unidad del Informe sobre Desarrollo Humano. Perú",Polygon,-75.075848,-10.940208,1491.2108,253.1464
12,JUNIN,1203,CHANCHAMAYO,120303,PICHANAQUI,120303,Pichanaqui,61517,105.0,0.45047,662,78.211096,381.0,53.361276,1083.0,6.956855,736.0,612.169644,739.0,0.886852,0.533613,0.363159,0.440211,0.234146,0.3928 - 0.5436,3.0,Tercer Quintil,"Programa de las Naciones Unidas para el Desarrollo (PNUD), 2019. Unidad del Informe sobre Desarrollo Humano. Perú",Polygon,-74.868621,-11.024949,1243.3663,270.9459
12,JUNIN,1203,CHANCHAMAYO,120304,SAN LUIS DE SHUARO,120304,San Luis De Shuaro,6142,725.0,0.430932,732,74.268983,894.0,49.827491,1233.0,6.616124,839.0,619.36294,725.0,0.82115,0.498275,0.339164,0.411092,0.237064,0.3928 - 0.5436,3.0,Tercer Quintil,"Programa de las Naciones Unidas para el Desarrollo (PNUD), 2019. Unidad del Informe sobre Desarrollo Humano. Perú",Polygon,-75.272754,-10.843275,192.5007,85.6245
12,JUNIN,1205,JUNIN,120502,CARHUAMAYO,120502,Carhuamayo,6161,724.0,0.451502,656,71.4197,1324.0,62.33622,722.0,7.581271,563.0,617.113302,729.0,0.773662,0.623362,0.407132,0.503776,0.236151,0.3928 - 0.5436,3.0,Tercer Quintil,"Programa de las Naciones Unidas para el Desarrollo (PNUD), 2019. Unidad del Informe sobre Desarrollo Humano. Perú",Polygon,-76.020976,-10.913928,204.6582,68.8984
12,JUNIN,1205,JUNIN,120504,ULCUMAYO,120504,Ulcumayo,3636,988.0,0.225391,1745,69.32471,1527.0,52.979742,1102.0,4.646588,1550.0,152.236087,1774.0,0.738745,0.529797,0.200464,0.325892,0.04756,0.0912 - 0.2420,5.0,Quinto Quintil,"Programa de las Naciones Unidas para el Desarrollo (PNUD), 2019. Unidad del Informe sobre Desarrollo Humano. Perú",Polygon,-75.683886,-10.904441,1132.9077,224.153
10,HUANUCO,1009,PUERTO INCA,100905,YUYAPICHIS,100905,Yuyapichis,4925,829.0,0.370912,1019,71.897652,1249.0,27.606627,1792.0,5.792917,1110.0,612.591607,738.0,0.781628,0.276066,0.281191,0.278617,0.234317,0.2420 - 0.3928,4.0,Cuarto Quintil,"Programa de las Naciones Unidas para el Desarrollo (PNUD), 2019. Unidad del Informe sobre Desarrollo Humano. Perú",Polygon,-74.998392,-9.647334,2066.7201,253.8924
16,LORETO,1606,UCAYALI,160601,CONTAMANA,160601,Contamana,27277,205.0,0.453418,650,68.375745,1610.0,49.004588,1264.0,8.045093,451.0,719.659983,575.0,0.722929,0.490046,0.439795,0.464241,0.277753,0.3928 - 0.5436,3.0,Tercer Quintil,"Programa de las Naciones Unidas para el Desarrollo (PNUD), 2019. Unidad del Informe sobre Desarrollo Humano. Perú",Polygon,-75.348307,-7.78076,11010.9978,702.893
16,LORETO,1606,UCAYALI,160602,INAHUAYA,160602,Inahuaya,2241,1245.0,0.392891,905,66.388564,1714.0,42.680606,1459.0,6.495708,873.0,611.877414,740.0,0.689809,0.426806,0.330684,0.375683,0.234027,0.3928 - 0.5436,3.0,Tercer Quintil,"Programa de las Naciones Unidas para el Desarrollo (PNUD), 2019. Unidad del Informe sobre Desarrollo Humano. Perú",Polygon,-75.299815,-7.040883,630.1815,124.3013
16,LORETO,1606,UCAYALI,160603,PADRE MARQUEZ,160603,Padre Marquez,4880,836.0,0.37006,1023,72.71269,1139.0,35.989605,1626.0,6.562996,851.0,487.132384,966.0,0.795211,0.359896,0.335422,0.347444,0.183421,0.2420 - 0.3928,4.0,Cuarto Quintil,"Programa de las Naciones Unidas para el Desarrollo (PNUD), 2019. Unidad del Informe sobre Desarrollo Humano. Perú",Polygon,-74.914185,-7.879362,2436.8288,325.4281
16,LORETO,1606,UCAYALI,160604,PAMPA HERMOSA,160604,Pampa Hermosa,9440,515.0,0.34559,1160,71.884251,1253.0,28.338031,1785.0,5.680489,1161.0,502.887742,931.0,0.781404,0.28338,0.273274,0.278281,0.189812,0.2420 - 0.3928,4.0,Cuarto Quintil,"Programa de las Naciones Unidas para el Desarrollo (PNUD), 2019. Unidad del Informe sobre Desarrollo Humano. Perú",Polygon,-75.769258,-7.302408,7476.4965,552.0536
22,SAN MARTIN,2207,PICOTA,220703,CASPISAPA,220703,Caspisapa,2192,1254.0,0.491904,514,73.9517,952.0,54.587939,1037.0,6.840488,770.0,851.962104,413.0,0.815862,0.545879,0.354964,0.44019,0.331425,0.3928 - 0.5436,3.0,Tercer Quintil,"Programa de las Naciones Unidas para el Desarrollo (PNUD), 2019. Unidad del Informe sobre Desarrollo Humano. Perú",Polygon,-76.422008,-6.920505,76.0265,39.0422
22,SAN MARTIN,2202,BELLAVISTA,220202,ALTO BIAVO,220202,Alto Biavo,7990,592.0,0.364569,1054,74.989769,794.0,27.238225,1797.0,4.709871,1524.0,641.800074,694.0,0.833163,0.272382,0.20492,0.236256,0.246166,0.2420 - 0.3928,4.0,Cuarto Quintil,"Programa de las Naciones Unidas para el Desarrollo (PNUD), 2019. Unidad del Informe sobre Desarrollo Humano. Perú",Polygon,-76.273801,-7.821897,5958.3792,441.3205
19,PASCO,1901,PASCO,190104,HUAYLLAY,190104,Huayllay,11513,439.0,0.632231,144,71.216659,1350.0,83.116458,23.0,10.400798,96.0,1174.79826,144.0,0.770278,0.831165,0.60569,0.709527,0.462393,0.5436 - 0.6944,2.0,Segundo Quintil,"Programa de las Naciones Unidas para el Desarrollo (PNUD), 2019. Unidad del Informe sobre Desarrollo Humano. Perú",Polygon,-76.425423,-10.951942,1017.8472,196.989
19,PASCO,1901,PASCO,190112,VICCO,190112,Vicco,2501,1187.0,0.550412,338,75.432309,729.0,74.365178,230.0,8.725728,325.0,846.987622,420.0,0.840538,0.743652,0.487727,0.602245,0.329407,0.5436 - 0.6944,2.0,Segundo Quintil,"Programa de las Naciones Unidas para el Desarrollo (PNUD), 2019. Unidad del Informe sobre Desarrollo Humano. Perú",Polygon,-76.233222,-10.863961,171.4117,84.9646
19,PASCO,1901,PASCO,190105,NINACACA,190105,Ninacaca,3506,1005.0,0.380981,956,74.265029,898.0,82.897835,27.0,7.452078,597.0,324.005564,1363.0,0.821084,0.828978,0.398034,0.574423,0.117244,0.2420 - 0.3928,4.0,Cuarto Quintil,"Programa de las Naciones Unidas para el Desarrollo (PNUD), 2019. Unidad del Informe sobre Desarrollo Humano. Perú",Polygon,-76.060141,-10.792012,538.0364,141.6379
19,PASCO,1901,PASCO,190111,TINYAHUARCO,190111,Tinyahuarco,7087,649.0,0.630841,148,76.687084,552.0,85.560152,13.0,10.615011,69.0,1020.696304,243.0,0.861451,0.855602,0.620775,0.728791,0.399877,0.5436 - 0.6944,2.0,Segundo Quintil,"Programa de las Naciones Unidas para el Desarrollo (PNUD), 2019. Unidad del Informe sobre Desarrollo Humano. Perú",Polygon,-76.248388,-10.760546,96.1436,49.5939
19,PASCO,1901,PASCO,190101,CHAUPIMARCA,190101,Chaupimarca,24465,236.0,0.580525,254,74.664987,834.0,82.077815,40.0,10.686501,62.0,847.919073,417.0,0.82775,0.820778,0.62581,0.716695,0.329785,0.5436 - 0.6944,2.0,Segundo Quintil,"Programa de las Naciones Unidas para el Desarrollo (PNUD), 2019. Unidad del Informe sobre Desarrollo Humano. Perú",Polygon,-76.246588,-10.701169,15.5462,19.41
19,PASCO,1901,PASCO,190107,PAUCARTAMBO,190107,Paucartambo,19523,286.0,0.38973,919,74.032641,939.0,71.139486,346.0,6.892064,756.0,388.523072,1200.0,0.817211,0.711395,0.358596,0.505078,0.143417,0.2420 - 0.3928,4.0,Cuarto Quintil,"Programa de las Naciones Unidas para el Desarrollo (PNUD), 2019. Unidad del Informe sobre Desarrollo Humano. Perú",Polygon,-75.773398,-10.75888,794.0078,192.1434
19,PASCO,1901,PASCO,190113,YANACANCHA,190113,Yanacancha,31875,175.0,0.619342,167,76.39018,592.0,80.494327,63.0,11.494439,33.0,957.316898,302.0,0.856503,0.804943,0.682707,0.74131,0.374165,0.5436 - 0.6944,2.0,Segundo Quintil,"Programa de las Naciones Unidas para el Desarrollo (PNUD), 2019. Unidad del Informe sobre Desarrollo Humano. Perú",Polygon,-76.194259,-10.64342,157.748,82.0523
19,PASCO,1901,PASCO,190109,SIMON BOLIVAR,190109,Simon Bolivar,10798,463.0,0.607204,192,75.638126,694.0,80.791145,55.0,10.386442,99.0,970.515298,286.0,0.843969,0.807911,0.604679,0.698947,0.379519,0.5436 - 0.6944,2.0,Segundo Quintil,"Programa de las Naciones Unidas para el Desarrollo (PNUD), 2019. Unidad del Informe sobre Desarrollo Humano. Perú",Polygon,-76.416776,-10.726508,691.0694,184.1306
19,PASCO,1901,PASCO,190110,TICLACAYAN,190110,Ticlacayan,10728,465.0,0.363912,1058,72.711891,1140.0,67.549421,508.0,6.669799,820.0,345.391191,1309.0,0.795198,0.675494,0.342944,0.481307,0.125919,0.2420 - 0.3928,4.0,Cuarto Quintil,"Programa de las Naciones Unidas para el Desarrollo (PNUD), 2019. Unidad del Informe sobre Desarrollo Humano. Perú",Polygon,-76.033748,-10.553669,714.0042,188.6558
19,PASCO,1901,PASCO,190108,SAN FRANCISCO DE ASIS DE YARUSYACAN,190108,San Fco.De Asis De Yarusyac,4286,897.0,0.572006,283,73.680941,993.0,83.109192,24.0,9.077576,254.0,906.23869,354.0,0.811349,0.831092,0.512505,0.65264,0.353444,0.5436 - 0.6944,2.0,Segundo Quintil,"Programa de las Naciones Unidas para el Desarrollo (PNUD), 2019. Unidad del Informe sobre Desarrollo Humano. Perú",Polygon,-76.228297,-10.552701,120.2117,68.6444
19,PASCO,1902,DANIEL ALCIDES CARRION,190208,VILCABAMBA,190208,Vilcabamba,1463,1445.0,0.409866,825,74.181803,915.0,87.03065,7.0,7.868248,483.0,374.519494,1238.0,0.819697,0.870307,0.427341,0.609851,0.137736,0.3928 - 0.5436,3.0,Tercer Quintil,"Programa de las Naciones Unidas para el Desarrollo (PNUD), 2019. Unidad del Informe sobre Desarrollo Humano. Perú",Polygon,-76.447988,-10.53577,82.4662,47.8068
19,PASCO,1902,DANIEL ALCIDES CARRION,190206,SANTA ANA DE TUSI,190206,Santa Ana De Tusi,25083,225.0,0.294734,1461,69.218439,1536.0,86.330542,8.0,7.969797,464.0,174.824738,1725.0,0.736974,0.863305,0.434493,0.612454,0.056724,0.2420 - 0.3928,4.0,Cuarto Quintil,"Programa de las Naciones Unidas para el Desarrollo (PNUD), 2019. Unidad del Informe sobre Desarrollo Humano. Perú",Polygon,-76.323238,-10.478816,285.3016,91.2917
19,PASCO,1902,DANIEL ALCIDES CARRION,190201,YANAHUANCA,190201,Yanahuanca,11029,455.0,0.430736,733,70.607247,1414.0,73.596771,253.0,8.48003,367.0,475.44535,994.0,0.760121,0.735968,0.470425,0.588402,0.17868,0.3928 - 0.5436,3.0,Tercer Quintil,"Programa de las Naciones Unidas para el Desarrollo (PNUD), 2019. Unidad del Informe sobre Desarrollo Humano. Perú",Polygon,-76.572425,-10.562882,741.1178,146.5473
19,PASCO,1902,DANIEL ALCIDES CARRION,190203,GOYLLARISQUIZGA,190203,Goyllarisquizga,3347,1030.0,0.438059,711,74.322639,886.0,80.101997,67.0,9.58309,184.0,415.423374,1131.0,0.822044,0.80102,0.548105,0.662603,0.15433,0.3928 - 0.5436,3.0,Tercer Quintil,"Programa de las Naciones Unidas para el Desarrollo (PNUD), 2019. Unidad del Informe sobre Desarrollo Humano. Perú",Polygon,-76.403961,-10.486747,19.3113,20.8609
19,PASCO,1902,DANIEL ALCIDES CARRION,190202,CHACAYAN,190202,Chacayan,3251,1043.0,0.392301,907,78.915528,293.0,68.382629,457.0,6.727966,801.0,374.978092,1236.0,0.898592,0.683826,0.34704,0.48715,0.137922,0.2420 - 0.3928,4.0,Cuarto Quintil,"Programa de las Naciones Unidas para el Desarrollo (PNUD), 2019. Unidad del Informe sobre Desarrollo Humano. Perú",Polygon,-76.392505,-10.479543,160.1583,114.734
19,PASCO,1901,PASCO,190103,HUARIACA,190103,Huariaca,7859,597.0,0.498129,499,73.765486,983.0,76.976898,151.0,8.867891,299.0,640.618234,699.0,0.812758,0.769769,0.497739,0.618986,0.245687,0.3928 - 0.5436,3.0,Tercer Quintil,"Programa de las Naciones Unidas para el Desarrollo (PNUD), 2019. Unidad del Informe sobre Desarrollo Humano. Perú",Polygon,-76.15411,-10.451769,123.1497,53.6524
19,PASCO,1902,DANIEL ALCIDES CARRION,190205,SAN PEDRO DE PILLAO,190205,San Pedro De Pillao,1672,1394.0,0.341064,1190,73.5113,1017.0,69.321025,423.0,7.55969,571.0,263.110695,1518.0,0.808522,0.69321,0.405612,0.530259,0.09254,0.2420 - 0.3928,4.0,Cuarto Quintil,"Programa de las Naciones Unidas para el Desarrollo (PNUD), 2019. Unidad del Informe sobre Desarrollo Humano. Perú",Polygon,-76.53592,-10.416196,76.5856,45.5765
19,PASCO,1901,PASCO,190106,PALLANCHACRA,190106,Pallanchacra,3814,967.0,0.353942,1107,73.285858,1061.0,61.532414,745.0,7.68103,539.0,304.035917,1414.0,0.804764,0.615324,0.414157,0.504818,0.109142,0.2420 - 0.3928,4.0,Cuarto Quintil,"Programa de las Naciones Unidas para el Desarrollo (PNUD), 2019. Unidad del Informe sobre Desarrollo Humano. Perú",Polygon,-76.251457,-10.422154,72.6081,46.1842
19,PASCO,1902,DANIEL ALCIDES CARRION,190207,TAPUC,190207,Tapuc,3754,970.0,0.412797,816,76.52633,576.0,73.741769,252.0,7.008568,724.0,423.220214,1108.0,0.858772,0.737418,0.366801,0.520082,0.157493,0.3928 - 0.5436,3.0,Tercer Quintil,"Programa de las Naciones Unidas para el Desarrollo (PNUD), 2019. Unidad del Informe sobre Desarrollo Humano. Perú",Polygon,-76.468243,-10.418958,46.6273,33.3974
19,PASCO,1902,DANIEL ALCIDES CARRION,190204,PAUCAR,190204,Paucar,1332,1485.0,0.389669,920,75.546375,712.0,70.147438,384.0,5.954781,1056.0,417.145396,1127.0,0.84244,0.701474,0.29259,0.453039,0.155029,0.2420 - 0.3928,4.0,Cuarto Quintil,"Programa de las Naciones Unidas para el Desarrollo (PNUD), 2019. Unidad del Informe sobre Desarrollo Humano. Perú",Polygon,-76.417272,-10.340868,107.4865,63.5375
22,SAN MARTIN,2210,TOCACHE,221005,UCHIZA,221005,Uchiza,15357,338.0,0.561187,310,70.786257,1400.0,60.215823,805.0,7.795037,507.0,1167.267666,149.0,0.763104,0.602158,0.422186,0.504205,0.459338,0.5436 - 0.6944,2.0,Segundo Quintil,"Programa de las Naciones Unidas para el Desarrollo (PNUD), 2019. Unidad del Informe sobre Desarrollo Humano. Perú",Polygon,-76.397649,-8.358344,767.934,207.2528
22,SAN MARTIN,2210,TOCACHE,221002,NUEVO PROGRESO,221002,Nuevo Progreso,11818,432.0,0.450571,661,69.546571,1505.0,55.647515,993.0,6.102777,997.0,774.589832,511.0,0.742443,0.556475,0.303012,0.410632,0.300036,0.3928 - 0.5436,3.0,Tercer Quintil,"Programa de las Naciones Unidas para el Desarrollo (PNUD), 2019. Unidad del Informe sobre Desarrollo Humano. Perú",Polygon,-76.212468,-8.525602,824.939,170.774
22,SAN MARTIN,2210,TOCACHE,221004,SHUNTE,221004,Shunte,935,1628.0,0.335618,1222,69.893355,1473.0,31.657253,1735.0,5.231953,1332.0,485.25588,972.0,0.748223,0.316573,0.241687,0.276607,0.18266,0.2420 - 0.3928,4.0,Cuarto Quintil,"Programa de las Naciones Unidas para el Desarrollo (PNUD), 2019. Unidad del Informe sobre Desarrollo Humano. Perú",Polygon,-76.876659,-8.423245,1060.1357,177.9958
22,SAN MARTIN,2210,TOCACHE,221001,TOCACHE,221001,Tocache,20620,273.0,0.527627,405,69.196655,1540.0,58.443792,873.0,7.764213,517.0,1027.108167,238.0,0.736611,0.584438,0.420015,0.495452,0.402478,0.3928 - 0.5436,3.0,Tercer Quintil,"Programa de las Naciones Unidas para el Desarrollo (PNUD), 2019. Unidad del Informe sobre Desarrollo Humano. Perú",Polygon,-76.546152,-8.277378,1110.5224,206.0949
22,SAN MARTIN,2210,TOCACHE,221003,POLVORA,221003,Polvora,13581,383.0,0.444273,687,68.427603,1605.0,54.711991,1030.0,5.92038,1070.0,784.525279,495.0,0.723793,0.54712,0.290168,0.398443,0.304067,0.3928 - 0.5436,3.0,Tercer Quintil,"Programa de las Naciones Unidas para el Desarrollo (PNUD), 2019. Unidad del Informe sobre Desarrollo Humano. Perú",Polygon,-76.798894,-8.015604,2263.0637,306.6453
22,SAN MARTIN,2206,MARISCAL CACERES,220602,CAMPANILLA,220602,Campanilla,8584,554.0,0.328579,1267,71.61289,1297.0,38.379252,1571.0,5.044723,1394.0,415.09251,1132.0,0.776882,0.383793,0.228502,0.296137,0.154196,0.2420 - 0.3928,4.0,Cuarto Quintil,"Programa de las Naciones Unidas para el Desarrollo (PNUD), 2019. Unidad del Informe sobre Desarrollo Humano. Perú",Polygon,-76.809052,-7.652033,1809.7307,226.6472
22,SAN MARTIN,2206,MARISCAL CACERES,220605,PAJARILLO,220605,Pajarillo,5887,741.0,0.3728,1006,73.089211,1083.0,39.901626,1526.0,4.988711,1414.0,567.341054,807.0,0.801487,0.399016,0.224557,0.299336,0.21596,0.2420 - 0.3928,4.0,Cuarto Quintil,"Programa de las Naciones Unidas para el Desarrollo (PNUD), 2019. Unidad del Informe sobre Desarrollo Humano. Perú",Polygon,-76.635427,-7.315146,454.3118,137.4269
22,SAN MARTIN,2206,MARISCAL CACERES,220601,JUANJUI,220601,Juanjui,24447,237.0,0.539255,367,71.229337,1347.0,57.634112,916.0,8.199019,426.0,1019.419427,246.0,0.770489,0.576341,0.450635,0.509627,0.399359,0.3928 - 0.5436,3.0,Tercer Quintil,"Programa de las Naciones Unidas para el Desarrollo (PNUD), 2019. Unidad del Informe sobre Desarrollo Humano. Perú",Polygon,-76.767948,-7.244783,447.6272,177.0241
22,SAN MARTIN,2202,BELLAVISTA,220204,HUALLAGA,220204,Huallaga,3097,1072.0,0.357324,1095,71.968934,1237.0,33.512968,1698.0,5.075745,1383.0,551.684578,840.0,0.782816,0.33513,0.230686,0.278046,0.209608,0.2420 - 0.3928,4.0,Cuarto Quintil,"Programa de las Naciones Unidas para el Desarrollo (PNUD), 2019. Unidad del Informe sobre Desarrollo Humano. Perú",Polygon,-76.568582,-7.294278,256.3096,155.745
22,SAN MARTIN,2202,BELLAVISTA,220203,BAJO BIAVO,220203,Bajo Biavo,19921,281.0,0.316965,1344,73.203118,1074.0,33.216631,1705.0,4.700307,1529.0,410.121704,1140.0,0.803385,0.332166,0.204247,0.260469,0.152179,0.2420 - 0.3928,4.0,Cuarto Quintil,"Programa de las Naciones Unidas para el Desarrollo (PNUD), 2019. Unidad del Informe sobre Desarrollo Humano. Perú",Polygon,-76.341344,-7.184146,1122.3902,189.689
22,SAN MARTIN,2204,HUALLAGA,220405,SACANCHE,220405,Sacanche,2247,1241.0,0.450292,663,78.092663,400.0,40.019953,1523.0,6.301912,935.0,749.04117,539.0,0.884878,0.4002,0.317036,0.356199,0.289672,0.3928 - 0.5436,3.0,Tercer Quintil,"Programa de las Naciones Unidas para el Desarrollo (PNUD), 2019. Unidad del Informe sobre Desarrollo Humano. Perú",Polygon,-76.762801,-7.089544,161.7073,71.834
22,SAN MARTIN,2204,HUALLAGA,220406,TINGO DE SAPOSOA,220406,Tingo De Saposoa,646,1720.0,0.510924,456,79.074347,275.0,57.464548,921.0,7.337577,628.0,805.603975,467.0,0.901239,0.574645,0.38997,0.473386,0.312618,0.3928 - 0.5436,3.0,Tercer Quintil,"Programa de las Naciones Unidas para el Desarrollo (PNUD), 2019. Unidad del Informe sobre Desarrollo Humano. Perú",Polygon,-76.656504,-7.064445,46.9387,37.2606
22,SAN MARTIN,2202,BELLAVISTA,220206,SAN RAFAEL,220206,San Rafael,7567,624.0,0.526107,410,71.603381,1298.0,50.561499,1209.0,6.146489,987.0,1209.72773,125.0,0.776723,0.505615,0.306091,0.393401,0.476563,0.3928 - 0.5436,3.0,Tercer Quintil,"Programa de las Naciones Unidas para el Desarrollo (PNUD), 2019. Unidad del Informe sobre Desarrollo Humano. Perú",Polygon,-76.495664,-7.026491,107.1679,65.9268
22,SAN MARTIN,2204,HUALLAGA,220403,EL ESLABON,220403,El Eslabon,3447,1020.0,0.359585,1080,75.625419,697.0,35.851208,1631.0,6.046978,1021.0,449.818438,1042.0,0.843757,0.358512,0.299083,0.327452,0.168283,0.2420 - 0.3928,4.0,Cuarto Quintil,"Programa de las Naciones Unidas para el Desarrollo (PNUD), 2019. Unidad del Informe sobre Desarrollo Humano. Perú",Polygon,-76.705808,-6.991553,124.6462,52.8731
22,SAN MARTIN,2204,HUALLAGA,220404,PISCOYACU,220404,Piscoyacu,3916,955.0,0.406081,845,77.265014,488.0,44.952745,1391.0,5.34563,1280.0,600.60535,759.0,0.871084,0.449527,0.249692,0.335028,0.229455,0.3928 - 0.5436,3.0,Tercer Quintil,"Programa de las Naciones Unidas para el Desarrollo (PNUD), 2019. Unidad del Informe sobre Desarrollo Humano. Perú",Polygon,-76.83416,-7.014134,179.7125,71.7922
22,SAN MARTIN,2207,PICOTA,220707,SAN HILARION,220707,San Hilarion,5119,811.0,0.536902,372,75.291253,749.0,58.010945,900.0,6.688694,816.0,1053.485173,224.0,0.838188,0.580109,0.344274,0.446897,0.413179,0.3928 - 0.5436,3.0,Tercer Quintil,"Programa de las Naciones Unidas para el Desarrollo (PNUD), 2019. Unidad del Informe sobre Desarrollo Humano. Perú",Polygon,-76.486839,-6.939489,103.9775,74.1573
22,SAN MARTIN,2202,BELLAVISTA,220201,BELLAVISTA,220201,Bellavista,12833,405.0,0.51781,433,69.021459,1551.0,53.5542,1072.0,7.591749,562.0,1033.061103,234.0,0.733691,0.535542,0.40787,0.467366,0.404893,0.3928 - 0.5436,3.0,Tercer Quintil,"Programa de las Naciones Unidas para el Desarrollo (PNUD), 2019. Unidad del Informe sobre Desarrollo Humano. Perú",Polygon,-76.600592,-6.991015,259.3934,84.3064
22,SAN MARTIN,2207,PICOTA,220706,SAN CRISTOBAL,220706,San Cristobal,1371,1475.0,0.50047,495,76.114607,635.0,45.929753,1357.0,6.232775,953.0,992.891691,267.0,0.85191,0.459298,0.312167,0.378652,0.388597,0.3928 - 0.5436,3.0,Tercer Quintil,"Programa de las Naciones Unidas para el Desarrollo (PNUD), 2019. Unidad del Informe sobre Desarrollo Humano. Perú",Polygon,-76.428851,-6.978508,30.0843,36.3974
22,SAN MARTIN,2207,PICOTA,220708,SHAMBOYACU,220708,Shamboyacu,12062,426.0,0.302137,1412,77.080216,515.0,27.433474,1793.0,4.244411,1677.0,395.432054,1183.0,0.868004,0.274335,0.172142,0.217312,0.14622,0.2420 - 0.3928,4.0,Cuarto Quintil,"Programa de las Naciones Unidas para el Desarrollo (PNUD), 2019. Unidad del Informe sobre Desarrollo Humano. Perú",Polygon,-76.09453,-7.051755,392.4707,96.2355
22,SAN MARTIN,2207,PICOTA,220709,TINGO DE PONASA,220709,Tingo De Ponasa,4821,845.0,0.463327,613,77.915953,415.0,44.378937,1410.0,5.723771,1142.0,828.868917,444.0,0.881933,0.443789,0.276322,0.350184,0.322056,0.3928 - 0.5436,3.0,Tercer Quintil,"Programa de las Naciones Unidas para el Desarrollo (PNUD), 2019. Unidad del Informe sobre Desarrollo Humano. Perú",Polygon,-76.212093,-6.970333,335.317,99.0553
22,SAN MARTIN,2207,PICOTA,220701,PICOTA,220701,Picota,8873,544.0,0.534837,378,74.722094,825.0,50.761128,1200.0,7.73046,529.0,1023.366911,241.0,0.828702,0.507611,0.417638,0.460432,0.40096,0.3928 - 0.5436,3.0,Tercer Quintil,"Programa de las Naciones Unidas para el Desarrollo (PNUD), 2019. Unidad del Informe sobre Desarrollo Humano. Perú",Polygon,-76.331564,-6.964496,217.2983,71.8533
19,PASCO,1903,OXAPAMPA,190306,PUERTO BERMUDEZ,190306,Puerto Bermudez,19679,284.0,0.343383,1172,69.607029,1498.0,37.529665,1589.0,6.420427,894.0,419.163547,1119.0,0.74345,0.375297,0.325382,0.349449,0.155847,0.2420 - 0.3928,4.0,Cuarto Quintil,"Programa de las Naciones Unidas para el Desarrollo (PNUD), 2019. Unidad del Informe sobre Desarrollo Humano. Perú",Polygon,-74.636462,-10.413814,7678.0007,514.5794
19,PASCO,1903,OXAPAMPA,190301,OXAPAMPA,190301,Oxapampa,15116,341.0,0.534194,382,69.426677,1519.0,61.265372,755.0,9.054664,260.0,942.090295,323.0,0.740445,0.612654,0.510892,0.559464,0.367988,0.3928 - 0.5436,3.0,Tercer Quintil,"Programa de las Naciones Unidas para el Desarrollo (PNUD), 2019. Unidad del Informe sobre Desarrollo Humano. Perú",Polygon,-75.370769,-10.650382,402.1931,141.3229
19,PASCO,1903,OXAPAMPA,190307,VILLA RICA,190307,Villa Rica,18777,294.0,0.493502,509,71.169742,1355.0,56.115509,976.0,7.658019,542.0,835.210915,437.0,0.769496,0.561155,0.412537,0.481141,0.324629,0.3928 - 0.5436,3.0,Tercer Quintil,"Programa de las Naciones Unidas para el Desarrollo (PNUD), 2019. Unidad del Informe sobre Desarrollo Humano. Perú",Polygon,-75.175848,-10.634167,823.2158,168.8921
19,PASCO,1903,OXAPAMPA,190302,CHONTABAMBA,190302,Chontabamba,4553,873.0,0.503856,487,72.287596,1190.0,58.386059,879.0,7.432952,599.0,866.307058,397.0,0.788127,0.583861,0.396687,0.481259,0.337244,0.3928 - 0.5436,3.0,Tercer Quintil,"Programa de las Naciones Unidas para el Desarrollo (PNUD), 2019. Unidad del Informe sobre Desarrollo Humano. Perú",Polygon,-75.506324,-10.623299,437.8934,121.7271
19,PASCO,1903,OXAPAMPA,190303,HUANCABAMBA,190303,Huancabamba,6403,702.0,0.343007,1174,71.760792,1275.0,33.989756,1681.0,5.278019,1310.0,477.385897,990.0,0.779347,0.339898,0.244931,0.288533,0.179467,0.2420 - 0.3928,4.0,Cuarto Quintil,"Programa de las Naciones Unidas para el Desarrollo (PNUD), 2019. Unidad del Informe sobre Desarrollo Humano. Perú",Polygon,-75.638646,-10.390468,1134.9823,209.6637
19,PASCO,1903,OXAPAMPA,190305,POZUZO,190305,Pozuzo,7228,644.0,0.354511,1103,72.249022,1192.0,33.856984,1690.0,5.23963,1329.0,521.999255,894.0,0.787484,0.33857,0.242227,0.286375,0.197566,0.2420 - 0.3928,4.0,Cuarto Quintil,"Programa de las Naciones Unidas para el Desarrollo (PNUD), 2019. Unidad del Informe sobre Desarrollo Humano. Perú",Polygon,-75.586224,-10.132692,716.5782,130.1337
19,PASCO,1903,OXAPAMPA,190308,CONSTITUCION,190308,Constitución,15722,331.0,0.383846,942,68.607503,1583.0,44.208612,1417.0,6.223685,957.0,551.866358,838.0,0.726792,0.442086,0.311527,0.371109,0.209682,0.2420 - 0.3928,4.0,Cuarto Quintil,"Programa de las Naciones Unidas para el Desarrollo (PNUD), 2019. Unidad del Informe sobre Desarrollo Humano. Perú",Polygon,-74.784449,-9.825761,3053.1669,401.5097
19,PASCO,1903,OXAPAMPA,190304,PALCAZU,190304,Palcazu,9476,510.0,0.359346,1081,68.20923,1620.0,43.301562,1441.0,6.637732,831.0,448.525607,1045.0,0.720154,0.433016,0.340685,0.384086,0.167759,0.2420 - 0.3928,4.0,Cuarto Quintil,"Programa de las Naciones Unidas para el Desarrollo (PNUD), 2019. Unidad del Informe sobre Desarrollo Humano. Perú",Polygon,-75.276004,-10.234246,2789.7314,262.0833
19,PASCO,1901,PASCO,190102,HUACHON,190102,Huachon,4588,871.0,0.341406,1185,73.815335,974.0,64.928611,615.0,6.496463,872.0,295.17418,1442.0,0.813589,0.649286,0.330737,0.463404,0.105547,0.2420 - 0.3928,4.0,Cuarto Quintil,"Programa de las Naciones Unidas para el Desarrollo (PNUD), 2019. Unidad del Informe sobre Desarrollo Humano. Perú",Polygon,-75.785468,-10.574232,828.6981,170.2453
06,CAJAMARCA,0610,SAN MARCOS,061002,CHANCAY,061002,Chancay,2505,1186.0,0.208427,1779,73.632259,1003.0,44.628682,1402.0,3.444325,1818.0,156.129642,1768.0,0.810538,0.446287,0.115798,0.22733,0.04914,0.0912 - 0.2420,5.0,Quinto Quintil,"Programa de las Naciones Unidas para el Desarrollo (PNUD), 2019. Unidad del Informe sobre Desarrollo Humano. Perú",Polygon,-78.117308,-7.409438,68.292,42.417
06,CAJAMARCA,0610,SAN MARCOS,061003,EDUARDO VILLANUEVA,061003,Eduardo Villanueva,2147,1268.0,0.331876,1243,68.070402,1627.0,33.41981,1701.0,5.113441,1366.0,484.490916,974.0,0.71784,0.334198,0.233341,0.279253,0.182349,0.2420 - 0.3928,4.0,Cuarto Quintil,"Programa de las Naciones Unidas para el Desarrollo (PNUD), 2019. Unidad del Informe sobre Desarrollo Humano. Perú",Polygon,-78.143399,-7.441244,62.3221,48.3607
06,CAJAMARCA,0610,SAN MARCOS,061007,JOSE SABOGAL,061007,Jose Sabogal,13739,377.0,0.244699,1687,67.687854,1647.0,23.527021,1828.0,2.7446,1864.0,440.784818,1061.0,0.711464,0.23527,0.066521,0.125102,0.164619,0.2420 - 0.3928,4.0,Cuarto Quintil,"Programa de las Naciones Unidas para el Desarrollo (PNUD), 2019. Unidad del Informe sobre Desarrollo Humano. Perú",Polygon,-77.968162,-7.226779,582.8696,118.0613
06,CAJAMARCA,0601,CAJAMARCA,060106,JESUS,060106,Jesus,14228,361.0,0.312242,1370,76.126047,633.0,43.552284,1434.0,4.370614,1649.0,348.6308,1298.0,0.852101,0.435523,0.181029,0.280789,0.127234,0.2420 - 0.3928,4.0,Cuarto Quintil,"Programa de las Naciones Unidas para el Desarrollo (PNUD), 2019. Unidad del Informe sobre Desarrollo Humano. Perú",Polygon,-78.366635,-7.298303,295.1725,97.0546
06,CAJAMARCA,0601,CAJAMARCA,060107,LLACANORA,060107,Llacanora,5469,777.0,0.365887,1043,77.617363,449.0,56.72233,950.0,4.846127,1473.0,429.704803,1096.0,0.876956,0.567223,0.214516,0.348824,0.160124,0.2420 - 0.3928,4.0,Cuarto Quintil,"Programa de las Naciones Unidas para el Desarrollo (PNUD), 2019. Unidad del Informe sobre Desarrollo Humano. Perú",Polygon,-78.411841,-7.189598,50.7583,36.1846
06,CAJAMARCA,0601,CAJAMARCA,060108,LOS BAÑOS DEL INCA,060108,Los Baños Del Inca,48281,131.0,0.487318,528,74.240966,904.0,64.687788,629.0,6.624839,835.0,776.43199,508.0,0.820683,0.646878,0.339777,0.468822,0.300784,0.3928 - 0.5436,3.0,Tercer Quintil,"Programa de las Naciones Unidas para el Desarrollo (PNUD), 2019. Unidad del Informe sobre Desarrollo Humano. Perú",Polygon,-78.455964,-7.090117,281.9775,87.5795
06,CAJAMARCA,0601,CAJAMARCA,060109,MAGDALENA,060109,Magdalena,8462,561.0,0.349913,1125,74.394018,871.0,56.628054,956.0,4.625295,1561.0,417.18261,1126.0,0.823234,0.566281,0.198964,0.335663,0.155044,0.2420 - 0.3928,4.0,Cuarto Quintil,"Programa de las Naciones Unidas para el Desarrollo (PNUD), 2019. Unidad del Informe sobre Desarrollo Humano. Perú",Polygon,-78.622383,-7.224724,206.966,70.0019
06,CAJAMARCA,0601,CAJAMARCA,060110,MATARA,060110,Matara,2960,1105.0,0.34125,1187,75.287337,750.0,35.600725,1637.0,4.396823,1642.0,493.060373,953.0,0.838122,0.356007,0.182875,0.255156,0.185826,0.2420 - 0.3928,4.0,Cuarto Quintil,"Programa de las Naciones Unidas para el Desarrollo (PNUD), 2019. Unidad del Informe sobre Desarrollo Humano. Perú",Polygon,-78.259476,-7.272018,57.5586,32.1374
06,CAJAMARCA,0601,CAJAMARCA,060111,NAMORA,060111,Namora,10335,475.0,0.272322,1579,73.925447,954.0,35.794307,1633.0,3.685502,1788.0,315.031039,1385.0,0.815424,0.357943,0.132782,0.21801,0.113603,0.2420 - 0.3928,4.0,Cuarto Quintil,"Programa de las Naciones Unidas para el Desarrollo (PNUD), 2019. Unidad del Informe sobre Desarrollo Humano. Perú",Polygon,-78.284071,-7.184362,157.6606,60.8672
06,CAJAMARCA,0601,CAJAMARCA,060112,SAN JUAN,060112,San Juan,4874,838.0,0.287176,1503,71.922844,1247.0,38.46052,1564.0,4.470383,1621.0,312.574545,1393.0,0.782047,0.384605,0.188055,0.268937,0.112606,0.2420 - 0.3928,4.0,Cuarto Quintil,"Programa de las Naciones Unidas para el Desarrollo (PNUD), 2019. Unidad del Informe sobre Desarrollo Humano. Perú",Polygon,-78.481977,-7.273908,72.3422,42.4217
06,CAJAMARCA,0602,CAJABAMBA,060201,CAJABAMBA,060201,Cajabamba,31678,178.0,0.438436,707,76.706224,551.0,49.954115,1230.0,6.195115,967.0,648.08112,682.0,0.86177,0.499541,0.309515,0.393212,0.248714,0.3928 - 0.5436,3.0,Tercer Quintil,"Programa de las Naciones Unidas para el Desarrollo (PNUD), 2019. Unidad del Informe sobre Desarrollo Humano. Perú",Polygon,-78.032142,-7.631448,190.095,65.198
06,CAJAMARCA,0603,CELENDIN,060305,JORGE CHAVEZ,060305,Jorge Chavez,434,1815.0,0.372645,1009,71.380882,1328.0,47.193962,1318.0,6.443332,884.0,455.049088,1030.0,0.773015,0.47194,0.326995,0.392838,0.170405,0.2420 - 0.3928,4.0,Cuarto Quintil,"Programa de las Naciones Unidas para el Desarrollo (PNUD), 2019. Unidad del Informe sobre Desarrollo Humano. Perú",Polygon,-78.069492,-6.939516,51.9613,36.099
06,CAJAMARCA,0603,CELENDIN,060310,SUCRE,060310,Sucre,5459,779.0,0.348747,1142,74.092782,929.0,46.409357,1346.0,4.942991,1433.0,433.705807,1080.0,0.818213,0.464094,0.221337,0.320502,0.161747,0.2420 - 0.3928,4.0,Cuarto Quintil,"Programa de las Naciones Unidas para el Desarrollo (PNUD), 2019. Unidad del Informe sobre Desarrollo Humano. Perú",Polygon,-78.171299,-7.018748,262.3303,78.9678
06,CAJAMARCA,0603,CELENDIN,060311,UTCO,060311,Utco,1210,1532.0,0.196759,1801,72.713729,1137.0,36.223436,1616.0,3.505345,1809.0,148.205932,1779.0,0.795229,0.362234,0.120095,0.208572,0.045925,0.0912 - 0.2420,5.0,Quinto Quintil,"Programa de las Naciones Unidas para el Desarrollo (PNUD), 2019. Unidad del Informe sobre Desarrollo Humano. Perú",Polygon,-78.057608,-6.881323,99.6101,49.9754
06,CAJAMARCA,0605,CONTUMAZA,060501,CONTUMAZA,060501,Contumaza,7218,645.0,0.352599,1114,70.150463,1450.0,29.121531,1770.0,5.907581,1072.0,529.759687,882.0,0.752508,0.291215,0.289266,0.290239,0.200714,0.2420 - 0.3928,4.0,Cuarto Quintil,"Programa de las Naciones Unidas para el Desarrollo (PNUD), 2019. Unidad del Informe sobre Desarrollo Humano. Perú",Polygon,-78.736788,-7.334743,351.832,101.2818
06,CAJAMARCA,0605,CONTUMAZA,060502,CHILETE,060502,Chilete,2246,1243.0,0.52945,401,73.660482,997.0,56.605976,957.0,7.944989,466.0,946.423181,319.0,0.811008,0.56606,0.432746,0.494934,0.369746,0.3928 - 0.5436,3.0,Tercer Quintil,"Programa de las Naciones Unidas para el Desarrollo (PNUD), 2019. Unidad del Informe sobre Desarrollo Humano. Perú",Polygon,-78.821662,-7.256342,131.3007,57.4918
06,CAJAMARCA,0605,CONTUMAZA,060506,SANTA CRUZ DE TOLED,060506,Santa Cruz De Toled,907,1639.0,0.240459,1701,72.650685,1153.0,50.467978,1213.0,3.835585,1758.0,195.440532,1692.0,0.794178,0.50468,0.143351,0.268973,0.065087,0.0912 - 0.2420,5.0,Quinto Quintil,"Programa de las Naciones Unidas para el Desarrollo (PNUD), 2019. Unidad del Informe sobre Desarrollo Humano. Perú",Polygon,-78.863396,-7.327661,65.3147,36.3844
06,CAJAMARCA,0605,CONTUMAZA,060507,TANTARICA,060507,Tantarica,3214,1052.0,0.409561,826,69.956197,1467.0,51.158835,1187.0,6.044935,1023.0,612.941552,737.0,0.74927,0.511588,0.298939,0.391067,0.234459,0.3928 - 0.5436,3.0,Tercer Quintil,"Programa de las Naciones Unidas para el Desarrollo (PNUD), 2019. Unidad del Informe sobre Desarrollo Humano. Perú",Polygon,-78.949844,-7.275308,146.9513,60.2406
06,CAJAMARCA,0605,CONTUMAZA,060508,YONAN,060508,Yonan,7380,631.0,0.556377,318,73.074067,1084.0,65.261172,599.0,7.779843,510.0,1045.736185,228.0,0.801234,0.652612,0.421116,0.524238,0.410035,0.5436 - 0.6944,2.0,Segundo Quintil,"Programa de las Naciones Unidas para el Desarrollo (PNUD), 2019. Unidad del Informe sobre Desarrollo Humano. Perú",Polygon,-79.169116,-7.277615,544.9007,141.5887
06,CAJAMARCA,0611,SAN MIGUEL,061101,SAN MIGUEL,061101,San Miguel,14086,364.0,0.397965,887,73.102471,1081.0,55.634414,996.0,5.288855,1307.0,559.163603,824.0,0.801708,0.556344,0.245694,0.369717,0.212642,0.3928 - 0.5436,3.0,Tercer Quintil,"Programa de las Naciones Unidas para el Desarrollo (PNUD), 2019. Unidad del Informe sobre Desarrollo Humano. Perú",Polygon,-78.922332,-7.077475,354.8402,115.6477
06,CAJAMARCA,0611,SAN MIGUEL,061102,BOLIVAR,061102,Bolivar,1175,1545.0,0.405919,847,76.332986,597.0,56.248898,969.0,5.987756,1042.0,508.13651,914.0,0.85555,0.562489,0.294912,0.40729,0.191942,0.3928 - 0.5436,3.0,Tercer Quintil,"Programa de las Naciones Unidas para el Desarrollo (PNUD), 2019. Unidad del Informe sobre Desarrollo Humano. Perú",Polygon,-79.162484,-6.975911,84.4377,45.5636
06,CAJAMARCA,0611,SAN MIGUEL,061103,CALQUIS,061103,Calquis,4000,942.0,0.327142,1280,73.981032,946.0,65.223254,604.0,4.394036,1644.0,341.27032,1318.0,0.816351,0.652233,0.182679,0.34518,0.124248,0.2420 - 0.3928,4.0,Cuarto Quintil,"Programa de las Naciones Unidas para el Desarrollo (PNUD), 2019. Unidad del Informe sobre Desarrollo Humano. Perú",Polygon,-78.953107,-6.913734,339.0205,88.2201
06,CAJAMARCA,0611,SAN MIGUEL,061106,LA FLORIDA,061106,La Florida,1760,1374.0,0.4407,700,74.898735,805.0,48.322917,1284.0,6.196809,965.0,690.852757,624.0,0.831646,0.483229,0.309634,0.386813,0.266066,0.3928 - 0.5436,3.0,Tercer Quintil,"Programa de las Naciones Unidas para el Desarrollo (PNUD), 2019. Unidad del Informe sobre Desarrollo Humano. Perú",Polygon,-79.148833,-6.868879,54.9762,44.3254
06,CAJAMARCA,0611,SAN MIGUEL,061107,LLAPA,061107,Llapa,5564,766.0,0.363094,1060,77.344905,477.0,47.443858,1307.0,4.592105,1571.0,477.833417,988.0,0.872415,0.474439,0.196627,0.30543,0.179648,0.2420 - 0.3928,4.0,Cuarto Quintil,"Programa de las Naciones Unidas para el Desarrollo (PNUD), 2019. Unidad del Informe sobre Desarrollo Humano. Perú",Polygon,-78.748685,-6.891367,142.3251,89.493
06,CAJAMARCA,0611,SAN MIGUEL,061108,NANCHOC,061108,Nanchoc,1374,1470.0,0.466464,604,75.485836,722.0,47.73596,1300.0,6.566856,850.0,777.775021,503.0,0.841431,0.47736,0.335694,0.400308,0.301329,0.3928 - 0.5436,3.0,Tercer Quintil,"Programa de las Naciones Unidas para el Desarrollo (PNUD), 2019. Unidad del Informe sobre Desarrollo Humano. Perú",Polygon,-79.24775,-7.008506,358.8209,103.6568
06,CAJAMARCA,0611,SAN MIGUEL,061111,SAN SILVESTRE DE COCHAN,061111,San Silvestre De Cochan,3571,997.0,0.300286,1424,74.745786,822.0,45.729535,1362.0,4.533345,1592.0,306.341908,1406.0,0.829096,0.457295,0.192489,0.296689,0.110078,0.2420 - 0.3928,4.0,Cuarto Quintil,"Programa de las Naciones Unidas para el Desarrollo (PNUD), 2019. Unidad del Informe sobre Desarrollo Humano. Perú",Polygon,-78.725255,-6.931431,134.2648,66.0537
06,CAJAMARCA,0611,SAN MIGUEL,061113,UNION AGUA BLANCA,061113,Union Agua Blanca,3048,1087.0,0.372724,1007,74.348271,880.0,35.448524,1644.0,4.849507,1470.0,597.455645,766.0,0.822471,0.354485,0.214754,0.275911,0.228177,0.2420 - 0.3928,4.0,Cuarto Quintil,"Programa de las Naciones Unidas para el Desarrollo (PNUD), 2019. Unidad del Informe sobre Desarrollo Humano. Perú",Polygon,-79.054167,-7.118895,170.0104,77.8996
06,CAJAMARCA,0612,SAN PABLO,061201,SAN PABLO,061201,San Pablo,11922,431.0,0.333418,1232,65.701034,1732.0,46.927855,1326.0,5.377079,1265.0,426.737348,1101.0,0.678351,0.469279,0.251907,0.343823,0.15892,0.2420 - 0.3928,4.0,Cuarto Quintil,"Programa de las Naciones Unidas para el Desarrollo (PNUD), 2019. Unidad del Informe sobre Desarrollo Humano. Perú",Polygon,-78.785781,-7.08601,200.0033,74.9248
06,CAJAMARCA,0612,SAN PABLO,061202,SAN BERNARDINO,061202,San Bernardino,4123,922.0,0.273719,1570,67.639666,1649.0,40.953211,1506.0,3.726339,1778.0,336.78785,1333.0,0.710661,0.409532,0.135658,0.235704,0.122429,0.2420 - 0.3928,4.0,Cuarto Quintil,"Programa de las Naciones Unidas para el Desarrollo (PNUD), 2019. Unidad del Informe sobre Desarrollo Humano. Perú",Polygon,-78.785649,-7.174979,166.3458,71.9919
06,CAJAMARCA,0612,SAN PABLO,061204,TUMBADEN,061204,Tumbaden,2985,1100.0,0.2742,1568,67.87328,1637.0,34.628249,1662.0,4.027768,1720.0,340.123882,1324.0,0.714555,0.346282,0.156885,0.233081,0.123783,0.2420 - 0.3928,4.0,Cuarto Quintil,"Programa de las Naciones Unidas para el Desarrollo (PNUD), 2019. Unidad del Informe sobre Desarrollo Humano. Perú",Polygon,-78.676186,-6.987532,255.4577,80.6013
13,LA LIBERTAD,1309,SANCHEZ CARRION,130907,SARIN,130907,Sarin,9862,495.0,0.181385,1835,78.325195,367.0,31.579696,1738.0,2.86811,1858.0,142.392338,1791.0,0.888753,0.315797,0.075219,0.154123,0.043567,0.0912 - 0.2420,5.0,Quinto Quintil,"Programa de las Naciones Unidas para el Desarrollo (PNUD), 2019. Unidad del Informe sobre Desarrollo Humano. Perú",Polygon,-77.880087,-7.939824,335.3188,112.9435
13,LA LIBERTAD,1309,SANCHEZ CARRION,130908,SARTIMBAMBA,130908,Sartimbamba,13368,393.0,0.15777,1853,73.349398,1051.0,20.342787,1852.0,2.804184,1861.0,135.156585,1800.0,0.805823,0.203428,0.070717,0.119941,0.040631,0.0912 - 0.2420,5.0,Quinto Quintil,"Programa de las Naciones Unidas para el Desarrollo (PNUD), 2019. Unidad del Informe sobre Desarrollo Humano. Perú",Polygon,-77.76613,-7.612685,397.3297,98.1083
13,LA LIBERTAD,1301,TRUJILLO,130107,MOCHE,130107,Moche,37259,158.0,0.618325,172,78.455771,354.0,66.189778,551.0,9.474157,200.0,1128.599123,167.0,0.89093,0.661898,0.540434,0.59809,0.443651,0.5436 - 0.6944,2.0,Segundo Quintil,"Programa de las Naciones Unidas para el Desarrollo (PNUD), 2019. Unidad del Informe sobre Desarrollo Humano. Perú",Polygon,-79.00011,-8.159176,27.3559,25.7887
13,LA LIBERTAD,1301,TRUJILLO,130108,POROTO,130108,Poroto,2524,1179.0,0.447986,675,78.236887,378.0,52.083759,1148.0,6.220726,958.0,655.291838,672.0,0.887281,0.520838,0.311319,0.402674,0.25164,0.3928 - 0.5436,3.0,Tercer Quintil,"Programa de las Naciones Unidas para el Desarrollo (PNUD), 2019. Unidad del Informe sobre Desarrollo Humano. Perú",Polygon,-78.754,-8.035268,150.2236,63.409
13,LA LIBERTAD,1301,TRUJILLO,130101,TRUJILLO,130101,Trujillo,331253,15.0,0.715116,43,79.576526,231.0,77.255765,141.0,11.809757,24.0,1377.943848,71.0,0.909609,0.772558,0.704912,0.73796,0.544805,0.6944 - 0.8452,1.0,Primer Quintil,"Programa de las Naciones Unidas para el Desarrollo (PNUD), 2019. Unidad del Informe sobre Desarrollo Humano. Perú",Polygon,-79.023877,-8.112588,38.2446,31.4164
13,LA LIBERTAD,1301,TRUJILLO,130104,HUANCHACO,130104,Huanchaco,76607,78.0,0.583007,247,78.244194,377.0,62.240375,727.0,8.807312,311.0,1028.228212,237.0,0.887403,0.622404,0.493473,0.554201,0.402932,0.5436 - 0.6944,2.0,Segundo Quintil,"Programa de las Naciones Unidas para el Desarrollo (PNUD), 2019. Unidad del Informe sobre Desarrollo Humano. Perú",Polygon,-79.058535,-8.00101,316.2666,115.6555
13,LA LIBERTAD,1301,TRUJILLO,130109,SALAVERRY,130109,Salaverry,20631,272.0,0.570487,287,78.730405,317.0,66.009912,558.0,8.931371,289.0,922.644196,340.0,0.895507,0.660099,0.502209,0.575767,0.360099,0.5436 - 0.6944,2.0,Segundo Quintil,"Programa de las Naciones Unidas para el Desarrollo (PNUD), 2019. Unidad del Informe sobre Desarrollo Humano. Perú",Polygon,-78.899393,-8.253586,289.7329,83.1673
13,LA LIBERTAD,1301,TRUJILLO,130110,SIMBAL,130110,Simbal,4289,896.0,0.451137,659,77.590107,452.0,54.722555,1029.0,5.940437,1063.0,681.437172,636.0,0.876502,0.547226,0.29158,0.39945,0.262246,0.3928 - 0.5436,3.0,Tercer Quintil,"Programa de las Naciones Unidas para el Desarrollo (PNUD), 2019. Unidad del Informe sobre Desarrollo Humano. Perú",Polygon,-78.827069,-7.918361,388.4592,96.4868
13,LA LIBERTAD,1301,TRUJILLO,130111,VICTOR LARCO HERRERA,130111,Victor Larco Herrera,66890,96.0,0.753164,21,80.003126,198.0,76.99495,150.0,11.742569,26.0,1599.636267,26.0,0.916719,0.76995,0.700181,0.734237,0.634741,0.6944 - 0.8452,1.0,Primer Quintil,"Programa de las Naciones Unidas para el Desarrollo (PNUD), 2019. Unidad del Informe sobre Desarrollo Humano. Perú",Polygon,-79.045803,-8.139389,11.8766,15.1468
13,LA LIBERTAD,1302,ASCOPE,130201,ASCOPE,130201,Ascope,6120,727.0,0.549992,341,76.838116,537.0,70.615141,368.0,8.841347,304.0,837.148965,434.0,0.863969,0.706151,0.495869,0.591742,0.325415,0.5436 - 0.6944,2.0,Segundo Quintil,"Programa de las Naciones Unidas para el Desarrollo (PNUD), 2019. Unidad del Informe sobre Desarrollo Humano. Perú",Polygon,-79.082055,-7.660893,297.7264,86.0984
13,LA LIBERTAD,1302,ASCOPE,130202,CHICAMA,130202,Chicama,15563,336.0,0.572157,281,77.671023,439.0,66.213737,549.0,8.464777,372.0,978.449849,278.0,0.87785,0.662137,0.469351,0.557472,0.382738,0.5436 - 0.6944,2.0,Segundo Quintil,"Programa de las Naciones Unidas para el Desarrollo (PNUD), 2019. Unidad del Informe sobre Desarrollo Humano. Perú",Polygon,-79.008155,-7.804951,896.6616,183.3614
13,LA LIBERTAD,1302,ASCOPE,130203,CHOCOPE,130203,Chocope,8414,564.0,0.613755,185,77.488039,467.0,77.554762,133.0,9.288784,222.0,1053.656462,223.0,0.874801,0.775548,0.527379,0.639537,0.413248,0.5436 - 0.6944,2.0,Segundo Quintil,"Programa de las Naciones Unidas para el Desarrollo (PNUD), 2019. Unidad del Informe sobre Desarrollo Humano. Perú",Polygon,-79.226545,-7.790499,99.2974,49.0168
13,LA LIBERTAD,1302,ASCOPE,130204,MAGDALENA DE CAO,130204,Magdalena De Cao,3055,1085.0,0.573504,279,78.301243,370.0,65.653118,582.0,8.310914,401.0,988.970765,271.0,0.888354,0.656531,0.458515,0.548661,0.387006,0.5436 - 0.6944,2.0,Segundo Quintil,"Programa de las Naciones Unidas para el Desarrollo (PNUD), 2019. Unidad del Informe sobre Desarrollo Humano. Perú",Polygon,-79.299911,-7.855203,160.2524,56.6132
13,LA LIBERTAD,1302,ASCOPE,130205,PAIJAN,130205,Paijan,27037,207.0,0.534507,381,76.796738,542.0,64.578873,634.0,7.835495,497.0,867.280359,396.0,0.863279,0.645789,0.425035,0.523911,0.337639,0.3928 - 0.5436,3.0,Tercer Quintil,"Programa de las Naciones Unidas para el Desarrollo (PNUD), 2019. Unidad del Informe sobre Desarrollo Humano. Perú",Polygon,-79.302163,-7.728735,82.2146,46.4586
13,LA LIBERTAD,1302,ASCOPE,130206,RAZURI,130206,Razuri,9448,513.0,0.560516,311,76.613495,562.0,62.76018,699.0,7.989318,458.0,999.829735,260.0,0.860225,0.627602,0.435867,0.523021,0.391412,0.5436 - 0.6944,2.0,Segundo Quintil,"Programa de las Naciones Unidas para el Desarrollo (PNUD), 2019. Unidad del Informe sobre Desarrollo Humano. Perú",Polygon,-79.37153,-7.686832,310.3293,100.5796
13,LA LIBERTAD,1303,BOLIVAR,130301,BOLIVAR,130301,Bolivar,4441,886.0,0.328581,1266,76.74338,549.0,39.308653,1544.0,5.614259,1182.0,347.059462,1303.0,0.86239,0.393087,0.26861,0.324941,0.126596,0.2420 - 0.3928,4.0,Cuarto Quintil,"Programa de las Naciones Unidas para el Desarrollo (PNUD), 2019. Unidad del Informe sobre Desarrollo Humano. Perú",Polygon,-77.733871,-7.264616,736.177,142.4538
13,LA LIBERTAD,1306,OTUZCO,130601,OTUZCO,130601,Otuzco,26695,211.0,0.380982,955,74.447397,867.0,51.517056,1173.0,5.622574,1178.0,479.150214,984.0,0.824123,0.515171,0.269195,0.3724,0.180183,0.2420 - 0.3928,4.0,Cuarto Quintil,"Programa de las Naciones Unidas para el Desarrollo (PNUD), 2019. Unidad del Informe sobre Desarrollo Humano. Perú",Polygon,-78.582082,-7.848715,401.9017,108.0846
13,LA LIBERTAD,1306,OTUZCO,130602,AGALLPAMPA,130602,Agallpampa,8888,543.0,0.23497,1715,75.209179,766.0,38.989516,1552.0,3.770674,1770.0,199.280009,1680.0,0.83682,0.389895,0.13878,0.232615,0.066645,0.0912 - 0.2420,5.0,Quinto Quintil,"Programa de las Naciones Unidas para el Desarrollo (PNUD), 2019. Unidad del Informe sobre Desarrollo Humano. Perú",Polygon,-78.463996,-7.945547,258.1684,87.6472
13,LA LIBERTAD,1306,OTUZCO,130604,CHARAT,130604,Charat,2259,1234.0,0.225093,1747,75.553641,708.0,35.651046,1635.0,4.499984,1606.0,163.153044,1750.0,0.842561,0.35651,0.19014,0.260359,0.051989,0.0912 - 0.2420,5.0,Quinto Quintil,"Programa de las Naciones Unidas para el Desarrollo (PNUD), 2019. Unidad del Informe sobre Desarrollo Humano. Perú",Polygon,-78.473822,-7.808658,65.7839,35.424
13,LA LIBERTAD,1306,OTUZCO,130605,HUARANCHAL,130605,Huaranchal,4270,901.0,0.254306,1659,75.259337,756.0,29.40934,1767.0,4.654225,1547.0,234.058716,1602.0,0.837656,0.294093,0.201002,0.243132,0.080754,0.2420 - 0.3928,4.0,Cuarto Quintil,"Programa de las Naciones Unidas para el Desarrollo (PNUD), 2019. Unidad del Informe sobre Desarrollo Humano. Perú",Polygon,-78.451729,-7.690452,135.066,69.1651
13,LA LIBERTAD,1306,OTUZCO,130606,LA CUESTA,130606,La Cuesta,614,1736.0,0.216577,1763,73.544191,1015.0,27.37491,1794.0,4.599084,1567.0,168.237735,1745.0,0.80907,0.273749,0.197119,0.232295,0.054052,0.0912 - 0.2420,5.0,Quinto Quintil,"Programa de las Naciones Unidas para el Desarrollo (PNUD), 2019. Unidad del Informe sobre Desarrollo Humano. Perú",Polygon,-78.684981,-7.908473,41.4212,36.9493
13,LA LIBERTAD,1306,OTUZCO,130608,MACHE,130608,Mache,2776,1135.0,0.320764,1320,78.466065,353.0,53.090734,1097.0,4.688609,1536.0,312.802169,1391.0,0.891101,0.530907,0.203423,0.328632,0.112699,0.2420 - 0.3928,4.0,Cuarto Quintil,"Programa de las Naciones Unidas para el Desarrollo (PNUD), 2019. Unidad del Informe sobre Desarrollo Humano. Perú",Polygon,-78.533801,-8.034217,37.2884,35.2395
13,LA LIBERTAD,1311,GRAN CHIMU,131101,CASCAS,131101,Cascas,13394,389.0,0.414495,808,73.497943,1021.0,44.130554,1419.0,5.896172,1076.0,643.677931,691.0,0.808299,0.441306,0.288463,0.356792,0.246928,0.3928 - 0.5436,3.0,Tercer Quintil,"Programa de las Naciones Unidas para el Desarrollo (PNUD), 2019. Unidad del Informe sobre Desarrollo Humano. Perú",Polygon,-78.763943,-7.501501,466.5262,124.5031
13,LA LIBERTAD,1311,GRAN CHIMU,131102,LUCMA,131102,Lucma,6499,693.0,0.289789,1483,73.350845,1050.0,36.137408,1620.0,4.793628,1492.0,304.696159,1411.0,0.805847,0.361374,0.210819,0.276015,0.10941,0.2420 - 0.3928,4.0,Cuarto Quintil,"Programa de las Naciones Unidas para el Desarrollo (PNUD), 2019. Unidad del Informe sobre Desarrollo Humano. Perú",Polygon,-78.576575,-7.629975,287.4323,77.4223
13,LA LIBERTAD,1311,GRAN CHIMU,131103,MARMOT,131103,Marmot (Compin),1907,1328.0,0.382014,950,72.118346,1216.0,40.268373,1520.0,4.840143,1476.0,630.980344,714.0,0.785306,0.402684,0.214095,0.29362,0.241777,0.2420 - 0.3928,4.0,Cuarto Quintil,"Programa de las Naciones Unidas para el Desarrollo (PNUD), 2019. Unidad del Informe sobre Desarrollo Humano. Perú",Polygon,-78.701494,-7.66252,300.025,86.3712
13,LA LIBERTAD,1311,GRAN CHIMU,131104,SAYAPULLO,131104,Sayapullo,7010,661.0,0.342687,1177,75.81813,671.0,29.837956,1758.0,4.401614,1640.0,535.935807,868.0,0.846969,0.29838,0.183212,0.233809,0.203219,0.2420 - 0.3928,4.0,Cuarto Quintil,"Programa de las Naciones Unidas para el Desarrollo (PNUD), 2019. Unidad del Informe sobre Desarrollo Humano. Perú",Polygon,-78.431715,-7.567895,234.3191,80.9119
13,LA LIBERTAD,1312,VIRU,131201,VIRU,131201,Viru,67612,94.0,0.50514,481,77.132854,504.0,51.520675,1172.0,6.715329,809.0,900.900383,359.0,0.868881,0.515207,0.34615,0.422302,0.351278,0.3928 - 0.5436,3.0,Tercer Quintil,"Programa de las Naciones Unidas para el Desarrollo (PNUD), 2019. Unidad del Informe sobre Desarrollo Humano. Perú",Polygon,-78.735186,-8.353272,1084.2806,182.3286
13,LA LIBERTAD,1310,SANTIAGO DE CHUCO,131002,ANGASMARCA,131002,Angasmarca,6369,708.0,0.347954,1147,80.939896,120.0,31.896339,1728.0,5.259777,1321.0,434.541425,1077.0,0.932332,0.318963,0.243646,0.278773,0.162086,0.2420 - 0.3928,4.0,Cuarto Quintil,"Programa de las Naciones Unidas para el Desarrollo (PNUD), 2019. Unidad del Informe sobre Desarrollo Humano. Perú",Polygon,-78.032642,-8.14569,145.7644,71.5901
13,LA LIBERTAD,1310,SANTIAGO DE CHUCO,131003,CACHICADAN,131003,Cachicadan,7366,632.0,0.376004,991,76.42156,587.0,54.366781,1046.0,5.97984,1045.0,417.20548,1125.0,0.857026,0.543668,0.294355,0.400039,0.155053,0.2420 - 0.3928,4.0,Cuarto Quintil,"Programa de las Naciones Unidas para el Desarrollo (PNUD), 2019. Unidad del Informe sobre Desarrollo Humano. Perú",Polygon,-78.064343,-8.017276,269.9268,85.9167
13,LA LIBERTAD,1310,SANTIAGO DE CHUCO,131004,MOLLEBAMBA,131004,Mollebamba,2194,1253.0,0.28841,1496,76.191303,620.0,43.864662,1424.0,5.542568,1209.0,238.847615,1591.0,0.853188,0.438647,0.263561,0.340015,0.082697,0.2420 - 0.3928,4.0,Cuarto Quintil,"Programa de las Naciones Unidas para el Desarrollo (PNUD), 2019. Unidad del Informe sobre Desarrollo Humano. Perú",Polygon,-77.980802,-8.127962,69.2989,48.7016
13,LA LIBERTAD,1310,SANTIAGO DE CHUCO,131005,MOLLEPATA,131005,Mollepata,2341,1223.0,0.202606,1789,79.084666,274.0,36.025213,1624.0,4.378887,1646.0,123.9145,1817.0,0.901411,0.360252,0.181612,0.255785,0.036071,0.0912 - 0.2420,5.0,Quinto Quintil,"Programa de las Naciones Unidas para el Desarrollo (PNUD), 2019. Unidad del Informe sobre Desarrollo Humano. Perú",Polygon,-77.942038,-8.142623,68.9991,44.9456
13,LA LIBERTAD,1310,SANTIAGO DE CHUCO,131006,QUIRUVILCA,131006,Quiruvilca,13168,397.0,0.432088,730,76.718936,550.0,43.003289,1452.0,6.269066,946.0,662.077707,662.0,0.861982,0.430033,0.314723,0.367887,0.254393,0.3928 - 0.5436,3.0,Tercer Quintil,"Programa de las Naciones Unidas para el Desarrollo (PNUD), 2019. Unidad del Informe sobre Desarrollo Humano. Perú",Polygon,-78.251088,-8.014725,553.9453,126.5413
13,LA LIBERTAD,1310,SANTIAGO DE CHUCO,131007,SANTA CRUZ DE CHUCA,131007,Santa Cruz De Chuca,2838,1122.0,0.281708,1526,76.464215,582.0,45.710131,1364.0,4.867964,1459.0,239.443566,1586.0,0.857737,0.457101,0.216054,0.314259,0.082939,0.2420 - 0.3928,4.0,Cuarto Quintil,"Programa de las Naciones Unidas para el Desarrollo (PNUD), 2019. Unidad del Informe sobre Desarrollo Humano. Perú",Polygon,-78.095652,-8.188287,167.6198,90.4534
13,LA LIBERTAD,1310,SANTIAGO DE CHUCO,131008,SITABAMBA,131008,Sitabamba,2798,1131.0,0.218143,1762,80.240767,180.0,35.503109,1642.0,3.802377,1760.0,159.214038,1760.0,0.920679,0.355031,0.141012,0.223749,0.050391,0.0912 - 0.2420,5.0,Quinto Quintil,"Programa de las Naciones Unidas para el Desarrollo (PNUD), 2019. Unidad del Informe sobre Desarrollo Humano. Perú",Polygon,-77.800456,-8.02628,314.6766,108.7416
13,LA LIBERTAD,1305,JULCAN,130501,JULCAN,130501,Julcan,9272,522.0,0.272643,1577,71.930028,1244.0,48.534981,1276.0,4.175549,1689.0,259.147827,1531.0,0.782167,0.48535,0.167292,0.284948,0.090932,0.2420 - 0.3928,4.0,Cuarto Quintil,"Programa de las Naciones Unidas para el Desarrollo (PNUD), 2019. Unidad del Informe sobre Desarrollo Humano. Perú",Polygon,-78.461945,-8.07476,227.685,78.4929
13,LA LIBERTAD,1305,JULCAN,130502,CALAMARCA,130502,Calamarca,4284,898.0,0.192963,1810,73.378907,1042.0,41.264564,1498.0,3.95223,1738.0,122.830281,1818.0,0.806315,0.412646,0.151565,0.250086,0.035631,0.0912 - 0.2420,5.0,Quinto Quintil,"Programa de las Naciones Unidas para el Desarrollo (PNUD), 2019. Unidad del Informe sobre Desarrollo Humano. Perú",Polygon,-78.380766,-8.120337,208.823,70.48
13,LA LIBERTAD,1305,JULCAN,130503,CARABAMBA,130503,Carabamba,5826,744.0,0.196556,1802,71.881891,1254.0,36.841361,1600.0,3.781346,1763.0,140.662605,1794.0,0.781365,0.368414,0.139531,0.226727,0.042865,0.0912 - 0.2420,5.0,Quinto Quintil,"Programa de las Naciones Unidas para el Desarrollo (PNUD), 2019. Unidad del Informe sobre Desarrollo Humano. Perú",Polygon,-78.582006,-8.146572,234.2564,75.7731
13,LA LIBERTAD,1305,JULCAN,130504,HUASO,130504,Huaso,6759,679.0,0.157422,1854,72.343299,1183.0,33.469462,1699.0,3.587363,1802.0,94.377394,1849.0,0.789055,0.334695,0.125871,0.205252,0.024088,0.0912 - 0.2420,5.0,Quinto Quintil,"Programa de las Naciones Unidas para el Desarrollo (PNUD), 2019. Unidad del Informe sobre Desarrollo Humano. Perú",Polygon,-78.44051,-8.261582,438.539,103.982
13,LA LIBERTAD,1307,PACASMAYO,130703,JEQUETEPEQUE,130703,Jequetepeque,4003,941.0,0.553607,327,80.662891,142.0,53.808347,1064.0,7.403598,608.0,1013.348169,250.0,0.927715,0.538083,0.39462,0.460802,0.396896,0.5436 - 0.6944,2.0,Segundo Quintil,"Programa de las Naciones Unidas para el Desarrollo (PNUD), 2019. Unidad del Informe sobre Desarrollo Humano. Perú",Polygon,-79.547089,-7.350197,48.6476,32.9951
13,LA LIBERTAD,1307,PACASMAYO,130704,PACASMAYO,130704,Pacasmayo,27554,200.0,0.596859,219,81.564791,81.0,74.233986,235.0,9.724446,166.0,898.76336,360.0,0.942747,0.74234,0.55806,0.643638,0.350411,0.5436 - 0.6944,2.0,Segundo Quintil,"Programa de las Naciones Unidas para el Desarrollo (PNUD), 2019. Unidad del Informe sobre Desarrollo Humano. Perú",Polygon,-79.547803,-7.399805,34.6256,32.5406
13,LA LIBERTAD,1307,PACASMAYO,130705,SAN JOSE,130705,San Jose,12592,414.0,0.535112,376,83.238614,30.0,65.523892,589.0,6.87565,761.0,839.061396,430.0,0.970644,0.655239,0.35744,0.483951,0.326191,0.3928 - 0.5436,3.0,Tercer Quintil,"Programa de las Naciones Unidas para el Desarrollo (PNUD), 2019. Unidad del Informe sobre Desarrollo Humano. Perú",Polygon,-79.385669,-7.369809,178.2806,76.6389
13,LA LIBERTAD,1308,PATAZ,130801,TAYABAMBA,130801,Tayabamba,13901,369.0,0.319751,1327,72.758396,1134.0,46.46894,1339.0,5.08935,1373.0,343.576765,1315.0,0.795973,0.464689,0.231644,0.328089,0.125183,0.2420 - 0.3928,4.0,Cuarto Quintil,"Programa de las Naciones Unidas para el Desarrollo (PNUD), 2019. Unidad del Informe sobre Desarrollo Humano. Perú",Polygon,-77.256344,-8.314236,337.9111,123.021
13,LA LIBERTAD,1308,PATAZ,130802,BULDIBUYO,130802,Buldibuyo,3717,975.0,0.358869,1083,74.143272,922.0,37.644741,1585.0,4.899772,1447.0,520.22185,897.0,0.819055,0.376447,0.218294,0.286664,0.196845,0.2420 - 0.3928,4.0,Cuarto Quintil,"Programa de las Naciones Unidas para el Desarrollo (PNUD), 2019. Unidad del Informe sobre Desarrollo Humano. Perú",Polygon,-77.382746,-8.124403,229.8307,76.2641
13,LA LIBERTAD,1308,PATAZ,130803,CHILLIA,130803,Chillia,13391,391.0,0.229486,1737,77.374525,474.0,32.938677,1710.0,3.760021,1773.0,195.057346,1693.0,0.872909,0.329387,0.13803,0.213226,0.064932,0.0912 - 0.2420,5.0,Quinto Quintil,"Programa de las Naciones Unidas para el Desarrollo (PNUD), 2019. Unidad del Informe sobre Desarrollo Humano. Perú",Polygon,-77.520885,-8.160824,308.5101,88.3792
13,LA LIBERTAD,1308,PATAZ,130804,HUANCASPATA,130804,Huancaspata,6014,736.0,0.231568,1728,79.973973,203.0,36.773369,1602.0,4.210183,1685.0,168.720119,1741.0,0.916233,0.367734,0.169731,0.249832,0.054248,0.0912 - 0.2420,5.0,Quinto Quintil,"Programa de las Naciones Unidas para el Desarrollo (PNUD), 2019. Unidad del Informe sobre Desarrollo Humano. Perú",Polygon,-77.268184,-8.439142,241.9461,110.0127
13,LA LIBERTAD,1308,PATAZ,130805,HUAYLILLAS,130805,Huaylillas,2881,1114.0,0.309259,1382,73.965033,948.0,25.074706,1819.0,5.412213,1253.0,388.744268,1196.0,0.816084,0.250747,0.254381,0.252558,0.143507,0.2420 - 0.3928,4.0,Cuarto Quintil,"Programa de las Naciones Unidas para el Desarrollo (PNUD), 2019. Unidad del Informe sobre Desarrollo Humano. Perú",Polygon,-77.293704,-8.190403,92.8558,44.1354
13,LA LIBERTAD,1308,PATAZ,130806,HUAYO,130806,Huayo,3977,946.0,0.229113,1738,71.368698,1329.0,33.073745,1707.0,3.776063,1766.0,213.810364,1651.0,0.772812,0.330737,0.139159,0.214535,0.07254,0.0912 - 0.2420,5.0,Quinto Quintil,"Programa de las Naciones Unidas para el Desarrollo (PNUD), 2019. Unidad del Informe sobre Desarrollo Humano. Perú",Polygon,-77.592238,-8.034941,125.1415,51.5837
13,LA LIBERTAD,1302,ASCOPE,130207,SANTIAGO DE CAO,130207,Santiago De Cao,19535,285.0,0.617581,176,78.680587,324.0,72.138234,312.0,9.276913,225.0,1088.009942,196.0,0.894676,0.721382,0.526543,0.616311,0.427185,0.5436 - 0.6944,2.0,Segundo Quintil,"Programa de las Naciones Unidas para el Desarrollo (PNUD), 2019. Unidad del Informe sobre Desarrollo Humano. Perú",Polygon,-79.217733,-7.924749,135.998,55.6073
13,LA LIBERTAD,1302,ASCOPE,130208,CASA GRANDE,130208,Casa Grande,30558,184.0,0.618851,169,78.51938,348.0,75.140475,202.0,9.327574,215.0,1072.756007,207.0,0.89199,0.751405,0.530111,0.631132,0.420996,0.5436 - 0.6944,2.0,Segundo Quintil,"Programa de las Naciones Unidas para el Desarrollo (PNUD), 2019. Unidad del Informe sobre Desarrollo Humano. Perú",Polygon,-79.19489,-7.576662,659.0504,136.8766
13,LA LIBERTAD,1303,BOLIVAR,130302,BAMBAMARCA,130302,Bambamarca,3492,1007.0,0.214537,1771,82.416158,45.0,20.894045,1848.0,3.770487,1771.0,184.37733,1712.0,0.956936,0.20894,0.138767,0.170276,0.060599,0.0912 - 0.2420,5.0,Quinto Quintil,"Programa de las Naciones Unidas para el Desarrollo (PNUD), 2019. Unidad del Informe sobre Desarrollo Humano. Perú",Polygon,-77.688333,-7.464633,164.2708,64.7546
13,LA LIBERTAD,1303,BOLIVAR,130303,CONDORMARCA,130303,Condormarca,1674,1392.0,0.259556,1632,78.906752,295.0,31.128562,1743.0,4.725417,1521.0,224.44743,1627.0,0.898446,0.311286,0.206015,0.253238,0.076855,0.2420 - 0.3928,4.0,Cuarto Quintil,"Programa de las Naciones Unidas para el Desarrollo (PNUD), 2019. Unidad del Informe sobre Desarrollo Humano. Perú",Polygon,-77.597539,-7.561556,323.4877,93.6506
13,LA LIBERTAD,1303,BOLIVAR,130304,LONGOTEA,130304,Longotea,1867,1345.0,0.34925,1137,77.237916,493.0,32.961562,1708.0,6.10165,999.0,416.692187,1128.0,0.870632,0.329616,0.302933,0.315993,0.154845,0.2420 - 0.3928,4.0,Cuarto Quintil,"Programa de las Naciones Unidas para el Desarrollo (PNUD), 2019. Unidad del Informe sobre Desarrollo Humano. Perú",Polygon,-77.910111,-7.056486,188.8881,78.3305
13,LA LIBERTAD,1303,BOLIVAR,130305,UCHUMARCA,130305,Uchumarca,2254,1238.0,0.296758,1450,78.852766,301.0,34.37676,1671.0,5.605264,1191.0,271.474811,1499.0,0.897546,0.343768,0.267976,0.303515,0.095933,0.2420 - 0.3928,4.0,Cuarto Quintil,"Programa de las Naciones Unidas para el Desarrollo (PNUD), 2019. Unidad del Informe sobre Desarrollo Humano. Perú",Polygon,-77.805879,-7.026096,220.971,81.7474
13,LA LIBERTAD,1303,BOLIVAR,130306,UCUNCHA,130306,Ucuncha,638,1724.0,0.298556,1435,83.729317,23.0,23.118873,1834.0,5.128515,1362.0,322.889396,1367.0,0.978822,0.231189,0.234402,0.23279,0.116791,0.2420 - 0.3928,4.0,Cuarto Quintil,"Programa de las Naciones Unidas para el Desarrollo (PNUD), 2019. Unidad del Informe sobre Desarrollo Humano. Perú",Polygon,-77.850593,-7.153232,100.1902,45.7874
13,LA LIBERTAD,1304,CHEPEN,130401,CHEPEN,130401,Chepen,48424,129.0,0.58857,235,78.814492,307.0,72.290605,302.0,8.763211,318.0,976.158633,283.0,0.896908,0.722906,0.490367,0.59539,0.381809,0.5436 - 0.6944,2.0,Segundo Quintil,"Programa de las Naciones Unidas para el Desarrollo (PNUD), 2019. Unidad del Informe sobre Desarrollo Humano. Perú",Polygon,-79.353832,-7.228522,288.4767,77.9079
13,LA LIBERTAD,1304,CHEPEN,130402,PACANGA,130402,Pacanga,24701,231.0,0.511473,453,78.606068,334.0,61.153108,759.0,6.422343,893.0,862.418951,400.0,0.893434,0.611531,0.325517,0.446166,0.335667,0.3928 - 0.5436,3.0,Tercer Quintil,"Programa de las Naciones Unidas para el Desarrollo (PNUD), 2019. Unidad del Informe sobre Desarrollo Humano. Perú",Polygon,-79.447608,-7.079645,587.8856,107.4282
13,LA LIBERTAD,1304,CHEPEN,130403,PUEBLO NUEVO,130403,Pueblo Nuevo,14506,353.0,0.526986,407,78.694998,322.0,63.757098,668.0,7.105658,692.0,860.926733,403.0,0.894917,0.637571,0.373638,0.488079,0.335062,0.3928 - 0.5436,3.0,Tercer Quintil,"Programa de las Naciones Unidas para el Desarrollo (PNUD), 2019. Unidad del Informe sobre Desarrollo Humano. Perú",Polygon,-79.58628,-7.192242,270.4843,85.8339
13,LA LIBERTAD,1306,OTUZCO,130610,PARANDAY,130610,Paranday,629,1729.0,0.233949,1720,73.86424,967.0,50.325592,1218.0,3.744507,1775.0,182.632794,1714.0,0.814404,0.503256,0.136937,0.262516,0.059892,0.0912 - 0.2420,5.0,Quinto Quintil,"Programa de las Naciones Unidas para el Desarrollo (PNUD), 2019. Unidad del Informe sobre Desarrollo Humano. Perú",Polygon,-78.698908,-7.888411,22.1419,20.985
13,LA LIBERTAD,1306,OTUZCO,130611,SALPO,130611,Salpo,5611,764.0,0.279128,1538,74.57203,851.0,46.621495,1335.0,4.873478,1456.0,239.258427,1589.0,0.826201,0.466215,0.216442,0.317661,0.082863,0.2420 - 0.3928,4.0,Cuarto Quintil,"Programa de las Naciones Unidas para el Desarrollo (PNUD), 2019. Unidad del Informe sobre Desarrollo Humano. Perú",Polygon,-78.636267,-8.032892,195.4045,64.1947
13,LA LIBERTAD,1306,OTUZCO,130613,SINSICAP,130613,Sinsicap,7770,607.0,0.14898,1860,77.077399,516.0,27.651424,1791.0,2.785212,1862.0,102.79958,1840.0,0.867957,0.276514,0.069381,0.138509,0.027505,0.0912 - 0.2420,5.0,Quinto Quintil,"Programa de las Naciones Unidas para el Desarrollo (PNUD), 2019. Unidad del Informe sobre Desarrollo Humano. Perú",Polygon,-78.779178,-7.75448,453.4517,108.5269
13,LA LIBERTAD,1306,OTUZCO,130614,USQUIL,130614,Usquil,24236,239.0,0.188308,1821,75.933606,657.0,28.795075,1773.0,3.260895,1836.0,147.654297,1781.0,0.848893,0.287951,0.10288,0.172117,0.045702,0.0912 - 0.2420,5.0,Quinto Quintil,"Programa de las Naciones Unidas para el Desarrollo (PNUD), 2019. Unidad del Informe sobre Desarrollo Humano. Perú",Polygon,-78.361626,-7.800625,466.9613,121.8835
13,LA LIBERTAD,1307,PACASMAYO,130701,SAN PEDRO DE LLOC,130701,San Pedro De Lloc,16853,317.0,0.613852,183,80.848262,127.0,64.493396,637.0,9.143362,243.0,1095.68906,189.0,0.930804,0.644934,0.517138,0.577512,0.4303,0.5436 - 0.6944,2.0,Segundo Quintil,"Programa de las Naciones Unidas para el Desarrollo (PNUD), 2019. Unidad del Informe sobre Desarrollo Humano. Perú",Polygon,-79.404855,-7.483562,682.3284,142.7881
13,LA LIBERTAD,1307,PACASMAYO,130702,GUADALUPE,130702,Guadalupe,43898,141.0,0.565098,299,81.324906,89.0,68.676921,448.0,7.868097,484.0,909.684371,350.0,0.938748,0.686769,0.427331,0.541736,0.354842,0.5436 - 0.6944,2.0,Segundo Quintil,"Programa de las Naciones Unidas para el Desarrollo (PNUD), 2019. Unidad del Informe sobre Desarrollo Humano. Perú",Polygon,-79.48788,-7.288136,167.3783,74.7325
13,LA LIBERTAD,1312,VIRU,131202,CHAO,131202,Chao,44369,139.0,0.49715,502,77.797597,425.0,46.446663,1344.0,6.322207,930.0,929.971611,333.0,0.87996,0.464467,0.318465,0.384599,0.363072,0.3928 - 0.5436,3.0,Tercer Quintil,"Programa de las Naciones Unidas para el Desarrollo (PNUD), 2019. Unidad del Informe sobre Desarrollo Humano. Perú",Polygon,-78.506361,-8.559865,1672.164,217.6072
13,LA LIBERTAD,1312,VIRU,131203,GUADALUPITO,131203,Guadalupito,9839,497.0,0.486799,531,77.582553,453.0,52.951481,1105.0,6.150547,984.0,840.578823,429.0,0.876376,0.529515,0.306377,0.402779,0.326807,0.3928 - 0.5436,3.0,Tercer Quintil,"Programa de las Naciones Unidas para el Desarrollo (PNUD), 2019. Unidad del Informe sobre Desarrollo Humano. Perú",Polygon,-78.649724,-8.801708,426.6941,101.3195
13,LA LIBERTAD,1301,TRUJILLO,130106,LAREDO,130106,Laredo,34739,166.0,0.592958,227,80.241509,179.0,64.758374,624.0,8.518305,361.0,1043.418214,229.0,0.920692,0.647584,0.47312,0.55352,0.409095,0.5436 - 0.6944,2.0,Segundo Quintil,"Programa de las Naciones Unidas para el Desarrollo (PNUD), 2019. Unidad del Informe sobre Desarrollo Humano. Perú",Polygon,-78.855081,-8.105256,492.1054,127.5862
13,LA LIBERTAD,1309,SANCHEZ CARRION,130902,CHUGAY,130902,Chugay,18540,298.0,0.149221,1859,78.927768,290.0,33.560435,1697.0,2.142335,1871.0,136.308856,1799.0,0.898796,0.335604,0.024108,0.089949,0.041099,0.0912 - 0.2420,5.0,Quinto Quintil,"Programa de las Naciones Unidas para el Desarrollo (PNUD), 2019. Unidad del Informe sobre Desarrollo Humano. Perú",Polygon,-77.798061,-7.822312,416.8229,137.3245
13,LA LIBERTAD,1309,SANCHEZ CARRION,130903,COCHORCO,130903,Cochorco,9082,532.0,0.207076,1780,73.605411,1006.0,29.739293,1761.0,3.113614,1850.0,197.89838,1683.0,0.81009,0.297393,0.092508,0.165865,0.066085,0.0912 - 0.2420,5.0,Quinto Quintil,"Programa de las Naciones Unidas para el Desarrollo (PNUD), 2019. Unidad del Informe sobre Desarrollo Humano. Perú",Polygon,-77.696067,-7.821579,262.4801,98.461
13,LA LIBERTAD,1309,SANCHEZ CARRION,130904,CURGOS,130904,Curgos,8213,577.0,0.117272,1872,77.447153,469.0,33.904645,1686.0,2.913801,1857.0,62.889443,1871.0,0.874119,0.339046,0.078437,0.163076,0.011314,0.0912 - 0.2420,5.0,Quinto Quintil,"Programa de las Naciones Unidas para el Desarrollo (PNUD), 2019. Unidad del Informe sobre Desarrollo Humano. Perú",Polygon,-77.95349,-7.847739,98.2138,42.2889
13,LA LIBERTAD,1308,PATAZ,130807,ONGON,130807,Ongon,1514,1428.0,0.173582,1844,75.032144,789.0,34.141441,1675.0,3.92214,1746.0,103.446646,1838.0,0.833869,0.341414,0.149447,0.225883,0.027767,0.0912 - 0.2420,5.0,Quinto Quintil,"Programa de las Naciones Unidas para el Desarrollo (PNUD), 2019. Unidad del Informe sobre Desarrollo Humano. Perú",Polygon,-77.09242,-8.205776,1312.2236,171.6009
13,LA LIBERTAD,1308,PATAZ,130808,PARCOY,130808,Parcoy,22859,250.0,0.548347,347,73.409477,1037.0,54.77456,1028.0,7.761827,518.0,1085.433075,200.0,0.806825,0.547746,0.419847,0.479551,0.426139,0.5436 - 0.6944,2.0,Segundo Quintil,"Programa de las Naciones Unidas para el Desarrollo (PNUD), 2019. Unidad del Informe sobre Desarrollo Humano. Perú",Polygon,-77.509843,-7.993233,277.5967,91.064
13,LA LIBERTAD,1308,PATAZ,130809,PATAZ,130809,Pataz,9440,514.0,0.468629,594,72.393478,1182.0,42.142852,1473.0,6.687777,817.0,878.265232,387.0,0.789891,0.421429,0.34421,0.380867,0.342095,0.3928 - 0.5436,3.0,Tercer Quintil,"Programa de las Naciones Unidas para el Desarrollo (PNUD), 2019. Unidad del Informe sobre Desarrollo Humano. Perú",Polygon,-77.589526,-7.732442,392.8737,111.0458
13,LA LIBERTAD,1308,PATAZ,130810,PIAS,130810,Pias,1225,1525.0,0.409953,823,76.957087,528.0,41.400083,1491.0,5.126637,1363.0,664.74971,660.0,0.865951,0.414001,0.23427,0.311429,0.255477,0.3928 - 0.5436,3.0,Tercer Quintil,"Programa de las Naciones Unidas para el Desarrollo (PNUD), 2019. Unidad del Informe sobre Desarrollo Humano. Perú",Polygon,-77.487442,-7.893672,309.9924,91.6919
13,LA LIBERTAD,1308,PATAZ,130811,SANTIAGO DE CHALLAS,130811,Santiago De Challas,2000,1301.0,0.205702,1782,78.691904,323.0,38.108715,1578.0,4.249664,1674.0,128.509408,1809.0,0.894865,0.381087,0.172512,0.256402,0.037935,0.0912 - 0.2420,5.0,Quinto Quintil,"Programa de las Naciones Unidas para el Desarrollo (PNUD), 2019. Unidad del Informe sobre Desarrollo Humano. Perú",Polygon,-77.37147,-8.427063,130.4389,56.5991
13,LA LIBERTAD,1308,PATAZ,130812,TAURIJA,130812,Taurija,2817,1127.0,0.243495,1690,76.445957,584.0,45.980704,1356.0,4.761171,1508.0,169.032508,1740.0,0.857433,0.459807,0.208533,0.309653,0.054374,0.2420 - 0.3928,4.0,Cuarto Quintil,"Programa de las Naciones Unidas para el Desarrollo (PNUD), 2019. Unidad del Informe sobre Desarrollo Humano. Perú",Polygon,-77.433152,-8.279437,130.4241,56.6562
13,LA LIBERTAD,1308,PATAZ,130813,URPAY,130813,Urpay,2148,1267.0,0.240555,1698,76.874566,532.0,63.806173,666.0,4.5665,1580.0,147.565363,1783.0,0.864576,0.638062,0.194824,0.352576,0.045665,0.0912 - 0.2420,5.0,Quinto Quintil,"Programa de las Naciones Unidas para el Desarrollo (PNUD), 2019. Unidad del Informe sobre Desarrollo Humano. Perú",Polygon,-77.375551,-8.328179,102.4395,47.0671
13,LA LIBERTAD,1309,SANCHEZ CARRION,130901,HUAMACHUCO,130901,Huamachuco,69564,92.0,0.398688,883,72.978693,1106.0,58.654351,858.0,5.605762,1190.0,527.71202,885.0,0.799645,0.586544,0.268011,0.396485,0.199883,0.3928 - 0.5436,3.0,Tercer Quintil,"Programa de las Naciones Unidas para el Desarrollo (PNUD), 2019. Unidad del Informe sobre Desarrollo Humano. Perú",Polygon,-78.046048,-7.826722,415.2473,140.7557
13,LA LIBERTAD,1309,SANCHEZ CARRION,130905,MARCABAL,130905,Marcabal,13897,370.0,0.140517,1863,78.513597,349.0,37.101043,1594.0,2.20823,1869.0,109.248287,1833.0,0.891893,0.37101,0.028749,0.103276,0.030121,0.0912 - 0.2420,5.0,Quinto Quintil,"Programa de las Naciones Unidas para el Desarrollo (PNUD), 2019. Unidad del Informe sobre Desarrollo Humano. Perú",Polygon,-77.941671,-7.68491,235.2131,94.9338
13,LA LIBERTAD,1309,SANCHEZ CARRION,130906,SANAGORAN,130906,Sanagoran,14977,344.0,0.124408,1870,73.724147,987.0,24.968709,1820.0,2.084016,1872.0,117.706687,1825.0,0.812069,0.249687,0.020001,0.070668,0.033552,0.0912 - 0.2420,5.0,Quinto Quintil,"Programa de las Naciones Unidas para el Desarrollo (PNUD), 2019. Unidad del Informe sobre Desarrollo Humano. Perú",Polygon,-78.175611,-7.792635,336.8058,107.5176
13,LA LIBERTAD,1310,SANTIAGO DE CHUCO,131001,SANTIAGO DE CHUCO,131001,Santiago De Chuco,18795,293.0,0.320676,1321,75.213333,764.0,45.341846,1380.0,5.318687,1294.0,324.768883,1359.0,0.836889,0.453418,0.247795,0.335194,0.117553,0.2420 - 0.3928,4.0,Cuarto Quintil,"Programa de las Naciones Unidas para el Desarrollo (PNUD), 2019. Unidad del Informe sobre Desarrollo Humano. Perú",Polygon,-78.244528,-8.349096,1079.2973,187.2714
25,UCAYALI,2502,ATALAYA,250201,RAYMONDI,250201,Raymondi,32925,173.0,0.337564,1214,60.435493,1844.0,31.755423,1732.0,6.283041,941.0,542.044738,858.0,0.590592,0.317554,0.315707,0.316629,0.205698,0.2420 - 0.3928,4.0,Cuarto Quintil,"Programa de las Naciones Unidas para el Desarrollo (PNUD), 2019. Unidad del Informe sobre Desarrollo Humano. Perú",Polygon,-73.436094,-10.585976,14539.0703,839.0805
25,UCAYALI,2504,PURUS,250401,PURUS,250401,Purus,3681,980.0,0.348424,1144,67.273622,1664.0,20.543648,1850.0,7.470126,591.0,551.691331,839.0,0.70456,0.205436,0.399305,0.286412,0.209611,0.2420 - 0.3928,4.0,Cuarto Quintil,"Programa de las Naciones Unidas para el Desarrollo (PNUD), 2019. Unidad del Informe sobre Desarrollo Humano. Perú",Polygon,-71.581218,-10.373032,18421.9895,873.2078
25,UCAYALI,2502,ATALAYA,250203,TAHUANIA,250203,Tahuania,8158,581.0,0.285862,1513,64.28093,1780.0,17.563082,1863.0,5.238129,1330.0,461.517147,1016.0,0.654682,0.175631,0.242122,0.206214,0.173029,0.2420 - 0.3928,4.0,Cuarto Quintil,"Programa de las Naciones Unidas para el Desarrollo (PNUD), 2019. Unidad del Informe sobre Desarrollo Humano. Perú",Polygon,-73.826751,-9.97131,7674.8145,419.3004
25,UCAYALI,2502,ATALAYA,250204,YURUA,250204,Yurua,2643,1157.0,0.216122,1766,60.844583,1840.0,12.942207,1870.0,4.513879,1597.0,299.841315,1427.0,0.59741,0.129422,0.191118,0.157273,0.107441,0.0912 - 0.2420,5.0,Quinto Quintil,"Programa de las Naciones Unidas para el Desarrollo (PNUD), 2019. Unidad del Informe sobre Desarrollo Humano. Perú",Polygon,-72.698377,-9.829574,9026.94,518.6277
25,UCAYALI,2501,CORONEL PORTILLO,250103,IPARIA,250103,Iparia,10553,470.0,0.25714,1646,74.958054,798.0,30.907012,1744.0,6.25038,949.0,196.729297,1690.0,0.832634,0.30907,0.313407,0.311231,0.06561,0.2420 - 0.3928,4.0,Cuarto Quintil,"Programa de las Naciones Unidas para el Desarrollo (PNUD), 2019. Unidad del Informe sobre Desarrollo Humano. Perú",Polygon,-74.137138,-9.442744,7372.3849,660.9478
25,UCAYALI,2503,PADRE ABAD,250301,PADRE ABAD,250301,Padre Abad,23645,244.0,0.475207,565,77.151226,502.0,47.177338,1319.0,7.086752,696.0,761.163286,524.0,0.869187,0.471773,0.372306,0.419099,0.29459,0.3928 - 0.5436,3.0,Tercer Quintil,"Programa de las Naciones Unidas para el Desarrollo (PNUD), 2019. Unidad del Informe sobre Desarrollo Humano. Perú",Polygon,-75.625651,-8.898424,4716.1602,391.6913
25,UCAYALI,2503,PADRE ABAD,250305,ALEXANDER VON HUMBOLDT,250305,Alexander Von Humboldt,4930,826.0,0.441129,698,83.85372,20.0,43.119697,1447.0,5.690064,1158.0,662.652379,661.0,0.980895,0.431197,0.273948,0.343694,0.254626,0.3928 - 0.5436,3.0,Tercer Quintil,"Programa de las Naciones Unidas para el Desarrollo (PNUD), 2019. Unidad del Informe sobre Desarrollo Humano. Perú",Polygon,-75.047975,-8.82493,205.2899,77.3295
25,UCAYALI,2503,PADRE ABAD,250302,IRAZOLA,250302,Irazola,12295,422.0,0.387806,929,80.048647,192.0,40.104714,1522.0,5.760507,1126.0,503.528398,926.0,0.917477,0.401047,0.278909,0.334448,0.190072,0.2420 - 0.3928,4.0,Cuarto Quintil,"Programa de las Naciones Unidas para el Desarrollo (PNUD), 2019. Unidad del Informe sobre Desarrollo Humano. Perú",Polygon,-75.279675,-8.950386,1877.4394,270.8649
25,UCAYALI,2501,CORONEL PORTILLO,250104,MASISEA,250104,Masisea,10531,471.0,0.277348,1547,74.834223,809.0,29.436386,1766.0,5.817839,1097.0,254.392295,1542.0,0.83057,0.294364,0.282946,0.288599,0.089003,0.2420 - 0.3928,4.0,Cuarto Quintil,"Programa de las Naciones Unidas para el Desarrollo (PNUD), 2019. Unidad del Informe sobre Desarrollo Humano. Perú",Polygon,-73.686235,-8.955625,14707.5321,594.5832
25,UCAYALI,2503,PADRE ABAD,250304,NESHUYA,250304,Neshuya,7288,640.0,0.455819,644,82.510539,41.0,45.883427,1360.0,5.977568,1046.0,697.907476,611.0,0.958509,0.458834,0.294195,0.367405,0.268928,0.3928 - 0.5436,3.0,Tercer Quintil,"Programa de las Naciones Unidas para el Desarrollo (PNUD), 2019. Unidad del Informe sobre Desarrollo Humano. Perú",Polygon,-75.048999,-8.641282,623.8682,159.0073
25,UCAYALI,2503,PADRE ABAD,250303,CURIMANA,250303,Curimana,8782,547.0,0.379723,964,79.565489,233.0,40.397763,1517.0,6.101994,998.0,459.209784,1021.0,0.909425,0.403978,0.302957,0.34984,0.172093,0.2420 - 0.3928,4.0,Cuarto Quintil,"Programa de las Naciones Unidas para el Desarrollo (PNUD), 2019. Unidad del Informe sobre Desarrollo Humano. Perú",Polygon,-75.29706,-8.417352,1879.0923,318.4167
25,UCAYALI,2501,CORONEL PORTILLO,250107,MANANTAY,250107,Manantay,88654,67.0,0.504829,484,74.268529,895.0,51.418945,1177.0,8.086097,440.0,844.511954,422.0,0.821142,0.514189,0.442683,0.477098,0.328402,0.3928 - 0.5436,3.0,Tercer Quintil,"Programa de las Naciones Unidas para el Desarrollo (PNUD), 2019. Unidad del Informe sobre Desarrollo Humano. Perú",Polygon,-74.509133,-8.53841,644.9746,141.426
25,UCAYALI,2501,CORONEL PORTILLO,250102,CAMPOVERDE,250102,Campoverde,14497,354.0,0.436211,717,75.910541,661.0,42.047313,1478.0,6.899543,750.0,655.524299,671.0,0.848509,0.420473,0.359123,0.388589,0.251734,0.3928 - 0.5436,3.0,Tercer Quintil,"Programa de las Naciones Unidas para el Desarrollo (PNUD), 2019. Unidad del Informe sobre Desarrollo Humano. Perú",Polygon,-74.845411,-8.520517,1325.7239,231.9768
25,UCAYALI,2501,CORONEL PORTILLO,250106,NUEVA REQUENA,250106,Nueva Requena,4092,924.0,0.367912,1033,72.027728,1224.0,37.978859,1580.0,6.173645,974.0,492.929919,954.0,0.783795,0.379789,0.308003,0.342018,0.185773,0.2420 - 0.3928,4.0,Cuarto Quintil,"Programa de las Naciones Unidas para el Desarrollo (PNUD), 2019. Unidad del Informe sobre Desarrollo Humano. Perú",Polygon,-75.014714,-8.163105,2061.6126,293.1174
25,UCAYALI,2501,CORONEL PORTILLO,250105,YARINACOCHA,250105,Yarinacocha,113671,51.0,0.547837,348,74.173704,916.0,60.312228,801.0,9.401405,210.0,905.330407,357.0,0.819562,0.603122,0.53531,0.568206,0.353075,0.5436 - 0.6944,2.0,Segundo Quintil,"Programa de las Naciones Unidas para el Desarrollo (PNUD), 2019. Unidad del Informe sobre Desarrollo Humano. Perú",Polygon,-74.656656,-8.248459,661.6887,135.8945
25,UCAYALI,2501,CORONEL PORTILLO,250101,CALLERIA,250101,Calleria,126065,46.0,0.563477,304,73.001636,1102.0,60.420574,796.0,9.668332,173.0,987.688904,272.0,0.800027,0.604206,0.554108,0.578615,0.386486,0.5436 - 0.6944,2.0,Segundo Quintil,"Programa de las Naciones Unidas para el Desarrollo (PNUD), 2019. Unidad del Informe sobre Desarrollo Humano. Perú",Polygon,-74.15976,-7.964766,11652.3579,604.5288
06,CAJAMARCA,0610,SAN MARCOS,061001,PEDRO GALVEZ,061001,Pedro Galvez,21466,264.0,0.41604,799,68.763713,1573.0,57.446544,923.0,6.107473,995.0,617.99089,726.0,0.729395,0.574465,0.303343,0.417445,0.236507,0.3928 - 0.5436,3.0,Tercer Quintil,"Programa de las Naciones Unidas para el Desarrollo (PNUD), 2019. Unidad del Informe sobre Desarrollo Humano. Perú",Polygon,-78.171239,-7.329156,242.585,95.8576
06,CAJAMARCA,0610,SAN MARCOS,061004,GREGORIO PITA,061004,Gregorio Pita,5022,818.0,0.224822,1748,71.869407,1256.0,40.390973,1518.0,3.576249,1804.0,194.530573,1694.0,0.781157,0.40391,0.125088,0.224776,0.064718,0.0912 - 0.2420,5.0,Quinto Quintil,"Programa de las Naciones Unidas para el Desarrollo (PNUD), 2019. Unidad del Informe sobre Desarrollo Humano. Perú",Polygon,-78.161236,-7.22207,220.9215,62.2928
06,CAJAMARCA,0610,SAN MARCOS,061005,ICHOCAN,061005,Ichocan,1240,1520.0,0.34179,1182,68.762219,1574.0,42.115781,1474.0,5.620034,1180.0,435.900751,1070.0,0.72937,0.421158,0.269016,0.336598,0.162637,0.2420 - 0.3928,4.0,Cuarto Quintil,"Programa de las Naciones Unidas para el Desarrollo (PNUD), 2019. Unidad del Informe sobre Desarrollo Humano. Perú",Polygon,-78.059789,-7.40608,67.8816,55.2102
06,CAJAMARCA,0610,SAN MARCOS,061006,JOSE MANUEL QUIROZ,061006,Jose Manuel Quiroz,3129,1064.0,0.225231,1746,74.153094,920.0,41.021741,1505.0,3.240621,1839.0,203.525048,1675.0,0.819218,0.410217,0.101452,0.204004,0.068367,0.0912 - 0.2420,5.0,Quinto Quintil,"Programa de las Naciones Unidas para el Desarrollo (PNUD), 2019. Unidad del Informe sobre Desarrollo Humano. Perú",Polygon,-78.020968,-7.356015,107.7654,50.7775
06,CAJAMARCA,0601,CAJAMARCA,060102,ASUNCION,060102,Asuncion,11291,446.0,0.234302,1718,76.321686,601.0,40.411214,1516.0,3.494445,1810.0,203.800071,1674.0,0.855361,0.404112,0.119327,0.219594,0.068479,0.0912 - 0.2420,5.0,Quinto Quintil,"Programa de las Naciones Unidas para el Desarrollo (PNUD), 2019. Unidad del Informe sobre Desarrollo Humano. Perú",Polygon,-78.527184,-7.338231,213.9546,76.6536
06,CAJAMARCA,0601,CAJAMARCA,060105,ENCAÑADA,060105,Encañada,20782,271.0,0.278783,1539,76.630214,558.0,44.826845,1397.0,3.548077,1806.0,299.215955,1431.0,0.860504,0.448268,0.123104,0.234912,0.107187,0.2420 - 0.3928,4.0,Cuarto Quintil,"Programa de las Naciones Unidas para el Desarrollo (PNUD), 2019. Unidad del Informe sobre Desarrollo Humano. Perú",Polygon,-78.402896,-6.985198,633.375,160.2466
06,CAJAMARCA,0602,CAJABAMBA,060202,CACHACHI,060202,Cachachi,26076,216.0,0.294835,1460,77.152122,500.0,35.504513,1641.0,3.777592,1764.0,361.864369,1268.0,0.869202,0.355045,0.139267,0.222365,0.132602,0.2420 - 0.3928,4.0,Cuarto Quintil,"Programa de las Naciones Unidas para el Desarrollo (PNUD), 2019. Unidad del Informe sobre Desarrollo Humano. Perú",Polygon,-78.25328,-7.567677,817.4285,148.5988
06,CAJAMARCA,0602,CAJABAMBA,060203,CONDEBAMBA,060203,Condebamba,13302,394.0,0.251798,1668,79.0412,281.0,35.017484,1654.0,3.323753,1833.0,260.395291,1528.0,0.900687,0.350175,0.107307,0.193845,0.091438,0.2420 - 0.3928,4.0,Cuarto Quintil,"Programa de las Naciones Unidas para el Desarrollo (PNUD), 2019. Unidad del Informe sobre Desarrollo Humano. Perú",Polygon,-78.091129,-7.530121,196.9244,62.0867
06,CAJAMARCA,0602,CAJABAMBA,060204,SITACOCHA,060204,Sitacocha,7765,608.0,0.257408,1643,79.225896,265.0,31.568829,1739.0,3.175946,1845.0,300.975085,1422.0,0.903765,0.315688,0.096898,0.174898,0.107901,0.2420 - 0.3928,4.0,Cuarto Quintil,"Programa de las Naciones Unidas para el Desarrollo (PNUD), 2019. Unidad del Informe sobre Desarrollo Humano. Perú",Polygon,-77.906299,-7.474381,581.1815,122.9057
06,CAJAMARCA,0603,CELENDIN,060306,JOSE GALVEZ,060306,Jose Galvez,1881,1340.0,0.409923,824,71.629227,1293.0,57.483631,920.0,6.11356,993.0,557.841044,828.0,0.777154,0.574836,0.303772,0.417874,0.212106,0.3928 - 0.5436,3.0,Tercer Quintil,"Programa de las Naciones Unidas para el Desarrollo (PNUD), 2019. Unidad del Informe sobre Desarrollo Humano. Perú",Polygon,-78.158772,-6.919895,50.3807,34.2874
06,CAJAMARCA,0603,CELENDIN,060308,OXAMARCA,060308,Oxamarca,6226,720.0,0.1844,1828,74.001881,944.0,18.832745,1857.0,3.243098,1837.0,171.797696,1730.0,0.816698,0.188327,0.101627,0.138344,0.055496,0.0912 - 0.2420,5.0,Quinto Quintil,"Programa de las Naciones Unidas para el Desarrollo (PNUD), 2019. Unidad del Informe sobre Desarrollo Humano. Perú",Polygon,-78.061325,-7.059288,281.648,91.989
06,CAJAMARCA,0603,CELENDIN,060309,SOROCHUCO,060309,Sorochuco,8131,583.0,0.243054,1691,73.902702,958.0,51.848802,1161.0,3.145864,1847.0,230.891654,1610.0,0.815045,0.518488,0.094779,0.22168,0.079469,0.2420 - 0.3928,4.0,Cuarto Quintil,"Programa de las Naciones Unidas para el Desarrollo (PNUD), 2019. Unidad del Informe sobre Desarrollo Humano. Perú",Polygon,-78.297177,-6.934213,166.5536,63.1782
06,CAJAMARCA,0605,CONTUMAZA,060504,GUZMANGO,060504,Guzmango,2981,1101.0,0.257317,1644,73.980321,947.0,41.37847,1493.0,3.775044,1767.0,249.44675,1555.0,0.816339,0.413785,0.139088,0.239901,0.086997,0.2420 - 0.3928,4.0,Cuarto Quintil,"Programa de las Naciones Unidas para el Desarrollo (PNUD), 2019. Unidad del Informe sobre Desarrollo Humano. Perú",Polygon,-78.917688,-7.364303,50.3851,35.3453
06,CAJAMARCA,0611,SAN MIGUEL,061105,EL PRADO,061105,El Prado,580,1754.0,0.318603,1336,74.172656,917.0,34.889941,1657.0,4.757607,1511.0,395.844352,1181.0,0.819544,0.348899,0.208282,0.269573,0.146387,0.2420 - 0.3928,4.0,Cuarto Quintil,"Programa de las Naciones Unidas para el Desarrollo (PNUD), 2019. Unidad del Informe sobre Desarrollo Humano. Perú",Polygon,-79.003309,-7.038038,70.3082,51.8054
06,CAJAMARCA,0611,SAN MIGUEL,061109,NIEPOS,061109,Niepos,3130,1063.0,0.329736,1257,74.923044,800.0,41.89371,1481.0,5.741524,1135.0,346.460653,1305.0,0.832051,0.418937,0.277572,0.341006,0.126353,0.2420 - 0.3928,4.0,Cuarto Quintil,"Programa de las Naciones Unidas para el Desarrollo (PNUD), 2019. Unidad del Informe sobre Desarrollo Humano. Perú",Polygon,-79.131428,-6.926711,154.9682,89.762
06,CAJAMARCA,0611,SAN MIGUEL,061110,SAN GREGORIO,061110,San Gregorio,1965,1306.0,0.435679,721,74.616559,842.0,57.42075,925.0,5.379434,1264.0,682.95466,633.0,0.826943,0.574207,0.252073,0.38045,0.262862,0.3928 - 0.5436,3.0,Tercer Quintil,"Programa de las Naciones Unidas para el Desarrollo (PNUD), 2019. Unidad del Informe sobre Desarrollo Humano. Perú",Polygon,-79.160961,-7.117975,308.1954,88.0134
06,CAJAMARCA,0612,SAN PABLO,061203,SAN LUIS,061203,San Luis,639,1723.0,0.307105,1395,66.868041,1693.0,39.15024,1547.0,4.86653,1461.0,386.883391,1207.0,0.697801,0.391502,0.215953,0.290768,0.142752,0.2420 - 0.3928,4.0,Cuarto Quintil,"Programa de las Naciones Unidas para el Desarrollo (PNUD), 2019. Unidad del Informe sobre Desarrollo Humano. Perú",Polygon,-78.873079,-7.159046,42.788,36.435
14,LAMBAYEQUE,1401,CHICLAYO,140103,ETEN,140103,Eten,10873,462.0,0.510316,458,84.332833,12.0,69.255076,428.0,7.614255,554.0,657.101484,666.0,0.988881,0.692551,0.409455,0.532511,0.252374,0.3928 - 0.5436,3.0,Tercer Quintil,"Programa de las Naciones Unidas para el Desarrollo (PNUD), 2019. Unidad del Informe sobre Desarrollo Humano. Perú",Polygon,-79.815785,-6.930481,83.2697,44.0131
14,LAMBAYEQUE,1401,CHICLAYO,140106,LA VICTORIA,140106,La Victoria,96903,59.0,0.569812,288,80.775021,134.0,73.24532,264.0,9.61137,181.0,807.883575,463.0,0.929584,0.732453,0.550096,0.63476,0.313543,0.5436 - 0.6944,2.0,Segundo Quintil,"Programa de las Naciones Unidas para el Desarrollo (PNUD), 2019. Unidad del Informe sobre Desarrollo Humano. Perú",Polygon,-79.860913,-6.823579,41.3143,31.8793
14,LAMBAYEQUE,1401,CHICLAYO,140107,LAGUNAS,140107,Lagunas,10222,481.0,0.532831,387,80.145577,189.0,69.102464,436.0,7.779461,511.0,787.130641,492.0,0.919093,0.691025,0.421089,0.539428,0.305124,0.3928 - 0.5436,3.0,Tercer Quintil,"Programa de las Naciones Unidas para el Desarrollo (PNUD), 2019. Unidad del Informe sobre Desarrollo Humano. Perú",Polygon,-79.671286,-7.014417,429.9953,100.2342
14,LAMBAYEQUE,1401,CHICLAYO,140108,MONSEFU,140108,Monsefu,32072,174.0,0.474112,572,82.204136,53.0,63.914829,660.0,7.357156,623.0,585.935671,777.0,0.953402,0.639148,0.391349,0.50013,0.223503,0.3928 - 0.5436,3.0,Tercer Quintil,"Programa de las Naciones Unidas para el Desarrollo (PNUD), 2019. Unidad del Informe sobre Desarrollo Humano. Perú",Polygon,-79.857481,-6.865729,46.7936,42.4072
14,LAMBAYEQUE,1401,CHICLAYO,140109,NUEVA ARICA,140109,Nueva Arica,2321,1227.0,0.482887,543,81.924595,64.0,52.450868,1128.0,7.420303,604.0,677.085962,643.0,0.948743,0.524509,0.395796,0.45563,0.260481,0.3928 - 0.5436,3.0,Tercer Quintil,"Programa de las Naciones Unidas para el Desarrollo (PNUD), 2019. Unidad del Informe sobre Desarrollo Humano. Perú",Polygon,-79.370802,-6.93129,211.4821,76.5938
14,LAMBAYEQUE,1401,CHICLAYO,140113,REQUE,140113,Reque,16475,322.0,0.564199,301,80.882528,124.0,65.909434,568.0,9.073972,256.0,853.039503,411.0,0.931375,0.659094,0.512252,0.581053,0.331862,0.5436 - 0.6944,2.0,Segundo Quintil,"Programa de las Naciones Unidas para el Desarrollo (PNUD), 2019. Unidad del Informe sobre Desarrollo Humano. Perú",Polygon,-79.79419,-6.863481,45.3217,36.3584
14,LAMBAYEQUE,1401,CHICLAYO,140114,SANTA ROSA,140114,Santa Rosa,13004,403.0,0.455945,643,79.056299,278.0,66.021261,557.0,7.078348,698.0,558.493912,825.0,0.900938,0.660213,0.371715,0.495389,0.212371,0.3928 - 0.5436,3.0,Tercer Quintil,"Programa de las Naciones Unidas para el Desarrollo (PNUD), 2019. Unidad del Informe sobre Desarrollo Humano. Perú",Polygon,-79.904258,-6.880745,13.5888,25.3306
14,LAMBAYEQUE,1401,CHICLAYO,140115,SAÑA,140115,Saña,9738,500.0,0.526977,408,80.685742,140.0,64.404656,641.0,7.841573,494.0,777.524505,506.0,0.928096,0.644047,0.425463,0.523467,0.301227,0.3928 - 0.5436,3.0,Tercer Quintil,"Programa de las Naciones Unidas para el Desarrollo (PNUD), 2019. Unidad del Informe sobre Desarrollo Humano. Perú",Polygon,-79.637986,-6.887136,314.0946,128.1731
14,LAMBAYEQUE,1401,CHICLAYO,140116,CAYALTI,140116,Cayalti,15028,342.0,0.539649,366,81.722959,74.0,74.363346,231.0,7.97343,463.0,755.68397,530.0,0.945383,0.743633,0.434749,0.568589,0.292367,0.3928 - 0.5436,3.0,Tercer Quintil,"Programa de las Naciones Unidas para el Desarrollo (PNUD), 2019. Unidad del Informe sobre Desarrollo Humano. Perú",Polygon,-79.506675,-6.888698,164.4273,77.5155
15,LIMA,1502,BARRANCA,150201,BARRANCA,150201,Barranca,74927,84.0,0.635179,131,80.802441,130.0,71.353328,336.0,9.40436,209.0,1133.777921,164.0,0.930041,0.713533,0.535518,0.618151,0.445752,0.5436 - 0.6944,2.0,Segundo Quintil,"Programa de las Naciones Unidas para el Desarrollo (PNUD), 2019. Unidad del Informe sobre Desarrollo Humano. Perú",Polygon,-77.682683,-10.714923,160.7207,68.0019
15,LIMA,1508,HUAURA,150806,HUAURA,150806,Huaura,36044,161.0,0.644332,121,78.612182,331.0,70.047982,387.0,8.919818,291.0,1280.219556,93.0,0.893536,0.70048,0.501396,0.592636,0.50516,0.5436 - 0.6944,2.0,Segundo Quintil,"Programa de las Naciones Unidas para el Desarrollo (PNUD), 2019. Unidad del Informe sobre Desarrollo Humano. Perú",Polygon,-77.445201,-11.003577,481.207,115.4585
15,LIMA,1509,OYON,150902,ANDAJES,150902,Andajes,775,1678.0,0.488913,522,82.506176,43.0,71.684369,326.0,4.73869,1519.0,815.373731,457.0,0.958436,0.716844,0.20695,0.385163,0.316582,0.3928 - 0.5436,3.0,Tercer Quintil,"Programa de las Naciones Unidas para el Desarrollo (PNUD), 2019. Unidad del Informe sobre Desarrollo Humano. Perú",Polygon,-76.927137,-10.777594,152.9705,62.9981
15,LIMA,1509,OYON,150903,CAUJUL,150903,Caujul,880,1649.0,0.418712,783,80.945926,117.0,41.751649,1485.0,8.311096,400.0,478.532246,986.0,0.932432,0.417516,0.458528,0.437542,0.179932,0.3928 - 0.5436,3.0,Tercer Quintil,"Programa de las Naciones Unidas para el Desarrollo (PNUD), 2019. Unidad del Informe sobre Desarrollo Humano. Perú",Polygon,-76.986674,-10.756392,104.4151,61.0449
15,LIMA,1509,OYON,150904,COCHAMARCA,150904,Cochamarca,1420,1459.0,0.195934,1804,77.265855,487.0,61.02164,764.0,5.270055,1312.0,90.120337,1853.0,0.871098,0.610216,0.24437,0.386159,0.022361,0.0912 - 0.2420,5.0,Quinto Quintil,"Programa de las Naciones Unidas para el Desarrollo (PNUD), 2019. Unidad del Informe sobre Desarrollo Humano. Perú",Polygon,-77.127887,-10.883532,258.4608,92.562
15,LIMA,1509,OYON,150905,NAVAN,150905,Navan,1097,1573.0,0.373487,1002,83.70366,24.0,39.409809,1542.0,7.46572,592.0,366.01162,1263.0,0.978394,0.394098,0.398994,0.396539,0.134285,0.2420 - 0.3928,4.0,Cuarto Quintil,"Programa de las Naciones Unidas para el Desarrollo (PNUD), 2019. Unidad del Informe sobre Desarrollo Humano. Perú",Polygon,-77.046623,-10.857152,230.6352,78.6485
15,LIMA,1502,BARRANCA,150202,PARAMONGA,150202,Paramonga,20521,275.0,0.626869,154,82.180967,54.0,72.307534,300.0,8.959174,280.0,1090.279661,193.0,0.953016,0.723075,0.504167,0.60378,0.428105,0.5436 - 0.6944,2.0,Segundo Quintil,"Programa de las Naciones Unidas para el Desarrollo (PNUD), 2019. Unidad del Informe sobre Desarrollo Humano. Perú",Polygon,-77.742071,-10.486402,413.4388,142.4283
15,LIMA,1502,BARRANCA,150204,SUPE,150204,Supe,24647,233.0,0.630827,149,79.951646,204.0,65.832919,574.0,8.147513,432.0,1280.487368,92.0,0.915861,0.658329,0.447008,0.542474,0.505269,0.5436 - 0.6944,2.0,Segundo Quintil,"Programa de las Naciones Unidas para el Desarrollo (PNUD), 2019. Unidad del Informe sobre Desarrollo Humano. Perú",Polygon,-77.56229,-10.809601,519.1242,141.2746
15,LIMA,1502,BARRANCA,150205,SUPE PUERTO,150205,Supe Puerto,12371,421.0,0.632911,141,81.583767,80.0,69.323947,422.0,8.941946,284.0,1157.274107,155.0,0.943063,0.693239,0.502954,0.590481,0.455284,0.5436 - 0.6944,2.0,Segundo Quintil,"Programa de las Naciones Unidas para el Desarrollo (PNUD), 2019. Unidad del Informe sobre Desarrollo Humano. Perú",Polygon,-77.725679,-10.785247,15.4438,23.0388
02,ANCASH,0203,ANTONIO RAYMONDI,020301,LLAMELLIN,020301,Llamellin,3119,1067.0,0.418727,782,70.134331,1452.0,65.258628,600.0,7.528405,578.0,503.879106,925.0,0.752239,0.652586,0.403409,0.513088,0.190215,0.3928 - 0.5436,3.0,Tercer Quintil,"Programa de las Naciones Unidas para el Desarrollo (PNUD), 2019. Unidad del Informe sobre Desarrollo Humano. Perú",Polygon,-77.00734,-9.081828,95.3451,52.2396
02,ANCASH,0212,HUAYLAS,021206,PAMPAROMAS,021206,Pamparomas,8251,572.0,0.253127,1665,80.030978,196.0,32.295935,1721.0,3.439782,1820.0,260.712396,1525.0,0.917183,0.322959,0.115478,0.193118,0.091567,0.2420 - 0.3928,4.0,Cuarto Quintil,"Programa de las Naciones Unidas para el Desarrollo (PNUD), 2019. Unidad del Informe sobre Desarrollo Humano. Perú",Polygon,-77.957003,-9.143226,500.1007,109.8386
02,ANCASH,0205,BOLOGNESI,020502,ABELARDO PARDO LEZAMETA,020502,Abelardo Pardo Lezameta,935,1629.0,0.434687,725,69.81422,1477.0,50.434603,1216.0,10.17358,115.0,532.057114,877.0,0.746904,0.504346,0.589689,0.545351,0.201646,0.3928 - 0.5436,3.0,Tercer Quintil,"Programa de las Naciones Unidas para el Desarrollo (PNUD), 2019. Unidad del Informe sobre Desarrollo Humano. Perú",Polygon,-77.159758,-10.309949,11.907,15.1925
02,ANCASH,0205,BOLOGNESI,020503,ANTONIO RAYMONDI,020503,Antonio Raymondi,931,1630.0,0.369828,1024,75.506965,717.0,58.31501,890.0,5.770483,1120.0,401.815422,1161.0,0.841783,0.58315,0.279611,0.403801,0.14881,0.2420 - 0.3928,4.0,Cuarto Quintil,"Programa de las Naciones Unidas para el Desarrollo (PNUD), 2019. Unidad del Informe sobre Desarrollo Humano. Perú",Polygon,-77.499863,-10.203241,121.9176,48.7506
02,ANCASH,0205,BOLOGNESI,020505,CAJACAY,020505,Cajacay,1595,1406.0,0.453116,651,69.606971,1499.0,58.767277,855.0,7.129251,680.0,691.804531,622.0,0.74345,0.587673,0.375299,0.469631,0.266452,0.3928 - 0.5436,3.0,Tercer Quintil,"Programa de las Naciones Unidas para el Desarrollo (PNUD), 2019. Unidad del Informe sobre Desarrollo Humano. Perú",Polygon,-77.342479,-10.190442,185.1878,74.4875
02,ANCASH,0205,BOLOGNESI,020506,CANIS,020506,Canis,1002,1603.0,0.460564,629,71.366148,1331.0,73.359423,258.0,8.120461,437.0,580.354123,784.0,0.772769,0.733594,0.445103,0.571424,0.221239,0.3928 - 0.5436,3.0,Tercer Quintil,"Programa de las Naciones Unidas para el Desarrollo (PNUD), 2019. Unidad del Informe sobre Desarrollo Humano. Perú",Polygon,-77.19098,-10.334455,20.7333,26.4212
02,ANCASH,0205,BOLOGNESI,020507,COLQUIOC,020507,Colquioc,3659,984.0,0.531955,391,71.038282,1375.0,71.476855,332.0,8.314598,399.0,879.484263,386.0,0.767305,0.714769,0.458775,0.572641,0.34259,0.3928 - 0.5436,3.0,Tercer Quintil,"Programa de las Naciones Unidas para el Desarrollo (PNUD), 2019. Unidad del Informe sobre Desarrollo Humano. Perú",Polygon,-77.585529,-10.301386,305.0321,88.4739
02,ANCASH,0205,BOLOGNESI,020511,LA PRIMAVERA,020511,La Primavera,821,1667.0,0.346076,1155,71.806345,1269.0,69.832527,399.0,7.274766,646.0,287.412406,1462.0,0.780106,0.698325,0.385547,0.518881,0.102399,0.2420 - 0.3928,4.0,Cuarto Quintil,"Programa de las Naciones Unidas para el Desarrollo (PNUD), 2019. Unidad del Informe sobre Desarrollo Humano. Perú",Polygon,-77.106285,-10.301864,62.472,41.0647
02,ANCASH,0205,BOLOGNESI,020512,MANGAS,020512,Mangas,532,1773.0,0.36715,1038,71.867037,1259.0,58.84037,852.0,6.715763,808.0,381.053237,1217.0,0.781117,0.588404,0.34618,0.451325,0.140387,0.2420 - 0.3928,4.0,Cuarto Quintil,"Programa de las Naciones Unidas para el Desarrollo (PNUD), 2019. Unidad del Informe sobre Desarrollo Humano. Perú",Polygon,-77.104721,-10.360918,126.0347,81.8175
02,ANCASH,0205,BOLOGNESI,020513,PACLLON,020513,Pacllon,1443,1451.0,0.426941,745,72.933887,1111.0,25.981462,1809.0,8.071798,445.0,743.834785,544.0,0.798898,0.259815,0.441676,0.338753,0.28756,0.3928 - 0.5436,3.0,Tercer Quintil,"Programa de las Naciones Unidas para el Desarrollo (PNUD), 2019. Unidad del Informe sobre Desarrollo Humano. Perú",Polygon,-77.003408,-10.238922,210.629,77.281
02,ANCASH,0205,BOLOGNESI,020514,SAN MIGUEL DE CORPANQUI,020514,San Miguel De Corpanqui,1083,1579.0,0.399067,880,68.91105,1561.0,77.591697,131.0,8.316157,398.0,393.733613,1188.0,0.731851,0.775917,0.458884,0.596704,0.145531,0.3928 - 0.5436,3.0,Tercer Quintil,"Programa de las Naciones Unidas para el Desarrollo (PNUD), 2019. Unidad del Informe sobre Desarrollo Humano. Perú",Polygon,-77.209853,-10.291528,42.7176,33.108
02,ANCASH,0205,BOLOGNESI,020515,TICLLOS,020515,Ticllos,1103,1570.0,0.403408,860,71.707425,1281.0,53.089056,1098.0,6.671226,819.0,522.124157,893.0,0.778457,0.530891,0.343044,0.426754,0.197616,0.3928 - 0.5436,3.0,Tercer Quintil,"Programa de las Naciones Unidas para el Desarrollo (PNUD), 2019. Unidad del Informe sobre Desarrollo Humano. Perú",Polygon,-77.208031,-10.232474,92.5595,51.6126
02,ANCASH,0201,HUARAZ,020105,INDEPENDENCIA,020105,Independencia,78605,76.0,0.584998,243,75.298609,747.0,73.37039,257.0,9.670945,172.0,958.092037,300.0,0.83831,0.733704,0.554292,0.637719,0.37448,0.5436 - 0.6944,2.0,Segundo Quintil,"Programa de las Naciones Unidas para el Desarrollo (PNUD), 2019. Unidad del Informe sobre Desarrollo Humano. Perú",Polygon,-77.484687,-9.471343,345.48,104.9303
02,ANCASH,0203,ANTONIO RAYMONDI,020305,MIRGAS,020305,Mirgas,4459,885.0,0.228674,1739,72.97929,1105.0,40.535569,1514.0,4.466537,1624.0,168.602606,1743.0,0.799655,0.405356,0.187784,0.275898,0.0542,0.0912 - 0.2420,5.0,Quinto Quintil,"Programa de las Naciones Unidas para el Desarrollo (PNUD), 2019. Unidad del Informe sobre Desarrollo Humano. Perú",Polygon,-77.112912,-9.11603,172.0626,68.6733
02,ANCASH,0218,SANTA,021809,NUEVO CHIMBOTE,021809,Nuevo Chimbote,175441,32.0,0.64596,114,78.639087,328.0,73.949226,244.0,10.615651,68.0,1131.865713,166.0,0.893985,0.739492,0.62082,0.677563,0.444976,0.5436 - 0.6944,2.0,Segundo Quintil,"Programa de las Naciones Unidas para el Desarrollo (PNUD), 2019. Unidad del Informe sobre Desarrollo Humano. Perú",Polygon,-78.436115,-9.100096,400.7446,130.3766
02,ANCASH,0209,CORONGO,020901,CORONGO,020901,Corongo,1272,1509.0,0.368138,1030,72.117336,1217.0,23.936061,1827.0,6.236158,951.0,607.70912,749.0,0.785289,0.239361,0.312405,0.273455,0.232336,0.2420 - 0.3928,4.0,Cuarto Quintil,"Programa de las Naciones Unidas para el Desarrollo (PNUD), 2019. Unidad del Informe sobre Desarrollo Humano. Perú",Polygon,-77.929025,-8.548909,151.6606,60.9465
02,ANCASH,0209,CORONGO,020902,ACO,020902,Aco,332,1845.0,0.393263,904,74.019352,942.0,53.108136,1096.0,5.422524,1249.0,533.548806,875.0,0.816989,0.531081,0.255107,0.36808,0.202251,0.3928 - 0.5436,3.0,Tercer Quintil,"Programa de las Naciones Unidas para el Desarrollo (PNUD), 2019. Unidad del Informe sobre Desarrollo Humano. Perú",Polygon,-77.883478,-8.508028,57.4636,44.7215
02,ANCASH,0209,CORONGO,020903,BAMBAS,020903,Bambas,511,1786.0,0.299967,1428,72.209855,1196.0,44.25678,1415.0,5.344941,1281.0,289.394076,1455.0,0.786831,0.442568,0.249644,0.332392,0.103202,0.2420 - 0.3928,4.0,Cuarto Quintil,"Programa de las Naciones Unidas para el Desarrollo (PNUD), 2019. Unidad del Informe sobre Desarrollo Humano. Perú",Polygon,-78.046848,-8.604808,153.8067,56.6978
02,ANCASH,0209,CORONGO,020904,CUSCA,020904,Cusca,2856,1117.0,0.340247,1198,73.785111,980.0,55.659182,991.0,5.735442,1137.0,339.048784,1327.0,0.813085,0.556592,0.277144,0.392754,0.123346,0.2420 - 0.3928,4.0,Cuarto Quintil,"Programa de las Naciones Unidas para el Desarrollo (PNUD), 2019. Unidad del Informe sobre Desarrollo Humano. Perú",Polygon,-77.78891,-8.523278,425.9291,104.1769
02,ANCASH,0209,CORONGO,020905,LA PAMPA,020905,La Pampa,817,1668.0,0.461737,624,72.544878,1163.0,50.579177,1208.0,6.925729,742.0,751.687361,537.0,0.792415,0.505792,0.360967,0.427287,0.290745,0.3928 - 0.5436,3.0,Tercer Quintil,"Programa de las Naciones Unidas para el Desarrollo (PNUD), 2019. Unidad del Informe sobre Desarrollo Humano. Perú",Polygon,-77.892987,-8.678116,94.6723,61.9761
02,ANCASH,0209,CORONGO,020906,YANAC,020906,Yanac,630,1727.0,0.350473,1123,73.817971,973.0,41.562889,1490.0,5.612459,1183.0,425.426351,1105.0,0.813633,0.415629,0.268483,0.33405,0.158388,0.2420 - 0.3928,4.0,Cuarto Quintil,"Programa de las Naciones Unidas para el Desarrollo (PNUD), 2019. Unidad del Informe sobre Desarrollo Humano. Perú",Polygon,-77.847151,-8.62509,46.8017,30.3079
02,ANCASH,0209,CORONGO,020907,YUPAN,020907,Yupan,983,1605.0,0.469109,590,74.094735,928.0,37.319231,1592.0,8.079575,442.0,800.537122,473.0,0.818246,0.373192,0.442224,0.406244,0.310563,0.3928 - 0.5436,3.0,Tercer Quintil,"Programa de las Naciones Unidas para el Desarrollo (PNUD), 2019. Unidad del Informe sobre Desarrollo Humano. Perú",Polygon,-77.970092,-8.641489,84.9057,43.1673
02,ANCASH,0214,OCROS,021405,COCHAS,021405,Cochas,1584,1409.0,0.531798,392,80.246635,177.0,55.316764,1011.0,6.947208,738.0,934.151204,330.0,0.920777,0.553168,0.362479,0.447786,0.364767,0.3928 - 0.5436,3.0,Tercer Quintil,"Programa de las Naciones Unidas para el Desarrollo (PNUD), 2019. Unidad del Informe sobre Desarrollo Humano. Perú",Polygon,-77.487009,-10.649244,411.1012,110.6559
06,CAJAMARCA,0601,CAJAMARCA,060103,CHETILLA,060103,Chetilla,3945,950.0,0.116449,1873,76.229513,614.0,33.880504,1687.0,2.361249,1868.0,74.39578,1862.0,0.853825,0.338805,0.039525,0.11572,0.015982,0.0912 - 0.2420,5.0,Quinto Quintil,"Programa de las Naciones Unidas para el Desarrollo (PNUD), 2019. Unidad del Informe sobre Desarrollo Humano. Perú",Polygon,-78.654025,-7.142504,73.5167,39.8252
06,CAJAMARCA,0601,CAJAMARCA,060104,COSPAN,060104,Cospan,6877,668.0,0.191374,1813,72.164573,1210.0,25.125038,1817.0,3.65027,1793.0,156.471701,1767.0,0.786076,0.25125,0.130301,0.180937,0.049279,0.0912 - 0.2420,5.0,Quinto Quintil,"Programa de las Naciones Unidas para el Desarrollo (PNUD), 2019. Unidad del Informe sobre Desarrollo Humano. Perú",Polygon,-78.516852,-7.453022,552.5271,123.9117
06,CAJAMARCA,0605,CONTUMAZA,060503,CUPISNIQUE,060503,Cupisnique,1268,1513.0,0.273444,1572,69.000831,1555.0,39.636218,1532.0,5.076548,1382.0,262.248908,1521.0,0.733347,0.396362,0.230743,0.30242,0.09219,0.2420 - 0.3928,4.0,Cuarto Quintil,"Programa de las Naciones Unidas para el Desarrollo (PNUD), 2019. Unidad del Informe sobre Desarrollo Humano. Perú",Polygon,-79.066558,-7.37346,292.8829,81.8631
06,CAJAMARCA,0605,CONTUMAZA,060505,SAN BENITO,060505,San Benito,3707,978.0,0.38239,948,71.090685,1368.0,45.001407,1388.0,5.318456,1295.0,572.316965,798.0,0.768178,0.450014,0.247779,0.333922,0.217978,0.2420 - 0.3928,4.0,Cuarto Quintil,"Programa de las Naciones Unidas para el Desarrollo (PNUD), 2019. Unidad del Informe sobre Desarrollo Humano. Perú",Polygon,-78.962297,-7.502781,486.4434,112.3372
02,ANCASH,0202,AIJA,020205,SUCCHA,020205,Succha,686,1707.0,0.40088,871,66.108639,1722.0,45.503355,1372.0,6.884361,757.0,609.224295,745.0,0.685144,0.455034,0.358054,0.403641,0.232951,0.3928 - 0.5436,3.0,Tercer Quintil,"Programa de las Naciones Unidas para el Desarrollo (PNUD), 2019. Unidad del Informe sobre Desarrollo Humano. Perú",Polygon,-77.635761,-9.838001,77.4151,43.8773
02,ANCASH,0210,HUARI,021008,HUANTAR,021008,Huantar,2726,1146.0,0.379487,966,76.648045,556.0,70.83872,359.0,5.505733,1219.0,398.980762,1171.0,0.860801,0.708387,0.260967,0.42996,0.14766,0.2420 - 0.3928,4.0,Cuarto Quintil,"Programa de las Naciones Unidas para el Desarrollo (PNUD), 2019. Unidad del Informe sobre Desarrollo Humano. Perú",Polygon,-77.236162,-9.467824,161.7561,65.782
02,ANCASH,0210,HUARI,021009,MASIN,021009,Masin,1216,1530.0,0.351385,1121,77.658141,443.0,21.787615,1843.0,5.839917,1090.0,524.446171,888.0,0.877636,0.217876,0.284501,0.24897,0.198558,0.2420 - 0.3928,4.0,Cuarto Quintil,"Programa de las Naciones Unidas para el Desarrollo (PNUD), 2019. Unidad del Informe sobre Desarrollo Humano. Perú",Polygon,-77.092533,-9.331618,75.2217,45.7732
02,ANCASH,0210,HUARI,021010,PAUCAS,021010,Paucas,1414,1461.0,0.375587,994,73.851943,968.0,35.91365,1630.0,6.636563,832.0,493.631285,951.0,0.814199,0.359137,0.340603,0.349747,0.186057,0.2420 - 0.3928,4.0,Cuarto Quintil,"Programa de las Naciones Unidas para el Desarrollo (PNUD), 2019. Unidad del Informe sobre Desarrollo Humano. Perú",Polygon,-76.884604,-9.151011,138.9767,57.3647
02,ANCASH,0210,HUARI,021011,PONTO,021011,Ponto,2817,1128.0,0.287873,1499,74.023851,941.0,48.304466,1285.0,5.311571,1300.0,243.239033,1576.0,0.817064,0.483045,0.247294,0.345621,0.084478,0.2420 - 0.3928,4.0,Cuarto Quintil,"Programa de las Naciones Unidas para el Desarrollo (PNUD), 2019. Unidad del Informe sobre Desarrollo Humano. Perú",Polygon,-76.984896,-9.347447,119.0057,48.4349
02,ANCASH,0210,HUARI,021012,RAHUAPAMPA,021012,Rahuapampa,775,1677.0,0.468768,592,75.77956,678.0,45.689488,1365.0,8.576283,353.0,677.531455,641.0,0.846326,0.456895,0.477203,0.466939,0.260662,0.3928 - 0.5436,3.0,Tercer Quintil,"Programa de las Naciones Unidas para el Desarrollo (PNUD), 2019. Unidad del Informe sobre Desarrollo Humano. Perú",Polygon,-77.06271,-9.35563,9.5476,19.8767
02,ANCASH,0210,HUARI,021013,RAPAYAN,021013,Rapayan,1534,1426.0,0.275324,1560,71.833858,1264.0,28.427783,1782.0,6.256239,948.0,255.663408,1539.0,0.780564,0.284278,0.31382,0.298684,0.089519,0.2420 - 0.3928,4.0,Cuarto Quintil,"Programa de las Naciones Unidas para el Desarrollo (PNUD), 2019. Unidad del Informe sobre Desarrollo Humano. Perú",Polygon,-76.776645,-9.272103,145.5137,53.5799
02,ANCASH,0210,HUARI,021014,SAN MARCOS,021014,San Marcos,16661,318.0,0.546601,351,75.445421,727.0,63.264116,680.0,8.282655,409.0,925.936721,339.0,0.840757,0.632641,0.456525,0.537417,0.361435,0.5436 - 0.6944,2.0,Segundo Quintil,"Programa de las Naciones Unidas para el Desarrollo (PNUD), 2019. Unidad del Informe sobre Desarrollo Humano. Perú",Polygon,-77.091846,-9.628119,561.501,143.2346
02,ANCASH,0210,HUARI,021015,SAN PEDRO DE CHANA,021015,San Pedro De Chana,2702,1150.0,0.27582,1556,75.373739,736.0,33.863973,1688.0,6.089982,1007.0,227.614568,1619.0,0.839562,0.33864,0.302111,0.319855,0.07814,0.2420 - 0.3928,4.0,Cuarto Quintil,"Programa de las Naciones Unidas para el Desarrollo (PNUD), 2019. Unidad del Informe sobre Desarrollo Humano. Perú",Polygon,-76.982332,-9.466571,143.9565,58.5919
02,ANCASH,0210,HUARI,021016,UCO,021016,Uco,1356,1480.0,0.364502,1055,74.641876,838.0,53.85007,1061.0,6.721999,807.0,368.964849,1253.0,0.827365,0.538501,0.34662,0.432036,0.135483,0.2420 - 0.3928,4.0,Cuarto Quintil,"Programa de las Naciones Unidas para el Desarrollo (PNUD), 2019. Unidad del Informe sobre Desarrollo Humano. Perú",Polygon,-76.931539,-9.191125,51.8843,34.5351
02,ANCASH,0211,HUARMEY,021101,HUARMEY,021101,Huarmey,25730,220.0,0.59433,224,79.512742,237.0,67.239637,517.0,9.093809,250.0,1004.185629,255.0,0.908546,0.672396,0.513649,0.587686,0.393179,0.5436 - 0.6944,2.0,Segundo Quintil,"Programa de las Naciones Unidas para el Desarrollo (PNUD), 2019. Unidad del Informe sobre Desarrollo Humano. Perú",Polygon,-77.918477,-10.173751,2908.8244,301.6859
02,ANCASH,0211,HUARMEY,021102,COCHAPETI,021102,Cochapeti,608,1739.0,0.296397,1452,79.494209,239.0,54.188208,1050.0,6.427177,891.0,203.179087,1677.0,0.908237,0.541882,0.325858,0.42021,0.068227,0.2420 - 0.3928,4.0,Cuarto Quintil,"Programa de las Naciones Unidas para el Desarrollo (PNUD), 2019. Unidad del Informe sobre Desarrollo Humano. Perú",Polygon,-77.692271,-9.985847,98.5145,54.9994
02,ANCASH,0211,HUARMEY,021103,CULEBRAS,021103,Culebras,3657,985.0,0.522405,421,78.102842,399.0,53.296504,1086.0,7.157422,671.0,920.50074,343.0,0.885047,0.532965,0.377283,0.448418,0.35923,0.3928 - 0.5436,3.0,Tercer Quintil,"Programa de las Naciones Unidas para el Desarrollo (PNUD), 2019. Unidad del Informe sobre Desarrollo Humano. Perú",Polygon,-78.103566,-9.822718,630.3015,141.8271
02,ANCASH,0211,HUARMEY,021104,HUAYAN,021104,Huayan,842,1661.0,0.436093,718,78.118173,395.0,41.641554,1488.0,7.186555,664.0,616.013886,733.0,0.885303,0.416416,0.379335,0.397443,0.235705,0.3928 - 0.5436,3.0,Tercer Quintil,"Programa de las Naciones Unidas para el Desarrollo (PNUD), 2019. Unidad del Informe sobre Desarrollo Humano. Perú",Polygon,-77.744613,-9.897477,113.0958,71.2123
02,ANCASH,0211,HUARMEY,021105,MALVAS,021105,Malvas,726,1696.0,0.413808,814,76.498507,578.0,51.147033,1188.0,7.593034,560.0,480.502232,982.0,0.858308,0.51147,0.40796,0.456793,0.180731,0.3928 - 0.5436,3.0,Tercer Quintil,"Programa de las Naciones Unidas para el Desarrollo (PNUD), 2019. Unidad del Informe sobre Desarrollo Humano. Perú",Polygon,-77.66472,-9.921034,167.7024,71.1812
02,ANCASH,0212,HUAYLAS,021201,CARAZ,021201,Caraz,25527,222.0,0.498427,498,79.231974,263.0,52.822705,1110.0,7.153983,672.0,791.681997,485.0,0.903866,0.528227,0.377041,0.446277,0.30697,0.3928 - 0.5436,3.0,Tercer Quintil,"Programa de las Naciones Unidas para el Desarrollo (PNUD), 2019. Unidad del Informe sobre Desarrollo Humano. Perú",Polygon,-77.749762,-9.022515,243.7988,89.5108
02,ANCASH,0212,HUAYLAS,021207,PUEBLO LIBRE,021207,Pueblo Libre,6398,704.0,0.308438,1390,82.787156,35.0,35.572805,1638.0,3.239502,1840.0,430.474703,1093.0,0.963119,0.355728,0.101373,0.189898,0.160436,0.2420 - 0.3928,4.0,Cuarto Quintil,"Programa de las Naciones Unidas para el Desarrollo (PNUD), 2019. Unidad del Informe sobre Desarrollo Humano. Perú",Polygon,-77.818714,-9.148702,127.2131,53.1391
02,ANCASH,0202,AIJA,020204,LA MERCED,020204,La Merced,1653,1399.0,0.306779,1398,63.90826,1786.0,39.888881,1527.0,6.30002,936.0,343.684415,1314.0,0.648471,0.398889,0.316903,0.35554,0.125227,0.2420 - 0.3928,4.0,Cuarto Quintil,"Programa de las Naciones Unidas para el Desarrollo (PNUD), 2019. Unidad del Informe sobre Desarrollo Humano. Perú",Polygon,-77.615418,-9.703049,156.6967,60.6966
02,ANCASH,0203,ANTONIO RAYMONDI,020302,ACZO,020302,Aczo,1636,1401.0,0.331968,1242,71.490393,1312.0,51.472372,1175.0,6.449102,881.0,318.508103,1381.0,0.77484,0.514724,0.327402,0.410514,0.115013,0.2420 - 0.3928,4.0,Cuarto Quintil,"Programa de las Naciones Unidas para el Desarrollo (PNUD), 2019. Unidad del Informe sobre Desarrollo Humano. Perú",Polygon,-76.998605,-9.22012,65.4742,70.1383
02,ANCASH,0203,ANTONIO RAYMONDI,020303,CHACCHO,020303,Chaccho,1291,1502.0,0.300036,1427,69.24506,1533.0,41.198878,1499.0,6.038908,1025.0,292.452211,1451.0,0.737418,0.411989,0.298515,0.350692,0.104443,0.2420 - 0.3928,4.0,Cuarto Quintil,"Programa de las Naciones Unidas para el Desarrollo (PNUD), 2019. Unidad del Informe sobre Desarrollo Humano. Perú",Polygon,-77.072038,-9.027736,71.9878,43.1521
02,ANCASH,0203,ANTONIO RAYMONDI,020304,CHINGAS,020304,Chingas,1735,1381.0,0.364897,1049,71.669393,1288.0,42.952713,1454.0,6.825976,774.0,429.89702,1095.0,0.777823,0.429527,0.353942,0.389907,0.160202,0.2420 - 0.3928,4.0,Cuarto Quintil,"Programa de las Naciones Unidas para el Desarrollo (PNUD), 2019. Unidad del Informe sobre Desarrollo Humano. Perú",Polygon,-77.007437,-9.139328,50.5238,39.1585
02,ANCASH,0208,CASMA,020804,YAUTAN,020804,Yautan,8572,555.0,0.460431,631,79.999245,199.0,52.114607,1144.0,6.100264,1001.0,695.726022,616.0,0.916654,0.521146,0.302835,0.397268,0.268043,0.3928 - 0.5436,3.0,Tercer Quintil,"Programa de las Naciones Unidas para el Desarrollo (PNUD), 2019. Unidad del Informe sobre Desarrollo Humano. Perú",Polygon,-78.02029,-9.50589,365.3282,106.1131
02,ANCASH,0205,BOLOGNESI,020501,CHIQUIAN,020501,Chiquian,3451,1017.0,0.515532,440,71.444407,1322.0,58.96969,848.0,8.931625,288.0,836.747527,435.0,0.774073,0.589697,0.502227,0.544207,0.325253,0.3928 - 0.5436,3.0,Tercer Quintil,"Programa de las Naciones Unidas para el Desarrollo (PNUD), 2019. Unidad del Informe sobre Desarrollo Humano. Perú",Polygon,-77.179228,-10.178163,185.8115,91.3679
02,ANCASH,0205,BOLOGNESI,020504,AQUIA,020504,Aquia,1967,1305.0,0.434959,724,71.47514,1315.0,43.512207,1435.0,6.175503,973.0,750.182953,538.0,0.774586,0.435122,0.308134,0.366164,0.290135,0.3928 - 0.5436,3.0,Tercer Quintil,"Programa de las Naciones Unidas para el Desarrollo (PNUD), 2019. Unidad del Informe sobre Desarrollo Humano. Perú",Polygon,-77.130937,-9.96577,436.8431,108.6424
02,ANCASH,0205,BOLOGNESI,020508,HUALLANCA,020508,Huallanca,7349,634.0,0.452876,653,69.403855,1521.0,42.887819,1455.0,7.286328,638.0,795.01672,482.0,0.740064,0.428878,0.386361,0.407065,0.308323,0.3928 - 0.5436,3.0,Tercer Quintil,"Programa de las Naciones Unidas para el Desarrollo (PNUD), 2019. Unidad del Informe sobre Desarrollo Humano. Perú",Polygon,-76.94377,-9.917144,817.9622,156.4064
02,ANCASH,0205,BOLOGNESI,020509,HUASTA,020509,Huasta,2075,1286.0,0.371872,1013,69.670515,1494.0,45.06922,1386.0,6.453083,879.0,478.058889,987.0,0.744509,0.450692,0.327682,0.384296,0.17974,0.2420 - 0.3928,4.0,Cuarto Quintil,"Programa de las Naciones Unidas para el Desarrollo (PNUD), 2019. Unidad del Informe sobre Desarrollo Humano. Perú",Polygon,-77.031524,-10.113919,389.7674,100.4302
02,ANCASH,0205,BOLOGNESI,020510,HUAYLLACAYAN,020510,Huayllacayan,1022,1594.0,0.334208,1229,75.71864,685.0,67.628218,498.0,5.775122,1115.0,285.18211,1468.0,0.845311,0.676282,0.279938,0.435106,0.101494,0.2420 - 0.3928,4.0,Cuarto Quintil,"Programa de las Naciones Unidas para el Desarrollo (PNUD), 2019. Unidad del Informe sobre Desarrollo Humano. Perú",Polygon,-77.410771,-10.246941,117.4736,57.2453
02,ANCASH,0206,CARHUAZ,020601,CARHUAZ,020601,Carhuaz,15833,329.0,0.441798,696,76.313927,603.0,65.399262,593.0,5.973554,1050.0,601.90273,758.0,0.855232,0.653993,0.293912,0.438425,0.229981,0.3928 - 0.5436,3.0,Tercer Quintil,"Programa de las Naciones Unidas para el Desarrollo (PNUD), 2019. Unidad del Informe sobre Desarrollo Humano. Perú",Polygon,-77.639612,-9.293589,195.3325,86.1218
02,ANCASH,0206,CARHUAZ,020602,ACOPAMPA,020602,Acopampa,2517,1182.0,0.466981,599,79.267336,256.0,70.504526,373.0,6.514446,867.0,608.649905,748.0,0.904456,0.705045,0.332003,0.483815,0.232718,0.3928 - 0.5436,3.0,Tercer Quintil,"Programa de las Naciones Unidas para el Desarrollo (PNUD), 2019. Unidad del Informe sobre Desarrollo Humano. Perú",Polygon,-77.610009,-9.290033,14.5726,16.4751
02,ANCASH,0206,CARHUAZ,020603,AMASHCA,020603,Amashca,1319,1491.0,0.294082,1464,82.72675,38.0,56.653421,952.0,3.838802,1757.0,263.475984,1516.0,0.962112,0.566534,0.143578,0.285205,0.092688,0.2420 - 0.3928,4.0,Cuarto Quintil,"Programa de las Naciones Unidas para el Desarrollo (PNUD), 2019. Unidad del Informe sobre Desarrollo Humano. Perú",Polygon,-77.644883,-9.223525,13.2076,16.6054
02,ANCASH,0206,CARHUAZ,020604,ANTA,020604,Anta,2389,1212.0,0.379038,969,76.494239,579.0,62.742201,701.0,5.261195,1320.0,434.952674,1072.0,0.858237,0.627422,0.243746,0.391065,0.162253,0.2420 - 0.3928,4.0,Cuarto Quintil,"Programa de las Naciones Unidas para el Desarrollo (PNUD), 2019. Unidad del Informe sobre Desarrollo Humano. Perú",Polygon,-77.632427,-9.361035,43.2093,32.9139
02,ANCASH,0206,CARHUAZ,020605,ATAQUERO,020605,Ataquero,1171,1548.0,0.258884,1636,76.843936,535.0,48.9911,1266.0,4.165467,1690.0,208.265129,1664.0,0.864066,0.489911,0.166582,0.285675,0.07029,0.2420 - 0.3928,4.0,Cuarto Quintil,"Programa de las Naciones Unidas para el Desarrollo (PNUD), 2019. Unidad del Informe sobre Desarrollo Humano. Perú",Polygon,-77.729291,-9.29019,46.3615,41.7612
02,ANCASH,0206,CARHUAZ,020606,MARCARA,020606,Marcara,9466,512.0,0.416163,798,82.135692,57.0,67.781727,493.0,4.83283,1479.0,525.359988,887.0,0.952262,0.677817,0.21358,0.380484,0.198929,0.3928 - 0.5436,3.0,Tercer Quintil,"Programa de las Naciones Unidas para el Desarrollo (PNUD), 2019. Unidad del Informe sobre Desarrollo Humano. Perú",Polygon,-77.495534,-9.303712,176.9909,100.5739
02,ANCASH,0206,CARHUAZ,020607,PARIAHUANCA,020607,Pariahuanca,1509,1432.0,0.426111,748,81.041705,111.0,73.344921,261.0,5.858702,1085.0,480.956112,981.0,0.934028,0.733449,0.285824,0.457862,0.180915,0.3928 - 0.5436,3.0,Tercer Quintil,"Programa de las Naciones Unidas para el Desarrollo (PNUD), 2019. Unidad del Informe sobre Desarrollo Humano. Perú",Polygon,-77.574196,-9.356018,11.925,14.6406
02,ANCASH,0201,HUARAZ,020101,HUARAZ,020101,Huaraz,64284,102.0,0.603079,201,74.32153,887.0,74.045555,242.0,10.264927,109.0,1025.006308,239.0,0.822025,0.740456,0.596122,0.664381,0.401625,0.5436 - 0.6944,2.0,Segundo Quintil,"Programa de las Naciones Unidas para el Desarrollo (PNUD), 2019. Unidad del Informe sobre Desarrollo Humano. Perú",Polygon,-77.471498,-9.570404,422.6639,134.0242
02,ANCASH,0201,HUARAZ,020102,COCHABAMBA,020102,Cochabamba,1669,1395.0,0.273068,1574,69.956257,1466.0,36.531808,1607.0,4.406353,1636.0,293.69124,1446.0,0.749271,0.365318,0.183546,0.258945,0.104946,0.2420 - 0.3928,4.0,Cuarto Quintil,"Programa de las Naciones Unidas para el Desarrollo (PNUD), 2019. Unidad del Informe sobre Desarrollo Humano. Perú",Polygon,-77.851557,-9.466068,138.2656,51.743
02,ANCASH,0201,HUARAZ,020104,HUANCHAY,020104,Huanchay,1448,1449.0,0.321614,1317,70.435507,1425.0,52.094584,1146.0,5.955877,1055.0,312.329247,1394.0,0.757258,0.520946,0.292667,0.390466,0.112507,0.2420 - 0.3928,4.0,Cuarto Quintil,"Programa de las Naciones Unidas para el Desarrollo (PNUD), 2019. Unidad del Informe sobre Desarrollo Humano. Perú",Polygon,-77.819326,-9.731053,208.8596,73.3336
02,ANCASH,0201,HUARAZ,020106,JANGAS,020106,Jangas,5143,809.0,0.432388,727,78.798678,308.0,58.473513,871.0,6.088318,1008.0,563.857243,813.0,0.896645,0.584735,0.301994,0.420222,0.214547,0.3928 - 0.5436,3.0,Tercer Quintil,"Programa de las Naciones Unidas para el Desarrollo (PNUD), 2019. Unidad del Informe sobre Desarrollo Humano. Perú",Polygon,-77.603835,-9.441328,62.2643,38.3522
02,ANCASH,0201,HUARAZ,020107,LA LIBERTAD,020107,La Libertad,961,1613.0,0.192918,1811,71.183021,1353.0,28.43681,1781.0,4.298604,1663.0,137.792253,1797.0,0.769717,0.284368,0.175958,0.223689,0.041701,0.0912 - 0.2420,5.0,Quinto Quintil,"Programa de las Naciones Unidas para el Desarrollo (PNUD), 2019. Unidad del Informe sobre Desarrollo Humano. Perú",Polygon,-77.717881,-9.63677,148.3769,61.67
02,ANCASH,0201,HUARAZ,020108,OLLEROS,020108,Olleros,1871,1344.0,0.322188,1312,74.495865,857.0,52.390221,1130.0,5.660975,1166.0,299.787749,1428.0,0.824931,0.523902,0.2719,0.377424,0.107419,0.2420 - 0.3928,4.0,Cuarto Quintil,"Programa de las Naciones Unidas para el Desarrollo (PNUD), 2019. Unidad del Informe sobre Desarrollo Humano. Perú",Polygon,-77.371636,-9.621849,230.7772,74.9577
02,ANCASH,0201,HUARAZ,020109,PAMPAS GRANDE,020109,Pampas,916,1635.0,0.333532,1231,70.035804,1460.0,59.156969,835.0,6.488857,875.0,310.694931,1397.0,0.750597,0.59157,0.330201,0.441969,0.111844,0.2420 - 0.3928,4.0,Cuarto Quintil,"Programa de las Naciones Unidas para el Desarrollo (PNUD), 2019. Unidad del Informe sobre Desarrollo Humano. Perú",Polygon,-77.910294,-9.645733,351.6719,107.4027
02,ANCASH,0201,HUARAZ,020110,PARIACOTO,020110,Pariacoto,4759,854.0,0.338115,1211,73.038216,1095.0,51.731556,1166.0,5.289875,1305.0,368.762329,1254.0,0.800637,0.517316,0.245766,0.356565,0.135401,0.2420 - 0.3928,4.0,Cuarto Quintil,"Programa de las Naciones Unidas para el Desarrollo (PNUD), 2019. Unidad del Informe sobre Desarrollo Humano. Perú",Polygon,-77.79459,-9.481219,168.1262,97.1677
02,ANCASH,0201,HUARAZ,020111,PIRA,020111,Pira,3229,1049.0,0.322672,1307,76.121531,634.0,45.908956,1359.0,4.53412,1591.0,361.914478,1267.0,0.852026,0.45909,0.192544,0.297313,0.132623,0.2420 - 0.3928,4.0,Cuarto Quintil,"Programa de las Naciones Unidas para el Desarrollo (PNUD), 2019. Unidad del Informe sobre Desarrollo Humano. Perú",Polygon,-77.693962,-9.520954,261.2617,77.2575
02,ANCASH,0201,HUARAZ,020112,TARICA,020112,Tarica,6290,714.0,0.449484,667,76.58175,570.0,60.44533,792.0,6.12603,990.0,641.782521,695.0,0.859696,0.604453,0.30465,0.429123,0.246159,0.3928 - 0.5436,3.0,Tercer Quintil,"Programa de las Naciones Unidas para el Desarrollo (PNUD), 2019. Unidad del Informe sobre Desarrollo Humano. Perú",Polygon,-77.482024,-9.392605,117.1472,62.8154
02,ANCASH,0202,AIJA,020201,AIJA,020201,Aija,1790,1364.0,0.458816,634,63.316646,1799.0,63.469151,677.0,8.836072,305.0,699.804467,606.0,0.638611,0.634692,0.495498,0.560793,0.269698,0.3928 - 0.5436,3.0,Tercer Quintil,"Programa de las Naciones Unidas para el Desarrollo (PNUD), 2019. Unidad del Informe sobre Desarrollo Humano. Perú",Polygon,-77.567627,-9.800417,162.4196,79.1217
02,ANCASH,0202,AIJA,020202,CORIS,020202,Coris,1930,1316.0,0.32037,1323,63.386334,1797.0,33.099284,1706.0,5.815883,1100.0,449.088673,1043.0,0.639772,0.330993,0.282809,0.305954,0.167987,0.2420 - 0.3928,4.0,Cuarto Quintil,"Programa de las Naciones Unidas para el Desarrollo (PNUD), 2019. Unidad del Informe sobre Desarrollo Humano. Perú",Polygon,-77.796133,-9.807585,259.0268,105.6356
02,ANCASH,0202,AIJA,020203,HUACLLAN,020203,Huacllan,511,1787.0,0.312557,1367,63.54707,1793.0,31.317015,1741.0,6.787241,786.0,388.256459,1202.0,0.642451,0.31317,0.351214,0.331647,0.143309,0.2420 - 0.3928,4.0,Cuarto Quintil,"Programa de las Naciones Unidas para el Desarrollo (PNUD), 2019. Unidad del Informe sobre Desarrollo Humano. Perú",Polygon,-77.678742,-9.786083,39.9173,27.2809
02,ANCASH,0203,ANTONIO RAYMONDI,020306,SAN JUAN DE RONTOY,020306,San Juan De Rontoy,1374,1471.0,0.177811,1840,72.709083,1142.0,35.978137,1627.0,4.9664,1423.0,96.529875,1848.0,0.795151,0.359781,0.222986,0.283242,0.024961,0.0912 - 0.2420,5.0,Quinto Quintil,"Programa de las Naciones Unidas para el Desarrollo (PNUD), 2019. Unidad del Informe sobre Desarrollo Humano. Perú",Polygon,-77.041736,-9.218428,101.9421,51.7408
02,ANCASH,0204,ASUNCION,020401,CHACAS,020401,Chacas,4896,832.0,0.429593,736,70.825525,1396.0,56.173542,974.0,6.419234,895.0,633.584412,708.0,0.763759,0.561735,0.325298,0.427471,0.242833,0.3928 - 0.5436,3.0,Tercer Quintil,"Programa de las Naciones Unidas para el Desarrollo (PNUD), 2019. Unidad del Informe sobre Desarrollo Humano. Perú",Polygon,-77.39759,-9.205574,451.2177,103.6312
02,ANCASH,0204,ASUNCION,020402,ACOCHACA,020402,Acochaca,2523,1180.0,0.301235,1416,71.936162,1242.0,48.197955,1288.0,4.548375,1585.0,317.01389,1383.0,0.782269,0.48198,0.193548,0.305427,0.114407,0.2420 - 0.3928,4.0,Cuarto Quintil,"Programa de las Naciones Unidas para el Desarrollo (PNUD), 2019. Unidad del Informe sobre Desarrollo Humano. Perú",Polygon,-77.405745,-9.097207,76.5425,43.3756
02,ANCASH,0207,CARLOS FERMIN FITZCARRALD,020701,SAN LUIS,020701,San Luis,11488,440.0,0.335288,1223,74.753618,821.0,41.943013,1480.0,4.92056,1438.0,404.059558,1158.0,0.829227,0.41943,0.219758,0.3036,0.14972,0.2420 - 0.3928,4.0,Cuarto Quintil,"Programa de las Naciones Unidas para el Desarrollo (PNUD), 2019. Unidad del Informe sobre Desarrollo Humano. Perú",Polygon,-77.290952,-9.097155,247.4311,75.4203
02,ANCASH,0208,CASMA,020801,CASMA,020801,Casma,35482,163.0,0.587346,240,78.047581,404.0,65.870125,571.0,8.596987,351.0,1041.065999,230.0,0.884126,0.658701,0.478661,0.561511,0.40814,0.5436 - 0.6944,2.0,Segundo Quintil,"Programa de las Naciones Unidas para el Desarrollo (PNUD), 2019. Unidad del Informe sobre Desarrollo Humano. Perú",Polygon,-78.223093,-9.518065,1207.7217,225.4013
02,ANCASH,0208,CASMA,020802,BUENA VISTA ALTA,020802,Buena Vista Alta,4604,870.0,0.485047,535,80.992543,116.0,45.515505,1370.0,5.604524,1193.0,898.187286,361.0,0.933209,0.455155,0.267924,0.349209,0.350177,0.3928 - 0.5436,3.0,Tercer Quintil,"Programa de las Naciones Unidas para el Desarrollo (PNUD), 2019. Unidad del Informe sobre Desarrollo Humano. Perú",Polygon,-78.142687,-9.372974,480.4396,100.1597
02,ANCASH,0214,OCROS,021409,SAN PEDRO,021409,San Pedro,1631,1403.0,0.486844,530,78.183401,386.0,69.461492,416.0,7.608332,557.0,637.014733,706.0,0.88639,0.694615,0.409037,0.533032,0.244225,0.3928 - 0.5436,3.0,Tercer Quintil,"Programa de las Naciones Unidas para el Desarrollo (PNUD), 2019. Unidad del Informe sobre Desarrollo Humano. Perú",Polygon,-77.568845,-10.474711,534.3047,139.1256
02,ANCASH,0214,OCROS,021410,SANTIAGO DE CHILCAS,021410,Santiago De Chilcas,390,1830.0,0.464425,610,80.408698,165.0,54.473521,1042.0,6.430094,890.0,669.443886,652.0,0.923478,0.544735,0.326063,0.421447,0.257381,0.3928 - 0.5436,3.0,Tercer Quintil,"Programa de las Naciones Unidas para el Desarrollo (PNUD), 2019. Unidad del Informe sobre Desarrollo Humano. Perú",Polygon,-77.358661,-10.440153,88.7025,58.5919
02,ANCASH,0217,RECUAY,021701,RECUAY,021701,Recuay,3960,948.0,0.464622,609,69.282327,1531.0,69.551916,405.0,7.720871,530.0,657.063195,667.0,0.738039,0.695519,0.416963,0.538522,0.252358,0.3928 - 0.5436,3.0,Tercer Quintil,"Programa de las Naciones Unidas para el Desarrollo (PNUD), 2019. Unidad del Informe sobre Desarrollo Humano. Perú",Polygon,-77.447425,-9.706463,149.3289,65.4837
02,ANCASH,0217,RECUAY,021702,CATAC,021702,Catac,3873,960.0,0.46548,606,71.108003,1365.0,71.695695,325.0,8.000202,456.0,613.215157,735.0,0.768467,0.716957,0.436634,0.559507,0.23457,0.3928 - 0.5436,3.0,Tercer Quintil,"Programa de las Naciones Unidas para el Desarrollo (PNUD), 2019. Unidad del Informe sobre Desarrollo Humano. Perú",Polygon,-77.317,-9.911169,1024.5383,165.7945
02,ANCASH,0217,RECUAY,021703,COTAPARACO,021703,Cotaparaco,522,1784.0,0.420817,771,68.503789,1599.0,43.164252,1445.0,8.285705,407.0,605.59014,753.0,0.725063,0.431643,0.45674,0.444014,0.231477,0.3928 - 0.5436,3.0,Tercer Quintil,"Programa de las Naciones Unidas para el Desarrollo (PNUD), 2019. Unidad del Informe sobre Desarrollo Humano. Perú",Polygon,-77.540919,-9.93755,175.033,65.9181
02,ANCASH,0217,RECUAY,021704,HUAYLLAPAMPA,021704,Huayllapampa,1042,1590.0,0.244992,1686,70.153785,1449.0,46.864045,1328.0,5.479712,1231.0,173.213044,1727.0,0.752563,0.46864,0.259135,0.348484,0.05607,0.2420 - 0.3928,4.0,Cuarto Quintil,"Programa de las Naciones Unidas para el Desarrollo (PNUD), 2019. Unidad del Informe sobre Desarrollo Humano. Perú",Polygon,-77.51467,-10.057723,110.9884,67.4636
02,ANCASH,0217,RECUAY,021705,LLACLLIN,021705,Llacllin,1557,1417.0,0.428228,741,68.749926,1576.0,77.309107,140.0,7.265243,648.0,521.674732,895.0,0.729165,0.773091,0.384876,0.545476,0.197434,0.3928 - 0.5436,3.0,Tercer Quintil,"Programa de las Naciones Unidas para el Desarrollo (PNUD), 2019. Unidad del Informe sobre Desarrollo Humano. Perú",Polygon,-77.587476,-10.108028,95.9122,60.7042
02,ANCASH,0217,RECUAY,021706,MARCA,021706,Marca,1245,1519.0,0.393558,901,67.526514,1654.0,68.661275,449.0,6.292576,938.0,489.856903,959.0,0.708775,0.686613,0.316379,0.466079,0.184526,0.3928 - 0.5436,3.0,Tercer Quintil,"Programa de las Naciones Unidas para el Desarrollo (PNUD), 2019. Unidad del Informe sobre Desarrollo Humano. Perú",Polygon,-77.454324,-10.074213,182.5436,70.0023
02,ANCASH,0217,RECUAY,021707,PAMPAS CHICO,021707,Pampas Chico,1674,1393.0,0.389615,922,71.509256,1308.0,58.703382,857.0,6.538244,863.0,459.95235,1020.0,0.775154,0.587034,0.333679,0.442584,0.172394,0.2420 - 0.3928,4.0,Cuarto Quintil,"Programa de las Naciones Unidas para el Desarrollo (PNUD), 2019. Unidad del Informe sobre Desarrollo Humano. Perú",Polygon,-77.373227,-10.094078,104.7247,55.0792
02,ANCASH,0217,RECUAY,021708,PARARIN,021708,Pararin,1501,1433.0,0.362571,1063,67.237794,1666.0,62.367939,720.0,6.622404,837.0,397.640625,1177.0,0.703963,0.623679,0.339606,0.460223,0.147116,0.2420 - 0.3928,4.0,Cuarto Quintil,"Programa de las Naciones Unidas para el Desarrollo (PNUD), 2019. Unidad del Informe sobre Desarrollo Humano. Perú",Polygon,-77.653802,-10.119198,258.9763,100.9464
02,ANCASH,0217,RECUAY,021709,TAPACOCHA,021709,Tapacocha,374,1833.0,0.247469,1679,68.205555,1622.0,25.898551,1812.0,5.696301,1154.0,229.613146,1613.0,0.720093,0.258986,0.274387,0.266575,0.078951,0.2420 - 0.3928,4.0,Cuarto Quintil,"Programa de las Naciones Unidas para el Desarrollo (PNUD), 2019. Unidad del Informe sobre Desarrollo Humano. Perú",Polygon,-77.539878,-10.002751,78.2248,55.0627
02,ANCASH,0217,RECUAY,021710,TICAPAMPA,021710,Ticapampa,2189,1257.0,0.460804,628,70.022616,1462.0,69.668617,403.0,7.842516,493.0,625.340485,718.0,0.750377,0.696686,0.425529,0.544482,0.239489,0.3928 - 0.5436,3.0,Tercer Quintil,"Programa de las Naciones Unidas para el Desarrollo (PNUD), 2019. Unidad del Informe sobre Desarrollo Humano. Perú",Polygon,-77.392263,-9.737827,146.1195,85.9312
02,ANCASH,0218,SANTA,021805,MORO,021805,Moro,7238,643.0,0.425985,750,77.277446,484.0,47.436699,1308.0,6.031778,1029.0,616.649643,730.0,0.871291,0.474367,0.298013,0.375988,0.235963,0.3928 - 0.5436,3.0,Tercer Quintil,"Programa de las Naciones Unidas para el Desarrollo (PNUD), 2019. Unidad del Informe sobre Desarrollo Humano. Perú",Polygon,-78.123953,-9.163281,356.9236,109.6685
02,ANCASH,0218,SANTA,021806,NEPEÑA,021806,Nepeña,15652,332.0,0.568821,294,79.344767,253.0,55.609784,1000.0,7.574556,566.0,1088.284833,194.0,0.905746,0.556098,0.406659,0.475544,0.427296,0.5436 - 0.6944,2.0,Segundo Quintil,"Programa de las Naciones Unidas para el Desarrollo (PNUD), 2019. Unidad del Informe sobre Desarrollo Humano. Perú",Polygon,-78.303153,-9.141477,456.8769,117.9984
02,ANCASH,0218,SANTA,021807,SAMANCO,021807,Samanco,4693,863.0,0.557537,316,78.64119,327.0,57.240346,932.0,7.631996,551.0,1020.542645,245.0,0.89402,0.572403,0.410704,0.484859,0.399814,0.5436 - 0.6944,2.0,Segundo Quintil,"Programa de las Naciones Unidas para el Desarrollo (PNUD), 2019. Unidad del Informe sobre Desarrollo Humano. Perú",Polygon,-78.442448,-9.279466,149.2253,76.2198
02,ANCASH,0220,YUNGAY,022001,YUNGAY,022001,Yungay,21231,265.0,0.422518,766,72.007314,1229.0,61.382897,750.0,6.311615,932.0,572.392338,797.0,0.783455,0.613829,0.317719,0.441617,0.218009,0.3928 - 0.5436,3.0,Tercer Quintil,"Programa de las Naciones Unidas para el Desarrollo (PNUD), 2019. Unidad del Informe sobre Desarrollo Humano. Perú",Polygon,-77.666388,-9.09348,273.222,93.2482
02,ANCASH,0220,YUNGAY,022002,CASCAPARA,022002,Cascapara,2021,1297.0,0.266921,1603,71.306607,1339.0,40.313536,1519.0,2.842305,1859.0,388.099058,1203.0,0.771777,0.403135,0.073402,0.17202,0.143245,0.2420 - 0.3928,4.0,Cuarto Quintil,"Programa de las Naciones Unidas para el Desarrollo (PNUD), 2019. Unidad del Informe sobre Desarrollo Humano. Perú",Polygon,-77.832677,-9.316113,136.9334,88.5419
02,ANCASH,0220,YUNGAY,022003,MANCOS,022003,Mancos,6070,733.0,0.399435,878,73.340253,1054.0,53.328876,1084.0,5.691647,1156.0,545.026212,853.0,0.805671,0.533289,0.27406,0.3823,0.206907,0.3928 - 0.5436,3.0,Tercer Quintil,"Programa de las Naciones Unidas para el Desarrollo (PNUD), 2019. Unidad del Informe sobre Desarrollo Humano. Perú",Polygon,-77.650131,-9.192298,62.9257,51.94
02,ANCASH,0220,YUNGAY,022004,MATACOTO,022004,Matacoto,1511,1429.0,0.301291,1415,72.114578,1218.0,58.440629,874.0,4.768478,1504.0,280.634491,1478.0,0.785243,0.584406,0.209048,0.349527,0.099649,0.2420 - 0.3928,4.0,Cuarto Quintil,"Programa de las Naciones Unidas para el Desarrollo (PNUD), 2019. Unidad del Informe sobre Desarrollo Humano. Perú",Polygon,-77.758962,-9.177486,47.0203,36.4957
02,ANCASH,0220,YUNGAY,022005,QUILLO,022005,Quillo,13029,402.0,0.134123,1867,73.705924,991.0,20.198474,1853.0,2.424901,1867.0,112.70957,1827.0,0.811765,0.201985,0.044007,0.09428,0.031525,0.0912 - 0.2420,5.0,Quinto Quintil,"Programa de las Naciones Unidas para el Desarrollo (PNUD), 2019. Unidad del Informe sobre Desarrollo Humano. Perú",Polygon,-77.949012,-9.316857,370.746,101.1601
02,ANCASH,0220,YUNGAY,022006,RANRAHIRCA,022006,Ranrahirca,2298,1231.0,0.407116,839,71.586644,1301.0,56.813168,945.0,5.597184,1196.0,584.602424,778.0,0.776444,0.568132,0.267407,0.389772,0.222962,0.3928 - 0.5436,3.0,Tercer Quintil,"Programa de las Naciones Unidas para el Desarrollo (PNUD), 2019. Unidad del Informe sobre Desarrollo Humano. Perú",Polygon,-77.69667,-9.160101,21.6741,33.9879
02,ANCASH,0220,YUNGAY,022007,SHUPLUY,022007,Shupluy,2022,1296.0,0.235867,1714,69.689585,1490.0,39.060219,1551.0,3.465133,1814.0,237.914875,1592.0,0.744826,0.390602,0.117263,0.214017,0.082318,0.0912 - 0.2420,5.0,Quinto Quintil,"Programa de las Naciones Unidas para el Desarrollo (PNUD), 2019. Unidad del Informe sobre Desarrollo Humano. Perú",Polygon,-77.789469,-9.344432,166.5145,94.4016
02,ANCASH,0220,YUNGAY,022008,YANAMA,022008,Yanama,5701,757.0,0.280669,1530,69.097237,1547.0,48.381868,1281.0,4.903105,1446.0,263.057418,1519.0,0.734954,0.483819,0.218529,0.325159,0.092518,0.2420 - 0.3928,4.0,Cuarto Quintil,"Programa de las Naciones Unidas para el Desarrollo (PNUD), 2019. Unidad del Informe sobre Desarrollo Humano. Perú",Polygon,-77.498048,-9.02411,283.8242,104.4318
02,ANCASH,0201,HUARAZ,020103,COLCABAMBA,020103,Colcabamba,605,1740.0,0.378721,971,71.668203,1289.0,46.615248,1336.0,6.959214,733.0,453.305042,1036.0,0.777803,0.466152,0.363325,0.41154,0.169698,0.2420 - 0.3928,4.0,Cuarto Quintil,"Programa de las Naciones Unidas para el Desarrollo (PNUD), 2019. Unidad del Informe sobre Desarrollo Humano. Perú",Polygon,-77.821639,-9.576325,52.0168,35.1484
02,ANCASH,0212,HUAYLAS,021202,HUALLANCA,021202,Huallanca,469,1799.0,0.530765,394,77.340065,478.0,51.142558,1189.0,7.775069,514.0,945.800358,320.0,0.872334,0.511426,0.42078,0.463894,0.369493,0.3928 - 0.5436,3.0,Tercer Quintil,"Programa de las Naciones Unidas para el Desarrollo (PNUD), 2019. Unidad del Informe sobre Desarrollo Humano. Perú",Polygon,-77.917479,-8.787918,195.1314,77.253
02,ANCASH,0212,HUAYLAS,021203,HUATA,021203,Huata,1376,1469.0,0.302875,1408,77.659093,442.0,52.215874,1140.0,4.73928,1518.0,272.359139,1496.0,0.877652,0.522159,0.206992,0.328759,0.096292,0.2420 - 0.3928,4.0,Cuarto Quintil,"Programa de las Naciones Unidas para el Desarrollo (PNUD), 2019. Unidad del Informe sobre Desarrollo Humano. Perú",Polygon,-77.876579,-9.030068,69.4409,39.0084
02,ANCASH,0212,HUAYLAS,021204,HUAYLAS,021204,Huaylas,774,1679.0,0.365552,1044,75.356794,739.0,41.805262,1484.0,5.838726,1091.0,451.067282,1039.0,0.83928,0.418053,0.284417,0.344821,0.16879,0.2420 - 0.3928,4.0,Cuarto Quintil,"Programa de las Naciones Unidas para el Desarrollo (PNUD), 2019. Unidad del Informe sobre Desarrollo Humano. Perú",Polygon,-77.894015,-8.889691,54.0037,42.4073
02,ANCASH,0212,HUAYLAS,021205,MATO,021205,Mato,1707,1386.0,0.349278,1134,81.761384,71.0,38.717847,1559.0,4.627309,1559.0,434.880724,1075.0,0.946023,0.387178,0.199106,0.27765,0.162223,0.2420 - 0.3928,4.0,Cuarto Quintil,"Programa de las Naciones Unidas para el Desarrollo (PNUD), 2019. Unidad del Informe sobre Desarrollo Humano. Perú",Polygon,-77.890962,-8.958026,105.8293,47.2383
02,ANCASH,0207,CARLOS FERMIN FITZCARRALD,020702,SAN NICOLAS,020702,San Nicolas,3048,1089.0,0.236362,1711,76.599752,565.0,25.930406,1811.0,4.760829,1509.0,197.774213,1684.0,0.859996,0.259304,0.208509,0.232524,0.066034,0.0912 - 0.2420,5.0,Quinto Quintil,"Programa de las Naciones Unidas para el Desarrollo (PNUD), 2019. Unidad del Informe sobre Desarrollo Humano. Perú",Polygon,-77.169547,-9.01119,204.9221,95.8219
02,ANCASH,0207,CARLOS FERMIN FITZCARRALD,020703,YAUYA,020703,Yauya,4885,834.0,0.268745,1595,74.346813,881.0,39.194136,1546.0,4.705121,1526.0,240.438903,1581.0,0.822447,0.391941,0.204586,0.283171,0.083342,0.2420 - 0.3928,4.0,Cuarto Quintil,"Programa de las Naciones Unidas para el Desarrollo (PNUD), 2019. Unidad del Informe sobre Desarrollo Humano. Perú",Polygon,-77.256429,-9.00766,174.6362,63.9242
02,ANCASH,0212,HUAYLAS,021208,SANTA CRUZ,021208,Santa Cruz,4545,874.0,0.242703,1692,80.45771,160.0,36.759379,1604.0,3.613818,1796.0,210.951384,1655.0,0.924295,0.367594,0.127734,0.216689,0.07138,0.2420 - 0.3928,4.0,Cuarto Quintil,"Programa de las Naciones Unidas para el Desarrollo (PNUD), 2019. Unidad del Informe sobre Desarrollo Humano. Perú",Polygon,-77.722563,-8.908666,359.3654,89.5125
02,ANCASH,0212,HUAYLAS,021209,SANTO TORIBIO,021209,Santo Toribio,628,1732.0,0.342048,1179,76.996502,524.0,49.841162,1232.0,5.551053,1206.0,348.70905,1297.0,0.866608,0.498412,0.264159,0.362849,0.127265,0.2420 - 0.3928,4.0,Cuarto Quintil,"Programa de las Naciones Unidas para el Desarrollo (PNUD), 2019. Unidad del Informe sobre Desarrollo Humano. Perú",Polygon,-77.952492,-8.846395,84.39,44.4325
02,ANCASH,0212,HUAYLAS,021210,YURACMARCA,021210,Yuracmarca,1722,1383.0,0.298149,1437,77.389528,470.0,33.676461,1695.0,5.268549,1313.0,295.874841,1439.0,0.873159,0.336765,0.244264,0.286809,0.105832,0.2420 - 0.3928,4.0,Cuarto Quintil,"Programa de las Naciones Unidas para el Desarrollo (PNUD), 2019. Unidad del Informe sobre Desarrollo Humano. Perú",Polygon,-77.741136,-8.761942,547.226,121.024
02,ANCASH,0213,MARISCAL LUZURIAGA,021301,PISCOBAMBA,021301,Piscobamba,3252,1042.0,0.448252,674,69.452926,1514.0,55.631432,998.0,7.976641,461.0,644.174013,689.0,0.740882,0.556314,0.434975,0.491917,0.247129,0.3928 - 0.5436,3.0,Tercer Quintil,"Programa de las Naciones Unidas para el Desarrollo (PNUD), 2019. Unidad del Informe sobre Desarrollo Humano. Perú",Polygon,-77.353231,-8.86212,45.7913,31.6044
02,ANCASH,0213,MARISCAL LUZURIAGA,021302,CASCA,021302,Casca,3790,969.0,0.188555,1820,73.791318,979.0,46.359527,1347.0,4.535267,1590.0,103.001282,1839.0,0.813189,0.463595,0.192624,0.298831,0.027587,0.0912 - 0.2420,5.0,Quinto Quintil,"Programa de las Naciones Unidas para el Desarrollo (PNUD), 2019. Unidad del Informe sobre Desarrollo Humano. Perú",Polygon,-77.387661,-8.823137,75.9798,39.6561
02,ANCASH,0213,MARISCAL LUZURIAGA,021303,ELEAZAR GUZMAN BARRON,021303,Eleazar Guzman Barron,1306,1497.0,0.278004,1543,71.630724,1292.0,49.07487,1263.0,4.482781,1617.0,258.805347,1532.0,0.777179,0.490749,0.188928,0.304493,0.090793,0.2420 - 0.3928,4.0,Cuarto Quintil,"Programa de las Naciones Unidas para el Desarrollo (PNUD), 2019. Unidad del Informe sobre Desarrollo Humano. Perú",Polygon,-77.220341,-8.886065,98.4583,45.1208
02,ANCASH,0213,MARISCAL LUZURIAGA,021304,FIDEL OLIVAS ESCUDERO,021304,Fidel Olivas Escudero,1925,1318.0,0.182492,1832,70.885434,1388.0,31.918615,1727.0,4.101672,1708.0,121.12425,1822.0,0.764757,0.319186,0.16209,0.227457,0.034939,0.0912 - 0.2420,5.0,Quinto Quintil,"Programa de las Naciones Unidas para el Desarrollo (PNUD), 2019. Unidad del Informe sobre Desarrollo Humano. Perú",Polygon,-77.277198,-8.784917,213.5468,73.5334
02,ANCASH,0213,MARISCAL LUZURIAGA,021305,LLAMA,021305,Llama,896,1643.0,0.301125,1418,69.332728,1524.0,30.133692,1753.0,6.108554,994.0,336.256884,1335.0,0.738879,0.301337,0.303419,0.302376,0.122214,0.2420 - 0.3928,4.0,Cuarto Quintil,"Programa de las Naciones Unidas para el Desarrollo (PNUD), 2019. Unidad del Informe sobre Desarrollo Humano. Perú",Polygon,-77.290139,-8.909569,49.0898,29.5456
02,ANCASH,0213,MARISCAL LUZURIAGA,021306,LLUMPA,021306,Llumpa,5778,749.0,0.193341,1808,75.274807,753.0,30.788024,1747.0,3.581661,1803.0,143.176376,1789.0,0.837913,0.30788,0.125469,0.196544,0.043885,0.0912 - 0.2420,5.0,Quinto Quintil,"Programa de las Naciones Unidas para el Desarrollo (PNUD), 2019. Unidad del Informe sobre Desarrollo Humano. Perú",Polygon,-77.456371,-8.96748,139.1043,66.601
02,ANCASH,0213,MARISCAL LUZURIAGA,021307,LUCMA,021307,Lucma,2773,1137.0,0.224737,1749,75.64209,693.0,39.559473,1534.0,4.405807,1637.0,158.03559,1764.0,0.844035,0.395595,0.183508,0.269434,0.049913,0.0912 - 0.2420,5.0,Quinto Quintil,"Programa de las Naciones Unidas para el Desarrollo (PNUD), 2019. Unidad del Informe sobre Desarrollo Humano. Perú",Polygon,-77.445179,-8.925152,75.2736,65.4402
02,ANCASH,0213,MARISCAL LUZURIAGA,021308,MUSGA,021308,Musga,846,1659.0,0.418557,785,69.599438,1500.0,55.911926,985.0,7.554553,572.0,545.842806,851.0,0.743324,0.559119,0.40525,0.476008,0.207238,0.3928 - 0.5436,3.0,Tercer Quintil,"Programa de las Naciones Unidas para el Desarrollo (PNUD), 2019. Unidad del Informe sobre Desarrollo Humano. Perú",Polygon,-77.324558,-8.89303,38.871,40.4929
02,ANCASH,0215,PALLASCA,021501,CABANA,021501,Cabana,2371,1215.0,0.406713,841,64.865154,1756.0,45.742332,1361.0,7.308511,634.0,627.524899,715.0,0.664419,0.457423,0.387923,0.421242,0.240375,0.3928 - 0.5436,3.0,Tercer Quintil,"Programa de las Naciones Unidas para el Desarrollo (PNUD), 2019. Unidad del Informe sobre Desarrollo Humano. Perú",Polygon,-77.959317,-8.403874,144.6733,65.0314
02,ANCASH,0215,PALLASCA,021502,BOLOGNESI,021502,Bolognesi,1060,1585.0,0.367724,1036,65.295791,1748.0,50.961649,1194.0,6.189084,969.0,494.845036,948.0,0.671597,0.509616,0.30909,0.396885,0.18655,0.2420 - 0.3928,4.0,Cuarto Quintil,"Programa de las Naciones Unidas para el Desarrollo (PNUD), 2019. Unidad del Informe sobre Desarrollo Humano. Perú",Polygon,-78.06996,-8.342725,81.8217,45.7636
02,ANCASH,0208,CASMA,020803,COMANDANTE NOEL,020803,Comandante Noel,1908,1326.0,0.525175,415,77.14627,503.0,56.678455,951.0,7.010859,723.0,935.819648,329.0,0.869105,0.566785,0.366962,0.456057,0.365444,0.3928 - 0.5436,3.0,Tercer Quintil,"Programa de las Naciones Unidas para el Desarrollo (PNUD), 2019. Unidad del Informe sobre Desarrollo Humano. Perú",Polygon,-78.355213,-9.510098,217.3366,134.2596
02,ANCASH,0206,CARHUAZ,020608,SAN MIGUEL DE ACO,020608,San Miguel De Aco,2514,1183.0,0.256267,1651,82.281473,50.0,52.257897,1137.0,3.457789,1817.0,210.927727,1656.0,0.954691,0.522579,0.116746,0.247,0.07137,0.2420 - 0.3928,4.0,Cuarto Quintil,"Programa de las Naciones Unidas para el Desarrollo (PNUD), 2019. Unidad del Informe sobre Desarrollo Humano. Perú",Polygon,-77.432998,-9.343928,122.9272,71.8417
02,ANCASH,0206,CARHUAZ,020609,SHILLA,020609,Shilla,2771,1138.0,0.246231,1684,85.0,8.0,51.899126,1157.0,3.407692,1824.0,186.813069,1708.0,1.0,0.518991,0.113218,0.242403,0.061587,0.2420 - 0.3928,4.0,Cuarto Quintil,"Programa de las Naciones Unidas para el Desarrollo (PNUD), 2019. Unidad del Informe sobre Desarrollo Humano. Perú",Polygon,-77.564705,-9.154417,127.7924,64.0135
02,ANCASH,0206,CARHUAZ,020610,TINCO,020610,Tinco,3285,1037.0,0.458798,635,78.553578,341.0,75.004901,207.0,6.79823,782.0,554.08085,833.0,0.89256,0.750049,0.351988,0.513817,0.21058,0.3928 - 0.5436,3.0,Tercer Quintil,"Programa de las Naciones Unidas para el Desarrollo (PNUD), 2019. Unidad del Informe sobre Desarrollo Humano. Perú",Polygon,-77.661797,-9.258939,15.7486,17.3762
02,ANCASH,0206,CARHUAZ,020611,YUNGAR,020611,Yungar,3231,1048.0,0.39976,877,78.70987,321.0,56.770803,947.0,5.847528,1088.0,472.320508,1001.0,0.895164,0.567708,0.285037,0.402266,0.177412,0.3928 - 0.5436,3.0,Tercer Quintil,"Programa de las Naciones Unidas para el Desarrollo (PNUD), 2019. Unidad del Informe sobre Desarrollo Humano. Perú",Polygon,-77.630925,-9.404082,45.2712,35.1209
02,ANCASH,0210,HUARI,021001,HUARI,021001,Huari,9915,494.0,0.470602,583,75.173382,774.0,50.050191,1228.0,7.93194,469.0,695.843641,615.0,0.836223,0.500502,0.431827,0.464898,0.268091,0.3928 - 0.5436,3.0,Tercer Quintil,"Programa de las Naciones Unidas para el Desarrollo (PNUD), 2019. Unidad del Informe sobre Desarrollo Humano. Perú",Polygon,-77.23287,-9.323125,399.6634,92.0795
02,ANCASH,0210,HUARI,021002,ANRA,021002,Anra,1237,1522.0,0.266202,1609,71.92712,1245.0,22.950437,1836.0,5.198812,1342.0,288.667779,1457.0,0.782119,0.229504,0.239353,0.234377,0.102908,0.2420 - 0.3928,4.0,Cuarto Quintil,"Programa de las Naciones Unidas para el Desarrollo (PNUD), 2019. Unidad del Informe sobre Desarrollo Humano. Perú",Polygon,-76.90467,-9.25251,80.6662,45.7982
02,ANCASH,0210,HUARI,021003,CAJAY,021003,Cajay,2138,1271.0,0.326,1288,76.267021,611.0,62.622581,704.0,4.513633,1598.0,323.926306,1364.0,0.85445,0.626226,0.191101,0.345937,0.117211,0.2420 - 0.3928,4.0,Cuarto Quintil,"Programa de las Naciones Unidas para el Desarrollo (PNUD), 2019. Unidad del Informe sobre Desarrollo Humano. Perú",Polygon,-77.131396,-9.257021,165.4486,93.938
02,ANCASH,0210,HUARI,021004,CHAVIN DE HUANTAR,021004,Chavin De Huantar,8333,567.0,0.333317,1234,75.717869,686.0,46.348553,1348.0,4.848324,1471.0,377.353399,1226.0,0.845298,0.463486,0.214671,0.315431,0.138886,0.2420 - 0.3928,4.0,Cuarto Quintil,"Programa de las Naciones Unidas para el Desarrollo (PNUD), 2019. Unidad del Informe sobre Desarrollo Humano. Perú",Polygon,-77.21168,-9.655398,419.3803,125.3636
02,ANCASH,0210,HUARI,021005,HUACACHI,021005,Huacachi,1525,1427.0,0.323102,1304,75.734406,683.0,38.394528,1569.0,5.354619,1273.0,352.173758,1290.0,0.845573,0.383945,0.250325,0.310018,0.128671,0.2420 - 0.3928,4.0,Cuarto Quintil,"Programa de las Naciones Unidas para el Desarrollo (PNUD), 2019. Unidad del Informe sobre Desarrollo Humano. Perú",Polygon,-76.929628,-9.308536,89.0342,48.271
02,ANCASH,0210,HUARI,021006,HUACCHIS,021006,Huacchis,1655,1398.0,0.290412,1479,72.830519,1125.0,25.532361,1815.0,5.924277,1066.0,313.120498,1390.0,0.797175,0.255324,0.290442,0.272317,0.112828,0.2420 - 0.3928,4.0,Cuarto Quintil,"Programa de las Naciones Unidas para el Desarrollo (PNUD), 2019. Unidad del Informe sobre Desarrollo Humano. Perú",Polygon,-76.808913,-9.188559,76.2677,43.4249
02,ANCASH,0210,HUARI,021007,HUACHIS,021007,Huachis,3141,1061.0,0.308725,1387,76.556532,573.0,39.963695,1525.0,5.413435,1251.0,299.697716,1429.0,0.859276,0.399637,0.254467,0.318896,0.107382,0.2420 - 0.3928,4.0,Cuarto Quintil,"Programa de las Naciones Unidas para el Desarrollo (PNUD), 2019. Unidad del Informe sobre Desarrollo Humano. Perú",Polygon,-77.078146,-9.426386,152.0708,66.243
02,ANCASH,0214,OCROS,021401,OCROS,021401,Ocros,855,1657.0,0.47785,553,78.54078,343.0,52.274475,1136.0,7.690764,536.0,682.247685,634.0,0.892346,0.522745,0.414843,0.465679,0.262575,0.3928 - 0.5436,3.0,Tercer Quintil,"Programa de las Naciones Unidas para el Desarrollo (PNUD), 2019. Unidad del Informe sobre Desarrollo Humano. Perú",Polygon,-77.36439,-10.3806,226.2334,98.1811
02,ANCASH,0214,OCROS,021402,ACAS,021402,Acas,991,1604.0,0.46914,589,81.268993,93.0,72.527156,290.0,8.07457,443.0,514.411598,905.0,0.937817,0.725272,0.441871,0.566106,0.194487,0.3928 - 0.5436,3.0,Tercer Quintil,"Programa de las Naciones Unidas para el Desarrollo (PNUD), 2019. Unidad del Informe sobre Desarrollo Humano. Perú",Polygon,-77.339438,-10.518294,254.8497,79.9894
02,ANCASH,0214,OCROS,021403,CAJAMARQUILLA,021403,Cajamarquilla,523,1782.0,0.407203,838,81.222228,97.0,65.917538,566.0,6.692297,815.0,407.716821,1146.0,0.937037,0.659175,0.344528,0.476555,0.151204,0.3928 - 0.5436,3.0,Tercer Quintil,"Programa de las Naciones Unidas para el Desarrollo (PNUD), 2019. Unidad del Informe sobre Desarrollo Humano. Perú",Polygon,-77.240037,-10.320909,78.6197,54.3372
02,ANCASH,0214,OCROS,021404,CARHUAPAMPA,021404,Carhuapampa,722,1698.0,0.413811,813,79.897749,210.0,57.956483,902.0,6.978778,731.0,450.24073,1041.0,0.914962,0.579565,0.364703,0.459749,0.168455,0.3928 - 0.5436,3.0,Tercer Quintil,"Programa de las Naciones Unidas para el Desarrollo (PNUD), 2019. Unidad del Informe sobre Desarrollo Humano. Perú",Polygon,-77.224825,-10.503469,106.5683,48.8429
02,ANCASH,0214,OCROS,021406,CONGAS,021406,Congas,1214,1531.0,0.358769,1084,76.131762,632.0,61.003854,765.0,6.727194,803.0,325.32823,1358.0,0.852196,0.610039,0.346986,0.460081,0.11778,0.2420 - 0.3928,4.0,Cuarto Quintil,"Programa de las Naciones Unidas para el Desarrollo (PNUD), 2019. Unidad del Informe sobre Desarrollo Humano. Perú",Polygon,-77.424078,-10.31937,108.9926,43.6529
02,ANCASH,0214,OCROS,021407,LLIPA,021407,Llipa,1332,1486.0,0.48453,539,81.805829,68.0,91.744878,1.0,6.935702,740.0,549.149824,842.0,0.946764,0.917449,0.361669,0.576032,0.20858,0.3928 - 0.5436,3.0,Tercer Quintil,"Programa de las Naciones Unidas para el Desarrollo (PNUD), 2019. Unidad del Informe sobre Desarrollo Humano. Perú",Polygon,-77.214445,-10.37911,31.4735,40.7024
02,ANCASH,0214,OCROS,021408,SAN CRISTOBAL DE RAJAN,021408,San Cristobal De Rajan,567,1760.0,0.474611,569,80.48521,153.0,57.521537,919.0,6.441984,886.0,692.173705,620.0,0.924753,0.575215,0.3269,0.433634,0.266602,0.3928 - 0.5436,3.0,Tercer Quintil,"Programa de las Naciones Unidas para el Desarrollo (PNUD), 2019. Unidad del Informe sobre Desarrollo Humano. Perú",Polygon,-77.228431,-10.415662,70.6091,38.1156
02,ANCASH,0215,PALLASCA,021503,CONCHUCOS,021503,Conchucos,7699,617.0,0.275362,1559,67.990201,1630.0,32.146169,1724.0,5.264561,1316.0,291.488182,1453.0,0.716503,0.321462,0.243983,0.280056,0.104052,0.2420 - 0.3928,4.0,Cuarto Quintil,"Programa de las Naciones Unidas para el Desarrollo (PNUD), 2019. Unidad del Informe sobre Desarrollo Humano. Perú",Polygon,-77.73061,-8.258099,579.5117,126.4698
02,ANCASH,0215,PALLASCA,021504,HUACASCHUQUE,021504,Huacaschuque,391,1827.0,0.300743,1419,65.575068,1734.0,58.55442,865.0,5.187931,1346.0,300.271899,1424.0,0.676251,0.585544,0.238587,0.373769,0.107615,0.2420 - 0.3928,4.0,Cuarto Quintil,"Programa de las Naciones Unidas para el Desarrollo (PNUD), 2019. Unidad del Informe sobre Desarrollo Humano. Perú",Polygon,-77.992366,-8.302836,13.5616,18.0641
02,ANCASH,0215,PALLASCA,021505,HUANDOVAL,021505,Huandoval,1021,1595.0,0.379156,968,64.1539,1784.0,41.119111,1501.0,7.109452,691.0,560.10124,822.0,0.652565,0.411191,0.373905,0.392105,0.213023,0.2420 - 0.3928,4.0,Cuarto Quintil,"Programa de las Naciones Unidas para el Desarrollo (PNUD), 2019. Unidad del Informe sobre Desarrollo Humano. Perú",Polygon,-77.945594,-8.334567,115.514,53.6223
02,ANCASH,0215,PALLASCA,021506,LACABAMBA,021506,Lacabamba,401,1826.0,0.352782,1112,65.848126,1727.0,38.85639,1556.0,6.027031,1031.0,502.421959,933.0,0.680802,0.388564,0.297678,0.340099,0.189624,0.2420 - 0.3928,4.0,Cuarto Quintil,"Programa de las Naciones Unidas para el Desarrollo (PNUD), 2019. Unidad del Informe sobre Desarrollo Humano. Perú",Polygon,-77.905529,-8.265801,63.5171,42.4937
02,ANCASH,0215,PALLASCA,021507,LLAPO,021507,Llapo,644,1721.0,0.360741,1074,67.010859,1683.0,28.679716,1776.0,6.7041,811.0,560.134134,821.0,0.700181,0.286797,0.345359,0.314719,0.213036,0.2420 - 0.3928,4.0,Cuarto Quintil,"Programa de las Naciones Unidas para el Desarrollo (PNUD), 2019. Unidad del Informe sobre Desarrollo Humano. Perú",Polygon,-78.030288,-8.515617,29.2265,25.4966
02,ANCASH,0215,PALLASCA,021508,PALLASCA,021508,Pallasca,2114,1277.0,0.355183,1102,67.097758,1675.0,59.828547,813.0,5.809724,1104.0,418.000772,1124.0,0.701629,0.598285,0.282375,0.411024,0.155376,0.2420 - 0.3928,4.0,Cuarto Quintil,"Programa de las Naciones Unidas para el Desarrollo (PNUD), 2019. Unidad del Informe sobre Desarrollo Humano. Perú",Polygon,-78.004844,-8.263446,110.2969,53.4312
02,ANCASH,0215,PALLASCA,021509,PAMPAS,021509,Pampas,7054,654.0,0.31963,1329,66.553563,1705.0,42.282938,1468.0,5.709213,1147.0,375.657762,1233.0,0.692559,0.422829,0.275297,0.34118,0.138198,0.2420 - 0.3928,4.0,Cuarto Quintil,"Programa de las Naciones Unidas para el Desarrollo (PNUD), 2019. Unidad del Informe sobre Desarrollo Humano. Perú",Polygon,-77.798836,-8.138508,439.9104,116.1784
02,ANCASH,0215,PALLASCA,021510,SANTA ROSA,021510,Santa Rosa,860,1655.0,0.372297,1011,67.455074,1659.0,64.801637,619.0,6.091369,1005.0,441.220809,1059.0,0.707585,0.648016,0.302209,0.442534,0.164795,0.2420 - 0.3928,4.0,Cuarto Quintil,"Programa de las Naciones Unidas para el Desarrollo (PNUD), 2019. Unidad del Informe sobre Desarrollo Humano. Perú",Polygon,-78.138419,-8.568446,290.0378,96.0897
02,ANCASH,0215,PALLASCA,021511,TAUCA,021511,Tauca,2818,1126.0,0.30378,1407,68.337738,1613.0,32.806797,1711.0,5.606946,1189.0,357.592012,1277.0,0.722296,0.328068,0.268095,0.296569,0.130869,0.2420 - 0.3928,4.0,Cuarto Quintil,"Programa de las Naciones Unidas para el Desarrollo (PNUD), 2019. Unidad del Informe sobre Desarrollo Humano. Perú",Polygon,-78.055565,-8.446066,198.7838,87.8633
02,ANCASH,0216,POMABAMBA,021601,POMABAMBA,021601,Pomabamba,15624,334.0,0.425015,756,75.93355,658.0,52.811766,1111.0,6.544147,859.0,565.735057,809.0,0.848893,0.528118,0.334095,0.420049,0.215308,0.3928 - 0.5436,3.0,Tercer Quintil,"Programa de las Naciones Unidas para el Desarrollo (PNUD), 2019. Unidad del Informe sobre Desarrollo Humano. Perú",Polygon,-77.50651,-8.790361,344.0689,87.021
02,ANCASH,0216,POMABAMBA,021602,HUAYLLAN,021602,Huayllan,3181,1058.0,0.286936,1505,76.214845,617.0,34.596773,1665.0,5.058363,1391.0,277.132402,1489.0,0.853581,0.345968,0.229462,0.281756,0.098228,0.2420 - 0.3928,4.0,Cuarto Quintil,"Programa de las Naciones Unidas para el Desarrollo (PNUD), 2019. Unidad del Informe sobre Desarrollo Humano. Perú",Polygon,-77.466277,-8.889716,88.7647,56.9616
02,ANCASH,0216,POMABAMBA,021603,PAROBAMBA,021603,Parobamba,6326,712.0,0.128386,1868,76.22287,616.0,33.906812,1685.0,3.129459,1849.0,69.294097,1868.0,0.853715,0.339068,0.093624,0.178171,0.013912,0.0912 - 0.2420,5.0,Quinto Quintil,"Programa de las Naciones Unidas para el Desarrollo (PNUD), 2019. Unidad del Informe sobre Desarrollo Humano. Perú",Polygon,-77.395304,-8.612751,338.8044,81.3098
02,ANCASH,0216,POMABAMBA,021604,QUINUABAMBA,021604,Quinuabamba,2179,1260.0,0.186315,1824,73.488379,1023.0,37.153926,1593.0,2.485753,1866.0,182.276189,1715.0,0.80814,0.371539,0.048292,0.13395,0.059747,0.0912 - 0.2420,5.0,Quinto Quintil,"Programa de las Naciones Unidas para el Desarrollo (PNUD), 2019. Unidad del Informe sobre Desarrollo Humano. Perú",Polygon,-77.343688,-8.702324,149.6439,62.9866
02,ANCASH,0218,SANTA,021801,CHIMBOTE,021801,Chimbote,196831,26.0,0.613828,184,78.846957,304.0,71.992592,316.0,9.438856,204.0,1055.782917,218.0,0.897449,0.719926,0.537948,0.62232,0.414111,0.5436 - 0.6944,2.0,Segundo Quintil,"Programa de las Naciones Unidas para el Desarrollo (PNUD), 2019. Unidad del Informe sobre Desarrollo Humano. Perú",Polygon,-78.401063,-8.877596,1445.3029,221.9286
02,ANCASH,0218,SANTA,021802,CACERES DEL PERU,021802,Caceres Del Peru,4073,928.0,0.383054,945,77.203237,494.0,42.050242,1477.0,4.988987,1413.0,553.184444,835.0,0.870054,0.420502,0.224577,0.307303,0.210217,0.2420 - 0.3928,4.0,Cuarto Quintil,"Programa de las Naciones Unidas para el Desarrollo (PNUD), 2019. Unidad del Informe sobre Desarrollo Humano. Perú",Polygon,-78.076392,-8.96099,528.1677,105.2516
02,ANCASH,0218,SANTA,021804,MACATE,021804,Macate,2703,1148.0,0.310156,1378,75.585323,701.0,44.471265,1405.0,5.561905,1203.0,289.147022,1456.0,0.843089,0.444713,0.264923,0.343241,0.103102,0.2420 - 0.3928,4.0,Cuarto Quintil,"Programa de las Naciones Unidas para el Desarrollo (PNUD), 2019. Unidad del Informe sobre Desarrollo Humano. Perú",Polygon,-78.121961,-8.776532,586.9013,139.1896
02,ANCASH,0218,SANTA,021808,SANTA,021808,Santa,20995,269.0,0.575142,270,79.133134,270.0,61.076867,761.0,7.835804,496.0,1055.158525,221.0,0.902219,0.610769,0.425057,0.509521,0.413857,0.5436 - 0.6944,2.0,Segundo Quintil,"Programa de las Naciones Unidas para el Desarrollo (PNUD), 2019. Unidad del Informe sobre Desarrollo Humano. Perú",Polygon,-78.609253,-8.992211,40.8496,31.0244
02,ANCASH,0219,SIHUAS,021901,SIHUAS,021901,Sihuas,5381,789.0,0.528514,403,75.339972,742.0,53.73559,1068.0,9.078155,253.0,861.472049,402.0,0.839,0.537356,0.512546,0.524804,0.335283,0.3928 - 0.5436,3.0,Tercer Quintil,"Programa de las Naciones Unidas para el Desarrollo (PNUD), 2019. Unidad del Informe sobre Desarrollo Humano. Perú",Polygon,-77.615433,-8.54029,46.0165,30.4457
02,ANCASH,0219,SIHUAS,021902,ACOBAMBA,021902,Acobamba,1873,1343.0,0.242445,1693,72.435384,1175.0,40.23044,1521.0,5.786466,1112.0,167.214939,1746.0,0.79059,0.402304,0.280737,0.336068,0.053637,0.2420 - 0.3928,4.0,Cuarto Quintil,"Programa de las Naciones Unidas para el Desarrollo (PNUD), 2019. Unidad del Informe sobre Desarrollo Humano. Perú",Polygon,-77.560746,-8.300206,150.3283,57.7174
02,ANCASH,0219,SIHUAS,021903,ALFONSO UGARTE,021903,Alfonso Ugarte,518,1785.0,0.314848,1357,71.79266,1270.0,34.598178,1664.0,6.768068,788.0,318.541799,1380.0,0.779878,0.345982,0.349864,0.347917,0.115027,0.2420 - 0.3928,4.0,Cuarto Quintil,"Programa de las Naciones Unidas para el Desarrollo (PNUD), 2019. Unidad del Informe sobre Desarrollo Humano. Perú",Polygon,-77.443519,-8.467754,89.1101,55.8583
02,ANCASH,0219,SIHUAS,021904,CASHAPAMPA,021904,Cashapampa,2517,1181.0,0.223554,1754,73.458395,1027.0,45.379936,1377.0,4.103256,1707.0,160.68553,1757.0,0.80764,0.453799,0.162201,0.271306,0.050988,0.0912 - 0.2420,5.0,Quinto Quintil,"Programa de las Naciones Unidas para el Desarrollo (PNUD), 2019. Unidad del Informe sobre Desarrollo Humano. Perú",Polygon,-77.653203,-8.58781,69.5865,36.7572
02,ANCASH,0219,SIHUAS,021905,CHINGALPO,021905,Chingalpo,842,1662.0,0.296805,1449,72.564083,1162.0,32.081947,1725.0,5.615908,1181.0,311.897134,1395.0,0.792735,0.320819,0.268726,0.29362,0.112331,0.2420 - 0.3928,4.0,Cuarto Quintil,"Programa de las Naciones Unidas para el Desarrollo (PNUD), 2019. Unidad del Informe sobre Desarrollo Humano. Perú",Polygon,-77.645981,-8.362874,173.4528,62.8138
02,ANCASH,0219,SIHUAS,021906,HUAYLLABAMBA,021906,Huayllabamba,3481,1014.0,0.266558,1606,73.675654,995.0,50.519464,1212.0,4.871407,1457.0,209.092509,1662.0,0.811261,0.505195,0.216296,0.330563,0.070626,0.2420 - 0.3928,4.0,Cuarto Quintil,"Programa de las Naciones Unidas para el Desarrollo (PNUD), 2019. Unidad del Informe sobre Desarrollo Humano. Perú",Polygon,-77.530047,-8.512128,276.5991,91.8053
02,ANCASH,0219,SIHUAS,021907,QUICHES,021907,Quiches,2537,1177.0,0.203232,1788,75.871845,666.0,53.795948,1065.0,5.013268,1402.0,104.946024,1837.0,0.847864,0.537959,0.226287,0.348903,0.028376,0.0912 - 0.2420,5.0,Quinto Quintil,"Programa de las Naciones Unidas para el Desarrollo (PNUD), 2019. Unidad del Informe sobre Desarrollo Humano. Perú",Polygon,-77.509749,-8.395976,148.2746,58.9077
02,ANCASH,0219,SIHUAS,021908,RAGASH,021908,Ragash,2181,1258.0,0.232558,1722,72.643605,1155.0,36.485352,1608.0,4.733231,1520.0,177.223559,1721.0,0.79406,0.364854,0.206566,0.274529,0.057697,0.0912 - 0.2420,5.0,Quinto Quintil,"Programa de las Naciones Unidas para el Desarrollo (PNUD), 2019. Unidad del Informe sobre Desarrollo Humano. Perú",Polygon,-77.696023,-8.45479,208.7733,81.5748
02,ANCASH,0219,SIHUAS,021909,SAN JUAN,021909,San Juan,6053,734.0,0.184332,1829,75.473103,725.0,35.124386,1651.0,3.463283,1815.0,125.482413,1812.0,0.841218,0.351244,0.117133,0.202835,0.036707,0.0912 - 0.2420,5.0,Quinto Quintil,"Programa de las Naciones Unidas para el Desarrollo (PNUD), 2019. Unidad del Informe sobre Desarrollo Humano. Perú",Polygon,-77.620471,-8.671633,211.312,76.6869
02,ANCASH,0219,SIHUAS,021910,SICSIBAMBA,021910,Sicsibamba,1510,1430.0,0.283551,1523,73.773737,981.0,38.44242,1565.0,5.251378,1324.0,261.161897,1524.0,0.812896,0.384424,0.243055,0.305673,0.091749,0.2420 - 0.3928,4.0,Cuarto Quintil,"Programa de las Naciones Unidas para el Desarrollo (PNUD), 2019. Unidad del Informe sobre Desarrollo Humano. Perú",Polygon,-77.529279,-8.630529,82.4527,47.7866
15,LIMA,1503,CAJATAMBO,150304,HUANCAPON,150304,Huancapon,813,1669.0,0.39182,909,72.149384,1214.0,61.943082,730.0,6.404714,899.0,456.015227,1027.0,0.785823,0.619431,0.324276,0.448181,0.170797,0.2420 - 0.3928,4.0,Cuarto Quintil,"Programa de las Naciones Unidas para el Desarrollo (PNUD), 2019. Unidad del Informe sobre Desarrollo Humano. Perú",Polygon,-77.108928,-10.521689,150.104,55.7071
15,LIMA,1503,CAJATAMBO,150305,MANAS,150305,Manas,899,1641.0,0.474126,571,69.894912,1472.0,58.915788,849.0,7.868844,482.0,734.726678,557.0,0.748249,0.589158,0.427383,0.501793,0.283865,0.3928 - 0.5436,3.0,Tercer Quintil,"Programa de las Naciones Unidas para el Desarrollo (PNUD), 2019. Unidad del Informe sobre Desarrollo Humano. Perú",Polygon,-77.220802,-10.612363,282.6919,73.1411
15,LIMA,1508,HUAURA,150802,AMBAR,150802,Ambar,2417,1204.0,0.316448,1347,73.508776,1018.0,42.060097,1476.0,4.781829,1494.0,360.104546,1274.0,0.80848,0.420601,0.209988,0.297189,0.131888,0.2420 - 0.3928,4.0,Cuarto Quintil,"Programa de las Naciones Unidas para el Desarrollo (PNUD), 2019. Unidad del Informe sobre Desarrollo Humano. Perú",Polygon,-77.267714,-10.782286,941.4476,184.014
15,LIMA,1508,HUAURA,150804,CHECRAS,150804,Checras,1498,1435.0,0.34139,1186,78.290699,374.0,71.662176,327.0,3.403545,1825.0,423.174426,1109.0,0.888178,0.716622,0.112926,0.284473,0.157474,0.2420 - 0.3928,4.0,Cuarto Quintil,"Programa de las Naciones Unidas para el Desarrollo (PNUD), 2019. Unidad del Informe sobre Desarrollo Humano. Perú",Polygon,-76.855478,-10.921691,166.9132,71.3821
15,LIMA,1508,HUAURA,150808,PACCHO,150808,Paccho,1890,1335.0,0.164058,1849,78.155517,390.0,55.495961,1006.0,6.225471,956.0,64.542636,1870.0,0.885925,0.55496,0.311653,0.415878,0.011985,0.0912 - 0.2420,5.0,Quinto Quintil,"Programa de las Naciones Unidas para el Desarrollo (PNUD), 2019. Unidad del Informe sobre Desarrollo Humano. Perú",Polygon,-76.971826,-10.96586,237.498,71.0657
15,LIMA,1508,HUAURA,150809,SANTA LEONOR,150809,Santa Leonor,1031,1592.0,0.317292,1343,74.712896,827.0,64.375315,644.0,7.168882,667.0,227.628449,1618.0,0.828548,0.643753,0.37809,0.493353,0.078145,0.2420 - 0.3928,4.0,Cuarto Quintil,"Programa de las Naciones Unidas para el Desarrollo (PNUD), 2019. Unidad del Informe sobre Desarrollo Humano. Perú",Polygon,-76.671204,-10.962746,374.6013,94.8616
15,LIMA,1508,HUAURA,150811,SAYAN,150811,Sayan,24684,232.0,0.625259,159,76.007109,650.0,64.39893,642.0,7.928808,470.0,1379.419827,70.0,0.850118,0.643989,0.431606,0.527209,0.545404,0.5436 - 0.6944,2.0,Segundo Quintil,"Programa de las Naciones Unidas para el Desarrollo (PNUD), 2019. Unidad del Informe sobre Desarrollo Humano. Perú",Polygon,-77.23374,-11.145817,1313.5257,190.8324
15,LIMA,1508,HUAURA,150812,VEGUETA,150812,Vegueta,26243,215.0,0.605898,196,75.860099,667.0,65.248677,602.0,8.328202,396.0,1216.001808,121.0,0.847668,0.652487,0.459733,0.547695,0.479108,0.5436 - 0.6944,2.0,Segundo Quintil,"Programa de las Naciones Unidas para el Desarrollo (PNUD), 2019. Unidad del Informe sobre Desarrollo Humano. Perú",Polygon,-77.604104,-10.950182,257.66,75.9366
15,LIMA,1509,OYON,150901,OYON,150901,Oyon,14348,359.0,0.632963,140,79.694673,222.0,55.60979,999.0,10.434856,89.0,1214.229806,123.0,0.911578,0.556098,0.608088,0.581512,0.478389,0.5436 - 0.6944,2.0,Segundo Quintil,"Programa de las Naciones Unidas para el Desarrollo (PNUD), 2019. Unidad del Informe sobre Desarrollo Humano. Perú",Polygon,-76.757671,-10.66935,876.7042,178.3476
15,LIMA,1509,OYON,150906,PACHANGARA,150906,Pachangara,3020,1092.0,0.534835,379,83.408054,27.0,60.943782,768.0,8.191496,428.0,774.659755,510.0,0.973468,0.609438,0.450105,0.523747,0.300065,0.3928 - 0.5436,3.0,Tercer Quintil,"Programa de las Naciones Unidas para el Desarrollo (PNUD), 2019. Unidad del Informe sobre Desarrollo Humano. Perú",Polygon,-76.797545,-10.837856,255.1278,71.8403
15,LIMA,1502,BARRANCA,150203,PATIVILCA,150203,Pativilca,19808,282.0,0.609,188,83.279899,28.0,68.212665,469.0,7.753898,523.0,1106.793701,179.0,0.971332,0.682127,0.419289,0.534797,0.434805,0.5436 - 0.6944,2.0,Segundo Quintil,"Programa de las Naciones Unidas para el Desarrollo (PNUD), 2019. Unidad del Informe sobre Desarrollo Humano. Perú",Polygon,-77.685937,-10.62335,281.8432,109.641
15,LIMA,1503,CAJATAMBO,150301,CAJATAMBO,150301,Cajatambo,1680,1391.0,0.494912,507,70.526062,1422.0,58.335841,887.0,7.612229,555.0,840.931508,428.0,0.758768,0.583358,0.409312,0.488647,0.32695,0.3928 - 0.5436,3.0,Tercer Quintil,"Programa de las Naciones Unidas para el Desarrollo (PNUD), 2019. Unidad del Informe sobre Desarrollo Humano. Perú",Polygon,-76.943818,-10.455126,552.2172,130.0525
15,LIMA,1503,CAJATAMBO,150302,COPA,150302,Copa,705,1701.0,0.153212,1856,70.721624,1406.0,36.220955,1617.0,5.296305,1304.0,73.956997,1864.0,0.762027,0.36221,0.246219,0.298635,0.015804,0.0912 - 0.2420,5.0,Quinto Quintil,"Programa de las Naciones Unidas para el Desarrollo (PNUD), 2019. Unidad del Informe sobre Desarrollo Humano. Perú",Polygon,-77.023348,-10.364469,205.3951,96.4296
15,LIMA,1503,CAJATAMBO,150303,GORGOR,150303,Gorgor,2492,1191.0,0.277028,1548,68.603786,1584.0,31.801136,1731.0,6.847555,767.0,249.486179,1554.0,0.72673,0.318011,0.355462,0.336215,0.087013,0.2420 - 0.3928,4.0,Cuarto Quintil,"Programa de las Naciones Unidas para el Desarrollo (PNUD), 2019. Unidad del Informe sobre Desarrollo Humano. Perú",Polygon,-76.991904,-10.621636,336.121,91.2881
13,LA LIBERTAD,1301,TRUJILLO,130102,EL PORVENIR,130102,El Porvenir,209189,23.0,0.562868,306,79.350785,251.0,59.073691,840.0,7.880201,481.0,999.874186,259.0,0.905846,0.590737,0.428183,0.502935,0.39143,0.5436 - 0.6944,2.0,Segundo Quintil,"Programa de las Naciones Unidas para el Desarrollo (PNUD), 2019. Unidad del Informe sobre Desarrollo Humano. Perú",Polygon,-78.995487,-8.051557,38.4366,32.6667
06,CAJAMARCA,0601,CAJAMARCA,060101,CAJAMARCA,060101,Cajamarca,257381,17.0,0.607018,193,73.192247,1075.0,74.295304,233.0,9.490387,197.0,1117.141592,174.0,0.803204,0.742953,0.541577,0.634323,0.439003,0.5436 - 0.6944,2.0,Segundo Quintil,"Programa de las Naciones Unidas para el Desarrollo (PNUD), 2019. Unidad del Informe sobre Desarrollo Humano. Perú",Polygon,-78.561064,-7.077456,379.1102,124.8007
14,LAMBAYEQUE,1401,CHICLAYO,140104,ETEN PUERTO,140104,Eten Puerto,2155,1265.0,0.617684,175,80.025836,197.0,81.130051,51.0,10.596907,70.0,928.489434,336.0,0.917097,0.811301,0.6195,0.708944,0.36247,0.5436 - 0.6944,2.0,Segundo Quintil,"Programa de las Naciones Unidas para el Desarrollo (PNUD), 2019. Unidad del Informe sobre Desarrollo Humano. Perú",Polygon,-79.846958,-6.950421,13.1688,22.5372
13,LA LIBERTAD,1301,TRUJILLO,130103,FLORENCIA DE MORA,130103,Florencia De Mora,40839,149.0,0.566004,296,80.065068,191.0,64.733479,625.0,8.831425,306.0,895.216622,365.0,0.917751,0.647335,0.495171,0.566164,0.348972,0.5436 - 0.6944,2.0,Segundo Quintil,"Programa de las Naciones Unidas para el Desarrollo (PNUD), 2019. Unidad del Informe sobre Desarrollo Humano. Perú",Polygon,-79.02117,-8.082367,2.5841,7.7523
13,LA LIBERTAD,1301,TRUJILLO,130105,LA ESPERANZA,130105,La Esperanza,197398,25.0,0.596157,222,78.861066,300.0,67.40352,512.0,9.291972,221.0,1010.620438,253.0,0.897684,0.674035,0.527604,0.596342,0.395789,0.5436 - 0.6944,2.0,Segundo Quintil,"Programa de las Naciones Unidas para el Desarrollo (PNUD), 2019. Unidad del Informe sobre Desarrollo Humano. Perú",Polygon,-79.055659,-8.063341,21.5542,21.089
02,ANCASH,0218,SANTA,021803,COISHCO,021803,Coishco,15940,328.0,0.576718,265,78.758527,314.0,67.738381,494.0,8.602424,348.0,961.414626,297.0,0.895975,0.677384,0.479044,0.569646,0.375827,0.5436 - 0.6944,2.0,Segundo Quintil,"Programa de las Naciones Unidas para el Desarrollo (PNUD), 2019. Unidad del Informe sobre Desarrollo Humano. Perú",Polygon,-78.618451,-9.027582,8.4674,16.6285
16,LORETO,1608,PUTUMAYO,160804,YAGUAS,160804,Yaguas,1091,1576.0,0.472306,579,76.628272,559.0,27.251144,1796.0,5.408872,1256.0,1181.878633,141.0,0.860471,0.272511,0.254146,0.263169,0.465265,0.3928 - 0.5436,3.0,Tercer Quintil,"Programa de las Naciones Unidas para el Desarrollo (PNUD), 2019. Unidad del Informe sobre Desarrollo Humano. Perú",Polygon,-71.012825,-2.804291,17961.4916,743.8341
16,LORETO,1608,PUTUMAYO,160802,ROSA PANDURO,160802,Rosa Panduro,444,1813.0,0.364987,1048,78.316935,368.0,12.839037,1871.0,6.018603,1034.0,725.605295,568.0,0.888616,0.12839,0.297085,0.195302,0.280164,0.2420 - 0.3928,4.0,Cuarto Quintil,"Programa de las Naciones Unidas para el Desarrollo (PNUD), 2019. Unidad del Informe sobre Desarrollo Humano. Perú",Polygon,-73.865513,-1.558066,7170.2361,664.5588
01,AMAZONAS,0107,UTCUBAMBA,010703,CUMBA,010703,Cumba,7324,637.0,0.362661,1062,70.763342,1404.0,37.024393,1595.0,4.79139,1493.0,586.971925,775.0,0.762722,0.370244,0.210661,0.279278,0.223924,0.2420 - 0.3928,4.0,Cuarto Quintil,"Programa de las Naciones Unidas para el Desarrollo (PNUD), 2019. Unidad del Informe sobre Desarrollo Humano. Perú",Polygon,-78.607695,-5.916718,300.8854,91.6229
01,AMAZONAS,0107,UTCUBAMBA,010701,BAGUA GRANDE,010701,Bagua Grande,50553,124.0,0.509394,465,71.57903,1302.0,67.858721,488.0,6.917166,745.0,883.723553,381.0,0.776317,0.678587,0.360364,0.494508,0.34431,0.3928 - 0.5436,3.0,Tercer Quintil,"Programa de las Naciones Unidas para el Desarrollo (PNUD), 2019. Unidad del Informe sobre Desarrollo Humano. Perú",Polygon,-78.439978,-5.83883,727.4504,135.8477
01,AMAZONAS,0107,UTCUBAMBA,010702,CAJARURO,010702,Cajaruro,24817,227.0,0.45171,655,71.532891,1305.0,56.203445,972.0,4.909133,1442.0,870.082331,394.0,0.775548,0.562034,0.218953,0.350798,0.338776,0.3928 - 0.5436,3.0,Tercer Quintil,"Programa de las Naciones Unidas para el Desarrollo (PNUD), 2019. Unidad del Informe sobre Desarrollo Humano. Perú",Polygon,-78.174665,-5.614276,1798.7949,226.1895
01,AMAZONAS,0104,CONDORCANQUI,010401,NIEVA,010401,Nieva,24778,228.0,0.294016,1465,66.038824,1725.0,33.660656,1696.0,5.834988,1092.0,331.174367,1345.0,0.68398,0.336607,0.284154,0.30927,0.120152,0.2420 - 0.3928,4.0,Cuarto Quintil,"Programa de las Naciones Unidas para el Desarrollo (PNUD), 2019. Unidad del Informe sobre Desarrollo Humano. Perú",Polygon,-77.929944,-4.845302,4182.3973,364.1533
01,AMAZONAS,0101,CHACHAPOYAS,010103,BALSAS,010103,Balsas,1467,1443.0,0.315308,1355,68.594405,1585.0,32.772384,1712.0,5.193542,1344.0,415.021047,1133.0,0.726573,0.327724,0.238982,0.279857,0.154167,0.2420 - 0.3928,4.0,Cuarto Quintil,"Programa de las Naciones Unidas para el Desarrollo (PNUD), 2019. Unidad del Informe sobre Desarrollo Humano. Perú",Polygon,-77.949148,-6.807718,316.9054,86.8842
01,AMAZONAS,0101,CHACHAPOYAS,010110,LEIMEBAMBA,010110,Leimebamba,3855,963.0,0.398951,881,70.299479,1432.0,39.989407,1524.0,6.323528,928.0,615.853241,734.0,0.754991,0.399894,0.318558,0.356917,0.23564,0.3928 - 0.5436,3.0,Tercer Quintil,"Programa de las Naciones Unidas para el Desarrollo (PNUD), 2019. Unidad del Informe sobre Desarrollo Humano. Perú",Polygon,-77.798679,-6.808884,380.4924,108.2244
01,AMAZONAS,0101,CHACHAPOYAS,010113,MARISCAL CASTILLA,010113,Mariscal Castilla,1004,1602.0,0.446101,683,69.295109,1529.0,50.263263,1220.0,6.624356,836.0,752.318104,535.0,0.738252,0.502633,0.339743,0.413239,0.291001,0.3928 - 0.5436,3.0,Tercer Quintil,"Programa de las Naciones Unidas para el Desarrollo (PNUD), 2019. Unidad del Informe sobre Desarrollo Humano. Perú",Polygon,-77.77,-6.578902,78.8257,39.8906
01,AMAZONAS,0101,CHACHAPOYAS,010115,MONTEVIDEO,010115,Montevideo,374,1832.0,0.447631,679,71.259491,1344.0,42.604099,1462.0,7.351333,626.0,737.662341,553.0,0.770992,0.426041,0.390939,0.408113,0.285056,0.3928 - 0.5436,3.0,Tercer Quintil,"Programa de las Naciones Unidas para el Desarrollo (PNUD), 2019. Unidad del Informe sobre Desarrollo Humano. Perú",Polygon,-77.718375,-6.628105,122.9629,58.9646
01,AMAZONAS,0105,LUYA,010517,SAN FRANCISCO DEL YESO,010517,San Francisco Del Yeso,702,1702.0,0.347107,1151,69.912742,1470.0,29.839462,1757.0,3.923933,1745.0,686.879131,629.0,0.748546,0.298395,0.149573,0.211262,0.264454,0.2420 - 0.3928,4.0,Cuarto Quintil,"Programa de las Naciones Unidas para el Desarrollo (PNUD), 2019. Unidad del Informe sobre Desarrollo Humano. Perú",Polygon,-77.859523,-6.659016,181.7141,59.1857
01,AMAZONAS,0105,LUYA,010521,SANTO TOMAS,010521,Santo Tomas,3015,1094.0,0.278361,1540,69.531358,1507.0,32.032691,1726.0,4.895668,1448.0,306.078896,1407.0,0.742189,0.320327,0.218005,0.264259,0.109971,0.2420 - 0.3928,4.0,Cuarto Quintil,"Programa de las Naciones Unidas para el Desarrollo (PNUD), 2019. Unidad del Informe sobre Desarrollo Humano. Perú",Polygon,-77.892473,-6.569057,89.9343,42.5907
01,AMAZONAS,0105,LUYA,010503,COCABAMBA,010503,Cocabamba,2189,1256.0,0.254097,1661,68.554081,1589.0,23.285631,1832.0,4.130832,1701.0,319.96062,1378.0,0.725901,0.232856,0.164143,0.195504,0.115603,0.2420 - 0.3928,4.0,Cuarto Quintil,"Programa de las Naciones Unidas para el Desarrollo (PNUD), 2019. Unidad del Informe sobre Desarrollo Humano. Perú",Polygon,-78.015361,-6.626966,340.9735,88.0628
01,AMAZONAS,0106,RODRIGUEZ DE MENDOZA,010602,CHIRIMOTO,010602,Chirimoto,2376,1213.0,0.262898,1620,67.859451,1638.0,26.60647,1804.0,4.698855,1531.0,304.04281,1413.0,0.714324,0.266065,0.204145,0.233057,0.109145,0.2420 - 0.3928,4.0,Cuarto Quintil,"Programa de las Naciones Unidas para el Desarrollo (PNUD), 2019. Unidad del Informe sobre Desarrollo Humano. Perú",Polygon,-77.420005,-6.547469,153.7427,67.6905
01,AMAZONAS,0101,CHACHAPOYAS,010109,LA JALCA,010109,La Jalca,4279,899.0,0.295184,1459,73.094502,1082.0,42.662944,1461.0,4.641319,1552.0,305.714701,1408.0,0.801575,0.426629,0.200093,0.292174,0.109823,0.2420 - 0.3928,4.0,Cuarto Quintil,"Programa de las Naciones Unidas para el Desarrollo (PNUD), 2019. Unidad del Informe sobre Desarrollo Humano. Perú",Polygon,-77.784392,-6.503592,124.0046,53.3398
01,AMAZONAS,0106,RODRIGUEZ DE MENDOZA,010608,MILPUC,010608,Milpuc,459,1803.0,0.310428,1376,67.724908,1644.0,23.381443,1831.0,4.691602,1534.0,509.577825,912.0,0.712082,0.233814,0.203634,0.218203,0.192527,0.2420 - 0.3928,4.0,Cuarto Quintil,"Programa de las Naciones Unidas para el Desarrollo (PNUD), 2019. Unidad del Informe sobre Desarrollo Humano. Perú",Polygon,-77.413644,-6.498658,42.9417,28.8066
01,AMAZONAS,0105,LUYA,010514,PISUQUIA,010514,Pisuquia,5612,763.0,0.380225,960,69.004095,1553.0,39.7913,1530.0,4.496977,1608.0,707.060653,596.0,0.733402,0.397913,0.189928,0.274909,0.272641,0.2420 - 0.3928,4.0,Cuarto Quintil,"Programa de las Naciones Unidas para el Desarrollo (PNUD), 2019. Unidad del Informe sobre Desarrollo Humano. Perú",Polygon,-78.086272,-6.474741,290.7003,82.4597
01,AMAZONAS,0105,LUYA,010519,SAN JUAN DE LOPECANCHA,010519,San Juan De Lopecancha,367,1837.0,0.36214,1065,72.873817,1119.0,43.750633,1428.0,4.099723,1709.0,586.205954,776.0,0.797897,0.437506,0.161952,0.266186,0.223613,0.2420 - 0.3928,4.0,Cuarto Quintil,"Programa de las Naciones Unidas para el Desarrollo (PNUD), 2019. Unidad del Informe sobre Desarrollo Humano. Perú",Polygon,-77.891752,-6.482742,86.2917,50.9217
01,AMAZONAS,0106,RODRIGUEZ DE MENDOZA,010605,LIMABAMBA,010605,Limabamba,2938,1107.0,0.286112,1509,67.722519,1645.0,35.072165,1653.0,5.201222,1341.0,314.745272,1387.0,0.712042,0.350722,0.239523,0.289838,0.113487,0.2420 - 0.3928,4.0,Cuarto Quintil,"Programa de las Naciones Unidas para el Desarrollo (PNUD), 2019. Unidad del Informe sobre Desarrollo Humano. Perú",Polygon,-77.576013,-6.553066,614.4965,144.5515
01,AMAZONAS,0105,LUYA,010511,MARIA,010511,Maria,831,1665.0,0.282144,1524,70.278112,1434.0,18.066438,1860.0,5.239921,1328.0,385.691517,1211.0,0.754635,0.180664,0.242248,0.209202,0.142268,0.2420 - 0.3928,4.0,Cuarto Quintil,"Programa de las Naciones Unidas para el Desarrollo (PNUD), 2019. Unidad del Informe sobre Desarrollo Humano. Perú",Polygon,-77.960791,-6.496562,87.6813,47.9284
01,AMAZONAS,0106,RODRIGUEZ DE MENDOZA,010604,HUAMBO,010604,Huambo,2118,1276.0,0.406388,843,71.70568,1282.0,34.237113,1673.0,5.511219,1217.0,745.488917,543.0,0.778428,0.342371,0.261353,0.299132,0.288231,0.3928 - 0.5436,3.0,Tercer Quintil,"Programa de las Naciones Unidas para el Desarrollo (PNUD), 2019. Unidad del Informe sobre Desarrollo Humano. Perú",Polygon,-77.530563,-6.435571,77.614,40.3795
01,AMAZONAS,0101,CHACHAPOYAS,010112,MAGDALENA,010112,Magdalena,687,1706.0,0.47377,573,71.622414,1296.0,53.255124,1090.0,6.384657,911.0,848.55239,415.0,0.77704,0.532551,0.322863,0.414658,0.330042,0.3928 - 0.5436,3.0,Tercer Quintil,"Programa de las Naciones Unidas para el Desarrollo (PNUD), 2019. Unidad del Informe sobre Desarrollo Humano. Perú",Polygon,-77.823814,-6.420564,135.339,61.845
01,AMAZONAS,0105,LUYA,010507,LONGUITA,010507,Longuita,1046,1589.0,0.262888,1621,71.418825,1325.0,28.676885,1777.0,4.629509,1558.0,277.16294,1488.0,0.773647,0.286769,0.199261,0.239044,0.098241,0.2420 - 0.3928,4.0,Cuarto Quintil,"Programa de las Naciones Unidas para el Desarrollo (PNUD), 2019. Unidad del Informe sobre Desarrollo Humano. Perú",Polygon,-78.004807,-6.407303,58.6487,35.6708
01,AMAZONAS,0106,RODRIGUEZ DE MENDOZA,010601,SAN NICOLAS,010601,San Nicolas,5986,738.0,0.524841,418,73.637572,1002.0,51.897325,1158.0,7.803145,503.0,973.558105,285.0,0.810626,0.518973,0.422757,0.468401,0.380754,0.3928 - 0.5436,3.0,Tercer Quintil,"Programa de las Naciones Unidas para el Desarrollo (PNUD), 2019. Unidad del Informe sobre Desarrollo Humano. Perú",Polygon,-77.43895,-6.372803,102.1445,53.8947
01,AMAZONAS,0105,LUYA,010522,TINGO,010522,Tingo,1264,1515.0,0.404024,856,67.073306,1678.0,38.91863,1555.0,5.754905,1128.0,739.176493,552.0,0.701222,0.389186,0.278514,0.329232,0.28567,0.3928 - 0.5436,3.0,Tercer Quintil,"Programa de las Naciones Unidas para el Desarrollo (PNUD), 2019. Unidad del Informe sobre Desarrollo Humano. Perú",Polygon,-77.943521,-6.386863,108.9767,58.2872
01,AMAZONAS,0106,RODRIGUEZ DE MENDOZA,010606,LONGAR,010606,Longar,1570,1413.0,0.418452,786,71.870291,1255.0,42.292904,1467.0,5.968945,1052.0,691.153199,623.0,0.781172,0.422929,0.293588,0.352373,0.266188,0.3928 - 0.5436,3.0,Tercer Quintil,"Programa de las Naciones Unidas para el Desarrollo (PNUD), 2019. Unidad del Informe sobre Desarrollo Humano. Perú",Polygon,-77.566086,-6.351042,82.2024,50.2654
01,AMAZONAS,0101,CHACHAPOYAS,010119,SAN ISIDRO DE MAINO,010119,San Isidro De Maino,595,1744.0,0.321842,1315,69.796496,1480.0,38.234448,1574.0,4.739793,1517.0,426.209374,1103.0,0.746608,0.382344,0.207028,0.281347,0.158706,0.2420 - 0.3928,4.0,Cuarto Quintil,"Programa de las Naciones Unidas para el Desarrollo (PNUD), 2019. Unidad del Informe sobre Desarrollo Humano. Perú",Polygon,-77.822566,-6.354416,107.9098,51.4125
01,AMAZONAS,0106,RODRIGUEZ DE MENDOZA,010611,TOTORA,010611,Totora,320,1849.0,0.390801,915,68.408874,1609.0,23.381443,1830.0,5.60733,1187.0,847.182778,419.0,0.723481,0.233814,0.268122,0.250381,0.329486,0.2420 - 0.3928,4.0,Cuarto Quintil,"Programa de las Naciones Unidas para el Desarrollo (PNUD), 2019. Unidad del Informe sobre Desarrollo Humano. Perú",Polygon,-77.467156,-6.49135,19.4458,19.4738
01,AMAZONAS,0106,RODRIGUEZ DE MENDOZA,010609,OMIA,010609,Omia,10480,473.0,0.2959,1456,68.501693,1600.0,27.019882,1800.0,4.909909,1441.0,397.09932,1179.0,0.725028,0.270199,0.219008,0.24326,0.146896,0.2420 - 0.3928,4.0,Cuarto Quintil,"Programa de las Naciones Unidas para el Desarrollo (PNUD), 2019. Unidad del Informe sobre Desarrollo Humano. Perú",Polygon,-77.354421,-6.405403,225.0841,66.9469
01,AMAZONAS,0106,RODRIGUEZ DE MENDOZA,010610,SANTA ROSA,010610,Santa Rosa,412,1822.0,0.357542,1093,76.170183,625.0,26.304123,1807.0,4.435462,1630.0,632.910911,709.0,0.852836,0.263041,0.185596,0.220951,0.24256,0.2420 - 0.3928,4.0,Cuarto Quintil,"Programa de las Naciones Unidas para el Desarrollo (PNUD), 2019. Unidad del Informe sobre Desarrollo Humano. Perú",Polygon,-77.458416,-6.455234,20.2193,19.5988
01,AMAZONAS,0101,CHACHAPOYAS,010111,LEVANTO,010111,Levanto,671,1715.0,0.324295,1299,76.452349,583.0,39.63172,1533.0,4.146044,1696.0,418.124223,1123.0,0.857539,0.396317,0.165214,0.255885,0.155426,0.2420 - 0.3928,4.0,Cuarto Quintil,"Programa de las Naciones Unidas para el Desarrollo (PNUD), 2019. Unidad del Informe sobre Desarrollo Humano. Perú",Polygon,-77.864552,-6.314296,74.7957,62.2474
01,AMAZONAS,0106,RODRIGUEZ DE MENDOZA,010603,COCHAMAL,010603,Cochamal,522,1783.0,0.424115,762,76.155513,629.0,58.453608,872.0,6.282086,942.0,548.480747,845.0,0.852592,0.584536,0.31564,0.429538,0.208309,0.3928 - 0.5436,3.0,Tercer Quintil,"Programa de las Naciones Unidas para el Desarrollo (PNUD), 2019. Unidad del Informe sobre Desarrollo Humano. Perú",Polygon,-77.665441,-6.38622,180.7017,84.044
01,AMAZONAS,0105,LUYA,010504,COLCAMAR,010504,Colcamar,1850,1348.0,0.272209,1580,72.527535,1167.0,26.613019,1803.0,4.592631,1570.0,309.360688,1401.0,0.792126,0.26613,0.196664,0.228776,0.111303,0.2420 - 0.3928,4.0,Cuarto Quintil,"Programa de las Naciones Unidas para el Desarrollo (PNUD), 2019. Unidad del Informe sobre Desarrollo Humano. Perú",Polygon,-78.010636,-6.31003,107.5842,61.8354
01,AMAZONAS,0105,LUYA,010513,OCUMAL,010513,Ocumal,3978,945.0,0.285337,1516,68.999299,1556.0,38.708902,1560.0,4.90555,1444.0,303.391055,1417.0,0.733322,0.387089,0.218701,0.290958,0.108881,0.2420 - 0.3928,4.0,Cuarto Quintil,"Programa de las Naciones Unidas para el Desarrollo (PNUD), 2019. Unidad del Informe sobre Desarrollo Humano. Perú",Polygon,-78.163979,-6.34578,363.7255,101.5055
01,AMAZONAS,0105,LUYA,010515,PROVIDENCIA,010515,Providencia,1290,1504.0,0.251746,1669,71.148164,1359.0,25.380692,1816.0,5.142373,1357.0,244.203542,1569.0,0.769136,0.253807,0.235378,0.244419,0.08487,0.2420 - 0.3928,4.0,Cuarto Quintil,"Programa de las Naciones Unidas para el Desarrollo (PNUD), 2019. Unidad del Informe sobre Desarrollo Humano. Perú",Polygon,-78.291844,-6.30757,116.4033,52.9029
01,AMAZONAS,0101,CHACHAPOYAS,010120,SOLOCO,010120,Soloco,1076,1582.0,0.344628,1166,74.397124,870.0,36.310312,1611.0,4.742332,1516.0,481.788671,979.0,0.823285,0.363103,0.207206,0.274294,0.181253,0.2420 - 0.3928,4.0,Cuarto Quintil,"Programa de las Naciones Unidas para el Desarrollo (PNUD), 2019. Unidad del Informe sobre Desarrollo Humano. Perú",Polygon,-77.74635,-6.309112,74.7303,57.6064
01,AMAZONAS,0101,CHACHAPOYAS,010104,CHETO,010104,Cheto,585,1749.0,0.345746,1159,77.528252,463.0,52.210906,1141.0,4.584966,1573.0,398.663339,1173.0,0.875471,0.522109,0.196124,0.319997,0.147531,0.2420 - 0.3928,4.0,Cuarto Quintil,"Programa de las Naciones Unidas para el Desarrollo (PNUD), 2019. Unidad del Informe sobre Desarrollo Humano. Perú",Polygon,-77.677164,-6.297969,70.2922,47.9135
01,AMAZONAS,0105,LUYA,010506,INGUILPATA,010506,Inguilpata,425,1820.0,0.349613,1130,73.726804,986.0,55.760611,990.0,5.322424,1293.0,383.757563,1214.0,0.812113,0.557606,0.248058,0.371912,0.141484,0.2420 - 0.3928,4.0,Cuarto Quintil,"Programa de las Naciones Unidas para el Desarrollo (PNUD), 2019. Unidad del Informe sobre Desarrollo Humano. Perú",Polygon,-78.028566,-6.248101,118.4802,69.3356
01,AMAZONAS,0101,CHACHAPOYAS,010118,SAN FRANCISCO DE DAGUAS,010118,San Francisco De Daguas,305,1853.0,0.489706,520,71.222684,1349.0,55.570564,1002.0,7.490774,585.0,831.258826,439.0,0.770378,0.555706,0.400759,0.471915,0.323026,0.3928 - 0.5436,3.0,Tercer Quintil,"Programa de las Naciones Unidas para el Desarrollo (PNUD), 2019. Unidad del Informe sobre Desarrollo Humano. Perú",Polygon,-77.733573,-6.232235,40.3819,36.6664
01,AMAZONAS,0105,LUYA,010502,CAMPORREDONDO,010502,Camporredondo,7192,647.0,0.341757,1183,69.65739,1495.0,27.961454,1789.0,5.610592,1184.0,517.60686,901.0,0.74429,0.279615,0.268352,0.273925,0.195784,0.2420 - 0.3928,4.0,Cuarto Quintil,"Programa de las Naciones Unidas para el Desarrollo (PNUD), 2019. Unidad del Informe sobre Desarrollo Humano. Perú",Polygon,-78.334466,-6.177793,218.7082,67.8069
01,AMAZONAS,0106,RODRIGUEZ DE MENDOZA,010607,MARISCAL BENAVIDES,010607,Mariscal Benavides,1369,1476.0,0.482819,544,73.004352,1100.0,53.831695,1062.0,6.391833,905.0,866.135997,398.0,0.800073,0.538317,0.323369,0.417223,0.337175,0.3928 - 0.5436,3.0,Tercer Quintil,"Programa de las Naciones Unidas para el Desarrollo (PNUD), 2019. Unidad del Informe sobre Desarrollo Humano. Perú",Polygon,-77.485103,-6.291659,202.4727,71.2904
01,AMAZONAS,0105,LUYA,010508,LONYA CHICO,010508,Lonya Chico,736,1692.0,0.338262,1209,73.620438,1004.0,33.859455,1689.0,4.82611,1482.0,473.300329,1000.0,0.810341,0.338595,0.213106,0.26862,0.177809,0.2420 - 0.3928,4.0,Cuarto Quintil,"Programa de las Naciones Unidas para el Desarrollo (PNUD), 2019. Unidad del Informe sobre Desarrollo Humano. Perú",Polygon,-78.012397,-6.207428,69.4919,58.3719
01,AMAZONAS,0101,CHACHAPOYAS,010101,CHACHAPOYAS,010101,Chachapoyas,33038,171.0,0.642361,125,72.192674,1204.0,79.562705,76.0,10.018339,136.0,1259.130244,99.0,0.786545,0.795627,0.578756,0.678582,0.496605,0.5436 - 0.6944,2.0,Segundo Quintil,"Programa de las Naciones Unidas para el Desarrollo (PNUD), 2019. Unidad del Informe sobre Desarrollo Humano. Perú",Polygon,-77.856485,-6.247741,153.1324,64.9758
01,AMAZONAS,0105,LUYA,010509,LUYA,010509,Luya,4145,920.0,0.394117,899,74.219803,907.0,45.528251,1369.0,6.212643,959.0,524.053654,890.0,0.82033,0.455283,0.310749,0.376137,0.198399,0.3928 - 0.5436,3.0,Tercer Quintil,"Programa de las Naciones Unidas para el Desarrollo (PNUD), 2019. Unidad del Informe sobre Desarrollo Humano. Perú",Polygon,-77.981193,-6.171836,96.0858,64.2637
01,AMAZONAS,0105,LUYA,010523,TRITA,010523,Trita,1367,1477.0,0.346581,1152,76.265398,612.0,33.820022,1693.0,5.087387,1375.0,464.230295,1011.0,0.854423,0.3382,0.231506,0.279813,0.17413,0.2420 - 0.3928,4.0,Cuarto Quintil,"Programa de las Naciones Unidas para el Desarrollo (PNUD), 2019. Unidad del Informe sobre Desarrollo Humano. Perú",Polygon,-77.981134,-6.156466,12.9337,16.5909
01,AMAZONAS,0105,LUYA,010512,OCALLI,010512,Ocalli,4162,914.0,0.327353,1279,68.424241,1606.0,29.610807,1764.0,5.440724,1247.0,468.619198,1006.0,0.723737,0.296108,0.256389,0.275534,0.17591,0.2420 - 0.3928,4.0,Cuarto Quintil,"Programa de las Naciones Unidas para el Desarrollo (PNUD), 2019. Unidad del Informe sobre Desarrollo Humano. Perú",Polygon,-78.216854,-6.221804,171.8754,71.9422
01,AMAZONAS,0101,CHACHAPOYAS,010114,MOLINOPAMPA,010114,Molinopampa,2443,1202.0,0.380907,957,70.275664,1435.0,53.638254,1070.0,5.323638,1292.0,529.848193,881.0,0.754594,0.536383,0.248143,0.364829,0.20075,0.2420 - 0.3928,4.0,Cuarto Quintil,"Programa de las Naciones Unidas para el Desarrollo (PNUD), 2019. Unidad del Informe sobre Desarrollo Humano. Perú",Polygon,-77.607244,-6.212437,340.1906,100.3762
01,AMAZONAS,0101,CHACHAPOYAS,010121,SONCHE,010121,Sonche,196,1869.0,0.372094,1012,74.253636,900.0,34.083279,1678.0,4.51231,1600.0,641.308127,697.0,0.820894,0.340833,0.191008,0.25515,0.245967,0.2420 - 0.3928,4.0,Cuarto Quintil,"Programa de las Naciones Unidas para el Desarrollo (PNUD), 2019. Unidad del Informe sobre Desarrollo Humano. Perú",Polygon,-77.796402,-6.175972,120.1134,49.4522
01,AMAZONAS,0101,CHACHAPOYAS,010108,HUANCAS,010108,Huancas,1457,1448.0,0.414756,806,73.062598,1087.0,65.358561,595.0,6.147659,986.0,525.798289,886.0,0.801043,0.653586,0.306173,0.447337,0.199107,0.3928 - 0.5436,3.0,Tercer Quintil,"Programa de las Naciones Unidas para el Desarrollo (PNUD), 2019. Unidad del Informe sobre Desarrollo Humano. Perú",Polygon,-77.874976,-6.156143,46.2066,36.2114
01,AMAZONAS,0105,LUYA,010505,CONILA,010505,Conila,1890,1336.0,0.338649,1206,75.971102,653.0,55.173657,1015.0,4.670175,1542.0,372.457006,1244.0,0.849518,0.551737,0.202125,0.333946,0.136899,0.2420 - 0.3928,4.0,Cuarto Quintil,"Programa de las Naciones Unidas para el Desarrollo (PNUD), 2019. Unidad del Informe sobre Desarrollo Humano. Perú",Polygon,-78.191187,-6.126531,248.5822,81.2369
01,AMAZONAS,0105,LUYA,010501,LAMUD,010501,Lamud,2028,1295.0,0.485915,534,71.714044,1279.0,52.238888,1139.0,7.754207,522.0,811.135646,460.0,0.778567,0.522389,0.41931,0.46802,0.314862,0.3928 - 0.5436,3.0,Tercer Quintil,"Programa de las Naciones Unidas para el Desarrollo (PNUD), 2019. Unidad del Informe sobre Desarrollo Humano. Perú",Polygon,-77.943556,-6.119879,73.0931,45.9651
01,AMAZONAS,0101,CHACHAPOYAS,010117,QUINJALCA,010117,Quinjalca,640,1722.0,0.341954,1180,73.322438,1058.0,52.071676,1149.0,3.730425,1776.0,494.980853,947.0,0.805374,0.520717,0.135945,0.266062,0.186605,0.2420 - 0.3928,4.0,Cuarto Quintil,"Programa de las Naciones Unidas para el Desarrollo (PNUD), 2019. Unidad del Informe sobre Desarrollo Humano. Perú",Polygon,-77.685484,-6.108158,82.4418,53.3933
01,AMAZONAS,0105,LUYA,010516,SAN CRISTOBAL,010516,San Cristobal,537,1768.0,0.331047,1249,72.917446,1113.0,44.845768,1395.0,4.291148,1664.0,434.232647,1078.0,0.798624,0.448458,0.175433,0.280489,0.161961,0.2420 - 0.3928,4.0,Cuarto Quintil,"Programa de las Naciones Unidas para el Desarrollo (PNUD), 2019. Unidad del Informe sobre Desarrollo Humano. Perú",Polygon,-77.963359,-6.08408,35.5312,39.8835
01,AMAZONAS,0101,CHACHAPOYAS,010107,GRANADA,010107,Granada,337,1844.0,0.358001,1091,66.181836,1720.0,25.70937,1814.0,4.600522,1565.0,766.805716,517.0,0.686364,0.257094,0.19722,0.225175,0.296879,0.2420 - 0.3928,4.0,Cuarto Quintil,"Programa de las Naciones Unidas para el Desarrollo (PNUD), 2019. Unidad del Informe sobre Desarrollo Humano. Perú",Polygon,-77.576579,-6.099979,171.0987,65.0882
01,AMAZONAS,0103,BONGARA,010311,VALERA,010311,Valera,980,1607.0,0.400635,872,67.078114,1677.0,46.30013,1349.0,5.000964,1408.0,734.635174,558.0,0.701302,0.463001,0.22542,0.323063,0.283828,0.3928 - 0.5436,3.0,Tercer Quintil,"Programa de las Naciones Unidas para el Desarrollo (PNUD), 2019. Unidad del Informe sobre Desarrollo Humano. Perú",Polygon,-77.869169,-6.080632,78.0029,46.2129
01,AMAZONAS,0101,CHACHAPOYAS,010105,CHILIQUIN,010105,Chiliquin,391,1829.0,0.275038,1563,72.460151,1173.0,36.868932,1599.0,3.712853,1781.0,325.930531,1357.0,0.791003,0.368689,0.134708,0.222857,0.118025,0.2420 - 0.3928,4.0,Cuarto Quintil,"Programa de las Naciones Unidas para el Desarrollo (PNUD), 2019. Unidad del Informe sobre Desarrollo Humano. Perú",Polygon,-77.755859,-6.078205,141.5805,51.2331
01,AMAZONAS,0105,LUYA,010520,SANTA CATALINA,010520,Santa Catalina,1917,1323.0,0.27346,1571,73.399439,1040.0,20.588533,1849.0,4.240634,1679.0,367.190597,1258.0,0.806657,0.205885,0.171876,0.188113,0.134763,0.2420 - 0.3928,4.0,Cuarto Quintil,"Programa de las Naciones Unidas para el Desarrollo (PNUD), 2019. Unidad del Informe sobre Desarrollo Humano. Perú",Polygon,-78.09351,-6.056962,164.6525,62.8235
01,AMAZONAS,0107,UTCUBAMBA,010706,LONYA GRANDE,010706,Lonya Grande,10328,476.0,0.40652,842,70.849145,1393.0,42.109011,1475.0,5.68501,1160.0,673.475341,649.0,0.764152,0.42109,0.273592,0.339422,0.259016,0.3928 - 0.5436,3.0,Tercer Quintil,"Programa de las Naciones Unidas para el Desarrollo (PNUD), 2019. Unidad del Informe sobre Desarrollo Humano. Perú",Polygon,-78.410657,-6.063466,364.1537,86.6708
01,AMAZONAS,0105,LUYA,010510,LUYA VIEJO,010510,Luya Viejo,456,1806.0,0.309418,1381,78.161222,389.0,33.456366,1700.0,4.934037,1435.0,338.29224,1331.0,0.88602,0.334564,0.220707,0.271736,0.123039,0.2420 - 0.3928,4.0,Cuarto Quintil,"Programa de las Naciones Unidas para el Desarrollo (PNUD), 2019. Unidad del Informe sobre Desarrollo Humano. Perú",Polygon,-78.116788,-6.112486,55.6653,49.7131
01,AMAZONAS,0106,RODRIGUEZ DE MENDOZA,010612,VISTA ALEGRE,010612,Vista Alegre,3985,943.0,0.249042,1675,69.482747,1512.0,28.28934,1787.0,4.410196,1634.0,260.211145,1529.0,0.741379,0.282893,0.183817,0.228036,0.091364,0.2420 - 0.3928,4.0,Cuarto Quintil,"Programa de las Naciones Unidas para el Desarrollo (PNUD), 2019. Unidad del Informe sobre Desarrollo Humano. Perú",Polygon,-77.3342,-6.207182,861.2653,159.6896
01,AMAZONAS,0103,BONGARA,010303,CHURUJA,010303,Churuja,245,1864.0,0.515914,439,64.384458,1773.0,80.499089,62.0,7.398539,609.0,950.346361,315.0,0.656408,0.804991,0.394263,0.563363,0.371337,0.3928 - 0.5436,3.0,Tercer Quintil,"Programa de las Naciones Unidas para el Desarrollo (PNUD), 2019. Unidad del Informe sobre Desarrollo Humano. Perú",Polygon,-77.930363,-6.007796,31.8035,26.0941
01,AMAZONAS,0105,LUYA,010518,SAN JERONIMO,010518,San Jeronimo,610,1738.0,0.255735,1655,72.201272,1201.0,29.274321,1769.0,3.980879,1730.0,282.154668,1475.0,0.786688,0.292743,0.153583,0.212039,0.100266,0.2420 - 0.3928,4.0,Cuarto Quintil,"Programa de las Naciones Unidas para el Desarrollo (PNUD), 2019. Unidad del Informe sobre Desarrollo Humano. Perú",Polygon,-78.0458,-6.004589,207.7879,94.2345
01,AMAZONAS,0103,BONGARA,010309,SAN CARLOS,010309,San Carlos,319,1850.0,0.348034,1145,69.177513,1542.0,46.957802,1324.0,5.636559,1176.0,431.233928,1090.0,0.736292,0.469578,0.27018,0.356189,0.160744,0.2420 - 0.3928,4.0,Cuarto Quintil,"Programa de las Naciones Unidas para el Desarrollo (PNUD), 2019. Unidad del Informe sobre Desarrollo Humano. Perú",Polygon,-77.879056,-5.996387,112.4149,63.3839
01,AMAZONAS,0101,CHACHAPOYAS,010102,ASUNCION,010102,Asuncion,267,1861.0,0.423032,765,71.364553,1332.0,71.006832,353.0,6.013571,1036.0,561.102634,820.0,0.772743,0.710068,0.29673,0.459019,0.213429,0.3928 - 0.5436,3.0,Tercer Quintil,"Programa de las Naciones Unidas para el Desarrollo (PNUD), 2019. Unidad del Informe sobre Desarrollo Humano. Perú",Polygon,-77.743202,-5.996131,34.8512,30.8871
01,AMAZONAS,0101,CHACHAPOYAS,010116,OLLEROS,010116,Olleros,352,1840.0,0.364667,1052,71.93833,1241.0,53.255124,1089.0,5.673707,1162.0,435.895412,1071.0,0.782305,0.532551,0.272796,0.381154,0.162635,0.2420 - 0.3928,4.0,Cuarto Quintil,"Programa de las Naciones Unidas para el Desarrollo (PNUD), 2019. Unidad del Informe sobre Desarrollo Humano. Perú",Polygon,-77.670982,-6.008412,106.7473,50.9319
01,AMAZONAS,0103,BONGARA,010307,JAZAN,010307,Jazan,8515,558.0,0.511258,454,71.692879,1283.0,57.668274,913.0,7.440274,598.0,919.430505,344.0,0.778215,0.576683,0.397202,0.478602,0.358795,0.3928 - 0.5436,3.0,Tercer Quintil,"Programa de las Naciones Unidas para el Desarrollo (PNUD), 2019. Unidad del Informe sobre Desarrollo Humano. Perú",Polygon,-78.023431,-5.945373,75.7361,43.1514
01,AMAZONAS,0103,BONGARA,010308,RECTA,010308,Recta,149,1872.0,0.324005,1301,68.939488,1559.0,26.83303,1802.0,5.410331,1254.0,473.334345,999.0,0.732325,0.26833,0.254249,0.261195,0.177823,0.2420 - 0.3928,4.0,Cuarto Quintil,"Programa de las Naciones Unidas para el Desarrollo (PNUD), 2019. Unidad del Informe sobre Desarrollo Humano. Perú",Polygon,-77.775357,-5.939221,28.043,23.0292
01,AMAZONAS,0103,BONGARA,010301,JUMBILLA,010301,Jumbilla,1509,1431.0,0.451394,657,70.168582,1446.0,42.20926,1470.0,7.620913,553.0,759.009687,526.0,0.75281,0.422093,0.409923,0.415964,0.293716,0.3928 - 0.5436,3.0,Tercer Quintil,"Programa de las Naciones Unidas para el Desarrollo (PNUD), 2019. Unidad del Informe sobre Desarrollo Humano. Perú",Polygon,-77.825633,-5.951732,158.6083,92.8084
01,AMAZONAS,0103,BONGARA,010305,CUISPES,010305,Cuispes,778,1675.0,0.299445,1430,67.596904,1653.0,37.441437,1590.0,5.030606,1399.0,354.42398,1284.0,0.709948,0.374414,0.227507,0.29186,0.129584,0.2420 - 0.3928,4.0,Cuarto Quintil,"Programa de las Naciones Unidas para el Desarrollo (PNUD), 2019. Unidad del Informe sobre Desarrollo Humano. Perú",Polygon,-77.91479,-5.911144,96.4274,45.1581
01,AMAZONAS,0103,BONGARA,010310,SHIPASBAMBA,010310,Shipasbamba,1859,1346.0,0.365002,1047,72.024128,1225.0,49.332775,1254.0,5.087437,1374.0,487.565418,963.0,0.783735,0.493328,0.23151,0.33795,0.183597,0.2420 - 0.3928,4.0,Cuarto Quintil,"Programa de las Naciones Unidas para el Desarrollo (PNUD), 2019. Unidad del Informe sobre Desarrollo Humano. Perú",Polygon,-78.052087,-5.883746,125.3275,60.068
01,AMAZONAS,0103,BONGARA,010302,CHISQUILLA,010302,Chisquilla,283,1856.0,0.474975,567,71.541898,1304.0,77.517641,134.0,5.450851,1245.0,797.751145,479.0,0.775698,0.775176,0.257102,0.44643,0.309433,0.3928 - 0.5436,3.0,Tercer Quintil,"Programa de las Naciones Unidas para el Desarrollo (PNUD), 2019. Unidad del Informe sobre Desarrollo Humano. Perú",Polygon,-77.72579,-5.894845,161.7715,57.9123
01,AMAZONAS,0103,BONGARA,010306,FLORIDA,010306,Florida,8118,584.0,0.359324,1082,71.891337,1251.0,38.107412,1579.0,5.711381,1145.0,486.655229,968.0,0.781522,0.381074,0.275449,0.323986,0.183227,0.2420 - 0.3928,4.0,Cuarto Quintil,"Programa de las Naciones Unidas para el Desarrollo (PNUD), 2019. Unidad del Informe sobre Desarrollo Humano. Perú",Polygon,-77.959197,-5.823603,221.9921,84.2139
01,AMAZONAS,0103,BONGARA,010304,COROSHA,010304,Corosha,1042,1591.0,0.395898,891,73.303604,1059.0,41.841335,1483.0,4.846239,1472.0,669.159809,653.0,0.80506,0.418413,0.214524,0.299599,0.257266,0.3928 - 0.5436,3.0,Tercer Quintil,"Programa de las Naciones Unidas para el Desarrollo (PNUD), 2019. Unidad del Informe sobre Desarrollo Humano. Perú",Polygon,-77.810722,-5.817518,64.1693,36.5866
01,AMAZONAS,0103,BONGARA,010312,YAMBRASBAMBA,010312,Yambrasbamba,7744,611.0,0.35229,1115,70.769421,1402.0,35.146538,1648.0,4.955564,1428.0,540.543266,861.0,0.762824,0.351465,0.222223,0.27947,0.205089,0.2420 - 0.3928,4.0,Cuarto Quintil,"Programa de las Naciones Unidas para el Desarrollo (PNUD), 2019. Unidad del Informe sobre Desarrollo Humano. Perú",Polygon,-77.860358,-5.524278,1679.3514,242.9827
01,AMAZONAS,0107,UTCUBAMBA,010707,YAMON,010707,Yamon,2570,1169.0,0.35625,1099,70.229506,1441.0,40.591196,1513.0,5.556004,1204.0,486.208931,969.0,0.753825,0.405912,0.264507,0.327669,0.183046,0.2420 - 0.3928,4.0,Cuarto Quintil,"Programa de las Naciones Unidas para el Desarrollo (PNUD), 2019. Unidad del Informe sobre Desarrollo Humano. Perú",Polygon,-78.523356,-6.011994,135.2872,64.8269
01,AMAZONAS,0107,UTCUBAMBA,010705,JAMALCA,010705,Jamalca,6952,666.0,0.4076,836,70.991088,1381.0,53.374951,1082.0,4.844034,1474.0,678.793778,639.0,0.766518,0.53375,0.214369,0.338259,0.261174,0.3928 - 0.5436,3.0,Tercer Quintil,"Programa de las Naciones Unidas para el Desarrollo (PNUD), 2019. Unidad del Informe sobre Desarrollo Humano. Perú",Polygon,-78.234938,-5.952455,350.3834,95.4173
01,AMAZONAS,0102,BAGUA,010203,COPALLIN,010203,Copallin,4605,869.0,0.467245,597,74.219152,908.0,52.571361,1120.0,5.534054,1212.0,859.41873,404.0,0.820319,0.525714,0.262962,0.37181,0.33445,0.3928 - 0.5436,3.0,Tercer Quintil,"Programa de las Naciones Unidas para el Desarrollo (PNUD), 2019. Unidad del Informe sobre Desarrollo Humano. Perú",Polygon,-78.399741,-5.647701,98.9366,72.4975
01,AMAZONAS,0107,UTCUBAMBA,010704,EL MILAGRO,010704,El Milagro,5660,760.0,0.509728,462,72.291255,1189.0,51.419825,1176.0,6.170758,975.0,1076.127823,205.0,0.788188,0.514198,0.3078,0.397832,0.422364,0.3928 - 0.5436,3.0,Tercer Quintil,"Programa de las Naciones Unidas para el Desarrollo (PNUD), 2019. Unidad del Informe sobre Desarrollo Humano. Perú",Polygon,-78.61121,-5.717299,306.9918,114.0093
01,AMAZONAS,0102,BAGUA,010204,EL PARCO,010204,El Parco,1380,1468.0,0.489049,521,74.333058,882.0,70.215409,382.0,6.036484,1027.0,801.145916,471.0,0.822218,0.702154,0.298344,0.457694,0.31081,0.3928 - 0.5436,3.0,Tercer Quintil,"Programa de las Naciones Unidas para el Desarrollo (PNUD), 2019. Unidad del Informe sobre Desarrollo Humano. Perú",Polygon,-78.473969,-5.622638,18.1654,19.4268
01,AMAZONAS,0102,BAGUA,010201,BAGUA,010201,Bagua,26947,209.0,0.584063,245,73.025637,1097.0,70.795501,360.0,8.794995,313.0,1074.015025,206.0,0.800427,0.707955,0.492605,0.590544,0.421507,0.5436 - 0.6944,2.0,Segundo Quintil,"Programa de las Naciones Unidas para el Desarrollo (PNUD), 2019. Unidad del Informe sobre Desarrollo Humano. Perú",Polygon,-78.520965,-5.580906,132.9688,92.3776
01,AMAZONAS,0102,BAGUA,010206,LA PECA,010206,La Peca,6330,711.0,0.490584,518,71.507116,1310.0,48.505991,1277.0,6.614769,840.0,960.8638,298.0,0.775119,0.48506,0.339068,0.405547,0.375604,0.3928 - 0.5436,3.0,Tercer Quintil,"Programa de las Naciones Unidas para el Desarrollo (PNUD), 2019. Unidad del Informe sobre Desarrollo Humano. Perú",Polygon,-78.4454,-5.591976,138.0653,74.9261
01,AMAZONAS,0102,BAGUA,010202,ARAMANGO,010202,Aramango,7777,605.0,0.361182,1070,73.242134,1066.0,37.545885,1588.0,4.9465,1432.0,535.806154,869.0,0.804036,0.375459,0.221584,0.288437,0.203167,0.2420 - 0.3928,4.0,Cuarto Quintil,"Programa de las Naciones Unidas para el Desarrollo (PNUD), 2019. Unidad del Informe sobre Desarrollo Humano. Perú",Polygon,-78.448291,-5.380412,818.9393,150.6537
01,AMAZONAS,0102,BAGUA,010205,IMAZA,010205,Imaza,23142,249.0,0.298089,1438,73.065863,1086.0,31.295719,1742.0,5.81051,1103.0,309.139891,1403.0,0.801098,0.312957,0.28243,0.297302,0.111213,0.2420 - 0.3928,4.0,Cuarto Quintil,"Programa de las Naciones Unidas para el Desarrollo (PNUD), 2019. Unidad del Informe sobre Desarrollo Humano. Perú",Polygon,-78.389331,-4.991249,4584.9969,432.8569
01,AMAZONAS,0104,CONDORCANQUI,010402,EL CENEPA,010402,El Cenepa,9639,502.0,0.2225,1755,70.047068,1459.0,34.451407,1669.0,4.913043,1439.0,166.595367,1747.0,0.750784,0.344514,0.219228,0.274822,0.053386,0.0912 - 0.2420,5.0,Quinto Quintil,"Programa de las Naciones Unidas para el Desarrollo (PNUD), 2019. Unidad del Informe sobre Desarrollo Humano. Perú",Polygon,-78.335332,-4.168388,5608.9253,453.8607
01,AMAZONAS,0104,CONDORCANQUI,010403,RIO SANTIAGO,010403,Rio Santiago,17177,316.0,0.189785,1818,64.368744,1775.0,33.955939,1682.0,5.472821,1233.0,121.653478,1820.0,0.656146,0.339559,0.258649,0.296356,0.035154,0.0912 - 0.2420,5.0,Quinto Quintil,"Programa de las Naciones Unidas para el Desarrollo (PNUD), 2019. Unidad del Informe sobre Desarrollo Humano. Perú",Polygon,-77.887419,-3.813269,8074.5605,492.1783
16,LORETO,1605,REQUENA,160502,ALTO TAPICHE,160502,Alto Tapiche,1912,1324.0,0.331395,1246,72.882931,1118.0,31.611509,1737.0,5.412771,1252.0,431.39479,1088.0,0.798049,0.316115,0.25442,0.283595,0.160809,0.2420 - 0.3928,4.0,Cuarto Quintil,"Programa de las Naciones Unidas para el Desarrollo (PNUD), 2019. Unidad del Informe sobre Desarrollo Humano. Perú",Polygon,-74.188682,-6.817967,9067.4843,532.5427
16,LORETO,1605,REQUENA,160503,CAPELO,160503,Capelo,3597,995.0,0.34636,1153,73.245771,1065.0,36.570177,1606.0,6.360888,920.0,406.662117,1149.0,0.804096,0.365702,0.321189,0.342724,0.150776,0.2420 - 0.3928,4.0,Cuarto Quintil,"Programa de las Naciones Unidas para el Desarrollo (PNUD), 2019. Unidad del Informe sobre Desarrollo Humano. Perú",Polygon,-74.126869,-5.366356,801.0648,149.0761
16,LORETO,1605,REQUENA,160504,EMILIO SAN MARTIN,160504,Emilio San Martin,6975,665.0,0.289866,1482,78.134107,393.0,31.709377,1734.0,5.218483,1335.0,280.369811,1481.0,0.885568,0.317094,0.240738,0.276291,0.099542,0.2420 - 0.3928,4.0,Cuarto Quintil,"Programa de las Naciones Unidas para el Desarrollo (PNUD), 2019. Unidad del Informe sobre Desarrollo Humano. Perú",Polygon,-74.452975,-6.200974,4641.0023,439.9102
16,LORETO,1605,REQUENA,160505,MAQUIA,160505,Maquia,8025,589.0,0.326863,1282,76.814223,540.0,21.237635,1844.0,5.566842,1202.0,454.972436,1031.0,0.86357,0.212376,0.265271,0.237355,0.170374,0.2420 - 0.3928,4.0,Cuarto Quintil,"Programa de las Naciones Unidas para el Desarrollo (PNUD), 2019. Unidad del Informe sobre Desarrollo Humano. Perú",Polygon,-74.728034,-6.384709,4895.3736,537.5489
16,LORETO,1605,REQUENA,160506,PUINAHUA,160506,Puinahua,5417,785.0,0.300553,1422,76.327945,599.0,36.289621,1614.0,5.77207,1119.0,280.54108,1479.0,0.855466,0.362896,0.279723,0.318607,0.099611,0.2420 - 0.3928,4.0,Cuarto Quintil,"Programa de las Naciones Unidas para el Desarrollo (PNUD), 2019. Unidad del Informe sobre Desarrollo Humano. Perú",Polygon,-74.885825,-5.644602,6285.8019,482.4699
16,LORETO,1605,REQUENA,160507,SAQUENA,160507,Saquena,4485,883.0,0.316566,1345,76.297483,605.0,31.636982,1736.0,4.808333,1488.0,388.302455,1201.0,0.854958,0.31637,0.211854,0.258891,0.143328,0.2420 - 0.3928,4.0,Cuarto Quintil,"Programa de las Naciones Unidas para el Desarrollo (PNUD), 2019. Unidad del Informe sobre Desarrollo Humano. Perú",Polygon,-73.404995,-4.797903,2595.539,220.3453
16,LORETO,1605,REQUENA,160508,SOPLIN,160508,Soplin,682,1710.0,0.309088,1384,76.282954,607.0,25.103257,1818.0,5.853063,1087.0,353.147741,1287.0,0.854716,0.251033,0.285427,0.267678,0.129066,0.2420 - 0.3928,4.0,Cuarto Quintil,"Programa de las Naciones Unidas para el Desarrollo (PNUD), 2019. Unidad del Informe sobre Desarrollo Humano. Perú",Polygon,-73.750153,-6.326787,4697.8613,414.834
16,LORETO,1601,MAYNAS,160101,IQUITOS,160101,Iquitos,145541,40.0,0.65982,91,74.393251,872.0,69.69813,402.0,12.740331,17.0,1208.805729,127.0,0.823221,0.696981,0.770446,0.732794,0.476189,0.5436 - 0.6944,2.0,Segundo Quintil,"Programa de las Naciones Unidas para el Desarrollo (PNUD), 2019. Unidad del Informe sobre Desarrollo Humano. Perú",Polygon,-73.432604,-3.782269,366.9292,158.6413
16,LORETO,1601,MAYNAS,160102,ALTO NANAY,160102,Alto Nanay,3014,1095.0,0.289753,1484,76.809404,541.0,28.202073,1788.0,4.245602,1676.0,350.103735,1292.0,0.86349,0.282021,0.172226,0.220389,0.127831,0.2420 - 0.3928,4.0,Cuarto Quintil,"Programa de las Naciones Unidas para el Desarrollo (PNUD), 2019. Unidad del Informe sobre Desarrollo Humano. Perú",Polygon,-74.284921,-3.361465,14562.9965,667.8939
16,LORETO,1601,MAYNAS,160103,FERNANDO LORES,160103,Fernando Lores,17267,312.0,0.322688,1306,74.867815,806.0,34.060418,1679.0,5.975265,1047.0,349.90137,1293.0,0.83113,0.340604,0.294033,0.316463,0.127749,0.2420 - 0.3928,4.0,Cuarto Quintil,"Programa de las Naciones Unidas para el Desarrollo (PNUD), 2019. Unidad del Informe sobre Desarrollo Humano. Perú",Polygon,-73.114604,-4.279061,4567.9059,296.1928
16,LORETO,1601,MAYNAS,160104,INDIANA,160104,Indiana,8919,542.0,0.338709,1205,76.248661,613.0,32.261814,1723.0,5.856124,1086.0,404.409711,1157.0,0.854144,0.322618,0.285643,0.303568,0.149862,0.2420 - 0.3928,4.0,Cuarto Quintil,"Programa de las Naciones Unidas para el Desarrollo (PNUD), 2019. Unidad del Informe sobre Desarrollo Humano. Perú",Polygon,-72.856052,-3.829075,3365.5434,332.4174
16,LORETO,1601,MAYNAS,160105,LAS AMAZONAS,160105,Las Amazonas,7684,618.0,0.226552,1742,74.975163,795.0,22.644637,1839.0,2.758952,1863.0,313.278244,1389.0,0.832919,0.226446,0.067532,0.123662,0.112892,0.0912 - 0.2420,5.0,Quinto Quintil,"Programa de las Naciones Unidas para el Desarrollo (PNUD), 2019. Unidad del Informe sobre Desarrollo Humano. Perú",Polygon,-72.528272,-3.568195,6719.5874,501.1619
16,LORETO,1601,MAYNAS,160106,MAZAN,160106,Mazan,12392,419.0,0.291128,1475,73.946655,953.0,30.624913,1749.0,4.965156,1424.0,320.369449,1377.0,0.815778,0.306249,0.222898,0.261271,0.115769,0.2420 - 0.3928,4.0,Cuarto Quintil,"Programa de las Naciones Unidas para el Desarrollo (PNUD), 2019. Unidad del Informe sobre Desarrollo Humano. Perú",Polygon,-73.751903,-2.993627,10053.6087,719.49
16,LORETO,1601,MAYNAS,160107,NAPO,160107,Napo,16015,327.0,0.294568,1462,74.04583,936.0,23.381946,1829.0,5.084094,1378.0,366.450687,1260.0,0.81743,0.233819,0.231274,0.232543,0.134463,0.2420 - 0.3928,4.0,Cuarto Quintil,"Programa de las Naciones Unidas para el Desarrollo (PNUD), 2019. Unidad del Informe sobre Desarrollo Humano. Perú",Polygon,-74.406196,-2.09895,24171.4373,1252.7261
16,LORETO,1602,ALTO AMAZONAS,160202,BALSAPUERTO,160202,Balsapuerto,16374,323.0,0.199745,1792,72.831806,1124.0,11.974433,1874.0,2.99535,1854.0,280.44212,1480.0,0.797197,0.119744,0.08418,0.100399,0.099571,0.0912 - 0.2420,5.0,Quinto Quintil,"Programa de las Naciones Unidas para el Desarrollo (PNUD), 2019. Unidad del Informe sobre Desarrollo Humano. Perú",Polygon,-76.586509,-5.737582,3003.8183,258.3485
16,LORETO,1602,ALTO AMAZONAS,160205,JEBEROS,160205,Jeberos,4936,825.0,0.268034,1598,73.438154,1032.0,17.078071,1865.0,3.846406,1754.0,409.782024,1141.0,0.807303,0.170781,0.144113,0.156881,0.152041,0.2420 - 0.3928,4.0,Cuarto Quintil,"Programa de las Naciones Unidas para el Desarrollo (PNUD), 2019. Unidad del Informe sobre Desarrollo Humano. Perú",Polygon,-76.204845,-5.296816,4346.5003,345.5649
16,LORETO,1602,ALTO AMAZONAS,160206,LAGUNAS,160206,Lagunas,13212,396.0,0.331089,1248,74.473417,861.0,28.846294,1772.0,5.941859,1062.0,409.052779,1142.0,0.824557,0.288463,0.29168,0.290067,0.151746,0.2420 - 0.3928,4.0,Cuarto Quintil,"Programa de las Naciones Unidas para el Desarrollo (PNUD), 2019. Unidad del Informe sobre Desarrollo Humano. Perú",Polygon,-75.975143,-4.62799,6059.438,681.849
16,LORETO,1602,ALTO AMAZONAS,160210,SANTA CRUZ,160210,Santa Cruz,4046,930.0,0.250838,1673,74.402736,869.0,14.318996,1867.0,4.409104,1635.0,326.298787,1355.0,0.823379,0.14319,0.18374,0.162203,0.118174,0.2420 - 0.3928,4.0,Cuarto Quintil,"Programa de las Naciones Unidas para el Desarrollo (PNUD), 2019. Unidad del Informe sobre Desarrollo Humano. Perú",Polygon,-75.748938,-5.658243,2271.4224,230.5735
16,LORETO,1602,ALTO AMAZONAS,160211,TENIENTE CESAR LOPEZ ROJAS,160211,Teniente Cesar Lopez Rojas,6231,719.0,0.257097,1647,73.263167,1062.0,20.056236,1854.0,3.3356,1830.0,388.611412,1198.0,0.804386,0.200562,0.108141,0.147272,0.143453,0.2420 - 0.3928,4.0,Cuarto Quintil,"Programa de las Naciones Unidas para el Desarrollo (PNUD), 2019. Unidad del Informe sobre Desarrollo Humano. Perú",Polygon,-75.82201,-5.987698,1320.5514,219.7045
16,LORETO,1603,LORETO,160301,NAUTA,160301,Nauta,28374,195.0,0.419285,777,71.770121,1272.0,48.188039,1290.0,6.843367,768.0,598.433758,763.0,0.779502,0.48188,0.355167,0.4137,0.228574,0.3928 - 0.5436,3.0,Tercer Quintil,"Programa de las Naciones Unidas para el Desarrollo (PNUD), 2019. Unidad del Informe sobre Desarrollo Humano. Perú",Polygon,-74.114008,-4.442632,6761.7097,595.0864
16,LORETO,1603,LORETO,160302,PARINARI,160302,Parinari,6374,706.0,0.315427,1354,72.529793,1166.0,29.682737,1763.0,5.765008,1122.0,374.209162,1239.0,0.792163,0.296827,0.279226,0.287892,0.13761,0.2420 - 0.3928,4.0,Cuarto Quintil,"Programa de las Naciones Unidas para el Desarrollo (PNUD), 2019. Unidad del Informe sobre Desarrollo Humano. Perú",Polygon,-74.86282,-5.038748,13222.3195,674.0693
16,LORETO,1603,LORETO,160303,TIGRE,160303,Tigre,8080,587.0,0.318947,1333,71.765105,1274.0,28.550381,1778.0,5.698905,1153.0,401.496287,1162.0,0.779418,0.285504,0.274571,0.279984,0.14868,0.2420 - 0.3928,4.0,Cuarto Quintil,"Programa de las Naciones Unidas para el Desarrollo (PNUD), 2019. Unidad del Informe sobre Desarrollo Humano. Perú",Polygon,-75.262945,-2.943264,20128.1529,1017.7929
16,LORETO,1603,LORETO,160304,TROMPETEROS,160304,Trompeteros,10659,466.0,0.390087,917,71.200241,1351.0,24.706163,1823.0,6.227954,955.0,719.616498,576.0,0.770004,0.247062,0.311828,0.277562,0.277735,0.2420 - 0.3928,4.0,Cuarto Quintil,"Programa de las Naciones Unidas para el Desarrollo (PNUD), 2019. Unidad del Informe sobre Desarrollo Humano. Perú",Polygon,-75.836248,-3.196157,12572.352,701.0235
16,LORETO,1603,LORETO,160305,URARINAS,160305,Urarinas,13905,368.0,0.224249,1751,73.042764,1092.0,18.030606,1861.0,4.059271,1716.0,239.967654,1583.0,0.800713,0.180306,0.159104,0.169373,0.083151,0.0912 - 0.2420,5.0,Quinto Quintil,"Programa de las Naciones Unidas para el Desarrollo (PNUD), 2019. Unidad del Informe sobre Desarrollo Humano. Perú",Polygon,-75.484136,-4.274737,15776.7072,602.8628
16,LORETO,1604,MARISCAL RAMON CASTILLA,160401,RAMON CASTILLA,160401,Ramon Castilla,23743,243.0,0.381629,952,68.877281,1567.0,34.129021,1676.0,6.837698,771.0,573.417049,795.0,0.731288,0.34129,0.354767,0.347964,0.218425,0.2420 - 0.3928,4.0,Cuarto Quintil,"Programa de las Naciones Unidas para el Desarrollo (PNUD), 2019. Unidad del Informe sobre Desarrollo Humano. Perú",Polygon,-70.835901,-3.677413,6858.3637,551.0116
16,LORETO,1604,MARISCAL RAMON CASTILLA,160402,PEBAS,160402,Pebas,14963,346.0,0.326228,1287,69.528989,1508.0,36.005619,1625.0,5.802489,1106.0,396.978148,1180.0,0.74215,0.360056,0.281865,0.318571,0.146847,0.2420 - 0.3928,4.0,Cuarto Quintil,"Programa de las Naciones Unidas para el Desarrollo (PNUD), 2019. Unidad del Informe sobre Desarrollo Humano. Perú",Polygon,-71.964037,-3.432545,11231.6384,569.2722
16,LORETO,1604,MARISCAL RAMON CASTILLA,160403,YAVARI,160403,Yavari,13433,388.0,0.330381,1253,69.515402,1509.0,22.741246,1837.0,5.892563,1078.0,502.997664,930.0,0.741923,0.227412,0.288209,0.256012,0.189857,0.2420 - 0.3928,4.0,Cuarto Quintil,"Programa de las Naciones Unidas para el Desarrollo (PNUD), 2019. Unidad del Informe sobre Desarrollo Humano. Perú",Polygon,-72.032438,-4.477341,14339.7754,1360.0489
16,LORETO,1604,MARISCAL RAMON CASTILLA,160404,SAN PABLO,160404,San Pablo,15349,339.0,0.335222,1224,69.684874,1492.0,25.894236,1813.0,5.287858,1308.0,529.388467,884.0,0.744748,0.258942,0.245624,0.252195,0.200563,0.2420 - 0.3928,4.0,Cuarto Quintil,"Programa de las Naciones Unidas para el Desarrollo (PNUD), 2019. Unidad del Informe sobre Desarrollo Humano. Perú",Polygon,-71.338701,-3.866679,5082.2815,417.2119
16,LORETO,1605,REQUENA,160501,REQUENA,160501,Requena,30040,186.0,0.45008,664,73.551778,1014.0,43.963489,1421.0,8.533312,359.0,643.296912,692.0,0.809196,0.439635,0.474177,0.456579,0.246774,0.3928 - 0.5436,3.0,Tercer Quintil,"Programa de las Naciones Unidas para el Desarrollo (PNUD), 2019. Unidad del Informe sobre Desarrollo Humano. Perú",Polygon,-73.88212,-5.328148,3074.2602,326.0338
16,LORETO,1605,REQUENA,160509,TAPICHE,160509,Tapiche,1094,1575.0,0.350252,1124,72.884021,1117.0,29.974038,1754.0,5.398528,1260.0,516.537346,904.0,0.798067,0.29974,0.253417,0.275607,0.19535,0.2420 - 0.3928,4.0,Cuarto Quintil,"Programa de las Naciones Unidas para el Desarrollo (PNUD), 2019. Unidad del Informe sobre Desarrollo Humano. Perú",Polygon,-73.993251,-5.991899,2091.1502,278.2714
16,LORETO,1605,REQUENA,160510,JENARO HERRERA,160510,Jenaro Herrera,4870,840.0,0.29032,1480,75.531128,714.0,26.408319,1806.0,6.159489,983.0,286.533383,1465.0,0.842185,0.264083,0.307006,0.284737,0.102042,0.2420 - 0.3928,4.0,Cuarto Quintil,"Programa de las Naciones Unidas para el Desarrollo (PNUD), 2019. Unidad del Informe sobre Desarrollo Humano. Perú",Polygon,-73.698272,-4.996143,1160.4099,180.547
16,LORETO,1605,REQUENA,160511,YAQUERANA,160511,Yaquerana,2526,1178.0,0.305231,1404,72.203773,1199.0,46.643471,1333.0,6.557307,855.0,260.396259,1527.0,0.78673,0.466435,0.335022,0.395305,0.091439,0.2420 - 0.3928,4.0,Cuarto Quintil,"Programa de las Naciones Unidas para el Desarrollo (PNUD), 2019. Unidad del Informe sobre Desarrollo Humano. Perú",Polygon,-73.343025,-5.751171,11048.7434,915.057
16,LORETO,1606,UCAYALI,160605,SARAYACU,160605,Sarayacu,15258,340.0,0.316128,1350,70.754026,1405.0,32.603949,1716.0,6.170124,977.0,357.395063,1278.0,0.762567,0.326039,0.307755,0.316765,0.130789,0.2420 - 0.3928,4.0,Cuarto Quintil,"Programa de las Naciones Unidas para el Desarrollo (PNUD), 2019. Unidad del Informe sobre Desarrollo Humano. Perú",Polygon,-75.185484,-6.390445,6249.3089,448.1545
16,LORETO,1606,UCAYALI,160606,VARGAS GUERRA,160606,Vargas Guerra,7385,630.0,0.397392,890,70.544161,1419.0,43.361282,1440.0,6.551972,856.0,569.992344,802.0,0.759069,0.433613,0.334646,0.380929,0.217035,0.3928 - 0.5436,3.0,Tercer Quintil,"Programa de las Naciones Unidas para el Desarrollo (PNUD), 2019. Unidad del Informe sobre Desarrollo Humano. Perú",Polygon,-75.094274,-6.931904,1898.2456,299.1798
16,LORETO,1607,DATEM DEL MARAÑON,160701,BARRANCA,160701,Barranca,13672,380.0,0.418707,784,72.839091,1123.0,32.310291,1719.0,7.067375,703.0,690.528779,625.0,0.797318,0.323103,0.370942,0.346197,0.265935,0.3928 - 0.5436,3.0,Tercer Quintil,"Programa de las Naciones Unidas para el Desarrollo (PNUD), 2019. Unidad del Informe sobre Desarrollo Humano. Perú",Polygon,-77.110086,-5.020915,7386.4672,827.5409
16,LORETO,1607,DATEM DEL MARAÑON,160702,CAHUAPANAS,160702,Cahuapanas,6767,674.0,0.194173,1807,69.066268,1550.0,12.384124,1872.0,4.771512,1503.0,187.634833,1707.0,0.734438,0.123841,0.209261,0.160982,0.061921,0.0912 - 0.2420,5.0,Quinto Quintil,"Programa de las Naciones Unidas para el Desarrollo (PNUD), 2019. Unidad del Informe sobre Desarrollo Humano. Perú",Polygon,-76.855476,-5.240018,4784.4719,394.1251
16,LORETO,1607,DATEM DEL MARAÑON,160703,MANSERICHE,160703,Manseriche,9787,499.0,0.339251,1204,72.333054,1184.0,26.230026,1808.0,5.828127,1093.0,482.26181,977.0,0.788884,0.2623,0.283671,0.272776,0.181445,0.2420 - 0.3928,4.0,Cuarto Quintil,"Programa de las Naciones Unidas para el Desarrollo (PNUD), 2019. Unidad del Informe sobre Desarrollo Humano. Perú",Polygon,-77.518268,-4.727526,3565.9785,339.129
16,LORETO,1607,DATEM DEL MARAÑON,160704,MORONA,160704,Morona,11071,453.0,0.276382,1553,76.942308,530.0,22.662214,1838.0,5.64994,1169.0,277.517999,1486.0,0.865705,0.226622,0.271123,0.247876,0.098385,0.2420 - 0.3928,4.0,Cuarto Quintil,"Programa de las Naciones Unidas para el Desarrollo (PNUD), 2019. Unidad del Informe sobre Desarrollo Humano. Perú",Polygon,-77.372077,-3.678755,11033.6294,653.08
16,LORETO,1607,DATEM DEL MARAÑON,160705,PASTAZA,160705,Pastaza,1905,1331.0,0.256855,1648,71.62851,1295.0,17.937645,1862.0,4.598015,1568.0,320.900743,1374.0,0.777142,0.179376,0.197043,0.188002,0.115984,0.2420 - 0.3928,4.0,Cuarto Quintil,"Programa de las Naciones Unidas para el Desarrollo (PNUD), 2019. Unidad del Informe sobre Desarrollo Humano. Perú",Polygon,-76.636883,-4.276303,9099.7264,787.5172
16,LORETO,1601,MAYNAS,160108,PUNCHANA,160108,Punchana,86910,71.0,0.570667,286,75.099645,782.0,53.965676,1057.0,10.36346,102.0,996.705512,263.0,0.834994,0.539657,0.603061,0.570478,0.390144,0.5436 - 0.6944,2.0,Segundo Quintil,"Programa de las Naciones Unidas para el Desarrollo (PNUD), 2019. Unidad del Informe sobre Desarrollo Humano. Perú",Polygon,-73.45439,-3.538659,1602.9517,187.3002
16,LORETO,1608,PUTUMAYO,160801,PUTUMAYO,160801,Putumayo,2611,1163.0,0.455787,645,75.819172,670.0,34.903407,1656.0,6.732779,800.0,826.392667,449.0,0.846986,0.349034,0.347379,0.348205,0.321052,0.3928 - 0.5436,3.0,Tercer Quintil,"Programa de las Naciones Unidas para el Desarrollo (PNUD), 2019. Unidad del Informe sobre Desarrollo Humano. Perú",Polygon,-72.783653,-2.468773,11069.9665,865.6414
16,LORETO,1601,MAYNAS,160110,TORRES CAUSANA,160110,Torres Causana,4043,932.0,0.205691,1783,73.896036,959.0,13.895068,1869.0,3.334991,1831.0,249.78262,1553.0,0.814934,0.138951,0.108098,0.122557,0.087133,0.0912 - 0.2420,5.0,Quinto Quintil,"Programa de las Naciones Unidas para el Desarrollo (PNUD), 2019. Unidad del Informe sobre Desarrollo Humano. Perú",Polygon,-74.89239,-1.38883,6923.4572,514.0624
16,LORETO,1601,MAYNAS,160112,BELEN,160112,Belen,73192,90.0,0.529795,399,72.414456,1177.0,53.443918,1077.0,8.289282,406.0,973.595674,284.0,0.790241,0.534439,0.456992,0.494201,0.380769,0.3928 - 0.5436,3.0,Tercer Quintil,"Programa de las Naciones Unidas para el Desarrollo (PNUD), 2019. Unidad del Informe sobre Desarrollo Humano. Perú",Polygon,-73.21188,-3.811576,652.9094,174.7532
16,LORETO,1601,MAYNAS,160113,SAN JUAN BAUTISTA,160113,San Juan Bautista,149461,38.0,0.578134,264,72.90308,1115.0,55.497051,1005.0,10.509481,80.0,1057.596132,217.0,0.798385,0.554971,0.613344,0.583428,0.414846,0.5436 - 0.6944,2.0,Segundo Quintil,"Programa de las Naciones Unidas para el Desarrollo (PNUD), 2019. Unidad del Informe sobre Desarrollo Humano. Perú",Polygon,-73.665735,-4.149027,3200.6837,399.4666
16,LORETO,1608,PUTUMAYO,160803,TENIENTE MANUEL CLAVERO,160803,Teniente Manuel Clavero,3859,962.0,0.302336,1411,76.59624,567.0,17.244154,1864.0,5.068901,1389.0,432.59484,1086.0,0.859937,0.172442,0.230204,0.199241,0.161296,0.2420 - 0.3928,4.0,Cuarto Quintil,"Programa de las Naciones Unidas para el Desarrollo (PNUD), 2019. Unidad del Informe sobre Desarrollo Humano. Perú",Polygon,-74.73109,-0.655287,9622.3468,835.7231
16,LORETO,1602,ALTO AMAZONAS,160201,YURIMAGUAS,160201,Yurimaguas,80464,73.0,0.503318,490,73.448017,1029.0,43.557111,1433.0,9.51218,193.0,835.287457,436.0,0.807467,0.435571,0.543111,0.486378,0.32466,0.3928 - 0.5436,3.0,Tercer Quintil,"Programa de las Naciones Unidas para el Desarrollo (PNUD), 2019. Unidad del Informe sobre Desarrollo Humano. Perú",Polygon,-76.16146,-5.845832,2235.5018,248.5266
16,LORETO,1607,DATEM DEL MARAÑON,160706,ANDOAS,160706,Andoas,12897,404.0,0.25895,1635,75.78556,677.0,18.290979,1859.0,4.022219,1722.0,333.888476,1341.0,0.846426,0.18291,0.156494,0.169187,0.121253,0.2420 - 0.3928,4.0,Cuarto Quintil,"Programa de las Naciones Unidas para el Desarrollo (PNUD), 2019. Unidad del Informe sobre Desarrollo Humano. Perú",Polygon,-76.671574,-3.274209,11787.6228,541.6258
22,SAN MARTIN,2206,MARISCAL CACERES,220603,HUICUNGO,220603,Huicungo,7301,638.0,0.335926,1221,72.827064,1127.0,28.388701,1784.0,5.347618,1279.0,475.176489,995.0,0.797118,0.283887,0.249832,0.266316,0.178571,0.2420 - 0.3928,4.0,Cuarto Quintil,"Programa de las Naciones Unidas para el Desarrollo (PNUD), 2019. Unidad del Informe sobre Desarrollo Humano. Perú",Polygon,-77.320783,-7.258856,9741.6103,701.7934
22,SAN MARTIN,2206,MARISCAL CACERES,220604,PACHIZA,220604,Pachiza,4526,875.0,0.347931,1148,72.620947,1156.0,28.861799,1771.0,4.966669,1422.0,550.620089,841.0,0.793682,0.288618,0.223005,0.253699,0.209177,0.2420 - 0.3928,4.0,Cuarto Quintil,"Programa de las Naciones Unidas para el Desarrollo (PNUD), 2019. Unidad del Informe sobre Desarrollo Humano. Perú",Polygon,-77.043116,-6.969196,1800.4827,283.985
22,SAN MARTIN,2204,HUALLAGA,220401,SAPOSOA,220401,Saposoa,11145,451.0,0.440564,702,75.182162,770.0,45.987019,1355.0,6.602211,842.0,674.076543,648.0,0.836369,0.45987,0.338184,0.394361,0.25926,0.3928 - 0.5436,3.0,Tercer Quintil,"Programa de las Naciones Unidas para el Desarrollo (PNUD), 2019. Unidad del Informe sobre Desarrollo Humano. Perú",Polygon,-76.873742,-6.88883,525.407,138.4899
22,SAN MARTIN,2209,SAN MARTIN,220912,SAN ANTONIO,220912,San Antonio,1384,1467.0,0.5169,434,73.680109,994.0,55.786944,989.0,6.812251,779.0,980.5783,276.0,0.811335,0.557869,0.352975,0.44375,0.383602,0.3928 - 0.5436,3.0,Tercer Quintil,"Programa de las Naciones Unidas para el Desarrollo (PNUD), 2019. Unidad del Informe sobre Desarrollo Humano. Perú",Polygon,-76.382085,-6.399337,78.3043,43.826
22,SAN MARTIN,2201,MOYOBAMBA,220103,HABANA,220103,Habana,1879,1341.0,0.491185,517,74.583504,848.0,48.893215,1270.0,5.776343,1114.0,990.310998,269.0,0.826392,0.488932,0.280024,0.370017,0.38755,0.3928 - 0.5436,3.0,Tercer Quintil,"Programa de las Naciones Unidas para el Desarrollo (PNUD), 2019. Unidad del Informe sobre Desarrollo Humano. Perú",Polygon,-77.100092,-6.088901,68.791,48.9804
22,SAN MARTIN,2207,PICOTA,220705,PUCACACA,220705,Pucacaca,2472,1194.0,0.505409,480,75.769142,681.0,55.540054,1003.0,6.797651,783.0,885.659352,378.0,0.846152,0.555401,0.351947,0.442122,0.345095,0.3928 - 0.5436,3.0,Tercer Quintil,"Programa de las Naciones Unidas para el Desarrollo (PNUD), 2019. Unidad del Informe sobre Desarrollo Humano. Perú",Polygon,-76.363045,-6.840232,202.9516,87.313
22,SAN MARTIN,2202,BELLAVISTA,220205,SAN PABLO,220205,San Pablo,7044,656.0,0.407101,840,72.188462,1205.0,38.432353,1566.0,5.459073,1240.0,706.970519,597.0,0.786474,0.384324,0.257681,0.314695,0.272605,0.3928 - 0.5436,3.0,Tercer Quintil,"Programa de las Naciones Unidas para el Desarrollo (PNUD), 2019. Unidad del Informe sobre Desarrollo Humano. Perú",Polygon,-76.586516,-6.838867,348.0084,98.3949
22,SAN MARTIN,2207,PICOTA,220704,PILLUANA,220704,Pilluana,629,1731.0,0.378173,976,77.770924,427.0,35.545635,1639.0,6.742169,797.0,465.958898,1010.0,0.879515,0.355456,0.34804,0.351729,0.174831,0.2420 - 0.3928,4.0,Cuarto Quintil,"Programa de las Naciones Unidas para el Desarrollo (PNUD), 2019. Unidad del Informe sobre Desarrollo Humano. Perú",Polygon,-76.268966,-6.783421,68.3695,46.6536
22,SAN MARTIN,2207,PICOTA,220710,TRES UNIDOS,220710,Tres Unidos,4964,824.0,0.324905,1293,72.655266,1152.0,24.624988,1824.0,5.152958,1352.0,476.437123,992.0,0.794254,0.24625,0.236124,0.241134,0.179082,0.2420 - 0.3928,4.0,Cuarto Quintil,"Programa de las Naciones Unidas para el Desarrollo (PNUD), 2019. Unidad del Informe sobre Desarrollo Humano. Perú",Polygon,-76.128603,-6.817424,370.5211,89.7493
22,SAN MARTIN,2203,EL DORADO,220304,SANTA ROSA,220304,Santa Rosa,10142,484.0,0.301545,1414,75.943034,655.0,35.679609,1634.0,4.504381,1603.0,340.379738,1321.0,0.849051,0.356796,0.190449,0.260675,0.123886,0.2420 - 0.3928,4.0,Cuarto Quintil,"Programa de las Naciones Unidas para el Desarrollo (PNUD), 2019. Unidad del Informe sobre Desarrollo Humano. Perú",Polygon,-76.599198,-6.705338,249.2202,91.1256
22,SAN MARTIN,2207,PICOTA,220702,BUENOS AIRES,220702,Buenos Aires,3116,1068.0,0.388517,926,76.172293,623.0,38.554896,1562.0,5.247853,1325.0,588.977729,773.0,0.852872,0.385549,0.242807,0.305964,0.224737,0.2420 - 0.3928,4.0,Cuarto Quintil,"Programa de las Naciones Unidas para el Desarrollo (PNUD), 2019. Unidad del Informe sobre Desarrollo Humano. Perú",Polygon,-76.397024,-6.739712,311.2435,76.9132
22,SAN MARTIN,2209,SAN MARTIN,220913,SAUCE,220913,Sauce,13445,387.0,0.404839,853,72.825776,1128.0,39.454177,1541.0,6.42552,892.0,607.363145,751.0,0.797096,0.394542,0.325741,0.358495,0.232196,0.3928 - 0.5436,3.0,Tercer Quintil,"Programa de las Naciones Unidas para el Desarrollo (PNUD), 2019. Unidad del Informe sobre Desarrollo Humano. Perú",Polygon,-76.204611,-6.702757,100.8322,51.8287
22,SAN MARTIN,2209,SAN MARTIN,220902,ALBERTO LEVEAU,220902,Alberto Leveau,569,1758.0,0.436812,714,71.249494,1345.0,51.138032,1190.0,6.625164,834.0,674.38397,647.0,0.770825,0.51138,0.3398,0.416854,0.259385,0.3928 - 0.5436,3.0,Tercer Quintil,"Programa de las Naciones Unidas para el Desarrollo (PNUD), 2019. Unidad del Informe sobre Desarrollo Humano. Perú",Polygon,-76.260117,-6.683665,51.789,32.1836
22,SAN MARTIN,2203,EL DORADO,220302,AGUA BLANCA,220302,Agua Blanca,2177,1261.0,0.435585,723,75.296526,748.0,35.122784,1652.0,5.090118,1372.0,886.908171,377.0,0.838275,0.351228,0.231698,0.28527,0.345602,0.3928 - 0.5436,3.0,Tercer Quintil,"Programa de las Naciones Unidas para el Desarrollo (PNUD), 2019. Unidad del Informe sobre Desarrollo Humano. Perú",Polygon,-76.705662,-6.724171,152.6389,64.1367
22,SAN MARTIN,2203,EL DORADO,220301,SAN JOSE DE SISA,220301,San Jose De Sisa,11518,438.0,0.368017,1032,74.332849,883.0,35.139971,1650.0,5.245714,1327.0,546.726603,849.0,0.822214,0.3514,0.242656,0.292009,0.207597,0.2420 - 0.3928,4.0,Cuarto Quintil,"Programa de las Naciones Unidas para el Desarrollo (PNUD), 2019. Unidad del Informe sobre Desarrollo Humano. Perú",Polygon,-76.720225,-6.611647,308.4791,88.0157
22,SAN MARTIN,2209,SAN MARTIN,220908,JUAN GUERRA,220908,Juan Guerra,3471,1015.0,0.575255,269,74.59481,847.0,61.219006,757.0,8.001746,455.0,1132.884207,165.0,0.82658,0.61219,0.436743,0.517078,0.445389,0.5436 - 0.6944,2.0,Segundo Quintil,"Programa de las Naciones Unidas para el Desarrollo (PNUD), 2019. Unidad del Informe sobre Desarrollo Humano. Perú",Polygon,-76.35067,-6.621254,192.1656,80.8897
22,SAN MARTIN,2205,LAMAS,220511,ZAPATERO,220511,Zapatero,4843,842.0,0.288001,1498,70.970877,1383.0,45.010002,1387.0,4.577852,1577.0,294.001486,1444.0,0.766181,0.4501,0.195623,0.296732,0.105072,0.2420 - 0.3928,4.0,Cuarto Quintil,"Programa de las Naciones Unidas para el Desarrollo (PNUD), 2019. Unidad del Informe sobre Desarrollo Humano. Perú",Polygon,-76.530674,-6.550116,174.4168,71.4643
22,SAN MARTIN,2203,EL DORADO,220305,SHATOJA,220305,Shatoja,3337,1031.0,0.314116,1362,74.700883,829.0,35.320659,1645.0,4.806531,1489.0,372.265573,1245.0,0.828348,0.353207,0.211728,0.273466,0.136822,0.2420 - 0.3928,4.0,Cuarto Quintil,"Programa de las Naciones Unidas para el Desarrollo (PNUD), 2019. Unidad del Informe sobre Desarrollo Humano. Perú",Polygon,-76.699058,-6.523844,62.0158,43.9388
22,SAN MARTIN,2209,SAN MARTIN,220914,SHAPAJA,220914,Shapaja,1557,1418.0,0.424207,759,73.211318,1070.0,57.84466,908.0,6.652262,828.0,561.735129,818.0,0.803522,0.578447,0.341709,0.44459,0.213686,0.3928 - 0.5436,3.0,Tercer Quintil,"Programa de las Naciones Unidas para el Desarrollo (PNUD), 2019. Unidad del Informe sobre Desarrollo Humano. Perú",Polygon,-76.21326,-6.588292,237.752,75.2418
22,SAN MARTIN,2205,LAMAS,220505,CUÑUMBUQUI,220505,Cuñumbuqui,4010,940.0,0.401314,868,71.93844,1240.0,51.237498,1183.0,6.003656,1039.0,557.911825,827.0,0.782307,0.512375,0.296032,0.38946,0.212135,0.3928 - 0.5436,3.0,Tercer Quintil,"Programa de las Naciones Unidas para el Desarrollo (PNUD), 2019. Unidad del Informe sobre Desarrollo Humano. Perú",Polygon,-76.46835,-6.615647,182.0748,85.1657
22,SAN MARTIN,2209,SAN MARTIN,220904,CHAZUTA,220904,Chazuta,7853,598.0,0.292643,1468,72.865388,1121.0,37.717588,1583.0,5.325316,1289.0,288.066472,1460.0,0.797756,0.377176,0.248262,0.306004,0.102664,0.2420 - 0.3928,4.0,Cuarto Quintil,"Programa de las Naciones Unidas para el Desarrollo (PNUD), 2019. Unidad del Informe sobre Desarrollo Humano. Perú",Polygon,-75.989457,-6.617952,952.2445,162.9198
22,SAN MARTIN,2204,HUALLAGA,220402,ALTO SAPOSOA,220402,Alto Saposoa,4084,926.0,0.290895,1477,78.081204,401.0,33.325165,1704.0,4.577253,1578.0,303.651049,1415.0,0.884687,0.333252,0.195581,0.255299,0.108986,0.2420 - 0.3928,4.0,Cuarto Quintil,"Programa de las Naciones Unidas para el Desarrollo (PNUD), 2019. Unidad del Informe sobre Desarrollo Humano. Perú",Polygon,-76.96305,-6.601817,1378.1768,216.0047
22,SAN MARTIN,2209,SAN MARTIN,220909,LA BANDA DE SHILCAYO,220909,La Banda De Shilcayo,47338,134.0,0.592229,230,72.594772,1158.0,67.393557,513.0,8.909919,293.0,1146.168364,160.0,0.793246,0.673936,0.500699,0.580895,0.450778,0.5436 - 0.6944,2.0,Segundo Quintil,"Programa de las Naciones Unidas para el Desarrollo (PNUD), 2019. Unidad del Informe sobre Desarrollo Humano. Perú",Polygon,-76.272258,-6.477254,266.6334,109.7628
22,SAN MARTIN,2209,SAN MARTIN,220910,MORALES,220910,Morales,31688,177.0,0.657414,96,72.928243,1112.0,76.63008,160.0,9.765103,160.0,1372.338769,73.0,0.798804,0.766301,0.560923,0.655618,0.542531,0.5436 - 0.6944,2.0,Segundo Quintil,"Programa de las Naciones Unidas para el Desarrollo (PNUD), 2019. Unidad del Informe sobre Desarrollo Humano. Perú",Polygon,-76.41699,-6.508046,50.6815,41.9111
22,SAN MARTIN,2203,EL DORADO,220303,SAN MARTIN,220303,San Martin,13474,386.0,0.300316,1423,75.098125,783.0,28.731758,1774.0,4.471952,1620.0,378.900198,1221.0,0.834969,0.287318,0.188166,0.232515,0.139513,0.2420 - 0.3928,4.0,Cuarto Quintil,"Programa de las Naciones Unidas para el Desarrollo (PNUD), 2019. Unidad del Informe sobre Desarrollo Humano. Perú",Polygon,-76.837321,-6.423274,520.6082,116.4905
22,SAN MARTIN,2209,SAN MARTIN,220901,TARAPOTO,220901,Tarapoto,76010,81.0,0.672935,78,71.950345,1238.0,80.802887,54.0,10.480548,82.0,1400.86167,63.0,0.782506,0.808029,0.611306,0.702818,0.554102,0.5436 - 0.6944,2.0,Segundo Quintil,"Programa de las Naciones Unidas para el Desarrollo (PNUD), 2019. Unidad del Informe sobre Desarrollo Humano. Perú",Polygon,-76.369633,-6.494203,58.469,53.4033
22,SAN MARTIN,2209,SAN MARTIN,220903,CACATACHI,220903,Cacatachi,3606,992.0,0.51617,438,74.048555,935.0,67.665533,496.0,7.496102,584.0,830.960006,440.0,0.817476,0.676655,0.401134,0.520989,0.322905,0.3928 - 0.5436,3.0,Tercer Quintil,"Programa de las Naciones Unidas para el Desarrollo (PNUD), 2019. Unidad del Informe sobre Desarrollo Humano. Perú",Polygon,-76.438408,-6.467811,52.449,37.7422
22,SAN MARTIN,2205,LAMAS,220501,LAMAS,220501,Lamas,12433,418.0,0.480507,548,70.904762,1385.0,54.70875,1031.0,7.073505,702.0,828.003503,446.0,0.765079,0.547087,0.371374,0.450748,0.321705,0.3928 - 0.5436,3.0,Tercer Quintil,"Programa de las Naciones Unidas para el Desarrollo (PNUD), 2019. Unidad del Informe sobre Desarrollo Humano. Perú",Polygon,-76.526034,-6.399056,129.4327,57.741
22,SAN MARTIN,2205,LAMAS,220507,RUMISAPA,220507,Rumisapa,2771,1139.0,0.405931,846,71.507259,1309.0,49.491803,1246.0,5.297227,1303.0,644.285929,688.0,0.775121,0.494918,0.246284,0.349128,0.247175,0.3928 - 0.5436,3.0,Tercer Quintil,"Programa de las Naciones Unidas para el Desarrollo (PNUD), 2019. Unidad del Informe sobre Desarrollo Humano. Perú",Polygon,-76.472568,-6.443755,33.2491,27.0425
22,SAN MARTIN,2205,LAMAS,220509,SHANAO,220509,Shanao,3211,1053.0,0.327582,1277,69.687432,1491.0,46.939002,1325.0,4.750253,1512.0,407.5566,1148.0,0.744791,0.46939,0.207764,0.312286,0.151139,0.2420 - 0.3928,4.0,Cuarto Quintil,"Programa de las Naciones Unidas para el Desarrollo (PNUD), 2019. Unidad del Informe sobre Desarrollo Humano. Perú",Polygon,-76.57785,-6.408132,24.3488,22.0884
22,SAN MARTIN,2209,SAN MARTIN,220907,HUIMBAYOC,220907,Huimbayoc,2661,1153.0,0.373284,1004,71.051421,1372.0,28.486286,1779.0,5.430526,1248.0,653.993122,676.0,0.767524,0.284863,0.255671,0.269872,0.251113,0.2420 - 0.3928,4.0,Cuarto Quintil,"Programa de las Naciones Unidas para el Desarrollo (PNUD), 2019. Unidad del Informe sobre Desarrollo Humano. Perú",Polygon,-75.71354,-6.638594,1714.0582,256.5092
22,SAN MARTIN,2205,LAMAS,220510,TABALOSOS,220510,Tabalosos,13392,390.0,0.339578,1200,71.020106,1376.0,44.75188,1400.0,5.08647,1376.0,426.034243,1104.0,0.767002,0.447519,0.231442,0.32183,0.158635,0.2420 - 0.3928,4.0,Cuarto Quintil,"Programa de las Naciones Unidas para el Desarrollo (PNUD), 2019. Unidad del Informe sobre Desarrollo Humano. Perú",Polygon,-76.655194,-6.388627,361.9514,122.5251
22,SAN MARTIN,2205,LAMAS,220502,ALONSO DE ALVARADO,220502,Alonso De Alvarado,17759,304.0,0.333305,1235,71.412661,1326.0,50.31288,1219.0,4.50523,1602.0,416.119216,1129.0,0.773544,0.503129,0.190509,0.309598,0.154612,0.2420 - 0.3928,4.0,Cuarto Quintil,"Programa de las Naciones Unidas para el Desarrollo (PNUD), 2019. Unidad del Informe sobre Desarrollo Humano. Perú",Polygon,-76.772924,-6.311303,296.2425,91.2393
22,SAN MARTIN,2209,SAN MARTIN,220905,CHIPURANA,220905,Chipurana,1924,1319.0,0.391011,914,67.096702,1676.0,29.89608,1755.0,5.637473,1175.0,773.924102,512.0,0.701612,0.298961,0.270245,0.28424,0.299766,0.2420 - 0.3928,4.0,Cuarto Quintil,"Programa de las Naciones Unidas para el Desarrollo (PNUD), 2019. Unidad del Informe sobre Desarrollo Humano. Perú",Polygon,-75.666823,-6.434021,306.2673,163.1145
22,SAN MARTIN,2205,LAMAS,220504,CAYNARACHI,220504,Caynarachi,8289,570.0,0.366578,1039,70.425175,1427.0,35.141499,1649.0,5.317088,1296.0,578.641182,787.0,0.757086,0.351415,0.247682,0.295024,0.220544,0.2420 - 0.3928,4.0,Cuarto Quintil,"Programa de las Naciones Unidas para el Desarrollo (PNUD), 2019. Unidad del Informe sobre Desarrollo Humano. Perú",Polygon,-76.33419,-6.195299,1271.6885,170.6153
22,SAN MARTIN,2209,SAN MARTIN,220911,PAPAPLAYA,220911,Papaplaya,1484,1438.0,0.349056,1140,72.588512,1160.0,21.160565,1847.0,5.817668,1098.0,575.189202,792.0,0.793142,0.211606,0.282934,0.244685,0.219144,0.2420 - 0.3928,4.0,Cuarto Quintil,"Programa de las Naciones Unidas para el Desarrollo (PNUD), 2019. Unidad del Informe sobre Desarrollo Humano. Perú",Polygon,-75.638152,-6.242781,990.6296,209.6612
22,SAN MARTIN,2205,LAMAS,220503,BARRANQUITA,220503,Barranquita,5354,791.0,0.272188,1581,70.640324,1411.0,27.007397,1801.0,5.011233,1405.0,299.420064,1430.0,0.760672,0.270074,0.226143,0.247134,0.10727,0.2420 - 0.3928,4.0,Cuarto Quintil,"Programa de las Naciones Unidas para el Desarrollo (PNUD), 2019. Unidad del Informe sobre Desarrollo Humano. Perú",Polygon,-76.048636,-6.306245,1057.4654,158.483
22,SAN MARTIN,2201,MOYOBAMBA,220105,SORITOR,220105,Soritor,31718,176.0,0.420927,770,73.35517,1048.0,46.026177,1353.0,5.548165,1207.0,689.45386,628.0,0.805919,0.460262,0.263955,0.348552,0.265499,0.3928 - 0.5436,3.0,Tercer Quintil,"Programa de las Naciones Unidas para el Desarrollo (PNUD), 2019. Unidad del Informe sobre Desarrollo Humano. Perú",Polygon,-77.054113,-6.27273,583.4127,124.2885
22,SAN MARTIN,2205,LAMAS,220506,PINTO RECODO,220506,Pinto Recodo,9369,520.0,0.323243,1303,71.854722,1262.0,34.858573,1659.0,4.139751,1697.0,479.843448,983.0,0.780912,0.348586,0.164771,0.23966,0.180464,0.2420 - 0.3928,4.0,Cuarto Quintil,"Programa de las Naciones Unidas para el Desarrollo (PNUD), 2019. Unidad del Informe sobre Desarrollo Humano. Perú",Polygon,-76.712907,-6.15773,559.706,160.3295
22,SAN MARTIN,2209,SAN MARTIN,220906,EL PORVENIR,220906,El Porvenir,2856,1118.0,0.418002,791,71.869158,1257.0,28.443639,1780.0,6.099244,1002.0,820.362576,450.0,0.781153,0.284436,0.302764,0.293457,0.318606,0.3928 - 0.5436,3.0,Tercer Quintil,"Programa de las Naciones Unidas para el Desarrollo (PNUD), 2019. Unidad del Informe sobre Desarrollo Humano. Perú",Polygon,-75.864729,-6.244985,489.591,124.0072
22,SAN MARTIN,2208,RIOJA,220808,YORONGOS,220808,Yorongos,3078,1079.0,0.443437,690,72.501262,1170.0,51.930148,1155.0,5.37114,1267.0,786.259794,494.0,0.791688,0.519301,0.251489,0.361384,0.304771,0.3928 - 0.5436,3.0,Tercer Quintil,"Programa de las Naciones Unidas para el Desarrollo (PNUD), 2019. Unidad del Informe sobre Desarrollo Humano. Perú",Polygon,-77.161711,-6.175297,81.756,50.7166
22,SAN MARTIN,2201,MOYOBAMBA,220104,JEPELACIO,220104,Jepelacio,16121,325.0,0.349252,1136,73.87946,964.0,47.35783,1311.0,4.584831,1574.0,457.969668,1023.0,0.814658,0.473578,0.196115,0.304755,0.17159,0.2420 - 0.3928,4.0,Cuarto Quintil,"Programa de las Naciones Unidas para el Desarrollo (PNUD), 2019. Unidad del Informe sobre Desarrollo Humano. Perú",Polygon,-76.92179,-6.173529,386.0731,119.3942
22,SAN MARTIN,2205,LAMAS,220508,SAN ROQUE DE CUMBAZA,220508,San Roque De Cumbaza,1313,1494.0,0.338603,1207,72.65789,1150.0,36.058894,1623.0,4.531564,1593.0,492.445133,955.0,0.794298,0.360589,0.192364,0.263371,0.185576,0.2420 - 0.3928,4.0,Cuarto Quintil,"Programa de las Naciones Unidas para el Desarrollo (PNUD), 2019. Unidad del Informe sobre Desarrollo Humano. Perú",Polygon,-76.538514,-6.203718,652.1953,142.8638
22,SAN MARTIN,2208,RIOJA,220801,RIOJA,220801,Rioja,24031,240.0,0.596333,221,73.8096,975.0,63.349536,679.0,8.251886,413.0,1232.73042,113.0,0.813493,0.633495,0.454358,0.536501,0.485895,0.5436 - 0.6944,2.0,Segundo Quintil,"Programa de las Naciones Unidas para el Desarrollo (PNUD), 2019. Unidad del Informe sobre Desarrollo Humano. Perú",Polygon,-77.209882,-6.078683,208.9408,82.0477
22,SAN MARTIN,2201,MOYOBAMBA,220101,MOYOBAMBA,220101,Moyobamba,86435,72.0,0.52948,400,72.467133,1172.0,60.509826,791.0,7.757162,519.0,952.984823,311.0,0.791119,0.605098,0.419518,0.503835,0.372408,0.3928 - 0.5436,3.0,Tercer Quintil,"Programa de las Naciones Unidas para el Desarrollo (PNUD), 2019. Unidad del Informe sobre Desarrollo Humano. Perú",Polygon,-77.169851,-5.768272,2697.3216,457.2226
22,SAN MARTIN,2201,MOYOBAMBA,220102,CALZADA,220102,Calzada,4268,903.0,0.514788,443,74.708827,828.0,51.748904,1165.0,6.543161,861.0,1011.292918,251.0,0.82848,0.517489,0.334025,0.415758,0.396062,0.3928 - 0.5436,3.0,Tercer Quintil,"Programa de las Naciones Unidas para el Desarrollo (PNUD), 2019. Unidad del Informe sobre Desarrollo Humano. Perú",Polygon,-77.095752,-6.014538,115.8736,63.8672
22,SAN MARTIN,2208,RIOJA,220803,ELIAS SOPLIN VARGAS,220803,Elias Soplin Vargas,17630,307.0,0.387308,932,72.981194,1104.0,44.397258,1409.0,5.037097,1398.0,597.928745,765.0,0.799687,0.443973,0.227965,0.318135,0.228369,0.2420 - 0.3928,4.0,Cuarto Quintil,"Programa de las Naciones Unidas para el Desarrollo (PNUD), 2019. Unidad del Informe sobre Desarrollo Humano. Perú",Polygon,-77.297283,-6.046384,169.329,65.27
22,SAN MARTIN,2208,RIOJA,220804,NUEVA CAJAMARCA,220804,Nueva Cajamarca,47553,133.0,0.478976,552,73.437782,1033.0,54.016353,1056.0,6.28528,940.0,847.291095,418.0,0.807296,0.540164,0.315865,0.41306,0.32953,0.3928 - 0.5436,3.0,Tercer Quintil,"Programa de las Naciones Unidas para el Desarrollo (PNUD), 2019. Unidad del Informe sobre Desarrollo Humano. Perú",Polygon,-77.37222,-5.944348,334.0036,111.0581
22,SAN MARTIN,2208,RIOJA,220806,POSIC,220806,Posic,1935,1313.0,0.437396,713,76.331702,598.0,38.415843,1567.0,5.060708,1390.0,846.78055,421.0,0.855528,0.384158,0.229627,0.297007,0.329323,0.3928 - 0.5436,3.0,Tercer Quintil,"Programa de las Naciones Unidas para el Desarrollo (PNUD), 2019. Unidad del Informe sobre Desarrollo Humano. Perú",Polygon,-77.172165,-5.982819,52.5616,53.8079
22,SAN MARTIN,2201,MOYOBAMBA,220106,YANTALO,220106,Yantalo,3284,1038.0,0.4026,862,74.208352,910.0,47.897067,1296.0,5.340222,1286.0,602.575833,757.0,0.820139,0.478971,0.249311,0.345562,0.230254,0.3928 - 0.5436,3.0,Tercer Quintil,"Programa de las Naciones Unidas para el Desarrollo (PNUD), 2019. Unidad del Informe sobre Desarrollo Humano. Perú",Polygon,-77.066372,-5.963781,69.6166,68.9484
22,SAN MARTIN,2208,RIOJA,220809,YURACYACU,220809,Yuracyacu,3398,1024.0,0.479728,549,73.576251,1009.0,47.939021,1295.0,6.376549,913.0,890.184036,374.0,0.809604,0.47939,0.322292,0.39307,0.346931,0.3928 - 0.5436,3.0,Tercer Quintil,"Programa de las Naciones Unidas para el Desarrollo (PNUD), 2019. Unidad del Informe sobre Desarrollo Humano. Perú",Polygon,-77.232765,-5.935386,62.0576,54.3569
22,SAN MARTIN,2208,RIOJA,220807,SAN FERNANDO,220807,San Fernando,2965,1104.0,0.44855,673,74.498107,856.0,46.244993,1350.0,5.620092,1179.0,799.515964,475.0,0.824968,0.46245,0.269021,0.352716,0.310148,0.3928 - 0.5436,3.0,Tercer Quintil,"Programa de las Naciones Unidas para el Desarrollo (PNUD), 2019. Unidad del Informe sobre Desarrollo Humano. Perú",Polygon,-77.274885,-5.858965,69.1178,66.9033
22,SAN MARTIN,2208,RIOJA,220802,AWAJUN,220802,Awajun,11414,442.0,0.349024,1141,73.803039,976.0,34.287308,1672.0,5.251594,1323.0,481.3273,980.0,0.813384,0.342873,0.24307,0.28869,0.181066,0.2420 - 0.3928,4.0,Cuarto Quintil,"Programa de las Naciones Unidas para el Desarrollo (PNUD), 2019. Unidad del Informe sobre Desarrollo Humano. Perú",Polygon,-77.436443,-5.859168,506.3817,184.7575
22,SAN MARTIN,2208,RIOJA,220805,PARDO MIGUEL,220805,Pardo Miguel,22212,258.0,0.395409,894,74.018144,943.0,48.945234,1269.0,5.029353,1400.0,594.092114,769.0,0.816969,0.489452,0.227419,0.333633,0.226812,0.3928 - 0.5436,3.0,Tercer Quintil,"Programa de las Naciones Unidas para el Desarrollo (PNUD), 2019. Unidad del Informe sobre Desarrollo Humano. Perú",Polygon,-77.634059,-5.748669,1165.4974,222.6812
06,CAJAMARCA,0608,JAEN,060808,PUCARA,060808,Pucara,6986,663.0,0.508906,466,75.495939,719.0,56.744923,948.0,6.743539,795.0,903.534762,358.0,0.841599,0.567449,0.348137,0.444466,0.352347,0.3928 - 0.5436,3.0,Tercer Quintil,"Programa de las Naciones Unidas para el Desarrollo (PNUD), 2019. Unidad del Informe sobre Desarrollo Humano. Perú",Polygon,-79.123644,-6.039985,221.0787,79.4031
06,CAJAMARCA,0606,CUTERVO,060602,CALLAYUC,060602,Callayuc,9173,527.0,0.337608,1213,75.945906,654.0,33.375617,1702.0,3.943688,1740.0,532.676257,876.0,0.849098,0.333756,0.150964,0.224466,0.201897,0.2420 - 0.3928,4.0,Cuarto Quintil,"Programa de las Naciones Unidas para el Desarrollo (PNUD), 2019. Unidad del Informe sobre Desarrollo Humano. Perú",Polygon,-78.93093,-6.127402,307.8105,103.0976
06,CAJAMARCA,0606,CUTERVO,060604,CUJILLO,060604,Cujillo,2585,1167.0,0.31197,1372,74.197699,912.0,41.632358,1489.0,4.760375,1510.0,344.826149,1310.0,0.819962,0.416324,0.208477,0.294608,0.12569,0.2420 - 0.3928,4.0,Cuarto Quintil,"Programa de las Naciones Unidas para el Desarrollo (PNUD), 2019. Unidad del Informe sobre Desarrollo Humano. Perú",Polygon,-78.558852,-6.11675,100.2598,46.7526
06,CAJAMARCA,0606,CUTERVO,060606,PIMPINGOS,060606,Pimpingos,4773,851.0,0.276386,1552,76.846026,534.0,42.366059,1464.0,4.775044,1501.0,237.156211,1594.0,0.8641,0.423661,0.20951,0.297928,0.082011,0.2420 - 0.3928,4.0,Cuarto Quintil,"Programa de las Naciones Unidas para el Desarrollo (PNUD), 2019. Unidad del Informe sobre Desarrollo Humano. Perú",Polygon,-78.768281,-6.070892,169.1391,82.4541
06,CAJAMARCA,0606,CUTERVO,060608,SAN ANDRES DE CUTERVO,060608,San Andres De Cutervo,4267,904.0,0.345362,1162,75.830699,669.0,47.430918,1309.0,5.488101,1229.0,376.489275,1230.0,0.847178,0.474309,0.259725,0.350985,0.138535,0.2420 - 0.3928,4.0,Cuarto Quintil,"Programa de las Naciones Unidas para el Desarrollo (PNUD), 2019. Unidad del Informe sobre Desarrollo Humano. Perú",Polygon,-78.742278,-6.224065,124.4735,70.5776
06,CAJAMARCA,0606,CUTERVO,060609,SAN JUAN DE CUTERVO,060609,San Juan De Cutervo,1636,1400.0,0.376551,984,78.99423,286.0,34.595903,1666.0,4.560061,1582.0,598.980022,762.0,0.899904,0.345959,0.19437,0.259315,0.228795,0.2420 - 0.3928,4.0,Cuarto Quintil,"Programa de las Naciones Unidas para el Desarrollo (PNUD), 2019. Unidad del Informe sobre Desarrollo Humano. Perú",Polygon,-78.600089,-6.174217,70.117,38.5608
06,CAJAMARCA,0606,CUTERVO,060610,SAN LUIS DE LUCMA,060610,San Luis De Lucma,3309,1036.0,0.291987,1471,77.998386,408.0,33.915116,1684.0,4.240459,1680.0,322.745645,1368.0,0.883306,0.339151,0.171863,0.241428,0.116733,0.2420 - 0.3928,4.0,Cuarto Quintil,"Programa de las Naciones Unidas para el Desarrollo (PNUD), 2019. Unidad del Informe sobre Desarrollo Humano. Perú",Polygon,-78.578754,-6.2791,71.1624,46.45
06,CAJAMARCA,0606,CUTERVO,060612,SANTO DOMINGO DE LA CAPILLA,060612,Santo Domingo De La Capilla,4973,822.0,0.270983,1582,81.541409,82.0,38.396458,1568.0,3.627126,1794.0,269.175448,1508.0,0.942357,0.383965,0.128671,0.222272,0.095,0.2420 - 0.3928,4.0,Cuarto Quintil,"Programa de las Naciones Unidas para el Desarrollo (PNUD), 2019. Unidad del Informe sobre Desarrollo Humano. Perú",Polygon,-78.842718,-6.257948,104.5839,45.689
06,CAJAMARCA,0606,CUTERVO,060613,SANTO TOMAS,060613,Santo Tomas,6771,673.0,0.356592,1098,75.809893,672.0,49.624598,1242.0,4.812732,1487.0,441.771747,1058.0,0.846832,0.496246,0.212164,0.324478,0.165019,0.2420 - 0.3928,4.0,Cuarto Quintil,"Programa de las Naciones Unidas para el Desarrollo (PNUD), 2019. Unidad del Informe sobre Desarrollo Humano. Perú",Polygon,-78.67709,-6.118075,229.3552,86.8997
06,CAJAMARCA,0606,CUTERVO,060614,SOCOTA,060614,Socota,9254,523.0,0.334465,1228,75.740255,682.0,52.374246,1132.0,4.850231,1469.0,360.151056,1273.0,0.845671,0.523742,0.214805,0.335414,0.131907,0.2420 - 0.3928,4.0,Cuarto Quintil,"Programa de las Naciones Unidas para el Desarrollo (PNUD), 2019. Unidad del Informe sobre Desarrollo Humano. Perú",Polygon,-78.696714,-6.287361,154.7427,68.4386
06,CAJAMARCA,0603,CELENDIN,060302,CHUMUCH,060302,Chumuch,2769,1140.0,0.137596,1866,74.184446,914.0,22.539027,1841.0,3.613536,1797.0,81.17117,1858.0,0.819741,0.22539,0.127714,0.169663,0.018731,0.0912 - 0.2420,5.0,Quinto Quintil,"Programa de las Naciones Unidas para el Desarrollo (PNUD), 2019. Unidad del Informe sobre Desarrollo Humano. Perú",Polygon,-78.18705,-6.570577,204.8212,62.915
06,CAJAMARCA,0603,CELENDIN,060303,CORTEGANA,060303,Cortegana,7666,619.0,0.190297,1816,71.013162,1378.0,36.289296,1615.0,3.605837,1798.0,138.109755,1796.0,0.766886,0.362893,0.127172,0.214825,0.04183,0.0912 - 0.2420,5.0,Quinto Quintil,"Programa de las Naciones Unidas para el Desarrollo (PNUD), 2019. Unidad del Informe sobre Desarrollo Humano. Perú",Polygon,-78.285509,-6.487692,251.6671,73.0943
06,CAJAMARCA,0604,CHOTA,060402,ANGUIA,060402,Anguia,3600,993.0,0.193132,1809,72.709182,1141.0,43.140597,1446.0,3.978854,1731.0,121.799285,1819.0,0.795153,0.431406,0.15344,0.257284,0.035213,0.0912 - 0.2420,5.0,Quinto Quintil,"Programa de las Naciones Unidas para el Desarrollo (PNUD), 2019. Unidad del Informe sobre Desarrollo Humano. Perú",Polygon,-78.575802,-6.337964,151.6018,57.1622
06,CAJAMARCA,0604,CHOTA,060404,CHIGUIRIP,060404,Chiguirip,3666,983.0,0.210556,1776,74.060866,934.0,37.016456,1596.0,3.510192,1808.0,168.277663,1744.0,0.817681,0.370165,0.120436,0.211143,0.054068,0.0912 - 0.2420,5.0,Quinto Quintil,"Programa de las Naciones Unidas para el Desarrollo (PNUD), 2019. Unidad del Informe sobre Desarrollo Humano. Perú",Polygon,-78.708035,-6.42508,48.1318,30.786
06,CAJAMARCA,0604,CHOTA,060405,CHIMBAN,060405,Chimban,2739,1143.0,0.258995,1634,76.091562,638.0,31.816221,1730.0,4.494478,1612.0,239.679211,1585.0,0.851526,0.318162,0.189752,0.245707,0.083034,0.2420 - 0.3928,4.0,Cuarto Quintil,"Programa de las Naciones Unidas para el Desarrollo (PNUD), 2019. Unidad del Informe sobre Desarrollo Humano. Perú",Polygon,-78.448137,-6.284588,144.7326,65.8336
06,CAJAMARCA,0604,CHOTA,060407,COCHABAMBA,060407,Cochabamba,5264,800.0,0.30113,1417,71.971143,1236.0,54.499111,1041.0,4.057283,1719.0,327.116525,1351.0,0.782852,0.544991,0.158964,0.294336,0.118506,0.2420 - 0.3928,4.0,Cuarto Quintil,"Programa de las Naciones Unidas para el Desarrollo (PNUD), 2019. Unidad del Informe sobre Desarrollo Humano. Perú",Polygon,-78.852254,-6.483025,117.5203,70.0108
06,CAJAMARCA,0604,CHOTA,060410,LAJAS,060410,Lajas,10312,477.0,0.33058,1251,71.828714,1266.0,54.297542,1049.0,4.316583,1660.0,402.818978,1159.0,0.780479,0.542975,0.177224,0.310207,0.149217,0.2420 - 0.3928,4.0,Cuarto Quintil,"Programa de las Naciones Unidas para el Desarrollo (PNUD), 2019. Unidad del Informe sobre Desarrollo Humano. Perú",Polygon,-78.727558,-6.574489,120.4467,61.8847
06,CAJAMARCA,0604,CHOTA,060414,PION,060414,Pion,1089,1578.0,0.320366,1324,75.35758,738.0,18.859637,1856.0,5.144573,1356.0,493.196218,952.0,0.839293,0.188596,0.235533,0.210762,0.185881,0.2420 - 0.3928,4.0,Cuarto Quintil,"Programa de las Naciones Unidas para el Desarrollo (PNUD), 2019. Unidad del Informe sobre Desarrollo Humano. Perú",Polygon,-78.478175,-6.184193,139.0411,59.253
06,CAJAMARCA,0604,CHOTA,060418,TOCMOCHE,060418,Tocmoche,878,1650.0,0.304735,1405,72.323915,1186.0,14.245473,1868.0,4.962144,1426.0,531.557388,878.0,0.788732,0.142455,0.222686,0.178109,0.201443,0.2420 - 0.3928,4.0,Cuarto Quintil,"Programa de las Naciones Unidas para el Desarrollo (PNUD), 2019. Unidad del Informe sobre Desarrollo Humano. Perú",Polygon,-79.375974,-6.456831,216.7045,75.6798
06,CAJAMARCA,0611,SAN MIGUEL,061104,CATILLUC,061104,Catilluc,2930,1109.0,0.232916,1721,78.246601,376.0,34.087874,1677.0,4.620184,1562.0,169.890675,1737.0,0.887443,0.340879,0.198605,0.260192,0.054722,0.0912 - 0.2420,5.0,Quinto Quintil,"Programa de las Naciones Unidas para el Desarrollo (PNUD), 2019. Unidad del Informe sobre Desarrollo Humano. Perú",Polygon,-78.733838,-6.804275,202.0524,67.6668
06,CAJAMARCA,0613,SANTA CRUZ,061301,SANTA CRUZ,061301,Santa Cruz,11722,435.0,0.469791,587,71.895095,1250.0,60.438561,793.0,7.254681,651.0,713.668006,586.0,0.781585,0.604386,0.384132,0.481834,0.275322,0.3928 - 0.5436,3.0,Tercer Quintil,"Programa de las Naciones Unidas para el Desarrollo (PNUD), 2019. Unidad del Informe sobre Desarrollo Humano. Perú",Polygon,-78.941913,-6.627555,104.6871,50.0162
06,CAJAMARCA,0613,SANTA CRUZ,061302,ANDABAMBA,061302,Andabamba,1120,1564.0,0.329024,1263,73.958527,951.0,50.063909,1227.0,5.781974,1113.0,322.179341,1371.0,0.815975,0.500639,0.280421,0.374686,0.116503,0.2420 - 0.3928,4.0,Cuarto Quintil,"Programa de las Naciones Unidas para el Desarrollo (PNUD), 2019. Unidad del Informe sobre Desarrollo Humano. Perú",Polygon,-78.809722,-6.664009,8.5316,12.6485
06,CAJAMARCA,0609,SAN IGNACIO,060901,SAN IGNACIO,060901,San Ignacio,37112,159.0,0.439181,704,75.541743,713.0,56.236342,971.0,6.489423,874.0,610.208576,744.0,0.842362,0.562363,0.330241,0.430947,0.23335,0.3928 - 0.5436,3.0,Tercer Quintil,"Programa de las Naciones Unidas para el Desarrollo (PNUD), 2019. Unidad del Informe sobre Desarrollo Humano. Perú",Polygon,-79.007876,-5.140397,356.1257,92.507
06,CAJAMARCA,0609,SAN IGNACIO,060902,CHIRINOS,060902,Chirinos,13817,372.0,0.389294,925,75.571963,703.0,47.674889,1302.0,5.313057,1298.0,537.398697,864.0,0.842866,0.476749,0.247398,0.343434,0.203813,0.2420 - 0.3928,4.0,Cuarto Quintil,"Programa de las Naciones Unidas para el Desarrollo (PNUD), 2019. Unidad del Informe sobre Desarrollo Humano. Perú",Polygon,-78.882441,-5.307546,355.7658,100.0387
06,CAJAMARCA,0609,SAN IGNACIO,060903,HUARANGO,060903,Huarango,17735,305.0,0.330543,1252,74.038886,937.0,48.678931,1274.0,5.069382,1388.0,360.349693,1272.0,0.817315,0.486789,0.230238,0.33478,0.131988,0.2420 - 0.3928,4.0,Cuarto Quintil,"Programa de las Naciones Unidas para el Desarrollo (PNUD), 2019. Unidad del Informe sobre Desarrollo Humano. Perú",Polygon,-78.715027,-5.096466,903.2231,259.3661
06,CAJAMARCA,0609,SAN IGNACIO,060904,LA COIPA,060904,La Coipa,20424,276.0,0.316421,1348,77.940548,414.0,33.82152,1692.0,4.794796,1491.0,366.38912,1261.0,0.882342,0.338215,0.210901,0.267077,0.134438,0.2420 - 0.3928,4.0,Cuarto Quintil,"Programa de las Naciones Unidas para el Desarrollo (PNUD), 2019. Unidad del Informe sobre Desarrollo Humano. Perú",Polygon,-78.973475,-5.389631,404.5308,97.2914
06,CAJAMARCA,0609,SAN IGNACIO,060905,NAMBALLE,060905,Namballe,9813,498.0,0.315148,1356,73.364492,1046.0,52.88965,1107.0,5.4064,1257.0,296.159746,1438.0,0.806075,0.528896,0.253972,0.366503,0.105947,0.2420 - 0.3928,4.0,Cuarto Quintil,"Programa de las Naciones Unidas para el Desarrollo (PNUD), 2019. Unidad del Informe sobre Desarrollo Humano. Perú",Polygon,-79.180952,-5.107274,632.8129,123.5365
06,CAJAMARCA,0609,SAN IGNACIO,060906,SAN JOSE DE LOURDES,060906,San Jose De Lourdes,19779,283.0,0.32302,1305,74.798755,814.0,46.483186,1337.0,4.699741,1530.0,359.902432,1275.0,0.829979,0.464832,0.204207,0.308094,0.131806,0.2420 - 0.3928,4.0,Cuarto Quintil,"Programa de las Naciones Unidas para el Desarrollo (PNUD), 2019. Unidad del Informe sobre Desarrollo Humano. Perú",Polygon,-78.831738,-4.916026,1359.7552,210.1678
06,CAJAMARCA,0608,JAEN,060802,BELLAVISTA,060802,Bellavista,13072,401.0,0.482353,546,74.68609,832.0,51.191078,1184.0,5.880567,1081.0,905.991171,355.0,0.828102,0.511911,0.287364,0.383542,0.353343,0.3928 - 0.5436,3.0,Tercer Quintil,"Programa de las Naciones Unidas para el Desarrollo (PNUD), 2019. Unidad del Informe sobre Desarrollo Humano. Perú",Polygon,-78.742584,-5.564657,866.4817,189.3478
06,CAJAMARCA,0608,JAEN,060811,SAN JOSE DEL ALTO,060811,San Jose Del Alto,7049,655.0,0.322602,1308,74.603744,844.0,44.437197,1407.0,5.145318,1354.0,344.391513,1313.0,0.826729,0.444372,0.235586,0.323555,0.125514,0.2420 - 0.3928,4.0,Cuarto Quintil,"Programa de las Naciones Unidas para el Desarrollo (PNUD), 2019. Unidad del Informe sobre Desarrollo Humano. Perú",Polygon,-79.055042,-5.517359,504.0801,114.8133
06,CAJAMARCA,0608,JAEN,060803,CHONTALI,060803,Chontali,9195,525.0,0.329493,1259,75.20381,769.0,41.08462,1503.0,5.301073,1302.0,366.110204,1262.0,0.83673,0.410846,0.246554,0.31827,0.134325,0.2420 - 0.3928,4.0,Cuarto Quintil,"Programa de las Naciones Unidas para el Desarrollo (PNUD), 2019. Unidad del Informe sobre Desarrollo Humano. Perú",Polygon,-79.13334,-5.633931,462.2535,108.8352
06,CAJAMARCA,0608,JAEN,060809,SALLIQUE,060809,Sallique,7754,610.0,0.21929,1760,79.259606,258.0,34.571647,1667.0,3.896409,1748.0,162.232126,1752.0,0.904327,0.345716,0.147634,0.22592,0.051615,0.0912 - 0.2420,5.0,Quinto Quintil,"Programa de las Naciones Unidas para el Desarrollo (PNUD), 2019. Unidad del Informe sobre Desarrollo Humano. Perú",Polygon,-79.312409,-5.625683,365.9621,96.0111
06,CAJAMARCA,0608,JAEN,060801,JAEN,060801,Jaen,102362,56.0,0.580324,256,74.495443,858.0,68.330654,462.0,8.733179,323.0,1046.078117,227.0,0.824924,0.683307,0.488252,0.577604,0.410174,0.5436 - 0.6944,2.0,Segundo Quintil,"Programa de las Naciones Unidas para el Desarrollo (PNUD), 2019. Unidad del Informe sobre Desarrollo Humano. Perú",Polygon,-78.852524,-5.770173,555.9522,130.6058
06,CAJAMARCA,0608,JAEN,060807,POMAHUACA,060807,Pomahuaca,9306,521.0,0.32669,1283,78.929542,289.0,28.408183,1783.0,4.537458,1589.0,443.597692,1056.0,0.898826,0.284082,0.192779,0.234019,0.16576,0.2420 - 0.3928,4.0,Cuarto Quintil,"Programa de las Naciones Unidas para el Desarrollo (PNUD), 2019. Unidad del Informe sobre Desarrollo Humano. Perú",Polygon,-79.194976,-5.875395,812.3636,164.2213
06,CAJAMARCA,0608,JAEN,060804,COLASAY,060804,Colasay,8750,548.0,0.318668,1335,75.570541,704.0,31.865364,1729.0,4.70861,1525.0,405.449029,1154.0,0.842842,0.318654,0.204832,0.255481,0.150284,0.2420 - 0.3928,4.0,Cuarto Quintil,"Programa de las Naciones Unidas para el Desarrollo (PNUD), 2019. Unidad del Informe sobre Desarrollo Humano. Perú",Polygon,-78.979414,-5.901044,602.0983,131.091
06,CAJAMARCA,0608,JAEN,060805,HUABAL,060805,Huabal,4879,837.0,0.369278,1025,74.113452,925.0,49.401532,1251.0,4.271976,1669.0,552.108315,837.0,0.818558,0.494015,0.174083,0.293257,0.20978,0.2420 - 0.3928,4.0,Cuarto Quintil,"Programa de las Naciones Unidas para el Desarrollo (PNUD), 2019. Unidad del Informe sobre Desarrollo Humano. Perú",Polygon,-78.90585,-5.604925,84.8208,48.3508
06,CAJAMARCA,0606,CUTERVO,060603,CHOROS,060603,Choros,3073,1082.0,0.393494,902,75.42709,730.0,36.604296,1605.0,5.012085,1404.0,656.018017,668.0,0.840451,0.366043,0.226203,0.28775,0.251934,0.3928 - 0.5436,3.0,Tercer Quintil,"Programa de las Naciones Unidas para el Desarrollo (PNUD), 2019. Unidad del Informe sobre Desarrollo Humano. Perú",Polygon,-78.773422,-5.924614,259.7575,87.6778
06,CAJAMARCA,0606,CUTERVO,060615,TORIBIO CASANOVA,060615,Toribio Casanova,911,1636.0,0.306482,1400,78.150099,391.0,23.122573,1833.0,4.912215,1440.0,390.852636,1192.0,0.885835,0.231226,0.21917,0.225117,0.144362,0.2420 - 0.3928,4.0,Cuarto Quintil,"Programa de las Naciones Unidas para el Desarrollo (PNUD), 2019. Unidad del Informe sobre Desarrollo Humano. Perú",Polygon,-78.692417,-5.987986,129.2443,52.9792
24,TUMBES,2401,TUMBES,240101,TUMBES,240101,Tumbes,109745,52.0,0.602511,203,77.637582,445.0,72.221441,308.0,9.791503,159.0,998.971659,261.0,0.877293,0.722214,0.562782,0.637534,0.391064,0.5436 - 0.6944,2.0,Segundo Quintil,"Programa de las Naciones Unidas para el Desarrollo (PNUD), 2019. Unidad del Informe sobre Desarrollo Humano. Perú",Polygon,-80.416165,-3.553659,151.5112,90.2145
24,TUMBES,2401,TUMBES,240102,CORRALES,240102,Corrales,23972,241.0,0.569128,293,76.838604,536.0,66.356075,546.0,8.686409,334.0,962.153295,296.0,0.863977,0.663561,0.484958,0.567274,0.376127,0.5436 - 0.6944,2.0,Segundo Quintil,"Programa de las Naciones Unidas para el Desarrollo (PNUD), 2019. Unidad del Informe sobre Desarrollo Humano. Perú",Polygon,-80.503005,-3.599575,128.3052,58.982
24,TUMBES,2401,TUMBES,240103,LA CRUZ,240103,La Cruz,9241,524.0,0.593397,226,76.159366,627.0,71.30685,339.0,9.05807,258.0,1035.567875,232.0,0.852656,0.713069,0.511132,0.603715,0.40591,0.5436 - 0.6944,2.0,Segundo Quintil,"Programa de las Naciones Unidas para el Desarrollo (PNUD), 2019. Unidad del Informe sobre Desarrollo Humano. Perú",Polygon,-80.566396,-3.671744,64.4991,42.1882
24,TUMBES,2401,TUMBES,240104,PAMPAS DE HOSPITAL,240104,Pampas De Hospital,7012,660.0,0.538619,369,74.778774,816.0,67.491002,511.0,7.936808,467.0,894.646897,367.0,0.829646,0.67491,0.43217,0.54007,0.348741,0.3928 - 0.5436,3.0,Tercer Quintil,"Programa de las Naciones Unidas para el Desarrollo (PNUD), 2019. Unidad del Informe sobre Desarrollo Humano. Perú",Polygon,-80.356318,-3.851738,725.7217,159.5411
24,TUMBES,2401,TUMBES,240105,SAN JACINTO,240105,San Jacinto,8740,549.0,0.548737,345,74.840976,808.0,72.747418,278.0,8.228711,419.0,889.37458,375.0,0.830683,0.727474,0.452726,0.573887,0.346602,0.5436 - 0.6944,2.0,Segundo Quintil,"Programa de las Naciones Unidas para el Desarrollo (PNUD), 2019. Unidad del Informe sobre Desarrollo Humano. Perú",Polygon,-80.510757,-3.905901,585.802,226.9088
24,TUMBES,2401,TUMBES,240106,SAN JUAN DE LA VIRGEN,240106,San Juan De La Virgen,4361,892.0,0.556648,317,75.317205,746.0,65.171845,606.0,8.439178,375.0,953.440884,309.0,0.83862,0.651718,0.467548,0.552005,0.372593,0.5436 - 0.6944,2.0,Segundo Quintil,"Programa de las Naciones Unidas para el Desarrollo (PNUD), 2019. Unidad del Informe sobre Desarrollo Humano. Perú",Polygon,-80.362914,-3.658589,115.1024,68.1559
24,TUMBES,2402,CONTRALMIRANTE VILLAR,240201,ZORRITOS,240201,Zorritos,11360,444.0,0.568343,295,74.378869,874.0,68.791165,444.0,9.025058,265.0,964.427171,295.0,0.822981,0.687912,0.508807,0.59162,0.37705,0.5436 - 0.6944,2.0,Segundo Quintil,"Programa de las Naciones Unidas para el Desarrollo (PNUD), 2019. Unidad del Informe sobre Desarrollo Humano. Perú",Polygon,-80.704275,-3.816375,647.6363,135.1171
24,TUMBES,2402,CONTRALMIRANTE VILLAR,240202,CASITAS,240202,Casitas,2030,1294.0,0.439931,703,72.679791,1146.0,52.093755,1147.0,7.002022,726.0,639.577695,702.0,0.794663,0.520938,0.36634,0.436852,0.245265,0.3928 - 0.5436,3.0,Tercer Quintil,"Programa de las Naciones Unidas para el Desarrollo (PNUD), 2019. Unidad del Informe sobre Desarrollo Humano. Perú",Polygon,-80.659212,-4.03382,855.6079,162.3424
24,TUMBES,2402,CONTRALMIRANTE VILLAR,240203,CANOAS DE PUNTA SAL,240203,Canoas de punta sal,6441,697.0,0.541317,364,72.94325,1109.0,53.436567,1079.0,7.565486,568.0,1085.516108,199.0,0.799054,0.534366,0.40602,0.465793,0.426173,0.3928 - 0.5436,3.0,Tercer Quintil,"Programa de las Naciones Unidas para el Desarrollo (PNUD), 2019. Unidad del Informe sobre Desarrollo Humano. Perú",Polygon,-80.890653,-4.04098,625.2438,126.2703
24,TUMBES,2403,ZARUMILLA,240301,ZARUMILLA,240301,Zarumilla,23389,247.0,0.551753,331,72.198109,1202.0,65.695279,580.0,9.147232,241.0,937.801497,327.0,0.786635,0.656953,0.517411,0.583022,0.366248,0.5436 - 0.6944,2.0,Segundo Quintil,"Programa de las Naciones Unidas para el Desarrollo (PNUD), 2019. Unidad del Informe sobre Desarrollo Humano. Perú",Polygon,-80.301352,-3.464426,112.5214,76.147
24,TUMBES,2403,ZARUMILLA,240302,AGUAS VERDES,240302,Aguas Verdes,22758,252.0,0.480955,547,73.071762,1085.0,62.285127,724.0,7.343272,627.0,729.161341,564.0,0.801196,0.622851,0.390371,0.493096,0.281607,0.3928 - 0.5436,3.0,Tercer Quintil,"Programa de las Naciones Unidas para el Desarrollo (PNUD), 2019. Unidad del Informe sobre Desarrollo Humano. Perú",Polygon,-80.242398,-3.491507,47.4166,52.1162
24,TUMBES,2403,ZARUMILLA,240303,MATAPALO,240303,Matapalo,3283,1039.0,0.373907,1000,68.414181,1607.0,44.195256,1418.0,6.68592,818.0,491.676676,956.0,0.72357,0.441953,0.344079,0.389957,0.185264,0.2420 - 0.3928,4.0,Cuarto Quintil,"Programa de las Naciones Unidas para el Desarrollo (PNUD), 2019. Unidad del Informe sobre Desarrollo Humano. Perú",Polygon,-80.228502,-3.767617,390.0449,124.994
24,TUMBES,2403,ZARUMILLA,240304,PAPAYAL,240304,Papayal,5253,801.0,0.506393,474,71.096048,1367.0,66.887167,526.0,7.887329,480.0,813.085796,459.0,0.768267,0.668872,0.428685,0.535477,0.315653,0.3928 - 0.5436,3.0,Tercer Quintil,"Programa de las Naciones Unidas para el Desarrollo (PNUD), 2019. Unidad del Informe sobre Desarrollo Humano. Perú",Polygon,-80.28875,-3.572064,202.4316,62.9953
06,CAJAMARCA,0603,CELENDIN,060301,CELENDIN,060301,Celendin,29011,192.0,0.462643,620,68.553065,1590.0,65.85969,573.0,7.360221,621.0,697.178026,614.0,0.725884,0.658597,0.391565,0.507822,0.268632,0.3928 - 0.5436,3.0,Tercer Quintil,"Programa de las Naciones Unidas para el Desarrollo (PNUD), 2019. Unidad del Informe sobre Desarrollo Humano. Perú",Polygon,-78.11725,-6.774936,404.7594,114.2238
06,CAJAMARCA,0603,CELENDIN,060304,HUASMIN,060304,Huasmin,11734,434.0,0.196968,1799,72.489695,1171.0,34.151756,1674.0,3.10461,1851.0,169.35483,1739.0,0.791495,0.341518,0.091874,0.177134,0.054505,0.0912 - 0.2420,5.0,Quinto Quintil,"Programa de las Naciones Unidas para el Desarrollo (PNUD), 2019. Unidad del Informe sobre Desarrollo Humano. Perú",Polygon,-78.325607,-6.828292,445.4614,137.9351
06,CAJAMARCA,0606,CUTERVO,060601,CUTERVO,060601,Cutervo,52450,122.0,0.398881,882,76.277953,610.0,52.720744,1115.0,5.402568,1258.0,535.513145,871.0,0.854633,0.527207,0.253702,0.365723,0.203048,0.3928 - 0.5436,3.0,Tercer Quintil,"Programa de las Naciones Unidas para el Desarrollo (PNUD), 2019. Unidad del Informe sobre Desarrollo Humano. Perú",Polygon,-78.832984,-6.380189,430.7609,123.9847
06,CAJAMARCA,0606,CUTERVO,060607,QUEROCOTILLO,060607,Querocotillo,14726,351.0,0.274225,1567,74.595885,846.0,53.76867,1066.0,4.343725,1655.0,233.147975,1604.0,0.826598,0.537687,0.179136,0.310353,0.080385,0.2420 - 0.3928,4.0,Cuarto Quintil,"Programa de las Naciones Unidas para el Desarrollo (PNUD), 2019. Unidad del Informe sobre Desarrollo Humano. Perú",Polygon,-79.09162,-6.196778,686.8008,141.8089
06,CAJAMARCA,0606,CUTERVO,060611,SANTA CRUZ,060611,Santa Cruz,2343,1222.0,0.319557,1331,78.420518,360.0,45.661108,1366.0,4.673482,1541.0,332.215444,1344.0,0.890342,0.456611,0.202358,0.303972,0.120574,0.2420 - 0.3928,4.0,Cuarto Quintil,"Programa de las Naciones Unidas para el Desarrollo (PNUD), 2019. Unidad del Informe sobre Desarrollo Humano. Perú",Polygon,-78.84144,-6.106337,129.5224,51.2706
06,CAJAMARCA,0607,HUALGAYOC,060701,BAMBAMARCA,060701,Bambamarca,76210,80.0,0.348487,1143,76.336775,596.0,53.286722,1087.0,4.131982,1700.0,447.165853,1049.0,0.855613,0.532867,0.164224,0.29582,0.167207,0.2420 - 0.3928,4.0,Cuarto Quintil,"Programa de las Naciones Unidas para el Desarrollo (PNUD), 2019. Unidad del Informe sobre Desarrollo Humano. Perú",Polygon,-78.479478,-6.693057,453.17,107.5156
06,CAJAMARCA,0607,HUALGAYOC,060703,HUALGAYOC,060703,Hualgayoc,15626,333.0,0.452649,654,79.171322,266.0,59.439107,823.0,5.161528,1350.0,710.030534,594.0,0.902855,0.594391,0.236727,0.375111,0.273846,0.3928 - 0.5436,3.0,Tercer Quintil,"Programa de las Naciones Unidas para el Desarrollo (PNUD), 2019. Unidad del Informe sobre Desarrollo Humano. Perú",Polygon,-78.600242,-6.752729,228.7981,73.9028
06,CAJAMARCA,0603,CELENDIN,060307,MIGUEL IGLESIAS,060307,Miguel Iglesias,4131,921.0,0.160806,1851,72.452933,1174.0,29.893867,1756.0,3.306515,1834.0,107.774784,1835.0,0.790882,0.298939,0.106093,0.178088,0.029523,0.0912 - 0.2420,5.0,Quinto Quintil,"Programa de las Naciones Unidas para el Desarrollo (PNUD), 2019. Unidad del Informe sobre Desarrollo Humano. Perú",Polygon,-78.265329,-6.651026,262.6124,113.499
06,CAJAMARCA,0603,CELENDIN,060312,LA LIBERTAD DE PALLAN,060312,La Libertad De Pallan,9192,526.0,0.194576,1805,72.396779,1180.0,38.49872,1563.0,3.306136,1835.0,148.756907,1778.0,0.789946,0.384987,0.106066,0.202074,0.046149,0.0912 - 0.2420,5.0,Quinto Quintil,"Programa de las Naciones Unidas para el Desarrollo (PNUD), 2019. Unidad del Informe sobre Desarrollo Humano. Perú",Polygon,-78.286077,-6.708797,169.505,68.0125
06,CAJAMARCA,0604,CHOTA,060401,CHOTA,060401,Chota,46091,137.0,0.470088,585,72.660814,1148.0,64.880835,617.0,6.163018,980.0,756.997154,527.0,0.794347,0.648808,0.307255,0.446486,0.292899,0.3928 - 0.5436,3.0,Tercer Quintil,"Programa de las Naciones Unidas para el Desarrollo (PNUD), 2019. Unidad del Informe sobre Desarrollo Humano. Perú",Polygon,-78.642738,-6.559974,266.7349,83.8094
06,CAJAMARCA,0604,CHOTA,060403,CHADIN,060403,Chadin,3134,1062.0,0.26029,1631,70.25536,1439.0,55.124797,1016.0,4.483124,1615.0,213.575691,1652.0,0.754256,0.551248,0.188952,0.322738,0.072444,0.2420 - 0.3928,4.0,Cuarto Quintil,"Programa de las Naciones Unidas para el Desarrollo (PNUD), 2019. Unidad del Informe sobre Desarrollo Humano. Perú",Polygon,-78.412789,-6.439863,64.7772,36.4412
06,CAJAMARCA,0604,CHOTA,060406,CHOROPAMPA,060406,Choropampa,1322,1489.0,0.275311,1561,71.10331,1366.0,49.737053,1240.0,4.862166,1463.0,239.407182,1587.0,0.768389,0.497371,0.215646,0.327499,0.082924,0.2420 - 0.3928,4.0,Cuarto Quintil,"Programa de las Naciones Unidas para el Desarrollo (PNUD), 2019. Unidad del Informe sobre Desarrollo Humano. Perú",Polygon,-78.369033,-6.37006,207.3925,72.363
06,CAJAMARCA,0604,CHOTA,060408,CONCHAN,060408,Conchan,6418,700.0,0.231964,1726,71.990709,1231.0,44.997606,1390.0,3.67263,1789.0,196.264512,1691.0,0.783178,0.449976,0.131875,0.2436,0.065422,0.0912 - 0.2420,5.0,Quinto Quintil,"Programa de las Naciones Unidas para el Desarrollo (PNUD), 2019. Unidad del Informe sobre Desarrollo Humano. Perú",Polygon,-78.602446,-6.470605,152.8713,69.4646
06,CAJAMARCA,0604,CHOTA,060409,HUAMBOS,060409,Huambos,8379,566.0,0.265499,1611,70.411806,1428.0,40.809069,1507.0,3.652063,1792.0,299.196626,1432.0,0.756863,0.408091,0.130427,0.230708,0.107179,0.2420 - 0.3928,4.0,Cuarto Quintil,"Programa de las Naciones Unidas para el Desarrollo (PNUD), 2019. Unidad del Informe sobre Desarrollo Humano. Perú",Polygon,-78.97039,-6.44369,244.5554,83.4487
06,CAJAMARCA,0604,CHOTA,060411,LLAMA,060411,Llama,7079,651.0,0.419871,776,71.07711,1371.0,66.588102,538.0,5.455994,1241.0,608.815466,746.0,0.767952,0.665881,0.257464,0.414054,0.232785,0.3928 - 0.5436,3.0,Tercer Quintil,"Programa de las Naciones Unidas para el Desarrollo (PNUD), 2019. Unidad del Informe sobre Desarrollo Humano. Perú",Polygon,-79.172866,-6.539005,490.6815,136.5105
06,CAJAMARCA,0604,CHOTA,060412,MIRACOSTA,060412,Miracosta,3450,1018.0,0.21463,1769,70.82906,1395.0,41.351206,1495.0,4.080218,1711.0,158.825996,1763.0,0.763818,0.413512,0.160579,0.257684,0.050234,0.0912 - 0.2420,5.0,Quinto Quintil,"Programa de las Naciones Unidas para el Desarrollo (PNUD), 2019. Unidad del Informe sobre Desarrollo Humano. Perú",Polygon,-79.302596,-6.357812,421.6069,144.9168
06,CAJAMARCA,0604,CHOTA,060413,PACCHA,060413,Paccha,4160,916.0,0.296655,1451,72.950788,1108.0,44.894825,1393.0,4.505905,1601.0,310.3065,1399.0,0.79918,0.448948,0.190557,0.292489,0.111686,0.2420 - 0.3928,4.0,Cuarto Quintil,"Programa de las Naciones Unidas para el Desarrollo (PNUD), 2019. Unidad del Informe sobre Desarrollo Humano. Perú",Polygon,-78.398074,-6.533925,98.3268,45.0746
06,CAJAMARCA,0604,CHOTA,060415,QUEROCOTO,060415,Querocoto,7739,612.0,0.376094,990,69.439407,1517.0,52.729304,1113.0,5.691281,1157.0,500.758068,936.0,0.740657,0.527293,0.274034,0.380127,0.188949,0.2420 - 0.3928,4.0,Cuarto Quintil,"Programa de las Naciones Unidas para el Desarrollo (PNUD), 2019. Unidad del Informe sobre Desarrollo Humano. Perú",Polygon,-79.092939,-6.352213,298.3994,91.6243
06,CAJAMARCA,0604,CHOTA,060416,SAN JUAN DE LICUPIS,060416,San Juan De Licupis,739,1690.0,0.297782,1441,69.083555,1548.0,58.439852,875.0,5.643132,1171.0,257.757318,1536.0,0.734726,0.584399,0.270643,0.397698,0.090368,0.2420 - 0.3928,4.0,Cuarto Quintil,"Programa de las Naciones Unidas para el Desarrollo (PNUD), 2019. Unidad del Informe sobre Desarrollo Humano. Perú",Polygon,-79.245494,-6.484355,199.9256,82.4688
06,CAJAMARCA,0604,CHOTA,060417,TACABAMBA,060417,Tacabamba,17249,314.0,0.275743,1557,73.326198,1057.0,39.473214,1539.0,3.890952,1750.0,301.147355,1421.0,0.805437,0.394732,0.14725,0.24109,0.107971,0.2420 - 0.3928,4.0,Cuarto Quintil,"Programa de las Naciones Unidas para el Desarrollo (PNUD), 2019. Unidad del Informe sobre Desarrollo Humano. Perú",Polygon,-78.555708,-6.398349,194.2535,92.7788
06,CAJAMARCA,0604,CHOTA,060419,CHALAMARCA,060419,Chalamarca,10167,483.0,0.277596,1546,71.678309,1286.0,47.068742,1322.0,4.162327,1693.0,277.215967,1487.0,0.777972,0.470687,0.166361,0.279829,0.098262,0.2420 - 0.3928,4.0,Cuarto Quintil,"Programa de las Naciones Unidas para el Desarrollo (PNUD), 2019. Unidad del Informe sobre Desarrollo Humano. Perú",Polygon,-78.495229,-6.517606,177.0826,59.8579
06,CAJAMARCA,0611,SAN MIGUEL,061112,TONGOD,061112,Tongod,3822,966.0,0.345878,1156,73.958912,950.0,71.574339,328.0,5.60229,1194.0,320.527365,1376.0,0.815982,0.715743,0.267767,0.437781,0.115833,0.2420 - 0.3928,4.0,Cuarto Quintil,"Programa de las Naciones Unidas para el Desarrollo (PNUD), 2019. Unidad del Informe sobre Desarrollo Humano. Perú",Polygon,-78.833534,-6.78816,161.0743,63.5729
06,CAJAMARCA,0613,SANTA CRUZ,061303,CATACHE,061303,Catache,9469,511.0,0.410741,821,70.561336,1417.0,41.352223,1494.0,6.140305,988.0,667.717657,657.0,0.759356,0.413522,0.305655,0.355521,0.256681,0.3928 - 0.5436,3.0,Tercer Quintil,"Programa de las Naciones Unidas para el Desarrollo (PNUD), 2019. Unidad del Informe sobre Desarrollo Humano. Perú",Polygon,-79.076883,-6.749348,563.9723,146.7705
06,CAJAMARCA,0613,SANTA CRUZ,061304,CHANCAYBAÑOS,061304,Chancaybaños,3398,1025.0,0.297641,1442,68.028971,1629.0,52.732415,1112.0,4.855081,1467.0,304.077793,1412.0,0.71715,0.527324,0.215147,0.336826,0.109159,0.2420 - 0.3928,4.0,Cuarto Quintil,"Programa de las Naciones Unidas para el Desarrollo (PNUD), 2019. Unidad del Informe sobre Desarrollo Humano. Perú",Polygon,-78.877937,-6.55596,128.6517,62.5912
06,CAJAMARCA,0613,SANTA CRUZ,061305,LA ESPERANZA,061305,La Esperanza,2098,1282.0,0.264097,1615,70.897421,1386.0,54.8319,1026.0,4.857312,1465.0,207.753332,1666.0,0.764957,0.548319,0.215304,0.343591,0.070082,0.2420 - 0.3928,4.0,Cuarto Quintil,"Programa de las Naciones Unidas para el Desarrollo (PNUD), 2019. Unidad del Informe sobre Desarrollo Humano. Perú",Polygon,-78.859377,-6.620915,59.8918,43.0637
06,CAJAMARCA,0613,SANTA CRUZ,061306,NINABAMBA,061306,Ninabamba,2092,1283.0,0.340735,1194,69.387535,1523.0,49.438322,1249.0,6.210494,961.0,371.377402,1248.0,0.739792,0.494383,0.310598,0.39186,0.136461,0.2420 - 0.3928,4.0,Cuarto Quintil,"Programa de las Naciones Unidas para el Desarrollo (PNUD), 2019. Unidad del Informe sobre Desarrollo Humano. Perú",Polygon,-78.768686,-6.69573,57.7167,37.682
06,CAJAMARCA,0613,SANTA CRUZ,061307,PULAN,061307,Pulan,3623,990.0,0.329126,1262,73.403057,1039.0,52.245403,1138.0,5.341483,1285.0,336.793782,1332.0,0.806718,0.522454,0.2494,0.360971,0.122432,0.2420 - 0.3928,4.0,Cuarto Quintil,"Programa de las Naciones Unidas para el Desarrollo (PNUD), 2019. Unidad del Informe sobre Desarrollo Humano. Perú",Polygon,-78.921151,-6.746561,158.1254,66.6245
06,CAJAMARCA,0613,SANTA CRUZ,061308,SAUCEPAMPA,061308,Saucepampa,1541,1424.0,0.252092,1667,71.159161,1358.0,58.431734,876.0,4.236536,1682.0,197.114667,1688.0,0.769319,0.584317,0.171587,0.316641,0.065767,0.2420 - 0.3928,4.0,Cuarto Quintil,"Programa de las Naciones Unidas para el Desarrollo (PNUD), 2019. Unidad del Informe sobre Desarrollo Humano. Perú",Polygon,-78.908468,-6.68286,31.7147,27.2819
06,CAJAMARCA,0613,SANTA CRUZ,061309,SEXI,061309,Sexi,503,1789.0,0.525203,414,75.634722,695.0,87.867269,5.0,7.158619,670.0,769.859852,515.0,0.843912,0.878673,0.377368,0.575832,0.298118,0.3928 - 0.5436,3.0,Tercer Quintil,"Programa de las Naciones Unidas para el Desarrollo (PNUD), 2019. Unidad del Informe sobre Desarrollo Humano. Perú",Polygon,-79.036346,-6.585581,190.2685,63.6206
06,CAJAMARCA,0613,SANTA CRUZ,061310,UTICYACU,061310,Uticyacu,1252,1517.0,0.253639,1664,69.22494,1534.0,19.71381,1855.0,5.267587,1314.0,283.710291,1471.0,0.737082,0.197138,0.244196,0.219409,0.100897,0.2420 - 0.3928,4.0,Cuarto Quintil,"Programa de las Naciones Unidas para el Desarrollo (PNUD), 2019. Unidad del Informe sobre Desarrollo Humano. Perú",Polygon,-78.790536,-6.6147,43.4714,28.8549
06,CAJAMARCA,0613,SANTA CRUZ,061311,YAUYUCAN,061311,Yauyucan,3154,1060.0,0.351856,1119,72.295212,1188.0,50.230789,1222.0,4.986817,1416.0,440.721169,1062.0,0.788254,0.502308,0.224424,0.335753,0.164593,0.2420 - 0.3928,4.0,Cuarto Quintil,"Programa de las Naciones Unidas para el Desarrollo (PNUD), 2019. Unidad del Informe sobre Desarrollo Humano. Perú",Polygon,-78.849439,-6.682859,33.8315,27.3875
06,CAJAMARCA,0609,SAN IGNACIO,060907,TABACONAS,060907,Tabaconas,21179,267.0,0.29612,1455,77.884382,417.0,41.865699,1482.0,4.600192,1566.0,287.736035,1461.0,0.881406,0.418657,0.197197,0.287329,0.10253,0.2420 - 0.3928,4.0,Cuarto Quintil,"Programa de las Naciones Unidas para el Desarrollo (PNUD), 2019. Unidad del Informe sobre Desarrollo Humano. Perú",Polygon,-79.215088,-5.324331,772.6059,151.7113
06,CAJAMARCA,0608,JAEN,060812,SANTA ROSA,060812,Santa Rosa,9485,509.0,0.38975,918,74.755829,820.0,36.831394,1601.0,5.053157,1392.0,640.851146,698.0,0.829264,0.368314,0.229096,0.290481,0.245781,0.2420 - 0.3928,4.0,Cuarto Quintil,"Programa de las Naciones Unidas para el Desarrollo (PNUD), 2019. Unidad del Informe sobre Desarrollo Humano. Perú",Polygon,-78.600836,-5.427731,267.9824,77.5494
06,CAJAMARCA,0608,JAEN,060810,SAN FELIPE,060810,San Felipe,5425,784.0,0.297787,1440,75.695741,688.0,41.162877,1500.0,4.767924,1505.0,297.649618,1433.0,0.844929,0.411629,0.209009,0.293316,0.106552,0.2420 - 0.3928,4.0,Cuarto Quintil,"Programa de las Naciones Unidas para el Desarrollo (PNUD), 2019. Unidad del Informe sobre Desarrollo Humano. Perú",Polygon,-79.3102,-5.786475,256.1177,84.8662
06,CAJAMARCA,0608,JAEN,060806,LAS PIRIAS,060806,Las Pirias,3104,1070.0,0.322475,1309,78.901732,296.0,32.659169,1714.0,4.250638,1673.0,422.575323,1112.0,0.898362,0.326592,0.17258,0.237409,0.157231,0.2420 - 0.3928,4.0,Cuarto Quintil,"Programa de las Naciones Unidas para el Desarrollo (PNUD), 2019. Unidad del Informe sobre Desarrollo Humano. Perú",Polygon,-78.849588,-5.636341,65.2903,34.3773
14,LAMBAYEQUE,1401,CHICLAYO,140105,JOSE LEONARDO ORTIZ,140105,Jose Leonardo Ortiz,183061,29.0,0.54157,362,80.941783,119.0,72.694855,283.0,9.042819,263.0,724.657816,570.0,0.932363,0.726949,0.510058,0.608922,0.27978,0.3928 - 0.5436,3.0,Tercer Quintil,"Programa de las Naciones Unidas para el Desarrollo (PNUD), 2019. Unidad del Informe sobre Desarrollo Humano. Perú",Polygon,-79.843128,-6.740143,29.8904,28.0913
14,LAMBAYEQUE,1402,FERREÑAFE,140202,CAÑARIS,140202,Cañaris,13230,395.0,0.171037,1845,73.506067,1019.0,24.847845,1821.0,3.441205,1819.0,125.024379,1814.0,0.808434,0.248478,0.115578,0.169466,0.036521,0.0912 - 0.2420,5.0,Quinto Quintil,"Programa de las Naciones Unidas para el Desarrollo (PNUD), 2019. Unidad del Informe sobre Desarrollo Humano. Perú",Polygon,-79.304716,-6.060238,288.7848,106.4812
14,LAMBAYEQUE,1402,FERREÑAFE,140203,INCAHUASI,140203,Incahuasi,14579,352.0,0.167467,1847,77.55879,456.0,38.802015,1557.0,3.89528,1749.0,90.233606,1852.0,0.87598,0.38802,0.147555,0.239279,0.022407,0.0912 - 0.2420,5.0,Quinto Quintil,"Programa de las Naciones Unidas para el Desarrollo (PNUD), 2019. Unidad del Informe sobre Desarrollo Humano. Perú",Polygon,-79.387084,-6.231191,435.1985,124.8612
14,LAMBAYEQUE,1401,CHICLAYO,140101,CHICLAYO,140101,Chiclayo,284975,16.0,0.633676,136,79.574138,232.0,79.431798,79.0,10.959065,52.0,998.394523,262.0,0.909569,0.794318,0.645005,0.715778,0.390829,0.5436 - 0.6944,2.0,Segundo Quintil,"Programa de las Naciones Unidas para el Desarrollo (PNUD), 2019. Unidad del Informe sobre Desarrollo Humano. Perú",Polygon,-79.82961,-6.781824,51.3692,50.314
14,LAMBAYEQUE,1401,CHICLAYO,140102,CHONGOYAPE,140102,Chongoyape,18003,302.0,0.550303,339,79.991276,200.0,68.109092,475.0,7.641428,548.0,881.763309,383.0,0.916521,0.681091,0.411368,0.529319,0.343515,0.5436 - 0.6944,2.0,Segundo Quintil,"Programa de las Naciones Unidas para el Desarrollo (PNUD), 2019. Unidad del Informe sobre Desarrollo Humano. Perú",Polygon,-79.464539,-6.626849,721.2773,143.7118
14,LAMBAYEQUE,1401,CHICLAYO,140110,OYOTUN,140110,Oyotun,8235,575.0,0.504943,483,79.350874,250.0,62.596454,706.0,6.820894,777.0,779.674978,502.0,0.905848,0.625965,0.353584,0.470458,0.302099,0.3928 - 0.5436,3.0,Tercer Quintil,"Programa de las Naciones Unidas para el Desarrollo (PNUD), 2019. Unidad del Informe sobre Desarrollo Humano. Perú",Polygon,-79.276828,-6.779631,486.6756,113.1627
14,LAMBAYEQUE,1401,CHICLAYO,140111,PICSI,140111,Picsi,10879,461.0,0.453863,648,80.945201,118.0,62.24925,726.0,8.047509,450.0,507.282971,917.0,0.93242,0.622493,0.439965,0.523331,0.191596,0.3928 - 0.5436,3.0,Tercer Quintil,"Programa de las Naciones Unidas para el Desarrollo (PNUD), 2019. Unidad del Informe sobre Desarrollo Humano. Perú",Polygon,-79.772576,-6.716392,52.2744,38.121
14,LAMBAYEQUE,1401,CHICLAYO,140112,PIMENTEL,140112,Pimentel,50545,125.0,0.582875,248,79.915532,208.0,74.286296,234.0,9.984908,141.0,850.045698,414.0,0.915259,0.742863,0.576402,0.654361,0.330647,0.5436 - 0.6944,2.0,Segundo Quintil,"Programa de las Naciones Unidas para el Desarrollo (PNUD), 2019. Unidad del Informe sobre Desarrollo Humano. Perú",Polygon,-79.905884,-6.801958,61.6115,48.2854
14,LAMBAYEQUE,1401,CHICLAYO,140117,PATAPO,140117,Patapo,23182,248.0,0.536899,373,81.147912,104.0,67.583506,503.0,7.829747,499.0,796.00362,481.0,0.935799,0.675835,0.42463,0.535705,0.308724,0.3928 - 0.5436,3.0,Tercer Quintil,"Programa de las Naciones Unidas para el Desarrollo (PNUD), 2019. Unidad del Informe sobre Desarrollo Humano. Perú",Polygon,-79.585747,-6.708929,184.0566,68.9245
14,LAMBAYEQUE,1401,CHICLAYO,140118,POMALCA,140118,Pomalca,25484,223.0,0.562098,308,82.124638,58.0,66.618762,534.0,8.699916,329.0,843.172068,424.0,0.952077,0.666188,0.48591,0.568952,0.327859,0.5436 - 0.6944,2.0,Segundo Quintil,"Programa de las Naciones Unidas para el Desarrollo (PNUD), 2019. Unidad del Informe sobre Desarrollo Humano. Perú",Polygon,-79.759014,-6.781761,76.6264,43.7887
14,LAMBAYEQUE,1401,CHICLAYO,140119,PUCALA,140119,Pucala,9540,507.0,0.509982,460,80.927725,122.0,70.100388,385.0,8.599719,350.0,640.403817,700.0,0.932129,0.701004,0.478853,0.579377,0.2456,0.3928 - 0.5436,3.0,Tercer Quintil,"Programa de las Naciones Unidas para el Desarrollo (PNUD), 2019. Unidad del Informe sobre Desarrollo Humano. Perú",Polygon,-79.513725,-6.794628,175.0022,91.4579
14,LAMBAYEQUE,1401,CHICLAYO,140120,TUMAN,140120,Tuman,28889,193.0,0.622543,162,81.229165,95.0,74.484435,225.0,8.985275,273.0,1068.721311,209.0,0.937153,0.744844,0.506005,0.613918,0.41936,0.5436 - 0.6944,2.0,Segundo Quintil,"Programa de las Naciones Unidas para el Desarrollo (PNUD), 2019. Unidad del Informe sobre Desarrollo Humano. Perú",Polygon,-79.694436,-6.773726,125.6821,74.8048
14,LAMBAYEQUE,1402,FERREÑAFE,140201,FERREÑAFE,140201,Ferreñafe,35705,162.0,0.511085,455,68.871914,1568.0,65.671579,581.0,9.535932,191.0,787.417958,491.0,0.731199,0.656716,0.544784,0.598137,0.305241,0.3928 - 0.5436,3.0,Tercer Quintil,"Programa de las Naciones Unidas para el Desarrollo (PNUD), 2019. Unidad del Informe sobre Desarrollo Humano. Perú",Polygon,-79.791159,-6.620499,60.2886,44.5409
14,LAMBAYEQUE,1402,FERREÑAFE,140204,MANUEL ANTONIO MESONES MURO,140204,Manuel Antonio Mesones Muro,3598,994.0,0.449392,669,70.5401,1420.0,60.437603,795.0,6.659012,823.0,683.138535,632.0,0.759002,0.604376,0.342184,0.454761,0.262937,0.3928 - 0.5436,3.0,Tercer Quintil,"Programa de las Naciones Unidas para el Desarrollo (PNUD), 2019. Unidad del Informe sobre Desarrollo Humano. Perú",Polygon,-79.682823,-6.63533,209.3948,74.4753
14,LAMBAYEQUE,1402,FERREÑAFE,140205,PITIPO,140205,Pitipo,22806,251.0,0.422348,767,69.213338,1538.0,54.907874,1024.0,6.076242,1014.0,654.758036,673.0,0.736889,0.549079,0.301144,0.406635,0.251423,0.3928 - 0.5436,3.0,Tercer Quintil,"Programa de las Naciones Unidas para el Desarrollo (PNUD), 2019. Unidad del Informe sobre Desarrollo Humano. Perú",Polygon,-79.634738,-6.486223,549.921,134.1825
14,LAMBAYEQUE,1402,FERREÑAFE,140206,PUEBLO NUEVO,140206,Pueblo Nuevo,13710,379.0,0.483069,542,70.96445,1384.0,64.801448,620.0,8.449211,374.0,693.477079,619.0,0.766074,0.648014,0.468254,0.55085,0.267131,0.3928 - 0.5436,3.0,Tercer Quintil,"Programa de las Naciones Unidas para el Desarrollo (PNUD), 2019. Unidad del Informe sobre Desarrollo Humano. Perú",Polygon,-79.82443,-6.629897,31.0558,22.4704
14,LAMBAYEQUE,1403,LAMBAYEQUE,140301,LAMBAYEQUE,140301,Lambayeque,79617,74.0,0.553928,326,74.694529,830.0,66.897282,525.0,9.542777,189.0,872.550926,391.0,0.828242,0.668973,0.545266,0.60396,0.339777,0.5436 - 0.6944,2.0,Segundo Quintil,"Programa de las Naciones Unidas para el Desarrollo (PNUD), 2019. Unidad del Informe sobre Desarrollo Humano. Perú",Polygon,-79.932882,-6.673964,325.5477,96.684
14,LAMBAYEQUE,1403,LAMBAYEQUE,140302,CHOCHOPE,140302,Chochope,936,1627.0,0.416419,796,75.425469,731.0,54.700936,1032.0,5.604992,1192.0,588.196724,774.0,0.840424,0.547009,0.267957,0.382851,0.224421,0.3928 - 0.5436,3.0,Tercer Quintil,"Programa de las Naciones Unidas para el Desarrollo (PNUD), 2019. Unidad del Informe sobre Desarrollo Humano. Perú",Polygon,-79.613589,-6.155232,77.308,44.9079
14,LAMBAYEQUE,1403,LAMBAYEQUE,140304,JAYANCA,140304,Jayanca,18530,299.0,0.505917,475,75.208494,767.0,65.550879,586.0,7.516302,580.0,777.552301,505.0,0.836808,0.655509,0.402556,0.513692,0.301238,0.3928 - 0.5436,3.0,Tercer Quintil,"Programa de las Naciones Unidas para el Desarrollo (PNUD), 2019. Unidad del Informe sobre Desarrollo Humano. Perú",Polygon,-79.808268,-6.33417,687.3733,162.0373
14,LAMBAYEQUE,1403,LAMBAYEQUE,140305,MOCHUMI,140305,Mochumi,18730,296.0,0.453061,652,76.602037,564.0,57.7681,911.0,6.835929,772.0,623.885696,720.0,0.860034,0.577681,0.354643,0.452626,0.238899,0.3928 - 0.5436,3.0,Tercer Quintil,"Programa de las Naciones Unidas para el Desarrollo (PNUD), 2019. Unidad del Informe sobre Desarrollo Humano. Perú",Polygon,-79.887511,-6.562818,102.6726,51.3848
14,LAMBAYEQUE,1403,LAMBAYEQUE,140306,MORROPE,140306,Morrope,48902,127.0,0.38798,928,75.682224,690.0,50.645511,1205.0,4.891652,1450.0,548.2383,847.0,0.844704,0.506455,0.217722,0.332064,0.20821,0.2420 - 0.3928,4.0,Cuarto Quintil,"Programa de las Naciones Unidas para el Desarrollo (PNUD), 2019. Unidad del Informe sobre Desarrollo Humano. Perú",Polygon,-80.178994,-6.50614,1053.783,186.4578
14,LAMBAYEQUE,1403,LAMBAYEQUE,140307,MOTUPE,140307,Motupe,28735,194.0,0.497467,501,75.93908,656.0,58.335797,888.0,7.695954,533.0,761.290821,523.0,0.848985,0.583358,0.415208,0.492153,0.294641,0.3928 - 0.5436,3.0,Tercer Quintil,"Programa de las Naciones Unidas para el Desarrollo (PNUD), 2019. Unidad del Informe sobre Desarrollo Humano. Perú",Polygon,-79.707841,-6.169034,555.8499,142.7058
14,LAMBAYEQUE,1403,LAMBAYEQUE,140308,OLMOS,140308,Olmos,44335,140.0,0.470309,584,74.911765,803.0,59.045224,842.0,6.365443,919.0,742.49898,546.0,0.831863,0.590452,0.32151,0.435702,0.287018,0.3928 - 0.5436,3.0,Tercer Quintil,"Programa de las Naciones Unidas para el Desarrollo (PNUD), 2019. Unidad del Informe sobre Desarrollo Humano. Perú",Polygon,-80.071194,-6.047484,5569.3141,446.0853
14,LAMBAYEQUE,1403,LAMBAYEQUE,140303,ILLIMO,140303,Illimo,8932,541.0,0.477044,556,76.111275,636.0,70.175585,383.0,7.591924,561.0,622.172151,723.0,0.851855,0.701756,0.407882,0.535008,0.238204,0.3928 - 0.5436,3.0,Tercer Quintil,"Programa de las Naciones Unidas para el Desarrollo (PNUD), 2019. Unidad del Informe sobre Desarrollo Humano. Perú",Polygon,-79.853367,-6.469594,24.0356,31.5992
14,LAMBAYEQUE,1403,LAMBAYEQUE,140309,PACORA,140309,Pacora,7702,616.0,0.460806,627,75.075254,785.0,55.988543,980.0,7.368277,618.0,651.78344,680.0,0.834588,0.559885,0.392132,0.468561,0.250216,0.3928 - 0.5436,3.0,Tercer Quintil,"Programa de las Naciones Unidas para el Desarrollo (PNUD), 2019. Unidad del Informe sobre Desarrollo Humano. Perú",Polygon,-79.879921,-6.434083,88.731,50.6201
14,LAMBAYEQUE,1403,LAMBAYEQUE,140310,SALAS,140310,Salas,11988,427.0,0.272563,1578,76.977729,527.0,44.763513,1399.0,4.674165,1539.0,226.416752,1625.0,0.866295,0.447635,0.202406,0.301005,0.077654,0.2420 - 0.3928,4.0,Cuarto Quintil,"Programa de las Naciones Unidas para el Desarrollo (PNUD), 2019. Unidad del Informe sobre Desarrollo Humano. Perú",Polygon,-79.537837,-6.150847,1003.2018,184.6959
14,LAMBAYEQUE,1403,LAMBAYEQUE,140311,SAN JOSE,140311,San Jose,17973,303.0,0.407636,835,75.772549,679.0,63.573977,675.0,7.358061,622.0,430.549172,1092.0,0.846209,0.63574,0.391413,0.498835,0.160466,0.3928 - 0.5436,3.0,Tercer Quintil,"Programa de las Naciones Unidas para el Desarrollo (PNUD), 2019. Unidad del Informe sobre Desarrollo Humano. Perú",Polygon,-79.936912,-6.766059,45.5323,30.1726
14,LAMBAYEQUE,1403,LAMBAYEQUE,140312,TUCUME,140312,Tucume,22675,253.0,0.47267,577,75.809209,673.0,65.198819,605.0,6.724942,805.0,681.432685,637.0,0.84682,0.651988,0.346827,0.475528,0.262244,0.3928 - 0.5436,3.0,Tercer Quintil,"Programa de las Naciones Unidas para el Desarrollo (PNUD), 2019. Unidad del Informe sobre Desarrollo Humano. Perú",Polygon,-79.876274,-6.503308,63.4047,45.4354
06,CAJAMARCA,0607,HUALGAYOC,060702,CHUGUR,060702,Chugur,3124,1065.0,0.376208,989,74.468796,862.0,59.082963,837.0,5.608011,1185.0,434.932366,1073.0,0.82448,0.59083,0.26817,0.398049,0.162244,0.2420 - 0.3928,4.0,Cuarto Quintil,"Programa de las Naciones Unidas para el Desarrollo (PNUD), 2019. Unidad del Informe sobre Desarrollo Humano. Perú",Polygon,-78.707678,-6.685517,105.6768,45.4485
20,PIURA,2006,SULLANA,200605,MARCAVELICA,200605,Marcavelica,30644,183.0,0.51376,446,78.786888,310.0,63.109834,687.0,7.013678,720.0,809.633988,462.0,0.896448,0.631098,0.36716,0.481367,0.314253,0.3928 - 0.5436,3.0,Tercer Quintil,"Programa de las Naciones Unidas para el Desarrollo (PNUD), 2019. Unidad del Informe sobre Desarrollo Humano. Perú",Polygon,-80.784721,-4.536988,1646.8988,282.4369
20,PIURA,2006,SULLANA,200608,SALITRAL,200608,Salitral,7130,648.0,0.559237,313,81.168425,102.0,63.717868,669.0,8.423622,380.0,879.754335,385.0,0.93614,0.637179,0.466452,0.545173,0.3427,0.5436 - 0.6944,2.0,Segundo Quintil,"Programa de las Naciones Unidas para el Desarrollo (PNUD), 2019. Unidad del Informe sobre Desarrollo Humano. Perú",Polygon,-80.683249,-4.838299,31.2558,32.2736
20,PIURA,2005,PAITA,200507,VICHAYAL,200507,Vichayal,4997,819.0,0.375469,995,79.72562,221.0,52.957942,1103.0,5.479008,1232.0,421.199153,1114.0,0.912094,0.529579,0.259085,0.370413,0.156673,0.2420 - 0.3928,4.0,Cuarto Quintil,"Programa de las Naciones Unidas para el Desarrollo (PNUD), 2019. Unidad del Informe sobre Desarrollo Humano. Perú",Polygon,-81.107296,-4.838433,157.6722,61.9205
20,PIURA,2005,PAITA,200502,AMOTAPE,200502,Amotape,2286,1232.0,0.513413,449,80.421014,162.0,62.975396,691.0,6.848579,766.0,798.250683,477.0,0.923684,0.629754,0.355534,0.473179,0.309635,0.3928 - 0.5436,3.0,Tercer Quintil,"Programa de las Naciones Unidas para el Desarrollo (PNUD), 2019. Unidad del Informe sobre Desarrollo Humano. Perú",Polygon,-81.006757,-4.835532,63.8722,48.7768
20,PIURA,2003,HUANCABAMBA,200304,HUARMACA,200304,Huarmaca,38712,154.0,0.211758,1775,65.377567,1744.0,42.307949,1466.0,3.975265,1732.0,171.623266,1731.0,0.672959,0.423079,0.153188,0.254579,0.055425,0.0912 - 0.2420,5.0,Quinto Quintil,"Programa de las Naciones Unidas para el Desarrollo (PNUD), 2019. Unidad del Informe sobre Desarrollo Humano. Perú",Polygon,-79.561137,-5.69467,1938.5549,251.5761
20,PIURA,2008,SECHURA,200801,SECHURA,200801,Sechura,48691,128.0,0.486072,533,72.15815,1212.0,57.86688,906.0,7.507596,581.0,781.821844,499.0,0.785969,0.578669,0.401943,0.482278,0.30297,0.3928 - 0.5436,3.0,Tercer Quintil,"Programa de las Naciones Unidas para el Desarrollo (PNUD), 2019. Unidad del Informe sobre Desarrollo Humano. Perú",Polygon,-80.660253,-5.919393,5727.8181,366.6591
20,PIURA,2008,SECHURA,200804,CRISTO NOS VALGA,200804,Cristo Nos Valga,4274,900.0,0.418056,790,71.122849,1362.0,55.374589,1008.0,6.512474,868.0,581.538451,782.0,0.768714,0.553746,0.331864,0.428682,0.221719,0.3928 - 0.5436,3.0,Tercer Quintil,"Programa de las Naciones Unidas para el Desarrollo (PNUD), 2019. Unidad del Informe sobre Desarrollo Humano. Perú",Polygon,-80.641023,-5.535189,262.9828,70.9989
20,PIURA,2008,SECHURA,200806,RINCONADA LLICUAR,200806,Rinconada Llicuar,3082,1076.0,0.496957,503,74.167863,919.0,70.786055,361.0,7.914655,472.0,703.695659,603.0,0.819464,0.707861,0.43061,0.552097,0.271276,0.3928 - 0.5436,3.0,Tercer Quintil,"Programa de las Naciones Unidas para el Desarrollo (PNUD), 2019. Unidad del Informe sobre Desarrollo Humano. Perú",Polygon,-80.774353,-5.482079,19.861,23.7409
20,PIURA,2008,SECHURA,200803,BERNAL,200803,Bernal,7035,658.0,0.441738,697,72.777522,1132.0,54.631874,1035.0,7.113445,687.0,625.163051,719.0,0.796292,0.546319,0.374186,0.452134,0.239417,0.3928 - 0.5436,3.0,Tercer Quintil,"Programa de las Naciones Unidas para el Desarrollo (PNUD), 2019. Unidad del Informe sobre Desarrollo Humano. Perú",Polygon,-80.702001,-5.457751,71.1646,40.5092
20,PIURA,2008,SECHURA,200802,BELLAVISTA DE LA UNION,200802,Bellavista De La Union,4640,866.0,0.503932,486,75.180887,771.0,64.049624,655.0,8.232306,417.0,735.243092,556.0,0.836348,0.640496,0.452979,0.538639,0.284074,0.3928 - 0.5436,3.0,Tercer Quintil,"Programa de las Naciones Unidas para el Desarrollo (PNUD), 2019. Unidad del Informe sobre Desarrollo Humano. Perú",Polygon,-80.742899,-5.426517,13.7661,16.8912
20,PIURA,2001,PIURA,200108,EL TALLAN,200108,El Tallan,5400,787.0,0.371266,1016,74.249954,901.0,43.029921,1450.0,5.229161,1333.0,511.742133,910.0,0.820833,0.430299,0.24149,0.322355,0.193405,0.2420 - 0.3928,4.0,Cuarto Quintil,"Programa de las Naciones Unidas para el Desarrollo (PNUD), 2019. Unidad del Informe sobre Desarrollo Humano. Perú",Polygon,-80.611368,-5.441293,100.1557,58.4629
20,PIURA,2003,HUANCABAMBA,200306,SAN MIGUEL DE EL FAIQUE,200306,San Miguel De El Faique,8261,571.0,0.281225,1527,67.51252,1655.0,57.175604,937.0,5.008149,1407.0,250.290059,1551.0,0.708542,0.571756,0.225926,0.359409,0.087339,0.2420 - 0.3928,4.0,Cuarto Quintil,"Programa de las Naciones Unidas para el Desarrollo (PNUD), 2019. Unidad del Informe sobre Desarrollo Humano. Perú",Polygon,-79.605073,-5.42463,207.4437,86.134
20,PIURA,2003,HUANCABAMBA,200302,CANCHAQUE,200302,Canchaque,6773,672.0,0.360385,1078,67.6045,1651.0,62.481206,712.0,5.93967,1064.0,415.715414,1130.0,0.710075,0.624812,0.291526,0.426789,0.154448,0.2420 - 0.3928,4.0,Cuarto Quintil,"Programa de las Naciones Unidas para el Desarrollo (PNUD), 2019. Unidad del Informe sobre Desarrollo Humano. Perú",Polygon,-79.625805,-5.312059,311.514,105.2763
20,PIURA,2003,HUANCABAMBA,200308,SONDORILLO,200308,Sondorillo,10413,474.0,0.196958,1800,66.95466,1688.0,41.093672,1502.0,3.762211,1772.0,148.029887,1780.0,0.699244,0.410937,0.138184,0.238296,0.045854,0.0912 - 0.2420,5.0,Quinto Quintil,"Programa de las Naciones Unidas para el Desarrollo (PNUD), 2019. Unidad del Informe sobre Desarrollo Humano. Perú",Polygon,-79.460214,-5.397907,228.7449,91.9744
20,PIURA,2001,PIURA,200109,LA ARENA,200109,La Arena,38807,153.0,0.414819,805,77.829037,422.0,50.466337,1214.0,5.286736,1309.0,602.682638,755.0,0.880484,0.504663,0.245545,0.352019,0.230297,0.3928 - 0.5436,3.0,Tercer Quintil,"Programa de las Naciones Unidas para el Desarrollo (PNUD), 2019. Unidad del Informe sobre Desarrollo Humano. Perú",Polygon,-80.762564,-5.308986,169.8563,79.7621
20,PIURA,2004,MORROPON,200406,SALITRAL,200406,Salitral,7812,603.0,0.401719,866,74.321504,888.0,56.50345,962.0,5.400875,1259.0,548.572457,844.0,0.822025,0.565034,0.253583,0.378527,0.208346,0.3928 - 0.5436,3.0,Tercer Quintil,"Programa de las Naciones Unidas para el Desarrollo (PNUD), 2019. Unidad del Informe sobre Desarrollo Humano. Perú",Polygon,-79.827674,-5.437043,608.6126,155.9692
20,PIURA,2001,PIURA,200107,CURA MORI,200107,Cura Mori,18828,292.0,0.380878,958,75.58814,699.0,51.414098,1178.0,5.162437,1348.0,497.970539,939.0,0.843136,0.514141,0.236791,0.348919,0.187818,0.2420 - 0.3928,4.0,Cuarto Quintil,"Programa de las Naciones Unidas para el Desarrollo (PNUD), 2019. Unidad del Informe sobre Desarrollo Humano. Perú",Polygon,-80.586044,-5.357589,215.642,72.5934
20,PIURA,2008,SECHURA,200805,VICE,200805,Vice,15804,330.0,0.407832,834,72.187821,1207.0,57.153939,938.0,6.128999,989.0,544.340202,855.0,0.786464,0.571539,0.304859,0.417419,0.206629,0.3928 - 0.5436,3.0,Tercer Quintil,"Programa de las Naciones Unidas para el Desarrollo (PNUD), 2019. Unidad del Informe sobre Desarrollo Humano. Perú",Polygon,-80.874536,-5.43862,258.9184,82.2969
20,PIURA,2003,HUANCABAMBA,200307,SONDOR,200307,Sondor,7803,604.0,0.228282,1741,64.815734,1758.0,33.825414,1691.0,4.002084,1726.0,227.944877,1617.0,0.663596,0.338254,0.155076,0.229031,0.078274,0.0912 - 0.2420,5.0,Quinto Quintil,"Programa de las Naciones Unidas para el Desarrollo (PNUD), 2019. Unidad del Informe sobre Desarrollo Humano. Perú",Polygon,-79.36238,-5.40351,343.0174,97.6701
20,PIURA,2004,MORROPON,200407,SAN JUAN DE BIGOTE,200407,San Juan De Bigote,5713,754.0,0.33086,1250,74.762468,819.0,57.660358,914.0,4.819032,1483.0,342.447595,1317.0,0.829374,0.576604,0.212608,0.350129,0.124725,0.2420 - 0.3928,4.0,Cuarto Quintil,"Programa de las Naciones Unidas para el Desarrollo (PNUD), 2019. Unidad del Informe sobre Desarrollo Humano. Perú",Polygon,-79.741233,-5.295888,250.3792,66.4031
20,PIURA,2001,PIURA,200110,LA UNION,200110,La Union,43346,143.0,0.468774,591,76.402598,589.0,62.399997,714.0,6.714528,810.0,672.800358,650.0,0.85671,0.624,0.346094,0.464718,0.258743,0.3928 - 0.5436,3.0,Tercer Quintil,"Programa de las Naciones Unidas para el Desarrollo (PNUD), 2019. Unidad del Informe sobre Desarrollo Humano. Perú",Polygon,-80.867991,-5.332869,318.304,98.513
20,PIURA,2003,HUANCABAMBA,200301,HUANCABAMBA,200301,Huancabamba,29126,190.0,0.341904,1181,65.359631,1745.0,62.217693,728.0,5.350983,1277.0,406.319492,1150.0,0.672661,0.622177,0.250069,0.394446,0.150637,0.2420 - 0.3928,4.0,Cuarto Quintil,"Programa de las Naciones Unidas para el Desarrollo (PNUD), 2019. Unidad del Informe sobre Desarrollo Humano. Perú",Polygon,-79.497314,-5.196879,443.5866,113.0298
20,PIURA,2004,MORROPON,200402,BUENOS AIRES,200402,Buenos Aires,7773,606.0,0.461171,625,75.102498,781.0,58.81052,853.0,6.354219,921.0,701.659112,605.0,0.835042,0.588105,0.32072,0.4343,0.27045,0.3928 - 0.5436,3.0,Tercer Quintil,"Programa de las Naciones Unidas para el Desarrollo (PNUD), 2019. Unidad del Informe sobre Desarrollo Humano. Perú",Polygon,-79.925035,-5.264481,247.5544,82.7843
20,PIURA,2003,HUANCABAMBA,200305,LALAQUIZ,200305,Lalaquiz,3486,1011.0,0.195988,1803,64.807215,1759.0,53.960973,1058.0,3.883788,1751.0,134.397285,1803.0,0.663454,0.53961,0.146746,0.281399,0.040323,0.0912 - 0.2420,5.0,Quinto Quintil,"Programa de las Naciones Unidas para el Desarrollo (PNUD), 2019. Unidad del Informe sobre Desarrollo Humano. Perú",Polygon,-79.664874,-5.17202,145.8782,66.3628
20,PIURA,2004,MORROPON,200405,MORROPON,200405,Morropon,13757,374.0,0.4969,505,75.546454,711.0,70.475881,376.0,7.004966,725.0,741.317648,549.0,0.842441,0.704759,0.366547,0.508259,0.286539,0.3928 - 0.5436,3.0,Tercer Quintil,"Programa de las Naciones Unidas para el Desarrollo (PNUD), 2019. Unidad del Informe sobre Desarrollo Humano. Perú",Polygon,-79.998387,-5.152719,172.173,69.7989
20,PIURA,2004,MORROPON,200410,YAMANGO,200410,Yamango,8443,562.0,0.257489,1642,73.494557,1022.0,53.412265,1081.0,4.258772,1671.0,206.204257,1672.0,0.808243,0.534123,0.173153,0.304113,0.069454,0.2420 - 0.3928,4.0,Cuarto Quintil,"Programa de las Naciones Unidas para el Desarrollo (PNUD), 2019. Unidad del Informe sobre Desarrollo Humano. Perú",Polygon,-79.769525,-5.15651,218.5151,97.5085
20,PIURA,2004,MORROPON,200404,LA MATANZA,200404,La Matanza,12721,409.0,0.389352,924,73.691178,992.0,49.783757,1235.0,4.51391,1596.0,616.23102,732.0,0.81152,0.497838,0.19112,0.308459,0.235794,0.2420 - 0.3928,4.0,Cuarto Quintil,"Programa de las Naciones Unidas para el Desarrollo (PNUD), 2019. Unidad del Informe sobre Desarrollo Humano. Perú",Polygon,-80.082814,-5.367681,1034.9177,141.9684
20,PIURA,2001,PIURA,200105,CATACAOS,200105,Catacaos,76221,79.0,0.503435,488,78.143886,392.0,62.515858,710.0,7.69862,531.0,731.817669,560.0,0.885731,0.625159,0.415396,0.509596,0.282685,0.3928 - 0.5436,3.0,Tercer Quintil,"Programa de las Naciones Unidas para el Desarrollo (PNUD), 2019. Unidad del Informe sobre Desarrollo Humano. Perú",Polygon,-80.365059,-5.470469,2268.348,282.7443
20,PIURA,2001,PIURA,200101,PIURA,200101,Piura,178905,31.0,0.658204,94,78.741055,316.0,77.320668,139.0,11.334168,36.0,1124.177237,171.0,0.895684,0.773207,0.67142,0.720518,0.441857,0.5436 - 0.6944,2.0,Segundo Quintil,"Programa de las Naciones Unidas para el Desarrollo (PNUD), 2019. Unidad del Informe sobre Desarrollo Humano. Perú",Polygon,-80.658507,-5.081985,194.5598,91.5885
20,PIURA,2003,HUANCABAMBA,200303,EL CARMEN DE LA FRONTERA,200303,El Carmen De La Frontera,12812,407.0,0.223761,1753,66.22993,1719.0,55.607873,1001.0,4.011363,1724.0,171.569403,1732.0,0.687166,0.556079,0.15573,0.294275,0.055403,0.0912 - 0.2420,5.0,Quinto Quintil,"Programa de las Naciones Unidas para el Desarrollo (PNUD), 2019. Unidad del Informe sobre Desarrollo Humano. Perú",Polygon,-79.365682,-5.024067,656.483,130.345
20,PIURA,2004,MORROPON,200408,SANTA CATALINA DE MOSSA,200408,Santa Catalina De Mossa,3645,987.0,0.369074,1027,75.332857,744.0,35.97423,1628.0,5.738662,1136.0,502.659861,932.0,0.838881,0.359742,0.277371,0.315883,0.18972,0.2420 - 0.3928,4.0,Cuarto Quintil,"Programa de las Naciones Unidas para el Desarrollo (PNUD), 2019. Unidad del Informe sobre Desarrollo Humano. Perú",Polygon,-79.875611,-5.125782,80.3985,49.2456
20,PIURA,2004,MORROPON,200409,SANTO DOMINGO,200409,Santo Domingo,5725,751.0,0.349786,1126,75.280794,751.0,60.300873,802.0,5.810543,1102.0,340.037815,1326.0,0.838013,0.603009,0.282433,0.412685,0.123748,0.2420 - 0.3928,4.0,Cuarto Quintil,"Programa de las Naciones Unidas para el Desarrollo (PNUD), 2019. Unidad del Informe sobre Desarrollo Humano. Perú",Polygon,-79.910669,-5.053144,189.5779,81.4079
20,PIURA,2002,AYABACA,200206,PACAIPAMPA,200206,Pacaipampa,22545,254.0,0.190007,1817,67.025514,1681.0,31.739914,1733.0,3.089343,1852.0,177.207026,1722.0,0.700425,0.317399,0.090799,0.169763,0.05769,0.0912 - 0.2420,5.0,Quinto Quintil,"Programa de las Naciones Unidas para el Desarrollo (PNUD), 2019. Unidad del Informe sobre Desarrollo Humano. Perú",Polygon,-79.650256,-4.946442,962.7966,175.5027
20,PIURA,2004,MORROPON,200403,CHALACO,200403,Chalaco,7402,628.0,0.295471,1457,74.974758,796.0,45.001266,1389.0,4.686773,1537.0,287.398218,1463.0,0.832913,0.450013,0.203294,0.302465,0.102393,0.2420 - 0.3928,4.0,Cuarto Quintil,"Programa de las Naciones Unidas para el Desarrollo (PNUD), 2019. Unidad del Informe sobre Desarrollo Humano. Perú",Polygon,-79.792802,-5.066344,149.0675,71.7434
20,PIURA,2004,MORROPON,200401,CHULUCANAS,200401,Chulucanas,75914,82.0,0.465375,607,74.196667,913.0,61.113714,760.0,6.596218,845.0,701.908826,604.0,0.819944,0.611137,0.337762,0.454333,0.270551,0.3928 - 0.5436,3.0,Tercer Quintil,"Programa de las Naciones Unidas para el Desarrollo (PNUD), 2019. Unidad del Informe sobre Desarrollo Humano. Perú",Polygon,-80.194352,-5.121681,835.2877,161.7465
20,PIURA,2001,PIURA,200104,CASTILLA,200104,Castilla,159841,35.0,0.622081,163,80.201558,185.0,72.716755,281.0,10.023777,135.0,1028.915689,235.0,0.920026,0.727168,0.579139,0.648946,0.403211,0.5436 - 0.6944,2.0,Segundo Quintil,"Programa de las Naciones Unidas para el Desarrollo (PNUD), 2019. Unidad del Informe sobre Desarrollo Humano. Perú",Polygon,-80.515154,-5.130941,651.335,131.9648
20,PIURA,2005,PAITA,200501,PAITA,200501,Paita,99197,57.0,0.569748,289,79.43114,242.0,63.654265,673.0,8.424647,379.0,957.183908,304.0,0.907186,0.636543,0.466524,0.544943,0.374111,0.5436 - 0.6944,2.0,Segundo Quintil,"Programa de las Naciones Unidas para el Desarrollo (PNUD), 2019. Unidad del Informe sobre Desarrollo Humano. Perú",Polygon,-81.05536,-5.167181,700.6065,148.2369
20,PIURA,2002,AYABACA,200202,FRIAS,200202,Frias,22518,256.0,0.165205,1848,68.518268,1595.0,38.379333,1570.0,3.56691,1805.0,105.121967,1836.0,0.725304,0.383793,0.12443,0.21853,0.028447,0.0912 - 0.2420,5.0,Quinto Quintil,"Programa de las Naciones Unidas para el Desarrollo (PNUD), 2019. Unidad del Informe sobre Desarrollo Humano. Perú",Polygon,-79.971003,-4.927294,559.9039,137.7945
20,PIURA,2006,SULLANA,200606,MIGUEL CHECA,200606,Miguel Checa,9424,517.0,0.521489,424,81.300001,91.0,64.692178,628.0,6.638649,829.0,828.509275,445.0,0.938333,0.646922,0.34075,0.469509,0.32191,0.3928 - 0.5436,3.0,Tercer Quintil,"Programa de las Naciones Unidas para el Desarrollo (PNUD), 2019. Unidad del Informe sobre Desarrollo Humano. Perú",Polygon,-80.788357,-5.048497,476.3757,110.6707
20,PIURA,2006,SULLANA,200601,SULLANA,200601,Sullana,181600,30.0,0.5657,297,79.935041,206.0,71.144385,344.0,9.31842,217.0,829.12339,443.0,0.915584,0.711444,0.529466,0.613747,0.32216,0.5436 - 0.6944,2.0,Segundo Quintil,"Programa de las Naciones Unidas para el Desarrollo (PNUD), 2019. Unidad del Informe sobre Desarrollo Humano. Perú",Polygon,-80.546096,-4.82549,525.2505,155.7105
20,PIURA,2005,PAITA,200503,ARENAL,200503,Arenal,950,1620.0,0.49947,496,82.984865,31.0,55.635872,995.0,6.961413,732.0,741.74845,548.0,0.966414,0.556359,0.36348,0.449695,0.286713,0.3928 - 0.5436,3.0,Tercer Quintil,"Programa de las Naciones Unidas para el Desarrollo (PNUD), 2019. Unidad del Informe sobre Desarrollo Humano. Perú",Polygon,-81.030036,-4.899573,8.2908,13.4883
20,PIURA,2005,PAITA,200505,LA HUACA,200505,La Huaca,12632,413.0,0.542841,358,81.138691,105.0,68.170924,470.0,7.297645,635.0,855.313678,408.0,0.935645,0.681709,0.387158,0.51374,0.332784,0.3928 - 0.5436,3.0,Tercer Quintil,"Programa de las Naciones Unidas para el Desarrollo (PNUD), 2019. Unidad del Informe sobre Desarrollo Humano. Perú",Polygon,-80.913081,-5.065456,574.8903,134.7736
20,PIURA,2001,PIURA,200114,TAMBO GRANDE,200114,Tambo Grande,125430,48.0,0.459858,633,80.722021,137.0,50.868865,1196.0,5.653891,1167.0,729.672083,563.0,0.9287,0.508689,0.271401,0.371562,0.281814,0.3928 - 0.5436,3.0,Tercer Quintil,"Programa de las Naciones Unidas para el Desarrollo (PNUD), 2019. Unidad del Informe sobre Desarrollo Humano. Perú",Polygon,-80.330891,-4.919436,1484.4161,241.1078
20,PIURA,2005,PAITA,200504,COLAN,200504,Colan,13499,385.0,0.466561,603,82.144677,56.0,54.037885,1054.0,6.549253,857.0,653.30144,679.0,0.952411,0.540379,0.334454,0.425126,0.250832,0.3928 - 0.5436,3.0,Tercer Quintil,"Programa de las Naciones Unidas para el Desarrollo (PNUD), 2019. Unidad del Informe sobre Desarrollo Humano. Perú",Polygon,-81.070939,-4.930629,122.4209,72.9376
20,PIURA,2005,PAITA,200506,TAMARINDO,200506,Tamarindo,4811,848.0,0.486528,532,81.019801,113.0,58.629437,860.0,6.033438,1028.0,762.259287,522.0,0.933663,0.586294,0.298129,0.418081,0.295034,0.3928 - 0.5436,3.0,Tercer Quintil,"Programa de las Naciones Unidas para el Desarrollo (PNUD), 2019. Unidad del Informe sobre Desarrollo Humano. Perú",Polygon,-80.962621,-4.837483,64.8025,51.5095
20,PIURA,2002,AYABACA,200208,SAPILLICA,200208,Sapillica,12118,425.0,0.170731,1846,67.500071,1656.0,29.763203,1760.0,3.511949,1807.0,126.427392,1810.0,0.708335,0.297632,0.12056,0.189427,0.03709,0.0912 - 0.2420,5.0,Quinto Quintil,"Programa de las Naciones Unidas para el Desarrollo (PNUD), 2019. Unidad del Informe sobre Desarrollo Humano. Perú",Polygon,-79.989286,-4.783614,275.2808,74.5465
20,PIURA,2006,SULLANA,200603,IGNACIO ESCUDERO,200603,Ignacio Escudero,21810,261.0,0.50253,492,79.018363,283.0,64.363592,645.0,6.446953,882.0,792.098711,484.0,0.900306,0.643636,0.32725,0.458944,0.307139,0.3928 - 0.5436,3.0,Tercer Quintil,"Programa de las Naciones Unidas para el Desarrollo (PNUD), 2019. Unidad del Informe sobre Desarrollo Humano. Perú",Polygon,-80.885637,-4.826731,187.8347,63.9172
20,PIURA,2002,AYABACA,200204,LAGUNAS,200204,Lagunas,6763,676.0,0.091195,1874,67.32878,1662.0,21.801872,1842.0,3.415441,1823.0,51.826571,1873.0,0.70548,0.218019,0.113763,0.157488,0.006826,0.0912 - 0.2420,5.0,Quinto Quintil,"Programa de las Naciones Unidas para el Desarrollo (PNUD), 2019. Unidad del Informe sobre Desarrollo Humano. Perú",Polygon,-79.85386,-4.780737,189.3703,74.1119
20,PIURA,2006,SULLANA,200607,QUERECOTILLO,200607,Querecotillo,25662,221.0,0.527881,404,80.298463,173.0,69.267522,427.0,7.149213,674.0,805.190154,468.0,0.921641,0.692675,0.376705,0.510817,0.31245,0.3928 - 0.5436,3.0,Tercer Quintil,"Programa de las Naciones Unidas para el Desarrollo (PNUD), 2019. Unidad del Informe sobre Desarrollo Humano. Perú",Polygon,-80.604244,-4.726085,277.0546,84.1969
20,PIURA,2002,AYABACA,200207,PAIMAS,200207,Paimas,10277,479.0,0.285888,1512,69.804924,1478.0,34.635439,1661.0,4.870297,1458.0,316.855194,1384.0,0.746749,0.346354,0.216218,0.273657,0.114343,0.2420 - 0.3928,4.0,Cuarto Quintil,"Programa de las Naciones Unidas para el Desarrollo (PNUD), 2019. Unidad del Informe sobre Desarrollo Humano. Perú",Polygon,-80.005316,-4.63696,323.0422,96.2681
20,PIURA,2002,AYABACA,200205,MONTERO,200205,Montero,5664,759.0,0.322053,1313,70.155879,1448.0,53.449752,1076.0,5.256121,1322.0,338.327742,1330.0,0.752598,0.534498,0.243389,0.360681,0.123054,0.2420 - 0.3928,4.0,Cuarto Quintil,"Programa de las Naciones Unidas para el Desarrollo (PNUD), 2019. Unidad del Informe sobre Desarrollo Humano. Perú",Polygon,-79.846665,-4.638348,131.1668,53.9305
20,PIURA,2001,PIURA,200111,LAS LOMAS,200111,Las Lomas,25138,224.0,0.446036,684,78.781386,311.0,47.049252,1323.0,5.992154,1041.0,689.778945,627.0,0.896356,0.470493,0.295222,0.372693,0.26563,0.3928 - 0.5436,3.0,Tercer Quintil,"Programa de las Naciones Unidas para el Desarrollo (PNUD), 2019. Unidad del Informe sobre Desarrollo Humano. Perú",Polygon,-80.227824,-4.692125,552.6534,154.4609
20,PIURA,2002,AYABACA,200201,AYABACA,200201,Ayabaca,34311,168.0,0.291633,1473,66.902116,1692.0,43.757472,1427.0,5.078885,1379.0,310.42091,1398.0,0.698369,0.437575,0.230907,0.317867,0.111733,0.2420 - 0.3928,4.0,Cuarto Quintil,"Programa de las Naciones Unidas para el Desarrollo (PNUD), 2019. Unidad del Informe sobre Desarrollo Humano. Perú",Polygon,-79.606408,-4.686601,1563.4765,223.5615
20,PIURA,2007,TALARA,200703,LA BREA,200703,La Brea,10993,457.0,0.587665,236,78.300474,371.0,74.775431,215.0,9.931328,146.0,895.61708,364.0,0.888341,0.747754,0.572629,0.654359,0.349135,0.5436 - 0.6944,2.0,Segundo Quintil,"Programa de las Naciones Unidas para el Desarrollo (PNUD), 2019. Unidad del Informe sobre Desarrollo Humano. Perú",Polygon,-81.108172,-4.703848,824.1964,144.4667
20,PIURA,2002,AYABACA,200203,JILILI,200203,Jilili,2403,1207.0,0.276869,1549,70.809325,1398.0,44.373379,1411.0,4.835601,1478.0,257.484152,1537.0,0.763489,0.443734,0.213775,0.307992,0.090257,0.2420 - 0.3928,4.0,Cuarto Quintil,"Programa de las Naciones Unidas para el Desarrollo (PNUD), 2019. Unidad del Informe sobre Desarrollo Humano. Perú",Polygon,-79.831687,-4.531818,97.1072,53.3186
20,PIURA,2002,AYABACA,200209,SICCHEZ,200209,Sicchez,1330,1487.0,0.344282,1168,71.901843,1248.0,33.920035,1683.0,5.574599,1199.0,463.552208,1012.0,0.781697,0.3392,0.265817,0.300275,0.173855,0.2420 - 0.3928,4.0,Cuarto Quintil,"Programa de las Naciones Unidas para el Desarrollo (PNUD), 2019. Unidad del Informe sobre Desarrollo Humano. Perú",Polygon,-79.777501,-4.573016,34.1351,28.8536
20,PIURA,2006,SULLANA,200604,LANCONES,200604,Lancones,12823,406.0,0.37267,1008,77.528318,462.0,41.670163,1487.0,4.468926,1623.0,555.726342,829.0,0.875472,0.416702,0.187953,0.279857,0.211248,0.2420 - 0.3928,4.0,Cuarto Quintil,"Programa de las Naciones Unidas para el Desarrollo (PNUD), 2019. Unidad del Informe sobre Desarrollo Humano. Perú",Polygon,-80.502632,-4.419939,2135.4198,328.6123
20,PIURA,2002,AYABACA,200210,SUYO,200210,Suyo,11599,437.0,0.370803,1021,70.095722,1453.0,57.213819,933.0,6.162075,981.0,433.848744,1079.0,0.751595,0.572138,0.307188,0.41923,0.161805,0.2420 - 0.3928,4.0,Cuarto Quintil,"Programa de las Naciones Unidas para el Desarrollo (PNUD), 2019. Unidad del Informe sobre Desarrollo Humano. Perú",Polygon,-80.062697,-4.461358,1069.6061,190.1732
20,PIURA,2007,TALARA,200701,PARIÑAS,200701,Pariñas,89997,65.0,0.590115,232,76.980523,526.0,65.818604,575.0,9.709338,169.0,1000.689242,257.0,0.866342,0.658186,0.556996,0.605481,0.39176,0.5436 - 0.6944,2.0,Segundo Quintil,"Programa de las Naciones Unidas para el Desarrollo (PNUD), 2019. Unidad del Informe sobre Desarrollo Humano. Perú",Polygon,-81.043486,-4.498838,1119.0385,183.1145
20,PIURA,2007,TALARA,200704,LOBITOS,200704,Lobitos,1553,1421.0,0.592187,231,77.535131,460.0,66.472783,543.0,9.316531,218.0,1020.618965,244.0,0.875586,0.664728,0.529333,0.59318,0.399845,0.5436 - 0.6944,2.0,Segundo Quintil,"Programa de las Naciones Unidas para el Desarrollo (PNUD), 2019. Unidad del Informe sobre Desarrollo Humano. Perú",Polygon,-81.202411,-4.403014,237.434,86.811
20,PIURA,2007,TALARA,200705,LOS ORGANOS,200705,Los Organos,9570,506.0,0.562947,305,77.762547,429.0,66.547609,539.0,9.026756,264.0,894.310639,368.0,0.879376,0.665476,0.508926,0.581961,0.348605,0.5436 - 0.6944,2.0,Segundo Quintil,"Programa de las Naciones Unidas para el Desarrollo (PNUD), 2019. Unidad del Informe sobre Desarrollo Humano. Perú",Polygon,-81.064243,-4.194724,163.5103,73.1413
20,PIURA,2007,TALARA,200706,MANCORA,200706,Mancora,14045,366.0,0.56139,309,77.475764,468.0,66.043407,554.0,8.857722,301.0,905.364043,356.0,0.874596,0.660434,0.497023,0.572932,0.353089,0.5436 - 0.6944,2.0,Segundo Quintil,"Programa de las Naciones Unidas para el Desarrollo (PNUD), 2019. Unidad del Informe sobre Desarrollo Humano. Perú",Polygon,-81.008957,-4.147814,98.6582,60.2203
20,PIURA,2006,SULLANA,200602,BELLAVISTA,200602,Bellavista,39349,151.0,0.530029,398,80.792182,133.0,68.695204,447.0,8.853977,302.0,710.70606,591.0,0.92987,0.686952,0.496759,0.584166,0.27412,0.3928 - 0.5436,3.0,Tercer Quintil,"Programa de las Naciones Unidas para el Desarrollo (PNUD), 2019. Unidad del Informe sobre Desarrollo Humano. Perú",Polygon,-80.674278,-4.889719,2.1602,6.1825
20,PIURA,2007,TALARA,200702,EL ALTO,200702,El Alto,7348,635.0,0.575139,271,77.978667,411.0,65.549384,587.0,9.442354,203.0,929.195408,335.0,0.882978,0.655494,0.538194,0.593955,0.362757,0.5436 - 0.6944,2.0,Segundo Quintil,"Programa de las Naciones Unidas para el Desarrollo (PNUD), 2019. Unidad del Informe sobre Desarrollo Humano. Perú",Polygon,-81.080142,-4.291506,479.8422,99.645
20,PIURA,2001,PIURA,200115,VEINTISEIS DE OCTUBRE,200115,Veintiséis de Octubre,183875,28.0,0.599746,213,78.407939,362.0,72.268115,305.0,9.714064,168.0,976.316983,282.0,0.890132,0.722681,0.557328,0.634642,0.381873,0.5436 - 0.6944,2.0,Segundo Quintil,"Programa de las Naciones Unidas para el Desarrollo (PNUD), 2019. Unidad del Informe sobre Desarrollo Humano. Perú",Polygon,-80.696539,-5.161383,71.4291,46.4663
23,TACNA,2301,TACNA,230111,LA YARADA LOS PALOS,230111,La Yarada Los Palos,6114,728.0,0.55518,323,75.379944,735.0,62.699955,702.0,7.065144,704.0,1076.879206,204.0,0.839666,0.627,0.370785,0.482164,0.422669,0.5436 - 0.6944,2.0,Segundo Quintil,"Programa de las Naciones Unidas para el Desarrollo (PNUD), 2019. Unidad del Informe sobre Desarrollo Humano. Perú",Polygon,-70.43906,-18.199995,541.6935,97.7801
03,APURIMAC,0306,CHINCHEROS,030610,EL PORVENIR,030610,El Porvenir,1465,1444.0,0.298503,1436,68.644164,1582.0,56.373878,964.0,4.637168,1554.0,303.564827,1416.0,0.727403,0.563739,0.199801,0.335612,0.108951,0.2420 - 0.3928,4.0,Cuarto Quintil,"Programa de las Naciones Unidas para el Desarrollo (PNUD), 2019. Unidad del Informe sobre Desarrollo Humano. Perú",Polygon,-73.555042,-13.397703,59.73,37.1416
08,CUSCO,0809,LA CONVENCION,080913,VILLA KINTIARINA,080913,Villa Kintiarina,1820,1355.0,0.319907,1325,72.537714,1165.0,52.486454,1124.0,4.644763,1551.0,349.121091,1295.0,0.792295,0.524865,0.200335,0.324267,0.127432,0.2420 - 0.3928,4.0,Cuarto Quintil,"Programa de las Naciones Unidas para el Desarrollo (PNUD), 2019. Unidad del Informe sobre Desarrollo Humano. Perú",Polygon,-73.477924,-12.909393,198.8081,85.8398
05,AYACUCHO,0504,HUANTA,050412,CHACA,050412,Chaca,1803,1358.0,0.120244,1871,81.775044,69.0,32.686482,1713.0,2.162163,1870.0,84.603168,1857.0,0.946251,0.326865,0.025504,0.091305,0.020123,0.0912 - 0.2420,5.0,Quinto Quintil,"Programa de las Naciones Unidas para el Desarrollo (PNUD), 2019. Unidad del Informe sobre Desarrollo Humano. Perú",Polygon,-74.191555,-12.783514,106.013,61.5543
09,HUANCAVELICA,0907,TAYACAJA,090721,ROBLE,090721,Roble,1248,1518.0,0.367639,1037,60.351638,1846.0,45.26061,1384.0,5.038352,1397.0,682.062689,635.0,0.589194,0.452606,0.228053,0.321276,0.2625,0.2420 - 0.3928,4.0,Cuarto Quintil,"Programa de las Naciones Unidas para el Desarrollo (PNUD), 2019. Unidad del Informe sobre Desarrollo Humano. Perú",Polygon,-74.457808,-12.235917,184.4737,73.5944
12,JUNIN,1206,SATIPO,120609,VIZCATAN DEL ENE,120609,Vizcatan del Ene,5094,812.0,0.398199,885,77.186662,497.0,53.437683,1078.0,5.769675,1121.0,497.968262,940.0,0.869778,0.534377,0.279555,0.386507,0.187817,0.3928 - 0.5436,3.0,Tercer Quintil,"Programa de las Naciones Unidas para el Desarrollo (PNUD), 2019. Unidad del Informe sobre Desarrollo Humano. Perú",Polygon,-74.186566,-12.202325,607.6144,149.1
03,APURIMAC,0306,CHINCHEROS,030609,ROCCHACC,030609,Rocchacc,2007,1299.0,0.293967,1466,69.204756,1539.0,67.554742,506.0,3.924253,1744.0,302.368179,1420.0,0.736746,0.675547,0.149595,0.317897,0.108466,0.2420 - 0.3928,4.0,Cuarto Quintil,"Programa de las Naciones Unidas para el Desarrollo (PNUD), 2019. Unidad del Informe sobre Desarrollo Humano. Perú",Polygon,-73.61735,-13.45558,55.4093,32.585
09,HUANCAVELICA,0907,TAYACAJA,090722,PICHOS,090722,Pichos,1798,1360.0,0.264377,1614,76.089829,639.0,33.70471,1694.0,3.42766,1822.0,307.157344,1405.0,0.851497,0.337047,0.114624,0.196554,0.110409,0.2420 - 0.3928,4.0,Cuarto Quintil,"Programa de las Naciones Unidas para el Desarrollo (PNUD), 2019. Unidad del Informe sobre Desarrollo Humano. Perú",Polygon,-74.933277,-12.181578,143.4784,57.9147
10,HUANUCO,1001,HUANUCO,100113,SAN PABLO DE PILLAO,100113,San Pablo de Pillao,8383,565.0,0.361509,1067,79.417089,243.0,44.939612,1392.0,2.840541,1860.0,742.603473,545.0,0.906951,0.449396,0.073278,0.181468,0.28706,0.2420 - 0.3928,4.0,Cuarto Quintil,"Programa de las Naciones Unidas para el Desarrollo (PNUD), 2019. Unidad del Informe sobre Desarrollo Humano. Perú",Polygon,-75.938429,-9.707721,593.03,114.297
10,HUANUCO,1006,LEONCIO PRADO,100607,PUCAYACU,100607,Pucayacu,3608,991.0,0.332751,1238,70.033232,1461.0,28.716001,1775.0,4.496116,1609.0,553.211523,834.0,0.750554,0.28716,0.189867,0.2335,0.210228,0.2420 - 0.3928,4.0,Cuarto Quintil,"Programa de las Naciones Unidas para el Desarrollo (PNUD), 2019. Unidad del Informe sobre Desarrollo Humano. Perú",Polygon,-76.064617,-8.564682,762.108,189.726
10,HUANUCO,1007,MARAÑON,100704,LA MORADA,100704,La Morada,2817,1129.0,0.44317,692,69.691774,1489.0,52.350971,1133.0,5.74232,1134.0,790.538084,486.0,0.744863,0.52351,0.277628,0.381236,0.306506,0.3928 - 0.5436,3.0,Tercer Quintil,"Programa de las Naciones Unidas para el Desarrollo (PNUD), 2019. Unidad del Informe sobre Desarrollo Humano. Perú",Polygon,-76.363369,-8.880408,906.451,209.6395
10,HUANUCO,1007,MARAÑON,100705,SANTA ROSA DE ALTO YANAJANCA,100705,Santa Rosa de Alto Yanajanca,2220,1249.0,0.345833,1157,64.777534,1762.0,36.116256,1621.0,5.077587,1381.0,567.656414,806.0,0.662959,0.361163,0.230816,0.288725,0.216088,0.2420 - 0.3928,4.0,Cuarto Quintil,"Programa de las Naciones Unidas para el Desarrollo (PNUD), 2019. Unidad del Informe sobre Desarrollo Humano. Perú",Polygon,-76.508485,-8.789641,1042.6761,188.4639
10,HUANUCO,1006,LEONCIO PRADO,100608,CASTILLO GRANDE,100608,Castillo Grande,13147,398.0,0.569443,292,72.411688,1178.0,63.204427,684.0,8.663916,336.0,1077.121435,203.0,0.790195,0.632044,0.483374,0.552733,0.422767,0.5436 - 0.6944,2.0,Segundo Quintil,"Programa de las Naciones Unidas para el Desarrollo (PNUD), 2019. Unidad del Informe sobre Desarrollo Humano. Perú",Polygon,-76.038488,-9.207713,104.3619,57.6392
06,CAJAMARCA,0606,CUTERVO,060605,LA RAMADA,060605,La Ramada,4014,937.0,0.274088,1569,76.304083,604.0,32.403301,1717.0,4.277467,1668.0,284.650477,1469.0,0.855068,0.324033,0.17447,0.237769,0.101278,0.2420 - 0.3928,4.0,Cuarto Quintil,"Programa de las Naciones Unidas para el Desarrollo (PNUD), 2019. Unidad del Informe sobre Desarrollo Humano. Perú",Polygon,-78.569698,-6.230898,63.814,42.1827
08,CUSCO,0809,LA CONVENCION,080902,ECHARATE,080902,Echarate,29459,189.0,0.429733,735,76.159048,628.0,58.638239,859.0,6.097265,1004.0,579.625724,785.0,0.852651,0.586382,0.302624,0.421252,0.220943,0.3928 - 0.5436,3.0,Tercer Quintil,"Programa de las Naciones Unidas para el Desarrollo (PNUD), 2019. Unidad del Informe sobre Desarrollo Humano. Perú",Polygon,-72.982695,-12.417817,10575.4044,1002.7083
25,UCAYALI,2502,ATALAYA,250202,SEPAHUA,250202,Sepahua,7852,599.0,0.349363,1133,60.108045,1849.0,29.71561,1762.0,7.035719,712.0,577.697356,789.0,0.585134,0.297156,0.368713,0.331006,0.220161,0.2420 - 0.3928,4.0,Cuarto Quintil,"Programa de las Naciones Unidas para el Desarrollo (PNUD), 2019. Unidad del Informe sobre Desarrollo Humano. Perú",Polygon,-72.813716,-11.083592,7732.0243,593.5187
17,MADRE DE DIOS,1703,TAHUAMANU,170301,IÑAPARI,170301,Iñapari,2054,1290.0,0.679577,72,82.06598,61.0,47.363062,1310.0,8.600322,349.0,1742.915674,18.0,0.9511,0.473631,0.478896,0.476256,0.692866,0.5436 - 0.6944,2.0,Segundo Quintil,"Programa de las Naciones Unidas para el Desarrollo (PNUD), 2019. Unidad del Informe sobre Desarrollo Humano. Perú",Polygon,-70.649685,-10.964811,13817.7701,1142.134
05,AYACUCHO,0505,LA MAR,050505,CHUNGUI,050505,Chungui,6443,696.0,0.20241,1790,78.40151,364.0,43.897909,1423.0,4.875842,1455.0,109.481954,1832.0,0.890025,0.438979,0.216609,0.308361,0.030216,0.0912 - 0.2420,5.0,Quinto Quintil,"Programa de las Naciones Unidas para el Desarrollo (PNUD), 2019. Unidad del Informe sobre Desarrollo Humano. Perú",Polygon,-73.570379,-13.229989,518.5629,145.8035
03,APURIMAC,0306,CHINCHEROS,030611,LOS CHANKAS,030611,Los Chankas,917,1634.0,0.280398,1532,74.651058,836.0,63.695372,671.0,4.803842,1490.0,213.902356,1649.0,0.827518,0.636954,0.211538,0.36707,0.072577,0.2420 - 0.3928,4.0,Cuarto Quintil,"Programa de las Naciones Unidas para el Desarrollo (PNUD), 2019. Unidad del Informe sobre Desarrollo Humano. Perú",Polygon,-73.791386,-13.390146,144.5997,56.9788
09,HUANCAVELICA,0907,TAYACAJA,090723,SANTIAGO DE TUCUMA,090723,Santiago De Tucuma,1482,1439.0,0.214475,1772,67.647497,1648.0,36.327337,1609.0,3.689085,1786.0,190.634955,1703.0,0.710792,0.363273,0.133034,0.219836,0.063138,0.0912 - 0.2420,5.0,Quinto Quintil,"Programa de las Naciones Unidas para el Desarrollo (PNUD), 2019. Unidad del Informe sobre Desarrollo Humano. Perú",Polygon,-74.88695,-12.317568,34.0249,33.1024
10,HUANUCO,1006,LEONCIO PRADO,100609,PUEBLO NUEVO,100609,Pueblo Nuevo,4014,936.0,0.418417,787,72.188056,1206.0,51.979597,1152.0,5.109504,1367.0,694.645738,617.0,0.786468,0.519796,0.233064,0.34806,0.267605,0.3928 - 0.5436,3.0,Tercer Quintil,"Programa de las Naciones Unidas para el Desarrollo (PNUD), 2019. Unidad del Informe sobre Desarrollo Humano. Perú",Polygon,-76.001435,-9.082251,320.2853,148.6063
10,HUANUCO,1006,LEONCIO PRADO,100610,SANTO DOMINGO DE ANDA,100610,Santo Domingo de Andia,2449,1201.0,0.31951,1332,72.713594,1138.0,35.79727,1632.0,4.313456,1661.0,436.664089,1069.0,0.795227,0.357973,0.177004,0.251719,0.162947,0.2420 - 0.3928,4.0,Cuarto Quintil,"Programa de las Naciones Unidas para el Desarrollo (PNUD), 2019. Unidad del Informe sobre Desarrollo Humano. Perú",Polygon,-75.982949,-8.984889,280.7554,95.9304
10,HUANUCO,1006,LEONCIO PRADO,100603,HERMILIO VALDIZAN,100603,Hermilio Valdizan,3653,986.0,0.308509,1389,73.29098,1060.0,43.467259,1438.0,4.636255,1556.0,340.206946,1322.0,0.80485,0.434673,0.199736,0.294652,0.123816,0.2420 - 0.3928,4.0,Cuarto Quintil,"Programa de las Naciones Unidas para el Desarrollo (PNUD), 2019. Unidad del Informe sobre Desarrollo Humano. Perú",Polygon,-75.875398,-9.139395,121.9536,74.1537
15,LIMA,1501,LIMA,150101,LIMA,150101,Lima,250806,19.0,0.764685,17,80.236821,181.0,77.960827,117.0,12.014176,22.0,1633.787715,23.0,0.920614,0.779608,0.719308,0.748852,0.648595,0.6944 - 0.8452,1.0,Primer Quintil,"Programa de las Naciones Unidas para el Desarrollo (PNUD), 2019. Unidad del Informe sobre Desarrollo Humano. Perú",Polygon,-77.048962,-12.051062,21.5848,39.5445
21,PUNO,2111,SAN ROMAN,211105,SAN MIGUEL,211105,San Miguel,65445,99.0,0.522568,420,73.875686,965.0,79.229999,86.0,8.745563,322.0,728.664322,565.0,0.814595,0.7923,0.489124,0.622522,0.281405,0.3928 - 0.5436,3.0,Tercer Quintil,"Programa de las Naciones Unidas para el Desarrollo (PNUD), 2019. Unidad del Informe sobre Desarrollo Humano. Perú",Polygon,-70.126424,-15.406193,120.784,52.5796
12,JUNIN,1206,SATIPO,120604,MAZAMARI,120604,Mazamari,59216,109.0,0.428501,739,75.410849,734.0,60.01133,809.0,7.293281,636.0,514.084283,906.0,0.840181,0.600113,0.386851,0.481824,0.194355,0.3928 - 0.5436,3.0,Tercer Quintil,"Programa de las Naciones Unidas para el Desarrollo (PNUD), 2019. Unidad del Informe sobre Desarrollo Humano. Perú",Polygon,-74.309625,-11.364825,1258.8703,225.7567
